date,dau_28tma_global,dau_28tma_global_no_headwind,dau_28tma_ex_cn_ir,dau_28tma_ex_cn_ir_no_headwind,point_type
2020-01-28,62056221,62056221,60591642,60591642,actual
2020-01-29,63220725,63220725,61781150,61781150,actual
2020-01-30,63727087,63727087,62303583,62303583,actual
2020-01-31,64077403,64077403,62666365,62666365,actual
2020-02-01,64129964,64129964,62722644,62722644,actual
2020-02-02,64190214,64190214,62783988,62783988,actual
2020-02-03,64500948,64500948,63096534,63096534,actual
2020-02-04,64645779,64645779,63249443,63249443,actual
2020-02-05,64723790,64723790,63336572,63336572,actual
2020-02-06,64704833,64704833,63328842,63328842,actual
2020-02-07,64677042,64677042,63310416,63310416,actual
2020-02-08,64644893,64644893,63279893,63279893,actual
2020-02-09,64649858,64649858,63282320,63282320,actual
2020-02-10,64650187,64650187,63288372,63288372,actual
2020-02-11,64600018,64600018,63265570,63265570,actual
2020-02-12,64624798,64624798,63297733,63297733,actual
2020-02-13,64622944,64622944,63301511,63301511,actual
2020-02-14,64581435,64581435,63264034,63264034,actual
2020-02-15,64544392,64544392,63227266,63227266,actual
2020-02-16,64516967,64516967,63205055,63205055,actual
2020-02-17,64502122,64502122,63189537,63189537,actual
2020-02-18,64461472,64461472,63145940,63145940,actual
2020-02-19,64473548,64473548,63152097,63152097,actual
2020-02-20,64465593,64465593,63135160,63135160,actual
2020-02-21,64432430,64432430,63090815,63090815,actual
2020-02-22,64425314,64425314,63079615,63079615,actual
2020-02-23,64402137,64402137,63052618,63052618,actual
2020-02-24,64223123,64223123,62864423,62864423,actual
2020-02-25,64072301,64072301,62703823,62703823,actual
2020-02-26,64073194,64073194,62673653,62673653,actual
2020-02-27,64072375,64072375,62660247,62660247,actual
2020-02-28,64061525,64061525,62637358,62637358,actual
2020-02-29,64071360,64071360,62645171,62645171,actual
2020-03-01,64087479,64087479,62661122,62661122,actual
2020-03-02,64119368,64119368,62686779,62686779,actual
2020-03-03,64138295,64138295,62698927,62698927,actual
2020-03-04,64170877,64170877,62723698,62723698,actual
2020-03-05,64197495,64197495,62740691,62740691,actual
2020-03-06,64219337,64219337,62751821,62751821,actual
2020-03-07,64241336,64241336,62773472,62773472,actual
2020-03-08,64204634,64204634,62754809,62754809,actual
2020-03-09,64129746,64129746,62671996,62671996,actual
2020-03-10,64152666,64152666,62666161,62666161,actual
2020-03-11,64167301,64167301,62670934,62670934,actual
2020-03-12,64192058,64192058,62685387,62685387,actual
2020-03-13,64267566,64267566,62748505,62748505,actual
2020-03-14,64347467,64347467,62826823,62826823,actual
2020-03-15,64440530,64440530,62920618,62920618,actual
2020-03-16,64506123,64506123,62984995,62984995,actual
2020-03-17,64533618,64533618,63013013,63013013,actual
2020-03-18,64545775,64545775,63027034,63027034,actual
2020-03-19,64591397,64591397,63075304,63075304,actual
2020-03-20,64676625,64676625,63155004,63155004,actual
2020-03-21,64880222,64880222,63375094,63375094,actual
2020-03-22,65089898,65089898,63602270,63602270,actual
2020-03-23,65269105,65269105,63793938,63793938,actual
2020-03-24,65354123,65354123,63883720,63883720,actual
2020-03-25,65298872,65298872,63833269,63833269,actual
2020-03-26,65271875,65271875,63805881,63805881,actual
2020-03-27,65283291,65283291,63811776,63811776,actual
2020-03-28,65403606,65403606,63940354,63940354,actual
2020-03-29,65588351,65588351,64133293,64133293,actual
2020-03-30,65544633,65544633,64096479,64096479,actual
2020-03-31,65472203,65472203,64037360,64037360,actual
2020-04-01,65405190,65405190,63986576,63986576,actual
2020-04-02,65345343,65345343,63928531,63928531,actual
2020-04-03,65357441,65357441,63935408,63935408,actual
2020-04-04,65528232,65528232,64106317,64106317,actual
2020-04-05,65747330,65747330,64309855,64309855,actual
2020-04-06,65755687,65755687,64328150,64328150,actual
2020-04-07,65674393,65674393,64246291,64246291,actual
2020-04-08,65555236,65555236,64127164,64127164,actual
2020-04-09,65379879,65379879,63956735,63956735,actual
2020-04-10,64995607,64995607,63569422,63569422,actual
2020-04-11,65015531,65015531,63584145,63584145,actual
2020-04-12,65021667,65021667,63584320,63584320,actual
2020-04-13,64670497,64670497,63225001,63225001,actual
2020-04-14,64609096,64609096,63153413,63153413,actual
2020-04-15,64594210,64594210,63126488,63126488,actual
2020-04-16,64575602,64575602,63093084,63093084,actual
2020-04-17,64558035,64558035,63067110,63067110,actual
2020-04-18,64562920,64562920,63045923,63045923,actual
2020-04-19,64600066,64600066,63057964,63057964,actual
2020-04-20,64613466,64613466,63045923,63045923,actual
2020-04-21,64621494,64621494,63036923,63036923,actual
2020-04-22,64709752,64709752,63108917,63108917,actual
2020-04-23,64718222,64718222,63108102,63108102,actual
2020-04-24,64728058,64728058,63115128,63115128,actual
2020-04-25,64728639,64728639,63099469,63099469,actual
2020-04-26,64714296,64714296,63060814,63060814,actual
2020-04-27,64733300,64733300,63061803,63061803,actual
2020-04-28,64777973,64777973,63082206,63082206,actual
2020-04-29,64821386,64821386,63099267,63099267,actual
2020-04-30,64858417,64858417,63126843,63126843,actual
2020-05-01,64375402,64375402,62653807,62653807,actual
2020-05-02,64342131,64342131,62614286,62614286,actual
2020-05-03,64342721,64342721,62607080,62607080,actual
2020-05-04,64376848,64376848,62633636,62633636,actual
2020-05-05,64423727,64423727,62682246,62682246,actual
2020-05-06,64519419,64519419,62770305,62770305,actual
2020-05-07,64643846,64643846,62884625,62884625,actual
2020-05-08,64948283,64948283,63189951,63189951,actual
2020-05-09,64990852,64990852,63222578,63222578,actual
2020-05-10,65066207,65066207,63294088,63294088,actual
2020-05-11,65421555,65421555,63644600,63644600,actual
2020-05-12,65534657,65534657,63755226,63755226,actual
2020-05-13,65611284,65611284,63830983,63830983,actual
2020-05-14,65682698,65682698,63902715,63902715,actual
2020-05-15,65768194,65768194,63989477,63989477,actual
2020-05-16,65724124,65724124,63944188,63944188,actual
2020-05-17,65661484,65661484,63881305,63881305,actual
2020-05-18,65698342,65698342,63916606,63916606,actual
2020-05-19,65754501,65754501,63969972,63969972,actual
2020-05-20,65741087,65741087,63953926,63953926,actual
2020-05-21,65489751,65489751,63701588,63701588,actual
2020-05-22,65360986,65360986,63573821,63573821,actual
2020-05-23,65269917,65269917,63488346,63488346,actual
2020-05-24,65116723,65116723,63368841,63368841,actual
2020-05-25,64863531,64863531,63139156,63139156,actual
2020-05-26,64775352,64775352,63051461,63051461,actual
2020-05-27,64730032,64730032,63003809,63003809,actual
2020-05-28,64720676,64720676,62992725,62992725,actual
2020-05-29,65185887,65185887,63446448,63446448,actual
2020-05-30,65115395,65115395,63370410,63370410,actual
2020-05-31,64997580,64997580,63249734,63249734,actual
2020-06-01,64783838,64783838,63025381,63025381,actual
2020-06-02,64788275,64788275,63020798,63020798,actual
2020-06-03,64794251,64794251,63048501,63048501,actual
2020-06-04,64852056,64852056,63119396,63119396,actual
2020-06-05,64941987,64941987,63211093,63211093,actual
2020-06-06,64910815,64910815,63186025,63186025,actual
2020-06-07,64852427,64852427,63127824,63127824,actual
2020-06-08,64837071,64837071,63113342,63113342,actual
2020-06-09,64822967,64822967,63098298,63098298,actual
2020-06-10,64769192,64769192,63042665,63042665,actual
2020-06-11,64535086,64535086,62809182,62809182,actual
2020-06-12,64316442,64316442,62592304,62592304,actual
2020-06-13,64202398,64202398,62479048,62479048,actual
2020-06-14,64136332,64136332,62413644,62413644,actual
2020-06-15,64112240,64112240,62390986,62390986,actual
2020-06-16,64087365,64087365,62369445,62369445,actual
2020-06-17,64065237,64065237,62370677,62370677,actual
2020-06-18,64310411,64310411,62618990,62618990,actual
2020-06-19,64376896,64376896,62686353,62686353,actual
2020-06-20,64323842,64323842,62626695,62626695,actual
2020-06-21,64290849,64290849,62568401,62568401,actual
2020-06-22,64481477,64481477,62735642,62735642,actual
2020-06-23,64477444,64477444,62733186,62733186,actual
2020-06-24,64355469,64355469,62617122,62617122,actual
2020-06-25,64251535,64251535,62528312,62528312,actual
2020-06-26,64127239,64127239,62416945,62416945,actual
2020-06-27,64030813,64030813,62323993,62323993,actual
2020-06-28,63982437,63982437,62268475,62268475,actual
2020-06-29,64135684,64135684,62422791,62422791,actual
2020-06-30,64099175,64099175,62386579,62386579,actual
2020-07-01,63967976,63967976,62233462,62233462,actual
2020-07-02,63837995,63837995,62091477,62091477,actual
2020-07-03,63619702,63619702,61873046,61873046,actual
2020-07-04,63451678,63451678,61706775,61706775,actual
2020-07-05,63308690,63308690,61565631,61565631,actual
2020-07-06,63176556,63176556,61434672,61434672,actual
2020-07-07,62996270,62996270,61257601,61257601,actual
2020-07-08,62857016,62857016,61120223,61120223,actual
2020-07-09,62868566,62868566,61132624,61132624,actual
2020-07-10,62854422,62854422,61118891,61118891,actual
2020-07-11,62777578,62777578,61042987,61042987,actual
2020-07-12,62638969,62638969,60905426,60905426,actual
2020-07-13,62441897,62441897,60708627,60708627,actual
2020-07-14,62237107,62237107,60504176,60504176,actual
2020-07-15,62119247,62119247,60365716,60365716,actual
2020-07-16,61970694,61970694,60217958,60217958,actual
2020-07-17,61825406,61825406,60074730,60074730,actual
2020-07-18,61717922,61717922,59970374,59970374,actual
2020-07-19,61619958,61619958,59874642,59874642,actual
2020-07-20,61461744,61461744,59718300,59718300,actual
2020-07-21,61316992,61316992,59575335,59575335,actual
2020-07-22,61248104,61248104,59505435,59505435,actual
2020-07-23,61114221,61114221,59361383,59361383,actual
2020-07-24,60993879,60993879,59232592,59232592,actual
2020-07-25,60908862,60908862,59148822,59148822,actual
2020-07-26,60805556,60805556,59057848,59057848,actual
2020-07-27,60653669,60653669,58908452,58908452,actual
2020-07-28,60476543,60476543,58734615,58734615,actual
2020-07-29,60344464,60344464,58606397,58606397,actual
2020-07-30,60163619,60163619,58428754,58428754,actual
2020-07-31,59984336,59984336,58252509,58252509,actual
2020-08-01,59905286,59905286,58175940,58175940,actual
2020-08-02,59832070,59832070,58104797,58104797,actual
2020-08-03,59678959,59678959,57953124,57953124,actual
2020-08-04,59560323,59560323,57835313,57835313,actual
2020-08-05,59410680,59410680,57687426,57687426,actual
2020-08-06,59266054,59266054,57545940,57545940,actual
2020-08-07,59136540,59136540,57420551,57420551,actual
2020-08-08,59030645,59030645,57340241,57340241,actual
2020-08-09,58959959,58959959,57270649,57270649,actual
2020-08-10,58853090,58853090,57164868,57164868,actual
2020-08-11,58780905,58780905,57094471,57094471,actual
2020-08-12,58638446,58638446,56952779,56952779,actual
2020-08-13,58523633,58523633,56838324,56838324,actual
2020-08-14,58420707,58420707,56736153,56736153,actual
2020-08-15,58350638,58350638,56666394,56666394,actual
2020-08-16,58324171,58324171,56640407,56640407,actual
2020-08-17,58233060,58233060,56549526,56549526,actual
2020-08-18,58201922,58201922,56517746,56517746,actual
2020-08-19,58155861,58155861,56472743,56472743,actual
2020-08-20,58066711,58066711,56383943,56383943,actual
2020-08-21,57996533,57996533,56314137,56314137,actual
2020-08-22,57972913,57972913,56290858,56290858,actual
2020-08-23,57969343,57969343,56287579,56287579,actual
2020-08-24,57992559,57992559,56312721,56312721,actual
2020-08-25,58038640,58038640,56360601,56360601,actual
2020-08-26,58093314,58093314,56416841,56416841,actual
2020-08-27,58171412,58171412,56497299,56497299,actual
2020-08-28,58336034,58336034,56664656,56664656,actual
2020-08-29,58400306,58400306,56757222,56757222,actual
2020-08-30,58452692,58452692,56837172,56837172,actual
2020-08-31,58593386,58593386,56980548,56980548,actual
2020-09-01,58736528,58736528,57124371,57124371,actual
2020-09-02,58905187,58905187,57294137,57294137,actual
2020-09-03,59094639,59094639,57482327,57482327,actual
2020-09-04,59248838,59248838,57633980,57633980,actual
2020-09-05,59345591,59345591,57705746,57705746,actual
2020-09-06,59426354,59426354,57785367,57785367,actual
2020-09-07,59468240,59468240,57827341,57827341,actual
2020-09-08,59640471,59640471,57997996,57997996,actual
2020-09-09,59863496,59863496,58220233,58220233,actual
2020-09-10,60075817,60075817,58431484,58431484,actual
2020-09-11,60264021,60264021,58618417,58618417,actual
2020-09-12,60370776,60370776,58722701,58722701,actual
2020-09-13,60448642,60448642,58796875,58796875,actual
2020-09-14,60680999,60680999,59026851,59026851,actual
2020-09-15,60872448,60872448,59215685,59215685,actual
2020-09-16,61029864,61029864,59369068,59369068,actual
2020-09-17,61274846,61274846,59612359,59612359,actual
2020-09-18,61486369,61486369,59821884,59821884,actual
2020-09-19,61571290,61571290,59901729,59901729,actual
2020-09-20,61626685,61626685,59950100,59950100,actual
2020-09-21,61752350,61752350,60070091,60070091,actual
2020-09-22,61871981,61871981,60183781,60183781,actual
2020-09-23,62006959,62006959,60313890,60313890,actual
2020-09-24,62152835,62152835,60455231,60455231,actual
2020-09-25,62288957,62288957,60586163,60586163,actual
2020-09-26,62387925,62387925,60652233,60652233,actual
2020-09-27,62476881,62476881,60700663,60700663,actual
2020-09-28,62592664,62592664,60811738,60811738,actual
2020-09-29,62703313,62703313,60919232,60919232,actual
2020-09-30,62801891,62801891,61017470,61017470,actual
2020-10-01,62874890,62874890,61104729,61104729,actual
2020-10-02,62917837,62917837,61161410,61161410,actual
2020-10-03,62980003,62980003,61226282,61226282,actual
2020-10-04,63047578,63047578,61294804,61294804,actual
2020-10-05,63283359,63283359,61540636,61540636,actual
2020-10-06,63375405,63375405,61641919,61641919,actual
2020-10-07,63415894,63415894,61692992,61692992,actual
2020-10-08,63436500,63436500,61735596,61735596,actual
2020-10-09,63475334,63475334,61773487,61773487,actual
2020-10-10,63523568,63523568,61812365,61812365,actual
2020-10-11,63559476,63559476,61846228,61846228,actual
2020-10-12,63477022,63477022,61762101,61762101,actual
2020-10-13,63546998,63546998,61829305,61829305,actual
2020-10-14,63617408,63617408,61898433,61898433,actual
2020-10-15,63673282,63673282,61952467,61952467,actual
2020-10-16,63722676,63722676,62002304,62002304,actual
2020-10-17,63746676,63746676,62053003,62053003,actual
2020-10-18,63785239,63785239,62092995,62092995,actual
2020-10-19,63822094,63822094,62128984,62128984,actual
2020-10-20,63853864,63853864,62159251,62159251,actual
2020-10-21,63869916,63869916,62173220,62173220,actual
2020-10-22,63861769,63861769,62163768,62163768,actual
2020-10-23,63831568,63831568,62133268,62133268,actual
2020-10-24,63816114,63816114,62122742,62122742,actual
2020-10-25,63774520,63774520,62114795,62114795,actual
2020-10-26,63722369,63722369,62061359,62061359,actual
2020-10-27,63677415,63677415,62014670,62014670,actual
2020-10-28,63602812,63602812,61935862,61935862,actual
2020-10-29,63516619,63516619,61832230,61832230,actual
2020-10-30,63526978,63526978,61826194,61826194,actual
2020-10-31,63570442,63570442,61864067,61864067,actual
2020-11-01,63610048,63610048,61899176,61899176,actual
2020-11-02,63524953,63524953,61801312,61801312,actual
2020-11-03,63557524,63557524,61843940,61843940,actual
2020-11-04,63542283,63542283,61815341,61815341,actual
2020-11-05,63611968,63611968,61859549,61859549,actual
2020-11-06,63691602,63691602,61936686,61936686,actual
2020-11-07,63770856,63770856,62023441,62023441,actual
2020-11-08,63837744,63837744,62091109,62091109,actual
2020-11-09,64013829,64013829,62266542,62266542,actual
2020-11-10,64057231,64057231,62309183,62309183,actual
2020-11-11,63993982,63993982,62245311,62245311,actual
2020-11-12,64032522,64032522,62282050,62282050,actual
2020-11-13,64066575,64066575,62313076,62313076,actual
2020-11-14,64109785,64109785,62329367,62329367,actual
2020-11-15,64158848,64158848,62378189,62378189,actual
2020-11-16,64159644,64159644,62378418,62378418,actual
2020-11-17,64206570,64206570,62423960,62423960,actual
2020-11-18,64245844,64245844,62462164,62462164,actual
2020-11-19,64323269,64323269,62536360,62536360,actual
2020-11-20,64421219,64421219,62630440,62630440,actual
2020-11-21,64501328,64501328,62705218,62705218,actual
2020-11-22,64591168,64591168,62769689,62769689,actual
2020-11-23,64659826,64659826,62837651,62837651,actual
2020-11-24,64709616,64709616,62886532,62886532,actual
2020-11-25,64773313,64773313,62949207,62949207,actual
2020-11-26,64775134,64775134,62948446,62948446,actual
2020-11-27,64757936,64757936,62928294,62928294,actual
2020-11-28,64770880,64770880,62942494,62942494,actual
2020-11-29,64789319,64789319,62962088,62962088,actual
2020-11-30,64901055,64901055,63073017,63073017,actual
2020-12-01,64936562,64936562,63085253,63085253,actual
2020-12-02,65013891,65013891,63162087,63162087,actual
2020-12-03,65025786,65025786,63172502,63172502,actual
2020-12-04,65036678,65036678,63181396,63181396,actual
2020-12-05,65051561,65051561,63194631,63194631,actual
2020-12-06,65046796,65046796,63188592,63188592,actual
2020-12-07,64982966,64982966,63122763,63122763,actual
2020-12-08,64850462,64850462,62989272,62989272,actual
2020-12-09,64915920,64915920,63052260,63052260,actual
2020-12-10,64909317,64909317,63043517,63043517,actual
2020-12-11,64916005,64916005,63048063,63048063,actual
2020-12-12,64973030,64973030,63103483,63103483,actual
2020-12-13,64993836,64993836,63122210,63122210,actual
2020-12-14,65059749,65059749,63185909,63185909,actual
2020-12-15,65089626,65089626,63214433,63214433,actual
2020-12-16,65083135,65083135,63206465,63206465,actual
2020-12-17,65057967,65057967,63180595,63180595,actual
2020-12-18,65051587,65051587,63173558,63173558,actual
2020-12-19,65067119,65067119,63187054,63187054,actual
2020-12-20,65056123,65056123,63177159,63177159,actual
2020-12-21,64961970,64961970,63082079,63082079,actual
2020-12-22,64800438,64800438,62917621,62917621,actual
2020-12-23,64543823,64543823,62657882,62657882,actual
2020-12-24,63958977,63958977,62072381,62072381,actual
2020-12-25,63053481,63053481,61167571,61167571,actual
2020-12-26,62829396,62829396,60939928,60939928,actual
2020-12-27,62711045,62711045,60819079,60819079,actual
2020-12-28,62362458,62362458,60467656,60467656,actual
2020-12-29,61950402,61950402,60053900,60053900,actual
2020-12-30,61516342,61516342,59618949,59618949,actual
2020-12-31,60768486,60768486,58874191,58874191,actual
2021-01-01,59721251,59721251,57841922,57841922,actual
2021-01-02,59559369,59559369,57683009,57683009,actual
2021-01-03,59532511,59532511,57655769,57655769,actual
2021-01-04,59458677,59458677,57581954,57581954,actual
2021-01-05,59455773,59455773,57579280,57579280,actual
2021-01-06,59253322,59253322,57377759,57377759,actual
2021-01-07,59158048,59158048,57283595,57283595,actual
2021-01-08,59126544,59126544,57252974,57252974,actual
2021-01-09,59153540,59153540,57279729,57279729,actual
2021-01-10,59179485,59179485,57306650,57306650,actual
2021-01-11,59214168,59214168,57342019,57342019,actual
2021-01-12,59262199,59262199,57391854,57391854,actual
2021-01-13,59334963,59334963,57465140,57465140,actual
2021-01-14,59383806,59383806,57513808,57513808,actual
2021-01-15,59444133,59444133,57574977,57574977,actual
2021-01-16,59482664,59482664,57617347,57617347,actual
2021-01-17,59511293,59511293,57667216,57667216,actual
2021-01-18,59672596,59672596,57826663,57826663,actual
2021-01-19,59973172,59973172,58126341,58126341,actual
2021-01-20,60340805,60340805,58493778,58493778,actual
2021-01-21,61149635,61149635,59302577,59302577,actual
2021-01-22,62263841,62263841,60416275,60416275,actual
2021-01-23,62592765,62592765,60743408,60743408,actual
2021-01-24,62778586,62778586,60928250,60928250,actual
2021-01-25,63227533,63227533,61376960,61376960,actual
2021-01-26,63666847,63666847,61815994,61815994,actual
2021-01-27,64190070,64190070,62338478,62338478,actual
2021-01-28,65033676,65033676,63179642,63179642,actual
2021-01-29,66196845,66196845,64328776,64328776,actual
2021-01-30,66447547,66447547,64574523,64574523,actual
2021-01-31,66565534,66565534,64691374,64691374,actual
2021-02-01,66814480,66814480,64940663,64940663,actual
2021-02-02,67034965,67034965,65162409,65162409,actual
2021-02-03,67399483,67399483,65529527,65529527,actual
2021-02-04,67606535,67606535,65739016,65739016,actual
2021-02-05,67759366,67759366,65894403,65894403,actual
2021-02-06,67806482,67806482,65941996,65941996,actual
2021-02-07,67845108,67845108,65974423,65974423,actual
2021-02-08,67875055,67875055,66010587,66010587,actual
2021-02-09,67890866,67890866,66035536,66035536,actual
2021-02-10,67883906,67883906,66066613,66066613,actual
2021-02-11,67897864,67897864,66102246,66102246,actual
2021-02-12,67904295,67904295,66127411,66127411,actual
2021-02-13,67882247,67882247,66108571,66108571,actual
2021-02-14,67872188,67872188,66079801,66079801,actual
2021-02-15,67774290,67774290,65999018,65999018,actual
2021-02-16,67590124,67590124,65832193,65832193,actual
2021-02-17,67555337,67555337,65812503,65812503,actual
2021-02-18,67525812,67525812,65789144,65789144,actual
2021-02-19,67492930,67492930,65760419,65760419,actual
2021-02-20,67506064,67506064,65769214,65769214,actual
2021-02-21,67456126,67456126,65719957,65719957,actual
2021-02-22,67404450,67404450,65670326,65670326,actual
2021-02-23,67401917,67401917,65669367,65669367,actual
2021-02-24,67366596,67366596,65636312,65636312,actual
2021-02-25,67323749,67323749,65606927,65606927,actual
2021-02-26,67279590,67279590,65565034,65565034,actual
2021-02-27,67245338,67245338,65532411,65532411,actual
2021-02-28,67227132,67227132,65513912,65513912,actual
2021-03-01,67217898,67217898,65502702,65502702,actual
2021-03-02,67199835,67199835,65482359,65482359,actual
2021-03-03,67174776,67174776,65453953,65453953,actual
2021-03-04,67168438,67168438,65444272,65444272,actual
2021-03-05,67150334,67150334,65423404,65423404,actual
2021-03-06,67127950,67127950,65400532,65400532,actual
2021-03-07,67097123,67097123,65375326,65375326,actual
2021-03-08,67076901,67076901,65348429,65348429,actual
2021-03-09,67178613,67178613,65436372,65436372,actual
2021-03-10,67249676,67249676,65469717,65469717,actual
2021-03-11,67249839,67249839,65460922,65460922,actual
2021-03-12,67277748,67277748,65470266,65470266,actual
2021-03-13,67307142,67307142,65495172,65495172,actual
2021-03-14,67357204,67357204,65542294,65542294,actual
2021-03-15,67492363,67492363,65663845,65663845,actual
2021-03-16,67643097,67643097,65804754,65804754,actual
2021-03-17,67674936,67674936,65829957,65829957,actual
2021-03-18,67685317,67685317,65839935,65839935,actual
2021-03-19,67672336,67672336,65827495,65827495,actual
2021-03-20,67591868,67591868,65787848,65787848,actual
2021-03-21,67587000,67587000,65815735,65815735,actual
2021-03-22,67579011,67579011,65837543,65837543,actual
2021-03-23,67572560,67572560,65859943,65859943,actual
2021-03-24,67611106,67611106,65924780,65924780,actual
2021-03-25,67617418,67617418,65929595,65929595,actual
2021-03-26,67590937,67590937,65906264,65906264,actual
2021-03-27,67554489,67554489,65887703,65887703,actual
2021-03-28,67482138,67482138,65834692,65834692,actual
2021-03-29,67330886,67330886,65714035,65714035,actual
2021-03-30,67199203,67199203,65600903,65600903,actual
2021-03-31,67064238,67064238,65484556,65484556,actual
2021-04-01,66812634,66812634,65250280,65250280,actual
2021-04-02,66262122,66262122,64707920,64707920,actual
2021-04-03,66089579,66089579,64542412,64542412,actual
2021-04-04,65883345,65883345,64341386,64341386,actual
2021-04-05,65427640,65427640,63899765,63899765,actual
2021-04-06,65287512,65287512,63764039,63764039,actual
2021-04-07,65206016,65206016,63682958,63682958,actual
2021-04-08,65199844,65199844,63665680,63665680,actual
2021-04-09,65119608,65119608,63586610,63586610,actual
2021-04-10,65065957,65065957,63533044,63533044,actual
2021-04-11,65015906,65015906,63482407,63482407,actual
2021-04-12,64966988,64966988,63432401,63432401,actual
2021-04-13,64871120,64871120,63331918,63331918,actual
2021-04-14,64790738,64790738,63245467,63245467,actual
2021-04-15,64734121,64734121,63183258,63183258,actual
2021-04-16,64700689,64700689,63145515,63145515,actual
2021-04-17,64670624,64670624,63082408,63082408,actual
2021-04-18,64646883,64646883,63026928,63026928,actual
2021-04-19,64632305,64632305,62981906,62981906,actual
2021-04-20,64597069,64597069,62916223,62916223,actual
2021-04-21,64434512,64434512,62725901,62725901,actual
2021-04-22,64410420,64410420,62688695,62688695,actual
2021-04-23,64334466,64334466,62606552,62606552,actual
2021-04-24,64254214,64254214,62509623,62509623,actual
2021-04-25,64248469,64248469,62477972,62477972,actual
2021-04-26,64331297,64331297,62533426,62533426,actual
2021-04-27,64355419,64355419,62541603,62541603,actual
2021-04-28,64397671,64397671,62567665,62567665,actual
2021-04-29,64544471,64544471,62698664,62698664,actual
2021-04-30,64951287,64951287,63099565,63099565,actual
2021-05-01,64926628,64926628,63076436,63076436,actual
2021-05-02,65020555,65020555,63172913,63172913,actual
2021-05-03,65202910,65202910,63359682,63359682,actual
2021-05-04,65040466,65040466,63234744,63234744,actual
2021-05-05,64941402,64941402,63148755,63148755,actual
2021-05-06,64860557,64860557,63068396,63068396,actual
2021-05-07,64789591,64789591,62995450,62995450,actual
2021-05-08,64689930,64689930,62886639,62886639,actual
2021-05-09,64552557,64552557,62749122,62749122,actual
2021-05-10,64380426,64380426,62576288,62576288,actual
2021-05-11,64306508,64306508,62502281,62502281,actual
2021-05-12,64173387,64173387,62370363,62370363,actual
2021-05-13,63731401,63731401,61944874,61944874,actual
2021-05-14,63437628,63437628,61653644,61653644,actual
2021-05-15,63317434,63317434,61534249,61534249,actual
2021-05-16,63250821,63250821,61469038,61469038,actual
2021-05-17,63167129,63167129,61385993,61385993,actual
2021-05-18,63094835,63094835,61315841,61315841,actual
2021-05-19,63087404,63087404,61309511,61309511,actual
2021-05-20,62985348,62985348,61208138,61208138,actual
2021-05-21,62918661,62918661,61143366,61143366,actual
2021-05-22,62852019,62852019,61079880,61079880,actual
2021-05-23,62726503,62726503,60966650,60966650,actual
2021-05-24,62379541,62379541,60621252,60621252,actual
2021-05-25,62331564,62331564,60574719,60574719,actual
2021-05-26,62175799,62175799,60419841,60419841,actual
2021-05-27,62100985,62100985,60345433,60345433,actual
2021-05-28,62045869,62045869,60290074,60290074,actual
2021-05-29,62046984,62046984,60286417,60286417,actual
2021-05-30,61980026,61980026,60215827,60215827,actual
2021-05-31,61996255,61996255,60217353,60217353,actual
2021-06-01,61956030,61956030,60143019,60143019,actual
2021-06-02,61872931,61872931,60049158,60049158,actual
2021-06-03,61632333,61632333,59808834,59808834,actual
2021-06-04,61494855,61494855,59675799,59675799,actual
2021-06-05,61417430,61417430,59634092,59634092,actual
2021-06-06,61411038,61411038,59652683,59652683,actual
2021-06-07,61459651,61459651,59702416,59702416,actual
2021-06-08,61444313,61444313,59687389,59687389,actual
2021-06-09,61480850,61480850,59723317,59723317,actual
2021-06-10,61785980,61785980,60013021,60013021,actual
2021-06-11,61915307,61915307,60142114,60142114,actual
2021-06-12,61874353,61874353,60104761,60104761,actual
2021-06-13,61785506,61785506,60019329,60019329,actual
2021-06-14,61651539,61651539,59900647,59900647,actual
2021-06-15,61579601,61579601,59829276,59829276,actual
2021-06-16,61492222,61492222,59742515,59742515,actual
2021-06-17,61397765,61397765,59649339,59649339,actual
2021-06-18,61300185,61300185,59554517,59554517,actual
2021-06-19,61218799,61218799,59474392,59474392,actual
2021-06-20,61172084,61172084,59426275,59426275,actual
2021-06-21,61284075,61284075,59536742,59536742,actual
2021-06-22,61175176,61175176,59428043,59428043,actual
2021-06-23,61153632,61153632,59406786,59406786,actual
2021-06-24,61111194,61111194,59362563,59362563,actual
2021-06-25,61029610,61029610,59280568,59280568,actual
2021-06-26,60976596,60976596,59227436,59227436,actual
2021-06-27,60940550,60940550,59190861,59190861,actual
2021-06-28,60968340,60968340,59218212,59218212,actual
2021-06-29,60941795,60941795,59191933,59191933,actual
2021-06-30,60932960,60932960,59184201,59184201,actual
2021-07-01,61034775,61034775,59287160,59287160,actual
2021-07-02,61003509,61003509,59254881,59254881,actual
2021-07-03,60956204,60956204,59183841,59183841,actual
2021-07-04,60881818,60881818,59089443,59089443,actual
2021-07-05,60642517,60642517,58853754,58853754,actual
2021-07-06,60464953,60464953,58680242,58680242,actual
2021-07-07,60332022,60332022,58550247,58550247,actual
2021-07-08,60201523,60201523,58424572,58424572,actual
2021-07-09,60078795,60078795,58303454,58303454,actual
2021-07-10,60015618,60015618,58240881,58240881,actual
2021-07-11,59950380,59950380,58176309,58176309,actual
2021-07-12,59868279,59868279,58083103,58083103,actual
2021-07-13,59719128,59719128,57937661,57937661,actual
2021-07-14,59555526,59555526,57777044,57777044,actual
2021-07-15,59411009,59411009,57637667,57637667,actual
2021-07-16,59288028,59288028,57515458,57515458,actual
2021-07-17,59233285,59233285,57461997,57461997,actual
2021-07-18,59147658,59147658,57381141,57381141,actual
2021-07-19,58985168,58985168,57224671,57224671,actual
2021-07-20,58689838,58689838,56939835,56939835,actual
2021-07-21,58427597,58427597,56705724,56705724,actual
2021-07-22,58145921,58145921,56436965,56436965,actual
2021-07-23,57972399,57972399,56267936,56267936,actual
2021-07-24,57887988,57887988,56193312,56193312,actual
2021-07-25,57801744,57801744,56116866,56116866,actual
2021-07-26,57658671,57658671,55980084,55980084,actual
2021-07-27,57500369,57500369,55828234,55828234,actual
2021-07-28,57316369,57316369,55650673,55650673,actual
2021-07-29,57139224,57139224,55489507,55489507,actual
2021-07-30,57054494,57054494,55407773,55407773,actual
2021-07-31,57047765,57047765,55402645,55402645,actual
2021-08-01,57030648,57030648,55386387,55386387,actual
2021-08-02,57042528,57042528,55400496,55400496,actual
2021-08-03,56964647,56964647,55325296,55325296,actual
2021-08-04,56851857,56851857,55215931,55215931,actual
2021-08-05,56747260,56747260,55114264,55114264,actual
2021-08-06,56652913,56652913,55020306,55020306,actual
2021-08-07,56630137,56630137,54999237,54999237,actual
2021-08-08,56591293,56591293,54962662,54962662,actual
2021-08-09,56472618,56472618,54846757,54846757,actual
2021-08-10,56367446,56367446,54744003,54744003,actual
2021-08-11,56260707,56260707,54639310,54639310,actual
2021-08-12,56149301,56149301,54529317,54529317,actual
2021-08-13,56075222,56075222,54454917,54454917,actual
2021-08-14,56052322,56052322,54434013,54434013,actual
2021-08-15,56038538,56038538,54421475,54421475,actual
2021-08-16,56018169,56018169,54412540,54412540,actual
2021-08-17,56074015,56074015,54476144,54476144,actual
2021-08-18,56141997,56141997,54543703,54543703,actual
2021-08-19,56184102,56184102,54592983,54592983,actual
2021-08-20,56170669,56170669,54577541,54577541,actual
2021-08-21,56158541,56158541,54569942,54569942,actual
2021-08-22,56173154,56173154,54577141,54577141,actual
2021-08-23,56184537,56184537,54584953,54584953,actual
2021-08-24,56230883,56230883,54626623,54626623,actual
2021-08-25,56275520,56275520,54666717,54666717,actual
2021-08-26,56374466,56374466,54750083,54750083,actual
2021-08-27,56413823,56413823,54786727,54786727,actual
2021-08-28,56430886,56430886,54802890,54802890,actual
2021-08-29,56466050,56466050,54836539,54836539,actual
2021-08-30,56519882,56519882,54888510,54888510,actual
2021-08-31,56661238,56661238,55027707,55027707,actual
2021-09-01,56805664,56805664,55169921,55169921,actual
2021-09-02,56915239,56915239,55277926,55277926,actual
2021-09-03,57018646,57018646,55383931,55383931,actual
2021-09-04,57075246,57075246,55436160,55436160,actual
2021-09-05,57133419,57133419,55489957,55489957,actual
2021-09-06,57225373,57225373,55577226,55577226,actual
2021-09-07,57343961,57343961,55690872,55690872,actual
2021-09-08,57572303,57572303,55914812,55914812,actual
2021-09-09,57805549,57805549,56142460,56142460,actual
2021-09-10,57986930,57986930,56321535,56321535,actual
2021-09-11,58086465,58086465,56416594,56416594,actual
2021-09-12,58207253,58207253,56531855,56531855,actual
2021-09-13,58455478,58455478,56765005,56765005,actual
2021-09-14,58723007,58723007,57015246,57015246,actual
2021-09-15,58954728,58954728,57220444,57220444,actual
2021-09-16,59147615,59147615,57396897,57396897,actual
2021-09-17,59355565,59355565,57603023,57603023,actual
2021-09-18,59473527,59473527,57699382,57699382,actual
2021-09-19,59553750,59553750,57779783,57779783,actual
2021-09-20,59689243,59689243,57930419,57930419,actual
2021-09-21,59817404,59817404,58074021,58074021,actual
2021-09-22,59957986,59957986,58214832,58214832,actual
2021-09-23,60061584,60061584,58319012,58319012,actual
2021-09-24,60163929,60163929,58420385,58420385,actual
2021-09-25,60193801,60193801,58448791,58448791,actual
2021-09-26,60232526,60232526,58476782,58476782,actual
2021-09-27,60359557,60359557,58625543,58625543,actual
2021-09-28,60483290,60483290,58745073,58745073,actual
2021-09-29,60626396,60626396,58882815,58882815,actual
2021-09-30,60734034,60734034,59011059,59011059,actual
2021-10-01,60861249,60861249,59157924,59157924,actual
2021-10-02,60888423,60888423,59197172,59197172,actual
2021-10-03,60967295,60967295,59285557,59285557,actual
2021-10-04,61207839,61207839,59549412,59549412,actual
2021-10-05,61452781,61452781,59840715,59840715,actual
2021-10-06,61567068,61567068,59977457,59977457,actual
2021-10-07,61652893,61652893,60084249,60084249,actual
2021-10-08,61743605,61743605,60172216,60172216,actual
2021-10-09,61781508,61781508,60193759,60193759,actual
2021-10-10,61822504,61822504,60227722,60227722,actual
2021-10-11,61800893,61800893,60198932,60198932,actual
2021-10-12,61770285,61770285,60160553,60160553,actual
2021-10-13,61820638,61820638,60204264,60204264,actual
2021-10-14,61870074,61870074,60249520,60249520,actual
2021-10-15,61872435,61872435,60249282,60249282,actual
2021-10-16,61901269,61901269,60279943,60279943,actual
2021-10-17,61936401,61936401,60307028,60307028,actual
2021-10-18,62005416,62005416,60352117,60352117,actual
2021-10-19,62069043,62069043,60390375,60390375,actual
2021-10-20,62080514,62080514,60391981,60391981,actual
2021-10-21,62150883,62150883,60457392,60457392,actual
2021-10-22,62215485,62215485,60520489,60520489,actual
2021-10-23,62262455,62262455,60566199,60566199,actual
2021-10-24,62260923,62260923,60594571,60594571,actual
2021-10-25,62305090,62305090,60606793,60606793,actual
2021-10-26,62319364,62319364,60615315,60615315,actual
2021-10-27,62285045,62285045,60576477,60576477,actual
2021-10-28,62291664,62291664,60554488,60554488,actual
2021-10-29,62288527,62288527,60523900,60523900,actual
2021-10-30,62347733,62347733,60564228,60564228,actual
2021-10-31,62316986,62316986,60515294,60515294,actual
2021-11-01,61954479,61954479,60121098,60121098,actual
2021-11-02,61792178,61792178,59903890,59903890,actual
2021-11-03,61814091,61814091,59893454,59893454,actual
2021-11-04,61727751,61727751,59780220,59780220,actual
2021-11-05,61681217,61681217,59732681,59732681,actual
2021-11-06,61717296,61717296,59775939,59775939,actual
2021-11-07,61766210,61766210,59823888,59823888,actual
2021-11-08,61896152,61896152,59952854,59952854,actual
2021-11-09,62030017,62030017,60086287,60086287,actual
2021-11-10,62057568,62057568,60112648,60112648,actual
2021-11-11,61979338,61979338,60033207,60033207,actual
2021-11-12,62027901,62027901,60080772,60080772,actual
2021-11-13,62076291,62076291,60128841,60128841,actual
2021-11-14,62118703,62118703,60170594,60170594,actual
2021-11-15,62096996,62096996,60148450,60148450,actual
2021-11-16,62125830,62125830,60176979,60176979,actual
2021-11-17,62208032,62208032,60259568,60259568,actual
2021-11-18,62232071,62232071,60283053,60283053,actual
2021-11-19,62247903,62247903,60297910,60297910,actual
2021-11-20,62296590,62296590,60340328,60340328,actual
2021-11-21,62365061,62365061,60379539,60379539,actual
2021-11-22,62392190,62392190,60406683,60406683,actual
2021-11-23,62409142,62409142,60423257,60423257,actual
2021-11-24,62457774,62457774,60471687,60471687,actual
2021-11-25,62432261,62432261,60444460,60444460,actual
2021-11-26,62399926,62399926,60411978,60411978,actual
2021-11-27,62421467,62421467,60433816,60433816,actual
2021-11-28,62510206,62510206,60524031,60524031,actual
2021-11-29,62913147,62913147,60927456,60927456,actual
2021-11-30,63099935,63099935,61114890,61114890,actual
2021-12-01,63133689,63133689,61151497,61151497,actual
2021-12-02,63279685,63279685,61298505,61298505,actual
2021-12-03,63388501,63388501,61407962,61407962,actual
2021-12-04,63433846,63433846,61455532,61455532,actual
2021-12-05,63426200,63426200,61449320,61449320,actual
2021-12-06,63357269,63357269,61380569,61380569,actual
2021-12-07,63332647,63332647,61356468,61356468,actual
2021-12-08,63257590,63257590,61281304,61281304,actual
2021-12-09,63431107,63431107,61453854,61453854,actual
2021-12-10,63501682,63501682,61524497,61524497,actual
2021-12-11,63525061,63525061,61546528,61546528,actual
2021-12-12,63533289,63533289,61553108,61553108,actual
2021-12-13,63632283,63632283,61651077,61651077,actual
2021-12-14,63705553,63705553,61721520,61721520,actual
2021-12-15,63706861,63706861,61721970,61721970,actual
2021-12-16,63678977,63678977,61693377,61693377,actual
2021-12-17,63664864,63664864,61678247,61678247,actual
2021-12-18,63642874,63642874,61656499,61656499,actual
2021-12-19,63597322,63597322,61611461,61611461,actual
2021-12-20,63502671,63502671,61517027,61517027,actual
2021-12-21,63346259,63346259,61363967,61363967,actual
2021-12-22,63112791,63112791,61132955,61132955,actual
2021-12-23,62836796,62836796,60857215,60857215,actual
2021-12-24,62219476,62219476,60240120,60240120,actual
2021-12-25,61797642,61797642,59819129,59819129,actual
2021-12-26,61531373,61531373,59554004,59554004,actual
2021-12-27,61004917,61004917,59029779,59029779,actual
2021-12-28,60476067,60476067,58502997,58502997,actual
2021-12-29,59979216,59979216,58008629,58008629,actual
2021-12-30,59434419,59434419,57465094,57465094,actual
2021-12-31,58652663,58652663,56685887,56685887,actual
2022-01-01,58248917,58248917,56288373,56288373,actual
2022-01-02,58108359,58108359,56151964,56151964,actual
2022-01-03,57807105,57807105,55865929,55865929,actual
2022-01-04,57573412,57573412,55634377,55634377,actual
2022-01-05,57459226,57459226,55523600,55523600,actual
2022-01-06,57112455,57112455,55190827,55190827,actual
2022-01-07,56873625,56873625,54952965,54952965,actual
2022-01-08,56838525,56838525,54918707,54918707,actual
2022-01-09,56821476,56821476,54904766,54904766,actual
2022-01-10,56745929,56745929,54832013,54832013,actual
2022-01-11,56652164,56652164,54744049,54744049,actual
2022-01-12,56624481,56624481,54719444,54719444,actual
2022-01-13,56607505,56607505,54705175,54705175,actual
2022-01-14,56597162,56597162,54696550,54696550,actual
2022-01-15,56596292,56596292,54696870,54696870,actual
2022-01-16,56626251,56626251,54729386,54729386,actual
2022-01-17,56655009,56655009,54761982,54761982,actual
2022-01-18,56748077,56748077,54856648,54856648,actual
2022-01-19,56939560,56939560,55050388,55050388,actual
2022-01-20,57280909,57280909,55394563,55394563,actual
2022-01-21,57971412,57971412,56088558,56088558,actual
2022-01-22,58412638,58412638,56533582,56533582,actual
2022-01-23,58653082,58653082,56779311,56779311,actual
2022-01-24,59110404,59110404,57241931,57241931,actual
2022-01-25,59581083,59581083,57718257,57718257,actual
2022-01-26,59944851,59944851,58088010,58088010,actual
2022-01-27,60426036,60426036,58576869,58576869,actual
2022-01-28,61165296,61165296,59322503,59322503,actual
2022-01-29,61553905,61553905,59708317,59708317,actual
2022-01-30,61675665,61675665,59830940,59830940,actual
2022-01-31,61952257,61952257,60114671,60114671,actual
2022-02-01,62091608,62091608,60274182,60274182,actual
2022-02-02,62205666,62205666,60409168,60409168,actual
2022-02-03,62442314,62442314,60654718,60654718,actual
2022-02-04,62595110,62595110,60825855,60825855,actual
2022-02-05,62585938,62585938,60827196,60827196,actual
2022-02-06,62573927,62573927,60821266,60821266,actual
2022-02-07,62548244,62548244,60806016,60806016,actual
2022-02-08,62545429,62545429,60809717,60809717,actual
2022-02-09,62549709,62549709,60819577,60819577,actual
2022-02-10,62573223,62573223,60846925,60846925,actual
2022-02-11,62574532,62574532,60852458,60852458,actual
2022-02-12,62561068,62561068,60841788,60841788,actual
2022-02-13,62538156,62538156,60820872,60820872,actual
2022-02-14,62528552,62528552,60815967,60815967,actual
2022-02-15,62511286,62511286,60827415,60827415,actual
2022-02-16,62493563,62493563,60812085,60812085,actual
2022-02-17,62482827,62482827,60802820,60802820,actual
2022-02-18,62462565,62462565,60782113,60782113,actual
2022-02-19,62438722,62438722,60754427,60754427,actual
2022-02-20,62423920,62423920,60734606,60734606,actual
2022-02-21,62377154,62377154,60682894,60682894,actual
2022-02-22,62310843,62310843,60611562,60611562,actual
2022-02-23,62291729,62291729,60587118,60587118,actual
2022-02-24,62246429,62246429,60535831,60535831,actual
2022-02-25,62195831,62195831,60478933,60478933,actual
2022-02-26,62140492,62140492,60422437,60422437,actual
2022-02-27,62086787,62086787,60366229,60366229,actual
2022-02-28,61949191,61949191,60209784,60209784,actual
2022-03-01,61835699,61835699,60101290,60101290,actual
2022-03-02,61823689,61823689,60068385,60068385,actual
2022-03-03,61797691,61797691,60022751,60022751,actual
2022-03-04,61812414,61812414,60020449,60020449,actual
2022-03-05,61857867,61857867,60057654,60057654,actual
2022-03-06,61835402,61835402,60029505,60029505,actual
2022-03-07,61783230,61783230,59967172,59967172,actual
2022-03-08,61704085,61704085,59882361,59882361,actual
2022-03-09,61682780,61682780,59855876,59855876,actual
2022-03-10,61666712,61666712,59835613,59835613,actual
2022-03-11,61663946,61663946,59829401,59829401,actual
2022-03-12,61659347,61659347,59824028,59824028,actual
2022-03-13,61650696,61650696,59814571,59814571,actual
2022-03-14,61681903,61681903,59843142,59843142,actual
2022-03-15,61690178,61690178,59826800,59826800,actual
2022-03-16,61664601,61664601,59804276,59804276,actual
2022-03-17,61613152,61613152,59755601,59755601,actual
2022-03-18,61508731,61508731,59653168,59653168,actual
2022-03-19,61427869,61427869,59593121,59593121,actual
2022-03-20,61356621,61356621,59555559,59555559,actual
2022-03-21,61288514,61288514,59523156,59523156,actual
2022-03-22,61234449,61234449,59503202,59503202,actual
2022-03-23,61234359,61234359,59535847,59535847,actual
2022-03-24,61195010,61195010,59515644,59515644,actual
2022-03-25,61151168,61151168,59477021,59477021,actual
2022-03-26,61087004,61087004,59434722,59434722,actual
2022-03-27,61046512,61046512,59415483,59415483,actual
2022-03-28,61131368,61131368,59521554,59521554,actual
2022-03-29,61245926,61245926,59632772,59632772,actual
2022-03-30,61260181,61260181,59667962,59667962,actual
2022-03-31,61312984,61312984,59733445,59733445,actual
2022-04-01,61310272,61310272,59736669,59736669,actual
2022-04-02,61204632,61204632,59659334,59659334,actual
2022-04-03,61185451,61185451,59648075,59648075,actual
2022-04-04,61223457,61223457,59704125,59704125,actual
2022-04-05,61292799,61292799,59789118,59789118,actual
2022-04-06,61261980,61261980,59761749,59761749,actual
2022-04-07,61236817,61236817,59738569,59738569,actual
2022-04-08,61204225,61204225,59707033,59707033,actual
2022-04-09,61163229,61163229,59668603,59668603,actual
2022-04-10,61112131,61112131,59620491,59620491,actual
2022-04-11,61004823,61004823,59515131,59515131,actual
2022-04-12,60900677,60900677,59409155,59409155,actual
2022-04-13,60762034,60762034,59266995,59266995,actual
2022-04-14,60482700,60482700,58984696,58984696,actual
2022-04-15,59988303,59988303,58488206,58488206,actual
2022-04-16,59842814,59842814,58326579,58326579,actual
2022-04-17,59664064,59664064,58118770,58118770,actual
2022-04-18,59246068,59246068,57670110,57670110,actual
2022-04-19,59168463,59168463,57562146,57562146,actual
2022-04-20,59120817,59120817,57485369,57485369,actual
2022-04-21,59008299,59008299,57355843,57355843,actual
2022-04-22,58917469,58917469,57261216,57261216,actual
2022-04-23,58871905,58871905,57222035,57222035,actual
2022-04-24,58866171,58866171,57189554,57189554,actual
2022-04-25,58771788,58771788,57079142,57079142,actual
2022-04-26,58736216,58736216,57026534,57026534,actual
2022-04-27,58663044,58663044,56936865,56936865,actual
2022-04-28,58558404,58558404,56821609,56821609,actual
2022-04-29,58418709,58418709,56678126,56678126,actual
2022-04-30,58358258,58358258,56595548,56595548,actual
2022-05-01,58225275,58225275,56463840,56463840,actual
2022-05-02,57828784,57828784,56077460,56077460,actual
2022-05-03,57417731,57417731,55694718,55694718,actual
2022-05-04,57226161,57226161,55538592,55538592,actual
2022-05-05,57080110,57080110,55398387,55398387,actual
2022-05-06,56975666,56975666,55295548,55295548,actual
2022-05-07,56940166,56940166,55251903,55251903,actual
2022-05-08,56887739,56887739,55198919,55198919,actual
2022-05-09,56880893,56880893,55192245,55192245,actual
2022-05-10,56882469,56882469,55193766,55193766,actual
2022-05-11,56968134,56968134,55280434,55280434,actual
2022-05-12,57209133,57209133,55522074,55522074,actual
2022-05-13,57712470,57712470,56026424,56026424,actual
2022-05-14,57805562,57805562,56119936,56119936,actual
2022-05-15,57936447,57936447,56250436,56250436,actual
2022-05-16,58329839,58329839,56643972,56643972,actual
2022-05-17,58404861,58404861,56719716,56719716,actual
2022-05-18,58433270,58433270,56746440,56746440,actual
2022-05-19,58525903,58525903,56836518,56836518,actual
2022-05-20,58592615,58592615,56902100,56902100,actual
2022-05-21,58608011,58608011,56890239,56890239,actual
2022-05-22,58589756,58589756,56879306,56879306,actual
2022-05-23,58667854,58667854,56955204,56955204,actual
2022-05-24,58693975,58693975,56982755,56982755,actual
2022-05-25,58645271,58645271,56938103,56938103,actual
2022-05-26,58376038,58376038,56669993,56669993,actual
2022-05-27,58293662,58293662,56587768,56587768,actual
2022-05-28,58272825,58272825,56565467,56565467,actual
2022-05-29,58319175,58319175,56607581,56607581,actual
2022-05-30,58564545,58564545,56831139,56831139,actual
2022-05-31,58871838,58871838,57099687,57099687,actual
2022-06-01,58963454,58963454,57159140,57159140,actual
2022-06-02,58976534,58976534,57170676,57170676,actual
2022-06-03,58933212,58933212,57142628,57142628,actual
2022-06-04,58834593,58834593,57083572,57083572,actual
2022-06-05,58760732,58760732,57035350,57035350,actual
2022-06-06,58556692,58556692,56832341,56832341,actual
2022-06-07,58565969,58565969,56843341,56843341,actual
2022-06-08,58551013,58551013,56828714,56828714,actual
2022-06-09,58518469,58518469,56794820,56794820,actual
2022-06-10,58470642,58470642,56745788,56745788,actual
2022-06-11,58431455,58431455,56707206,56707206,actual
2022-06-12,58390271,58390271,56666733,56666733,actual
2022-06-13,58326446,58326446,56602326,56602326,actual
2022-06-14,58243993,58243993,56519856,56519856,actual
2022-06-15,58157477,58157477,56435412,56435412,actual
2022-06-16,57897971,57897971,56177651,56177651,actual
2022-06-17,57749230,57749230,56029340,56029340,actual
2022-06-18,57671848,57671848,55955920,55955920,actual
2022-06-19,57605237,57605237,55892439,55892439,actual
2022-06-20,57495619,57495619,55784690,55784690,actual
2022-06-21,57386061,57386061,55673915,55673915,actual
2022-06-22,57359431,57359431,55643331,55643331,actual
2022-06-23,57538962,57538962,55822262,55822262,actual
2022-06-24,57538705,57538705,55821645,55821645,actual
2022-06-25,57496962,57496962,55781521,55781521,actual
2022-06-26,57444576,57444576,55730863,55730863,actual
2022-06-27,57437715,57437715,55724343,55724343,actual
2022-06-28,57352300,57352300,55640177,55640177,actual
2022-06-29,57302239,57302239,55589756,55589756,actual
2022-06-30,57275068,57275068,55559630,55559630,actual
2022-07-01,57260112,57260112,55530699,55530699,actual
2022-07-02,57251775,57251775,55496236,55496236,actual
2022-07-03,57248239,57248239,55471630,55471630,actual
2022-07-04,57252262,57252262,55478290,55478290,actual
2022-07-05,57095588,57095588,55324440,55324440,actual
2022-07-06,56980865,56980865,55211451,55211451,actual
2022-07-07,56869385,56869385,55103985,55103985,actual
2022-07-08,56755413,56755413,54994607,54994607,actual
2022-07-09,56666792,56666792,54914900,54914900,actual
2022-07-10,56566600,56566600,54842936,54842936,actual
2022-07-11,56442802,56442802,54724116,54724116,actual
2022-07-12,56285938,56285938,54572291,54572291,actual
2022-07-13,56157605,56157605,54447695,54447695,actual
2022-07-14,56157213,56157213,54450566,54450566,actual
2022-07-15,56095837,56095837,54393092,54393092,actual
2022-07-16,56065898,56065898,54365839,54365839,actual
2022-07-17,56002941,56002941,54307573,54307573,actual
2022-07-18,55853037,55853037,54183745,54183745,actual
2022-07-19,55702138,55702138,54038003,54038003,actual
2022-07-20,55562092,55562092,53902134,53902134,actual
2022-07-21,55440922,55440922,53783882,53783882,actual
2022-07-22,55365878,55365878,53711699,53711699,actual
2022-07-23,55323959,55323959,53673392,53673392,actual
2022-07-24,55263250,55263250,53615937,53615937,actual
2022-07-25,55124156,55124156,53481671,53481671,actual
2022-07-26,54990218,54990218,53352257,53352257,actual
2022-07-27,54854810,54854810,53221869,53221869,actual
2022-07-28,54702497,54702497,53074655,53074655,actual
2022-07-29,54591726,54591726,52966942,52966942,actual
2022-07-30,54566785,54566785,52945104,52945104,actual
2022-07-31,54557913,54557913,52938688,52938688,actual
2022-08-01,54556393,54556393,52940212,52940212,actual
2022-08-02,54492576,54492576,52877470,52877470,actual
2022-08-03,54365520,54365520,52754554,52754554,actual
2022-08-04,54244826,54244826,52636949,52636949,actual
2022-08-05,54166736,54166736,52561021,52561021,actual
2022-08-06,54183496,54183496,52582962,52582962,actual
2022-08-07,54176210,54176210,52580487,52580487,actual
2022-08-08,54105878,54105878,52539897,52539897,actual
2022-08-09,54021007,54021007,52458262,52458262,actual
2022-08-10,53963752,53963752,52403719,52403719,actual
2022-08-11,53900347,53900347,52341922,52341922,actual
2022-08-12,53814627,53814627,52257008,52257008,actual
2022-08-13,53767292,53767292,52211988,52211988,actual
2022-08-14,53727403,53727403,52172572,52172572,actual
2022-08-15,53447321,53447321,51871375,51871375,actual
2022-08-16,53368096,53368096,51794386,51794386,actual
2022-08-17,53287568,53287568,51715133,51715133,actual
2022-08-18,53238179,53238179,51667579,51667579,actual
2022-08-19,53189928,53189928,51621675,51621675,actual
2022-08-20,53200610,53200610,51632943,51632943,actual
2022-08-21,53220742,53220742,51653121,51653121,actual
2022-08-22,53259660,53259660,51690450,51690450,actual
2022-08-23,53286504,53286504,51715117,51715117,actual
2022-08-24,53313354,53313354,51739973,51739973,actual
2022-08-25,53363011,53363011,51788088,51788088,actual
2022-08-26,53395312,53395312,51819453,51819453,actual
2022-08-27,53424384,53424384,51845439,51845439,actual
2022-08-28,53448252,53448252,51867746,51867746,actual
2022-08-29,53523422,53523422,51939561,51939561,actual
2022-08-30,53624456,53624456,52039338,52039338,actual
2022-08-31,53734890,53734890,52146952,52146952,actual
2022-09-01,53885388,53885388,52294781,52294781,actual
2022-09-02,54021959,54021959,52428169,52428169,actual
2022-09-03,54100721,54100721,52495382,52495382,actual
2022-09-04,54207473,54207473,52571753,52571753,actual
2022-09-05,54340026,54340026,52672685,52672685,actual
2022-09-06,54547254,54547254,52874616,52874616,actual
2022-09-07,54690884,54690884,53013646,53013646,actual
2022-09-08,54930793,54930793,53249892,53249892,actual
2022-09-09,55149294,55149294,53466499,53466499,actual
2022-09-10,55261257,55261257,53580831,53580831,actual
2022-09-11,55401780,55401780,53720995,53720995,actual
2022-09-12,55857937,55857937,54187000,54187000,actual
2022-09-13,56108739,56108739,54433956,54433956,actual
2022-09-14,56371669,56371669,54695248,54695248,actual
2022-09-15,56594221,56594221,54915234,54915234,actual
2022-09-16,56781763,56781763,55100804,55100804,actual
2022-09-17,56831019,56831019,55172800,55172800,actual
2022-09-18,56918289,56918289,55258688,55258688,actual
2022-09-19,57043498,57043498,55382420,55382420,actual
2022-09-20,57206278,57206278,55543807,55543807,actual
2022-09-21,57355061,57355061,55692322,55692322,actual
2022-09-22,57481427,57481427,55818889,55818889,actual
2022-09-23,57587569,57587569,55925372,55925372,actual
2022-09-24,57634247,57634247,55977180,55977180,actual
2022-09-25,57672654,57672654,56039549,56039549,actual
2022-09-26,57788700,57788700,56160335,56160335,actual
2022-09-27,57881469,57881469,56276339,56276339,actual
2022-09-28,57986609,57986609,56384736,56384736,actual
2022-09-29,58063138,58063138,56462833,56462833,actual
2022-09-30,58146077,58146077,56548898,56548898,actual
2022-10-01,58200527,58200527,56611673,56611673,actual
2022-10-02,58236756,58236756,56654715,56654715,actual
2022-10-03,58270562,58270562,56706994,56706994,actual
2022-10-04,58302681,58302681,56755736,56755736,actual
2022-10-05,58297886,58297886,56786814,56786814,actual
2022-10-06,58321666,58321666,56825999,56825999,actual
2022-10-07,58341967,58341967,56856089,56856089,actual
2022-10-08,58353209,58353209,56856787,56856787,actual
2022-10-09,58359284,58359284,56852266,56852266,actual
2022-10-10,58334822,58334822,56816695,56816695,actual
2022-10-11,58352404,58352404,56834756,56834756,actual
2022-10-12,58284829,58284829,56769959,56769959,actual
2022-10-13,58300409,58300409,56786359,56786359,actual
2022-10-14,58351036,58351036,56835669,56835669,actual
2022-10-15,58410947,58410947,56873760,56873760,actual
2022-10-16,58429464,58429464,56891924,56891924,actual
2022-10-17,58481086,58481086,56944090,56944090,actual
2022-10-18,58504074,58504074,56967075,56967075,actual
2022-10-19,58530316,58530316,56992783,56992783,actual
2022-10-20,58570028,58570028,57030830,57030830,actual
2022-10-21,58620997,58620997,57078979,57078979,actual
2022-10-22,58636744,58636744,57088420,57088420,actual
2022-10-23,58659287,58659287,57085944,57085944,actual
2022-10-24,58568438,58568438,56989901,56989901,actual
2022-10-25,58526650,58526650,56924728,56924728,actual
2022-10-26,58466017,58466017,56862328,56862328,actual
2022-10-27,58405898,58405898,56802299,56802299,actual
2022-10-28,58331272,58331272,56722770,56722770,actual
2022-10-29,58292620,58292620,56676672,56676672,actual
2022-10-30,58269568,58269568,56646456,56646456,actual
2022-10-31,58187254,58187254,56545683,56545683,actual
2022-11-01,57942629,57942629,56285128,56285128,actual
2022-11-02,57969724,57969724,56277117,56277117,actual
2022-11-03,57983436,57983436,56276818,56276818,actual
2022-11-04,57989698,57989698,56272172,56272172,actual
2022-11-05,58054422,58054422,56342251,56342251,actual
2022-11-06,58109397,58109397,56404016,56404016,actual
2022-11-07,58205332,58205332,56498133,56498133,actual
2022-11-08,58220230,58220230,56512268,56512268,actual
2022-11-09,58328319,58328319,56616274,56616274,actual
2022-11-10,58357248,58357248,56643266,56643266,actual
2022-11-11,58248247,58248247,56532957,56532957,actual
2022-11-12,58241866,58241866,56521188,56521188,actual
2022-11-13,58263453,58263453,56540775,56540775,actual
2022-11-14,58260784,58260784,56536624,56536624,actual
2022-11-15,58223934,58223934,56499279,56499279,actual
2022-11-16,58249385,58249385,56523974,56523974,actual
2022-11-17,58264590,58264590,56539144,56539144,actual
2022-11-18,58279412,58279412,56553901,56553901,actual
2022-11-19,58327108,58327108,56600677,56600677,actual
2022-11-20,58373279,58373279,56644349,56644349,actual
2022-11-21,58472924,58472924,56742892,56742892,actual
2022-11-22,58538397,58538397,56806310,56806310,actual
2022-11-23,58574017,58574017,56839368,56839368,actual
2022-11-24,58524318,58524318,56786577,56786577,actual
2022-11-25,58543002,58543002,56805051,56805051,actual
2022-11-26,58555545,58555545,56814387,56814387,actual
2022-11-27,58621657,58621657,56878729,56878729,actual
2022-11-28,58832410,58832410,57089351,57089351,actual
2022-11-29,59156956,59156956,57413036,57413036,actual
2022-11-30,59273065,59273065,57529441,57529441,actual
2022-12-01,59315597,59315597,57571546,57571546,actual
2022-12-02,59357967,59357967,57613654,57613654,actual
2022-12-03,59364182,59364182,57616768,57616768,actual
2022-12-04,59357500,59357500,57609495,57609495,actual
2022-12-05,59332688,59332688,57584622,57584622,actual
2022-12-06,59297982,59297982,57548297,57548297,actual
2022-12-07,59257279,59257279,57507139,57507139,actual
2022-12-08,59115167,59115167,57364958,57364958,actual
2022-12-09,59170305,59170305,57418962,57418962,actual
2022-12-10,59178627,59178627,57425891,57425891,actual
2022-12-11,59171842,59171842,57418188,57418188,actual
2022-12-12,59158866,59158866,57404345,57404345,actual
2022-12-13,59177789,59177789,57421560,57421560,actual
2022-12-14,59142927,59142927,57385463,57385463,actual
2022-12-15,59102778,59102778,57345493,57345493,actual
2022-12-16,59040933,59040933,57284747,57284747,actual
2022-12-17,59002149,59002149,57245256,57245256,actual
2022-12-18,58923393,58923393,57167081,57167081,actual
2022-12-19,58819292,58819292,57066161,57066161,actual
2022-12-20,58677988,58677988,56929672,56929672,actual
2022-12-21,58532216,58532216,56791294,56791294,actual
2022-12-22,58402526,58402526,56669276,56669276,actual
2022-12-23,58114800,58114800,56387872,56387872,actual
2022-12-24,57902101,57902101,56179511,56179511,actual
2022-12-25,57551437,57551437,55832355,55832355,actual
2022-12-26,56763387,56763387,55050559,55050559,actual
2022-12-27,56195117,56195117,54508298,54508298,actual
2022-12-28,55711662,55711662,54029630,54029630,actual
2022-12-29,55233291,55233291,53555587,53555587,actual
2022-12-30,54769053,54769053,53094652,53094652,actual
2022-12-31,54533039,54533039,52861960,52861960,actual
2023-01-01,54260071,54260071,52591427,52591427,actual
2023-01-02,53746641,53746641,52089514,52089514,actual
2023-01-03,53483852,53483852,51828338,51828338,actual
2023-01-04,53288794,53288794,51634142,51634142,actual
2023-01-05,53212829,53212829,51559956,51559956,actual
2023-01-06,52978793,52978793,51328674,51328674,actual
2023-01-07,52953220,52953220,51305105,51305105,actual
2023-01-08,52933779,52933779,51285277,51285277,actual
2023-01-09,52909632,52909632,51259370,51259370,actual
2023-01-10,52899179,52899179,51249480,51249480,actual
2023-01-11,52880610,52880610,51234925,51234925,actual
2023-01-12,52881147,52881147,51239838,51239838,actual
2023-01-13,52916523,52916523,51276198,51276198,actual
2023-01-14,52919303,52919303,51285385,51285385,actual
2023-01-15,52967918,52967918,51341161,51341161,actual
2023-01-16,53012175,53012175,51387651,51387651,actual
2023-01-17,53109148,53109148,51491260,51491260,actual
2023-01-18,53261886,53261886,51648916,51648916,actual
2023-01-19,53469575,53469575,51865028,51865028,actual
2023-01-20,53779735,53779735,52185088,52185088,actual
2023-01-21,54015761,54015761,52429268,52429268,actual
2023-01-22,54327744,54327744,52749952,52749952,actual
2023-01-23,55001996,55001996,53440203,53440203,actual
2023-01-24,55471446,55471446,53905468,53905468,actual
2023-01-25,55861350,55861350,54312024,54312024,actual
2023-01-26,56201049,56201049,54668028,54668028,actual
2023-01-27,56619478,56619478,55101274,55101274,actual
2023-01-28,56838985,56838985,55320724,55320724,actual
2023-01-29,57100163,57100163,55579290,55579290,actual
2023-01-30,57614563,57614563,56090071,56090071,actual
2023-01-31,57915952,57915952,56397233,56397233,actual
2023-02-01,58141756,58141756,56628090,56628090,actual
2023-02-02,58343481,58343481,56835176,56835176,actual
2023-02-03,58636540,58636540,57133443,57133443,actual
2023-02-04,58653508,58653508,57178092,57178092,actual
2023-02-05,58666069,58666069,57198081,57198081,actual
2023-02-06,58666109,58666109,57206037,57206037,actual
2023-02-07,58666630,58666630,57211360,57211360,actual
2023-02-08,58666125,58666125,57211562,57211562,actual
2023-02-09,58668735,58668735,57213544,57213544,actual
2023-02-10,58669865,58669865,57216772,57216772,actual
2023-02-11,58653942,58653942,57220568,57220568,actual
2023-02-12,58648652,58648652,57210687,57210687,actual
2023-02-13,58667340,58667340,57225974,57225974,actual
2023-02-14,58650189,58650189,57200473,57200473,actual
2023-02-15,58642507,58642507,57181818,57181818,actual
2023-02-16,58633115,58633115,57159155,57159155,actual
2023-02-17,58629679,58629679,57143656,57143656,actual
2023-02-18,58575051,58575051,57103241,57103241,actual
2023-02-19,58562448,58562448,57080994,57080994,actual
2023-02-20,58477911,58477911,56974354,56974354,actual
2023-02-21,58362439,58362439,56838036,56838036,actual
2023-02-22,58332382,58332382,56786484,56786484,actual
2023-02-23,58357585,58357585,56792386,56792386,actual
2023-02-24,58344270,58344270,56762069,56762069,actual
2023-02-25,58343373,58343373,56760918,56760918,actual
2023-02-26,58346501,58346501,56766777,56766777,actual
2023-02-27,58338729,58338729,56751463,56751463,actual
2023-02-28,58339630,58339630,56745640,56745640,actual
2023-03-01,58335741,58335741,56735504,56735504,actual
2023-03-02,58329979,58329979,56723589,56723589,actual
2023-03-03,58326148,58326148,56713646,56713646,actual
2023-03-04,58350481,58350481,56711738,56711738,actual
2023-03-05,58359701,58359701,56717161,56717161,actual
2023-03-06,58392207,58392207,56745425,56745425,actual
2023-03-07,58366624,58366624,56717398,56717398,actual
2023-03-08,58242670,58242670,56611047,56611047,actual
2023-03-09,58246531,58246531,56611511,56611511,actual
2023-03-10,58296603,58296603,56657235,56657235,actual
2023-03-11,58317192,58317192,56654082,56654082,actual
2023-03-12,58333976,58333976,56671242,56671242,actual
2023-03-13,58372736,58372736,56709408,56709408,actual
2023-03-14,58424205,58424205,56761552,56761552,actual
2023-03-15,58477146,58477146,56815573,56815573,actual
2023-03-16,58513810,58513810,56850006,56850006,actual
2023-03-17,58512330,58512330,56844966,56844966,actual
2023-03-18,58535301,58535301,56851060,56851060,actual
2023-03-19,58537041,58537041,56865589,56865589,actual
2023-03-20,58626845,58626845,56982920,56982920,actual
2023-03-21,58703599,58703599,57090725,57090725,actual
2023-03-22,58651754,58651754,57067738,57067738,actual
2023-03-23,58660052,58660052,57092910,57092910,actual
2023-03-24,58646499,58646499,57086112,57086112,actual
2023-03-25,58590006,58590006,57048565,57048565,actual
2023-03-26,58533094,58533094,57009148,57009148,actual
2023-03-27,58491481,58491481,56984652,56984652,actual
2023-03-28,58453336,58453336,56963094,56963094,actual
2023-03-29,58369536,58369536,56896958,56896958,actual
2023-03-30,58325291,58325291,56863181,56863181,actual
2023-03-31,58290344,58290344,56834025,56834025,actual
2023-04-01,58235015,58235015,56807363,56807363,actual
2023-04-02,58157992,58157992,56760537,56760537,actual
2023-04-03,58066629,58066629,56674567,56674567,actual
2023-04-04,57976839,57976839,56591208,56591208,actual
2023-04-05,57952895,57952895,56561035,56561035,actual
2023-04-06,57698369,57698369,56308705,56308705,actual
2023-04-07,57117500,57117500,55731064,55731064,actual
2023-04-08,56936425,56936425,55553341,55553341,actual
2023-04-09,56709748,56709748,55329106,55329106,actual
2023-04-10,56198583,56198583,54821573,54821573,actual
2023-04-11,56059199,56059199,54684014,54684014,actual
2023-04-12,55914623,55914623,54561766,54561766,actual
2023-04-13,55802451,55802451,54452368,54452368,actual
2023-04-14,55710214,55710214,54362612,54362612,actual
2023-04-15,55676013,55676013,54322774,54322774,actual
2023-04-16,55639464,55639464,54276853,54276853,actual
2023-04-17,55600254,55600254,54213416,54213416,actual
2023-04-18,55611572,55611572,54195220,54195220,actual
2023-04-19,55621954,55621954,54179128,54179128,actual
2023-04-20,55546335,55546335,54088186,54088186,actual
2023-04-21,55335932,55335932,53874575,53874575,actual
2023-04-22,55166228,55166228,53716503,53716503,actual
2023-04-23,55076139,55076139,53625038,53625038,actual
2023-04-24,54929228,54929228,53463721,53463721,actual
2023-04-25,54760194,54760194,53280920,53280920,actual
2023-04-26,54711047,54711047,53217636,53217636,actual
2023-04-27,54624717,54624717,53123101,53123101,actual
2023-04-28,54540992,54540992,53038013,53038013,actual
2023-04-29,54479544,54479544,52953311,52953311,actual
2023-04-30,54392033,54392033,52840866,52840866,actual
2023-05-01,53701965,53701965,52165138,52165138,actual
2023-05-02,53644575,53644575,52118298,52118298,actual
2023-05-03,53624710,53624710,52098608,52098608,actual
2023-05-04,53741050,53741050,52214582,52214582,actual
2023-05-05,54123479,54123479,52595998,52595998,actual
2023-05-06,54218397,54218397,52680262,52680262,actual
2023-05-07,54341391,54341391,52802292,52802292,actual
2023-05-08,54621472,54621472,53081060,53081060,actual
2023-05-09,54612626,54612626,53070564,53070564,actual
2023-05-10,54646796,54646796,53082704,53082704,actual
2023-05-11,54670814,54670814,53106190,53106190,actual
2023-05-12,54702549,54702549,53138555,53138555,actual
2023-05-13,54671461,54671461,53108560,53108560,actual
2023-05-14,54632930,54632930,53069148,53069148,actual
2023-05-15,54656636,54656636,53092399,53092399,actual
2023-05-16,54624548,54624548,53081086,53081086,actual
2023-05-17,54611696,54611696,53068244,53068244,actual
2023-05-18,54400318,54400318,52856407,52856407,actual
2023-05-19,54433965,54433965,52887931,52887931,actual
2023-05-20,54515346,54515346,52940804,52940804,actual
2023-05-21,54529978,54529978,52940741,52940741,actual
2023-05-22,54574634,54574634,52984611,52984611,actual
2023-05-23,54663893,54663893,53073381,53073381,actual
2023-05-24,54647288,54647288,53054333,53054333,actual
2023-05-25,54655073,54655073,53060203,53060203,actual
2023-05-26,54584257,54584257,52986418,52986418,actual
2023-05-27,54521531,54521531,52919911,52919911,actual
2023-05-28,54490957,54490957,52886047,52886047,actual
2023-05-29,54851793,54851793,53229038,53229038,actual
2023-05-30,54878531,54878531,53239973,53239973,actual
2023-05-31,54939768,54939768,53288496,53288496,actual
2023-06-01,54923216,54923216,53272595,53272595,actual
2023-06-02,54879395,54879395,53229910,53229910,actual
2023-06-03,54832827,54832827,53200152,53200152,actual
2023-06-04,54781888,54781888,53173365,53173365,actual
2023-06-05,54836742,54836742,53250274,53250274,actual
2023-06-06,54849488,54849488,53263532,53263532,actual
2023-06-07,54784392,54784392,53198963,53198963,actual
2023-06-08,54577309,54577309,52991213,52991213,actual
2023-06-09,54465320,54465320,52878138,52878138,actual
2023-06-10,54426574,54426574,52838959,52838959,actual
2023-06-11,54408630,54408630,52820338,52820338,actual
2023-06-12,54331026,54331026,52741720,52741720,actual
2023-06-13,54314405,54314405,52703646,52703646,actual
2023-06-14,54334521,54334521,52721618,52721618,actual
2023-06-15,54550048,54550048,52935950,52935950,actual
2023-06-16,54629861,54629861,53015726,53015726,actual
2023-06-17,54626138,54626138,53011304,53011304,actual
2023-06-18,54605118,54605118,52989575,52989575,actual
2023-06-19,54560566,54560566,52944651,52944651,actual
2023-06-20,54519436,54519436,52902513,52902513,actual
2023-06-21,54468763,54468763,52853638,52853638,actual
2023-06-22,54397924,54397924,52798958,52798958,actual
2023-06-23,54373064,54373064,52787956,52787956,actual
2023-06-24,54367459,54367459,52785250,52785250,actual
2023-06-25,54405434,54405434,52813841,52813841,actual
2023-06-26,54625751,54625751,53034983,53034983,actual
2023-06-27,54561438,54561438,52972482,52972482,actual
2023-06-28,54390957,54390957,52804748,52804748,actual
2023-06-29,54206897,54206897,52633816,52633816,actual
2023-06-30,54177224,54177224,52605075,52605075,actual
2023-07-01,54167821,54167821,52590339,52590339,actual
2023-07-02,54156767,54156767,52556847,52556847,actual
2023-07-03,54075180,54075180,52454386,52454386,actual
2023-07-04,53906094,53906094,52287050,52287050,actual
2023-07-05,53802567,53802567,52185564,52185564,actual
2023-07-06,53859038,53859038,52245584,52245584,actual
2023-07-07,53827596,53827596,52218368,52218368,actual
2023-07-08,53785716,53785716,52180385,52180385,actual
2023-07-09,53736171,53736171,52134317,52134317,actual
2023-07-10,53669696,53669696,52070934,52070934,actual
2023-07-11,53552225,53552225,51957773,51957773,actual
2023-07-12,53419444,53419444,51830144,51830144,actual
2023-07-13,53313809,53313809,51728902,51728902,actual
2023-07-14,53148195,53148195,51566917,51566917,actual
2023-07-15,53097551,53097551,51520615,51520615,actual
2023-07-16,53044150,53044150,51471314,51471314,actual
2023-07-17,52942467,52942467,51373179,51373179,actual
2023-07-18,52804518,52804518,51235345,51235345,actual
2023-07-19,52660028,52660028,51088068,51088068,actual
2023-07-20,52557255,52557255,50967376,50967376,actual
2023-07-21,52496976,52496976,50891095,50891095,actual
2023-07-22,52471164,52471164,50863056,50863056,actual
2023-07-23,52423306,52423306,50825929,50825929,actual
2023-07-24,52322662,52322662,50723063,50723063,actual
2023-07-25,52263639,52263639,50661736,50661736,actual
2023-07-26,52250736,52250736,50646547,50646547,actual
2023-07-27,52289418,52289418,50684352,50684352,actual
2023-07-28,52218629,52218629,50613788,50613788,actual
2023-07-29,52176090,52176090,50571363,50571363,actual
2023-07-30,52153030,52153030,50547555,50547555,actual
2023-07-31,52132261,52132261,50521022,50521022,actual
2023-08-01,52143357,52143357,50524858,50524858,actual
2023-08-02,52099643,52099643,50481665,50481665,actual
2023-08-03,52056449,52056449,50428477,50428477,actual
2023-08-04,52017744,52017744,50371001,50371001,actual
2023-08-05,52034255,52034255,50376188,50376188,actual
2023-08-06,52037172,52037172,50369712,50369712,actual
2023-08-07,51973886,51973886,50286619,50286619,actual
2023-08-08,51911988,51911988,50204990,50204990,actual
2023-08-09,51857822,51857822,50130857,50130857,actual
2023-08-10,51789050,51789050,50041357,50041357,actual
2023-08-11,51773363,51773363,50005046,50005046,actual
2023-08-12,51747035,51747035,49966978,49966978,actual
2023-08-13,51719620,51719620,49930261,49930261,actual
2023-08-14,51580177,51580177,49770240,49770240,actual
2023-08-15,51304761,51304761,49479142,49479142,actual
2023-08-16,51264484,51264484,49424155,49424155,actual
2023-08-17,51197179,51197179,49342540,49342540,actual
2023-08-18,51151485,51151485,49283168,49283168,actual
2023-08-19,51159869,51159869,49282960,49282960,actual
2023-08-20,51160688,51160688,49275066,49275066,actual
2023-08-21,51146304,51146304,49243841,49243841,actual
2023-08-22,51132660,51132660,49213010,49213010,actual
2023-08-23,51149571,51149571,49211205,49211205,actual
2023-08-24,51177238,51177238,49206485,49206485,actual
2023-08-25,51214992,51214992,49223717,49223717,actual
2023-08-26,51242922,51242922,49240018,49240018,actual
2023-08-27,51277925,51277925,49266163,49266163,actual
2023-08-28,51320942,51320942,49293349,49293349,actual
2023-08-29,51393625,51393625,49351689,49351689,actual
2023-08-30,51456847,51456847,49392793,49392793,actual
2023-08-31,51533097,51533097,49456212,49456212,actual
2023-09-01,51630707,51630707,49549216,49549216,actual
2023-09-02,51645592,51645592,49563528,49563528,actual
2023-09-03,51677270,51677270,49594626,49594626,actual
2023-09-04,51728404,51728404,49643028,49643028,actual
2023-09-05,51871855,51871855,49783950,49783950,actual
2023-09-06,51969948,51969948,49899971,49899971,actual
2023-09-07,52060737,52060737,49989801,49989801,actual
2023-09-08,52190423,52190423,50116383,50116383,actual
2023-09-09,52250690,52250690,50175282,50175282,actual
2023-09-10,52346347,52346347,50268486,50268486,actual
2023-09-11,52668055,52668055,50585277,50585277,actual
2023-09-12,53068855,53068855,50980745,50980745,actual
2023-09-13,53304937,53304937,51213775,51213775,actual
2023-09-14,53512308,53512308,51429169,51429169,actual
2023-09-15,53677664,53677664,51591097,51591097,actual
2023-09-16,53710090,53710090,51645080,51645080,actual
2023-09-17,53780989,53780989,51715498,51715498,actual
2023-09-18,53955648,53955648,51885599,51885599,actual
2023-09-19,54106337,54106337,52031648,52031648,actual
2023-09-20,54259349,54259349,52180705,52180705,actual
2023-09-21,54412808,54412808,52330469,52330469,actual
2023-09-22,54546385,54546385,52460968,52460968,actual
2023-09-23,54598462,54598462,52514418,52514418,actual
2023-09-24,54621259,54621259,52556078,52556078,actual
2023-09-25,54735021,54735021,52667199,52667199,actual
2023-09-26,54837099,54837099,52766926,52766926,actual
2023-09-27,54961343,54961343,52889616,52889616,actual
2023-09-28,54949705,54949705,52880718,52880718,actual
2023-09-29,54969698,54969698,52928221,52928221,actual
2023-09-30,55030996,55030996,52995912,52995912,actual
2023-10-01,55072540,55072540,53042893,53042893,actual
2023-10-02,55100934,55100934,53102763,53102763,actual
2023-10-03,55038020,55038020,53088592,53088592,actual
2023-10-04,55120296,55120296,53178204,53178204,actual
2023-10-05,55214701,55214701,53295618,53295618,actual
2023-10-06,55287432,55287432,53388713,53388713,actual
2023-10-07,55371463,55371463,53450237,53450237,actual
2023-10-08,55427205,55427205,53483068,53483068,actual
2023-10-09,55412102,55412102,53467962,53467962,actual
2023-10-10,55451579,55451579,53506897,53506897,actual
2023-10-11,55473092,55473092,53526173,53526173,actual
2023-10-12,55434728,55434728,53474640,53474640,actual
2023-10-13,55427370,55427370,53465042,53465042,actual
2023-10-14,55483308,55483308,53497257,53497257,actual
2023-10-15,55527203,55527203,53539844,53539844,actual
2023-10-16,55559884,55559884,53572267,53572267,actual
2023-10-17,55599098,55599098,53610652,53610652,actual
2023-10-18,55627305,55627305,53638630,53638630,actual
2023-10-19,55658644,55658644,53669476,53669476,actual
2023-10-20,55684886,55684886,53695049,53695049,actual
2023-10-21,55706104,55706104,53713402,53713402,actual
2023-10-22,55734900,55734900,53721272,53721272,actual
2023-10-23,55701287,55701287,53686402,53686402,actual
2023-10-24,55631699,55631699,53615105,53615105,actual
2023-10-25,55620859,55620859,53602311,53602311,actual
2023-10-26,55708886,55708886,53685200,53685200,actual
2023-10-27,55748909,55748909,53695793,53695793,actual
2023-10-28,55745882,55745882,53684133,53684133,actual
2023-10-29,55755918,55755918,53687105,53687105,actual
2023-10-30,55837691,55837691,53735096,53735096,actual
2023-10-31,55900197,55900197,53745046,53745046,actual
2023-11-01,55655925,55655925,53470873,53470873,actual
2023-11-02,55573953,55573953,53364666,53364666,actual
2023-11-03,55538224,55538224,53307001,53307001,actual
2023-11-04,55547778,55547778,53339034,53339034,actual
2023-11-05,55571341,55571341,53385238,53385238,actual
2023-11-06,55582908,55582908,53397489,53397489,actual
2023-11-07,55630205,55630205,53446224,53446224,actual
2023-11-08,55667727,55667727,53486548,53486548,actual
2023-11-09,55785904,55785904,53606987,53606987,actual
2023-11-10,55845933,55845933,53667963,53667963,actual
2023-11-11,55858728,55858728,53681226,53681226,actual
2023-11-12,55865922,55865922,53689007,53689007,actual
2023-11-13,55831489,55831489,53656383,53656383,actual
2023-11-14,55826758,55826758,53653282,53653282,actual
2023-11-15,55779789,55779789,53607448,53607448,actual
2023-11-16,55778431,55778431,53608506,53608506,actual
2023-11-17,55781525,55781525,53613835,53613835,actual
2023-11-18,55815550,55815550,53649549,53649549,actual
2023-11-19,55854625,55854625,53690345,53690345,actual
2023-11-20,55879678,55879678,53718198,53718198,actual
2023-11-21,55967171,55967171,53808769,53808769,actual
2023-11-22,55965175,55965175,53809400,53809400,actual
2023-11-23,55892029,55892029,53737877,53737877,actual
2023-11-24,55828657,55828657,53675626,53675626,actual
2023-11-25,55837612,55837612,53685523,53685523,actual
2023-11-26,55872658,55872658,53721739,53721739,actual
2023-11-27,55925909,55925909,53776428,53776428,actual
2023-11-28,56019388,56019388,53872088,53872088,actual
2023-11-29,56315984,56315984,54169703,54169703,actual
2023-11-30,56470934,56470934,54322772,54322772,actual
2023-12-01,56573906,56573906,54426441,54426441,actual
2023-12-02,56593942,56593942,54446599,54446599,actual
2023-12-03,56592017,56592017,54445296,54445296,actual
2023-12-04,56633426,56633426,54486389,54486389,actual
2023-12-05,56618502,56618502,54471236,54471236,actual
2023-12-06,56572970,56572970,54424629,54424629,actual
2023-12-07,56528733,56528733,54380128,54380128,actual
2023-12-08,56429958,56429958,54282242,54282242,actual
2023-12-09,56444729,56444729,54297409,54297409,actual
2023-12-10,56463870,56463870,54316415,54316415,actual
2023-12-11,56542291,56542291,54394670,54394670,actual
2023-12-12,56550096,56550096,54402202,54402202,actual
2023-12-13,56607608,56607608,54459789,54459789,actual
2023-12-14,56604650,56604650,54456964,54456964,actual
2023-12-15,56589706,56589706,54442380,54442380,actual
2023-12-16,56561625,56561625,54418483,54418483,actual
2023-12-17,56505794,56505794,54384269,54384269,actual
2023-12-18,56484240,56484240,54362333,54362333,actual
2023-12-19,56409030,56409030,54286668,54286668,actual
2023-12-20,56336314,56336314,54214315,54214315,actual
2023-12-21,56303911,56303911,54184912,54184912,actual
2023-12-22,56192901,56192901,54075973,54075973,actual
2023-12-23,56097657,56097657,53980639,53980639,actual
2023-12-24,55842539,55842539,53725500,53725500,actual
2023-12-25,54811395,54811395,52696169,52696169,actual
2023-12-26,54047822,54047822,51934335,51934335,actual
2023-12-27,53574252,53574252,51462776,51462776,actual
2023-12-28,53130269,53130269,51021571,51021571,actual
2023-12-29,52713651,52713651,50608139,50608139,actual
2023-12-30,52573858,52573858,50470408,50470408,actual
2023-12-31,52354128,52354128,50252496,50252496,actual
2024-01-01,51312112,51312112,49239863,49239863,actual
2024-01-02,50878763,50878763,48809755,48809755,actual
2024-01-03,50657011,50657011,48591066,48591066,actual
2024-01-04,50462049,50462049,48397464,48397464,actual
2024-01-05,50389256,50389256,48325550,48325550,actual
2024-01-06,50375013,50375013,48311150,48311150,actual
2024-01-07,50334735,50334735,48271468,48271468,actual
2024-01-08,50211365,50211365,48150683,48150683,actual
2024-01-09,50190472,50190472,48132487,48132487,actual
2024-01-10,50182557,50182557,48126689,48126689,actual
2024-01-11,50173030,50173030,48118806,48118806,actual
2024-01-12,50191593,50191593,48138344,48138344,actual
2024-01-13,50220290,50220290,48162620,48162620,actual
2024-01-14,50275034,50275034,48196434,48196434,actual
2024-01-15,50286507,50286507,48210609,48210609,actual
2024-01-16,50324992,50324992,48252086,48252086,actual
2024-01-17,50411249,50411249,48340749,48340749,actual
2024-01-18,50544594,50544594,48474652,48474652,actual
2024-01-19,50754436,50754436,48685627,48685627,actual
2024-01-20,50883348,50883348,48814078,48814078,actual
2024-01-21,51132290,51132290,49063075,49063075,actual
2024-01-22,52155937,52155937,50089464,50089464,actual
2024-01-23,52887380,52887380,50823537,50823537,actual
2024-01-24,53324817,53324817,51265659,51265659,actual
2024-01-25,53704308,53704308,51660804,51660804,actual
2024-01-26,54039060,54039060,51998507,51998507,actual
2024-01-27,54161876,54161876,52120260,52120260,actual
2024-01-28,54367034,54367034,52324558,52324558,actual
2024-01-29,55397714,55397714,53332304,53332304,actual
2024-01-30,55833787,55833787,53771576,53771576,actual
2024-01-31,56109712,56109712,54051098,54051098,actual
2024-02-01,56339931,56339931,54286730,54286730,actual
2024-02-02,56530383,56530383,54484250,54484250,actual
2024-02-03,56575561,56575561,54531366,54531366,actual
2024-02-04,56634119,56634119,54576996,54576996,actual
2024-02-05,56705749,56705749,54660158,54660158,actual
2024-02-06,56731701,56731701,54700640,54700640,actual
2024-02-07,56716765,56716765,54706022,54706022,actual
2024-02-08,56632430,56632430,54658998,54658998,actual
2024-02-09,56551258,56551258,54611571,54611571,actual
2024-02-10,56487158,56487158,54571199,54571199,actual
2024-02-11,56422141,56422141,54541426,54541426,actual
2024-02-12,56265094,56265094,54419124,54419124,actual
2024-02-13,56120778,56120778,54307928,54307928,actual
2024-02-14,55959289,55959289,54178410,54178410,actual
2024-02-15,55906704,55906704,54156114,54156114,actual
2024-02-16,55848150,55848150,54125052,54125052,actual
2024-02-17,55842866,55842866,54126863,54126863,actual
2024-02-18,55853602,55853602,54125723,54125723,actual
2024-02-19,55811047,55811047,54087133,54087133,actual
2024-02-20,55801748,55801748,54080281,54080281,actual
2024-02-21,55790553,55790553,54069442,54069442,actual
2024-02-22,55803572,55803572,54071896,54071896,actual
2024-02-23,55814749,55814749,54085069,54085069,actual
2024-02-24,55789081,55789081,54067534,54067534,actual
2024-02-25,55767210,55767210,54067936,54067936,actual
2024-02-26,55744590,55744590,54045181,54045181,actual
2024-02-27,55722543,55722543,54021191,54021191,actual
2024-02-28,55687065,55687065,53982744,53982744,actual
2024-02-29,55688142,55688142,53979899,53979899,actual
2024-03-01,55694752,55694752,53981725,53981725,actual
2024-03-02,55691444,55691444,53980828,53980828,actual
2024-03-03,55669697,55669697,53973396,53973396,actual
2024-03-04,55699982,55699982,53991779,53991779,actual
2024-03-05,55746783,55746783,54023580,54023580,actual
2024-03-06,55757760,55757760,54014753,54014753,actual
2024-03-07,55841586,55841586,54061890,54061890,actual
2024-03-08,55815401,55815401,54005881,54005881,actual
2024-03-09,55861256,55861256,54030192,54030192,actual
2024-03-10,55923324,55923324,54058196,54058196,actual
2024-03-11,56083186,56083186,54184289,54184289,actual
2024-03-12,56239196,56239196,54308332,54308332,actual
2024-03-13,56408965,56408965,54446301,54446301,actual
2024-03-14,56475113,56475113,54481126,54481126,actual
2024-03-15,56498955,56498955,54477431,54477431,actual
2024-03-16,56486896,56486896,54464345,54464345,actual
2024-03-17,56452326,56452326,54448024,54448024,actual
2024-03-18,56458279,56458279,54458320,54458320,actual
2024-03-19,56424776,56424776,54444683,54444683,actual
2024-03-20,56390373,56390373,54433699,54433699,actual
2024-03-21,56369939,56369939,54425300,54425300,actual
2024-03-22,56390481,56390481,54445599,54445599,actual
2024-03-23,56375481,56375481,54449900,54449900,actual
2024-03-24,56363323,56363323,54432970,54432970,actual
2024-03-25,56232790,56232790,54314636,54314636,actual
2024-03-26,56146708,56146708,54241800,54241800,actual
2024-03-27,56043110,56043110,54151207,54151207,actual
2024-03-28,55831846,55831846,53948091,53948091,actual
2024-03-29,55349653,55349653,53469133,53469133,actual
2024-03-30,55189498,55189498,53323686,53323686,actual
2024-03-31,55013522,55013522,53172052,53172052,actual
2024-04-01,54558774,54558774,52745680,52745680,actual
2024-04-02,54439546,54439546,52632241,52632241,actual
2024-04-03,54411379,54411379,52610679,52610679,actual
2024-04-04,54347566,54347566,52575046,52575046,actual
2024-04-05,54374586,54374586,52624699,52624699,actual
2024-04-06,54304880,54304880,52557856,52557856,actual
2024-04-07,54256624,54256624,52487506,52487506,actual
2024-04-08,54175828,54175828,52406633,52406633,actual
2024-04-09,54055617,54055617,52287082,52287082,actual
2024-04-10,53846371,53846371,52102408,52102408,actual
2024-04-11,53631799,53631799,51902696,51902696,actual
2024-04-12,53519979,53519979,51792819,51792819,actual
2024-04-13,53406152,53406152,51676371,51676371,actual
2024-04-14,53345211,53345211,51611277,51611277,actual
2024-04-15,53308726,53308726,51565185,51565185,actual
2024-04-16,53306725,53306725,51539574,51539574,actual
2024-04-17,53296668,53296668,51502109,51502109,actual
2024-04-18,53272922,53272922,51462103,51462103,actual
2024-04-19,53223967,53223967,51410018,51410018,actual
2024-04-20,53220358,53220358,51380083,51380083,actual
2024-04-21,53221187,53221187,51364199,51364199,actual
2024-04-22,53318658,53318658,51447922,51447922,actual
2024-04-23,53342591,53342591,51458567,51458567,actual
2024-04-24,53399430,53399430,51502841,51502841,actual
2024-04-25,53493930,53493930,51590594,51590594,actual
2024-04-26,53869064,53869064,51963916,51963916,actual
2024-04-27,53972167,53972167,52050132,52050132,actual
2024-04-28,54099071,54099071,52133136,52133136,actual
2024-04-29,54446443,54446443,52456184,52456184,actual
2024-04-30,54344634,54344634,52355707,52355707,actual
2024-05-01,53714261,53714261,51748841,51748841,actual
2024-05-02,53619194,53619194,51654951,51654951,actual
2024-05-03,53504753,53504753,51542778,51542778,actual
2024-05-04,53488651,53488651,51550125,51550125,actual
2024-05-05,53469643,53469643,51552997,51552997,actual
2024-05-06,53479125,53479125,51562250,51562250,actual
2024-05-07,53539599,53539599,51620846,51620846,actual
2024-05-08,53593134,53593134,51650007,51650007,actual
2024-05-09,53418114,53418114,51461252,51461252,actual
2024-05-10,53292088,53292088,51333958,51333958,actual
2024-05-11,53311266,53311266,51336465,51336465,actual
2024-05-12,53297293,53297293,51321782,51321782,actual
2024-05-13,53291443,53291443,51316577,51316577,actual
2024-05-14,53276578,53276578,51302228,51302228,actual
2024-05-15,53283307,53283307,51309670,51309670,actual
2024-05-16,53287542,53287542,51314230,51314230,actual
2024-05-17,53289900,53289900,51316297,51316297,actual
2024-05-18,53249891,53249891,51275568,51275568,actual
2024-05-19,53175482,53175482,51201861,51201861,actual
2024-05-20,52940517,52940517,50971455,50971455,actual
2024-05-21,52924377,52924377,50958668,50958668,actual
2024-05-22,52859776,52859776,50914277,50914277,actual
2024-05-23,52818821,52818821,50877524,50877524,actual
2024-05-24,52778343,52778343,50838955,50838955,actual
2024-05-25,52708598,52708598,50772842,50772842,actual
2024-05-26,52652628,52652628,50739077,50739077,actual
2024-05-27,52577956,52577956,50664828,50664828,actual
2024-05-28,52652885,52652885,50736337,50736337,actual
2024-05-29,53214948,53214948,51270496,51270496,actual
2024-05-30,53140705,53140705,51169104,51169104,actual
2024-05-31,53187378,53187378,51190755,51190755,actual
2024-06-01,53197412,53197412,51176096,51176096,actual
2024-06-02,53194862,53194862,51176869,51176869,actual
2024-06-03,53191907,53191907,51198713,51198713,actual
2024-06-04,53175945,53175945,51206608,51206608,actual
2024-06-05,53234261,53234261,51269423,51269423,actual
2024-06-06,53501910,53501910,51539893,51539893,actual
2024-06-07,53647038,53647038,51688811,51688811,actual
2024-06-08,53634184,53634184,51695951,51695951,actual
2024-06-09,53631279,53631279,51697348,51697348,actual
2024-06-10,53612070,53612070,51705363,51705363,actual
2024-06-11,53562460,53562460,51657411,51657411,actual
2024-06-12,53468442,53468442,51564818,51564818,actual
2024-06-13,53400650,53400650,51499204,51499204,actual
2024-06-14,53349445,53349445,51450043,51450043,actual
2024-06-15,53315126,53315126,51417604,51417604,actual
2024-06-16,53267551,53267551,51372623,51372623,actual
2024-06-17,53223674,53223674,51349753,51349753,actual
2024-06-18,53102405,53102405,51228492,51228492,actual
2024-06-19,53014671,53014671,51123720,51123720,actual
2024-06-20,52973266,52973266,51079396,51079396,actual
2024-06-21,52915227,52915227,51021640,51021640,actual
2024-06-22,52895189,52895189,51000676,51000676,actual
2024-06-23,52865403,52865403,50971249,50971249,actual
2024-06-24,52847225,52847225,50955151,50955151,actual
2024-06-25,52742297,52742297,50873889,50873889,actual
2024-06-26,52671540,52671540,50806705,50806705,actual
2024-06-27,52742386,52742386,50880389,50880389,actual
2024-06-28,52726392,52726392,50867285,50867285,actual
2024-06-29,52675996,52675996,50818030,50818030,actual
2024-06-30,52639676,52639676,50780148,50780148,actual
2024-07-01,52619126,52619126,50738995,50738995,actual
2024-07-02,52529250,52529250,50630627,50630627,actual
2024-07-03,52459318,52459318,50560922,50560922,actual
2024-07-04,52293909,52293909,50397468,50397468,actual
2024-07-05,52140182,52140182,50245711,50245711,actual
2024-07-06,52101306,52101306,50207798,50207798,actual
2024-07-07,52050267,52050267,50156150,50156150,actual
2024-07-08,51918129,51918129,50002059,50002059,actual
2024-07-09,51802729,51802729,49890286,49890286,actual
2024-07-10,51747503,51747503,49838236,49838236,actual
2024-07-11,51645973,51645973,49742099,49742099,actual
2024-07-12,51545172,51545172,49645756,49645756,actual
2024-07-13,51493642,51493642,49598606,49598606,actual
2024-07-14,51473769,51473769,49582927,49582927,actual
2024-07-15,51512431,51512431,49628960,49628960,actual
2024-07-16,51408857,51408857,49556136,49556136,actual
2024-07-17,51311045,51311045,49465764,49465764,actual
2024-07-18,51223414,51223414,49385042,49385042,actual
2024-07-19,51120100,51120100,49286018,49286018,actual
2024-07-20,51050551,51050551,49218766,49218766,actual
2024-07-21,50981909,50981909,49151956,49151956,actual
2024-07-22,50872574,50872574,49046343,49046343,actual
2024-07-23,50783130,50783130,48940544,48940544,actual
2024-07-24,50668860,50668860,48830476,48830476,actual
2024-07-25,50541270,50541270,48708928,48708928,actual
2024-07-26,50410336,50410336,48581923,48581923,actual
2024-07-27,50361230,50361230,48536906,48536906,actual
2024-07-28,50267115,50267115,48456867,48456867,actual
2024-07-29,50112289,50112289,48307464,48307464,actual
2024-07-30,50006875,50006875,48206763,48206763,actual
2024-07-31,49893725,49893725,48097904,48097904,actual
2024-08-01,49889094,49889094,48097270,48097270,actual
2024-08-02,49886002,49886002,48097213,48097213,actual
2024-08-03,49853990,49853990,48065951,48065951,actual
2024-08-04,49818239,49818239,48031491,48031491,actual
2024-08-05,49747189,49747189,47963448,47963448,actual
2024-08-06,49665234,49665234,47885877,47885877,actual
2024-08-07,49551193,49551193,47779586,47779586,actual
2024-08-08,49466052,49466052,47698414,47698414,actual
2024-08-09,49379376,49379376,47615152,47615152,actual
2024-08-10,49340808,49340808,47578257,47578257,actual
2024-08-11,49306083,49306083,47542729,47542729,actual
2024-08-12,49236478,49236478,47450759,47450759,actual
2024-08-13,49199316,49199316,47390096,47390096,actual
2024-08-14,49148019,49148019,47337471,47337471,actual
2024-08-15,48872420,48872420,47062268,47062268,actual
2024-08-16,48778063,48778063,46970291,46970291,actual
2024-08-17,48776782,48776782,46970072,46970072,actual
2024-08-18,48803420,48803420,46997732,46997732,actual
2024-08-19,48759507,48759507,46954987,46954987,actual
2024-08-20,48751315,48751315,46947718,46947718,actual
2024-08-21,48748477,48748477,46945213,46945213,actual
2024-08-22,48767136,48767136,46963266,46963266,actual
2024-08-23,48765679,48765679,46962676,46962676,actual
2024-08-24,48776432,48776432,46975313,46975313,actual
2024-08-25,48795318,48795318,47005662,47005662,actual
2024-08-26,48835294,48835294,47045544,47045544,actual
2024-08-27,48880084,48880084,47089563,47089563,actual
2024-08-28,48917077,48917077,47126317,47126317,actual
2024-08-29,48969448,48969448,47177694,47177694,actual
2024-08-30,49027661,49027661,47234233,47234233,actual
2024-08-31,49091025,49091025,47296552,47296552,actual
2024-09-01,49155586,49155586,47361503,47361503,actual
2024-09-02,49183982,49183982,47409898,47409898,actual
2024-09-03,49311878,49311878,47540295,47540295,actual
2024-09-04,49471938,49471938,47715426,47715426,actual
2024-09-05,49633501,49633501,47875245,47875245,actual
2024-09-06,49777495,49777495,48016022,48016022,actual
2024-09-07,49830926,49830926,48066515,48066515,actual
2024-09-08,49934586,49934586,48167494,48167494,actual
2024-09-09,50167950,50167950,48397032,48397032,actual
2024-09-10,50390902,50390902,48615862,48615862,actual
2024-09-11,50588023,50588023,48810783,48810783,actual
2024-09-12,50980961,50980961,49212282,49212282,actual
2024-09-13,51217014,51217014,49444713,49444713,actual
2024-09-14,51315815,51315815,49527796,49527796,actual
2024-09-15,51366648,51366648,49578558,49578558,actual
2024-09-16,51435741,51435741,49668331,49668331,actual
2024-09-17,51535310,51535310,49788707,49788707,actual
2024-09-18,51681523,51681523,49932280,49932280,actual
2024-09-19,51816948,51816948,50063703,50063703,actual
2024-09-20,51961509,51961509,50205303,50205303,actual
2024-09-21,51997886,51997886,50257186,50257186,actual
2024-09-22,52073281,52073281,50308866,50308866,actual
2024-09-23,52191836,52191836,50423810,50423810,actual
2024-09-24,52329573,52329573,50558086,50558086,actual
2024-09-25,52455404,52455404,50680090,50680090,actual
2024-09-26,52565509,52565509,50787415,50787415,actual
2024-09-27,52661641,52661641,50881944,50881944,actual
2024-09-28,52694647,52694647,50913113,50913113,actual
2024-09-29,52754379,52754379,50953269,50953269,actual
2024-09-30,52925140,52925140,51106425,51106425,actual
2024-10-01,52988570,52988570,51188268,51188268,actual
2024-10-02,52983987,52983987,51187467,51187467,actual
2024-10-03,52925385,52925385,51151412,51151412,actual
2024-10-04,52935203,52935203,51184865,51184865,actual
2024-10-05,52992063,52992063,51249154,51249154,actual
2024-10-06,53018722,53018722,51279691,51279691,actual
2024-10-07,53029672,53029672,51311554,51311554,actual
2024-10-08,53055902,53055902,51339022,51339022,actual
2024-10-09,53110771,53110771,51394259,51394259,actual
2024-10-10,53143624,53143624,51416393,51416393,actual
2024-10-11,53121153,53121153,51393393,51393393,actual
2024-10-12,53079754,53079754,51352567,51352567,actual
2024-10-13,53097692,53097692,51369838,51369838,actual
2024-10-14,53218765,53218765,51467986,51467986,actual
2024-10-15,53313169,53313169,51539237,51539237,actual
2024-10-16,53354405,53354405,51581825,51581825,actual
2024-10-17,53357413,53357413,51586964,51586964,actual
2024-10-18,53393098,53393098,51623119,51623119,actual
2024-10-19,53457680,53457680,51668450,51668450,actual
2024-10-20,53473330,53473330,51685371,51685371,actual
2024-10-21,53475429,53475429,51689061,51689061,actual
2024-10-22,53466532,53466532,51681964,51681964,actual
2024-10-23,53443274,53443274,51661294,51661294,actual
2024-10-24,53429699,53429699,51649950,51649950,actual
2024-10-25,53411678,53411678,51633569,51633569,actual
2024-10-26,53393622,53393622,51618854,51618854,actual
2024-10-27,53359950,53359950,51604584,51604584,actual
2024-10-28,53300305,53300305,51541810,51541810,actual
2024-10-29,53270839,53270839,51489478,51489478,actual
2024-10-30,53290232,53290232,51484895,51484895,actual
2024-10-31,53229706,53229706,51399415,51399415,actual
2024-11-01,52965098,52965098,51111494,51111494,actual
2024-11-02,52959533,52959533,51100090,51100090,actual
2024-11-03,52966144,52966144,51104733,51104733,actual
2024-11-04,52938384,52938384,51054900,51054900,actual
2024-11-05,52956913,52956913,51070638,51070638,actual
2024-11-06,52962785,52962785,51075227,51075227,actual
2024-11-07,52995847,52995847,51107675,51107675,actual
2024-11-08,53064838,53064838,51177344,51177344,actual
2024-11-09,53139176,53139176,51263389,51263389,actual
2024-11-10,53174328,53174328,51296258,51296258,actual
2024-11-11,53111932,53111932,51232070,51232070,actual
2024-11-12,53134218,53134218,51252367,51252367,actual
2024-11-13,53165492,53165492,51281525,51281525,actual
2024-11-14,53220278,53220278,51334406,51334406,actual
2024-11-15,53192581,53192581,51305943,51305943,actual
2024-11-16,53196680,53196680,51307954,51307954,actual
2024-11-17,53238066,53238066,51346918,51346918,actual
2024-11-18,53255330,53255330,51362357,51362357,actual
2024-11-19,53294383,53294383,51399140,51399140,actual
2024-11-20,53293993,53293993,51396469,51396469,actual
2024-11-21,53338323,53338323,51439429,51439429,actual
2024-11-22,53413343,53413343,51513120,51513120,actual
2024-11-23,53469629,53469629,51566146,51566146,actual
2024-11-24,53519855,53519855,51613413,51613413,actual
2024-11-25,53595303,53595303,51686104,51686104,actual
2024-11-26,53658544,53658544,51746668,51746668,actual
2024-11-27,53671909,53671909,51757825,51757825,actual
2024-11-28,53781710,53781710,51867424,51867424,actual
2024-11-29,54047587,54047587,52132382,52132382,actual
2024-11-30,54099875,54099875,52181299,52181299,actual
2024-12-01,54153069,54153069,52231341,52231341,actual
2024-12-02,54248170,54248170,52326495,52326495,actual
2024-12-03,54272583,54272583,52351438,52351438,actual
2024-12-04,54296335,54296335,52375583,52375583,actual
2024-12-05,54310972,54310972,52401113,52401113,actual
2024-12-06,54289142,54289142,52378293,52378293,actual
2024-12-07,54315587,54315587,52404953,52404953,actual
2024-12-08,54335778,54335778,52425324,52425324,actual
2024-12-09,54462619,54462619,52551728,52551728,actual
2024-12-10,54476409,54476409,52565062,52565062,actual
2024-12-11,54466673,54466673,52556624,52556624,actual
2024-12-12,54445872,54445872,52536813,52536813,actual
2024-12-13,54482427,54482427,52572286,52572286,actual
2024-12-14,54490380,54490380,52580602,52580602,actual
2024-12-15,54469756,54469756,52566754,52566754,actual
2024-12-16,54448279,54448279,52551966,52551966,actual
2024-12-17,54408023,54408023,52517526,52517526,actual
2024-12-18,54379653,54379653,52492962,52492962,actual
2024-12-19,54293454,54293454,52408349,52408349,actual
2024-12-20,54168084,54168084,52284876,52284876,actual
2024-12-21,54113838,54113838,52231725,52231725,actual
2024-12-22,54013095,54013095,52132914,52132914,actual
2024-12-23,53634162,53634162,51754960,51754960,actual
2024-12-24,52967114,52967114,51088496,51088496,actual
2024-12-25,52002241,52002241,50126214,50126214,actual
2024-12-26,51379293,51379293,49503533,49503533,actual
2024-12-27,51030178,51030178,49154525,49154525,actual
2024-12-28,50932552,50932552,49058081,49058081,actual
2024-12-29,50785618,50785618,48911583,48911583,actual
2024-12-30,50268877,50268877,48397502,48397502,actual
2024-12-31,49546286,49546286,47679080,47679080,actual
2025-01-01,48539035,48539035,46692778,46692778,actual
2025-01-02,48087372,48087372,46231278,46231278,actual
2025-01-03,47828645,47828645,45973710,45973710,actual
2025-01-04,47783964,47783964,45929204,45929204,actual
2025-01-05,47749664,47749664,45895036,45895036,actual
2025-01-06,47484795,47484795,45631686,45631686,actual
2025-01-07,47358776,47358776,45506918,45506918,actual
2025-01-08,47339042,47339042,45485473,45485473,actual
2025-01-09,47336482,47336482,45483306,45483306,actual
2025-01-10,47351081,47351081,45500133,45500133,actual
2025-01-11,47369304,47369304,45523460,45523460,actual
2025-01-12,47388267,47388267,45535879,45535879,actual
2025-01-13,47433577,47433577,45579016,45579016,actual
2025-01-14,47389242,47389242,45553979,45553979,actual
2025-01-15,47445931,47445931,45611620,45611620,actual
2025-01-16,47522584,47522584,45691305,45691305,actual
2025-01-17,47608612,47608612,45778148,45778148,actual
2025-01-18,47671470,47671470,45839816,45839816,actual
2025-01-19,47766386,47766386,45932652,45932652,actual
2025-01-20,48091185,48091185,46261390,46261390,actual
2025-01-21,48731064,48731064,46906545,46906545,actual
2025-01-22,49710394,49710394,47890248,47890248,actual
2025-01-23,50378718,50378718,48565844,48565844,actual
2025-01-24,50772722,50772722,48968787,48968787,actual
2025-01-25,50862154,50862154,49061852,49061852,actual
2025-01-26,50967815,50967815,49165234,49165234,actual
2025-01-27,51348921,51348921,49567747,49567747,actual
2025-01-28,51915049,51915049,50180550,50180550,actual
2025-01-29,52794758,52794758,51069400,51069400,actual
2025-01-30,53170320,53170320,51474229,51474229,actual
2025-01-31,53427077,53427077,51758261,51758261,actual
2025-02-01,53472197,53472197,51813369,51813369,actual
2025-02-02,53498684,53498684,51846524,51846524,actual
2025-02-03,53705948,53705948,52079245,52079245,actual
2025-02-04,53789599,53789599,52186625,52186625,actual
2025-02-05,53800730,53800730,52207537,52207537,actual
2025-02-06,53826061,53826061,52239549,52239549,actual
2025-02-07,53839228,53839228,52256169,52256169,actual
2025-02-08,53847890,53847890,52256302,52256302,actual
2025-02-09,53846775,53846775,52260627,52260627,actual
2025-02-10,53807833,53807833,52243386,52243386,actual
2025-02-11,53864965,53864965,52281341,52281341,actual
2025-02-12,53862908,53862908,52286248,52286248,actual
2025-02-13,53856719,53856719,52279015,52279015,actual
2025-02-14,53842291,53842291,52263995,52263995,actual
2025-02-15,53830652,53830652,52252629,52252629,actual
2025-02-16,53822482,53822482,52244391,52244391,actual
2025-02-17,53822953,53822953,52240103,52240103,actual
2025-02-18,53812695,53812695,52223944,52223944,actual
2025-02-19,53804958,53804958,52209188,52209188,actual
2025-02-20,53806008,53806008,52201434,52201434,actual
2025-02-21,53782092,53782092,52167705,52167705,actual
2025-02-22,53773425,53773425,52154181,52154181,actual
2025-02-23,53758138,53758138,52140765,52140765,actual
2025-02-24,53804849,53804849,52167970,52167970,actual
2025-02-25,53889277,53889277,52205881,52205881,actual
2025-02-26,53926557,53926557,52211526,52211526,actual
2025-02-27,53939800,53939800,52193188,52193188,actual
2025-02-28,53951746,53951746,52176205,52176205,actual
2025-03-01,53931200,53931200,52146057,52146057,actual
2025-03-02,53907570,53907570,52115218,52115218,actual
2025-03-03,53841197,53841197,52021391,52021391,actual
2025-03-04,53735952,53735952,51889652,51889652,actual
2025-03-05,53703874,53703874,51845579,51845579,actual
2025-03-06,53684472,53684472,51815851,51815851,actual
2025-03-07,53661747,53661747,51786565,51786565,actual
2025-03-08,53622757,53622757,51749925,51749925,actual
2025-03-09,53617149,53617149,51737450,51737450,actual
2025-03-10,53654953,53654953,51747016,51747016,actual
2025-03-11,53681620,53681620,51766466,51766466,actual
2025-03-12,53727192,53727192,51798667,51798667,actual
2025-03-13,53741327,53741327,51806931,51806931,actual
2025-03-14,53704428,53704428,51766080,51766080,actual
2025-03-15,53701407,53701407,51763826,51763826,actual
2025-03-16,53700501,53700501,51765857,51765857,actual
2025-03-17,53720537,53720537,51789164,51789164,actual
2025-03-18,53725353,53725353,51801544,51801544,actual
2025-03-19,53682829,53682829,51780506,51780506,actual
2025-03-20,53659361,53659361,51772977,51772977,actual
2025-03-21,53688163,53688163,51803877,51803877,actual
2025-03-22,53635828,53635828,51779106,51779106,actual
2025-03-23,53623011,53623011,51792416,51792416,actual
2025-03-24,53607773,53607773,51797055,51797055,actual
2025-03-25,53580547,53580547,51779759,51779759,actual
2025-03-26,53595215,53595215,51808438,51808438,actual
2025-03-27,53590831,53590831,51811661,51811661,actual
2025-03-28,53559799,53559799,51783290,51783290,actual
2025-03-29,53510953,53510953,51748936,51748936,actual
2025-03-30,53467735,53467735,51722318,51722318,actual
2025-03-31,53404145,53404145,51686369,51686369,actual
2025-04-01,53377457,53377457,51687339,51687339,actual
2025-04-02,53292481,53292481,51632807,51632807,actual
2025-04-03,53217616,53217616,51571743,51571743,actual
2025-04-04,53127657,53127657,51506596,51506596,actual
2025-04-05,53094372,53094372,51479790,51479790,actual
2025-04-06,53071148,53071148,51458130,51458130,actual
2025-04-07,53014825,53014825,51402083,51402083,actual
2025-04-08,52977165,52977165,51363843,51363843,actual
2025-04-09,52917340,52917340,51303880,51303880,actual
2025-04-10,52854574,52854574,51241296,51241296,actual
2025-04-11,52861160,52861160,51248057,51248057,actual
2025-04-12,52794965,52794965,51179731,51179731,actual
2025-04-13,52754978,52754978,51136370,51136370,actual
2025-04-14,52642423,52642423,51018858,51018858,actual
2025-04-15,52562555,52562555,50930354,50930354,actual
2025-04-16,52496287,52496287,50840904,50840904,actual
2025-04-17,52286243,52286243,50613402,50613402,actual
2025-04-18,51784166,51784166,50108347,50108347,actual
2025-04-19,51677692,51677692,49974102,49974102,actual
2025-04-20,51521528,51521528,49790468,49790468,actual
2025-04-21,51057556,51057556,49300202,49300202,actual
2025-04-22,50976738,50976738,49203862,49203862,actual
2025-04-23,50923661,50923661,49136943,49136943,actual
2025-04-24,50866069,50866069,49082543,49082543,actual
2025-04-25,50801123,50801123,49015072,49015072,actual
2025-04-26,50801922,50801922,49001110,49001110,actual
2025-04-27,50835141,50835141,49000588,49000588,actual
2025-04-28,50909010,50909010,49047458,49047458,actual
2025-04-29,50966423,50966423,49079876,49079876,actual
2025-04-30,50967511,50967511,49055771,49055771,actual
2025-05-01,50370018,50370018,48470585,48470585,actual
2025-05-02,50137120,50137120,48237721,48237721,actual
2025-05-03,50108676,50108676,48209734,48209734,actual
2025-05-04,50100190,50100190,48203329,48203329,actual
2025-05-05,50060393,50060393,48184425,48184425,actual
2025-05-06,50029816,50029816,48155158,48155158,actual
2025-05-07,50003864,50003864,48130126,48130126,actual
2025-05-08,49902927,49902927,48030663,48030663,actual
2025-05-09,49825215,49825215,47953017,47953017,actual
2025-05-10,49812254,49812254,47940782,47940782,actual
2025-05-11,49775268,49775268,47904150,47904150,actual
2025-05-12,49792151,49792151,47921267,47921267,actual
2025-05-13,49821080,49821080,47950045,47950045,actual
2025-05-14,49902442,49902442,48032224,48032224,actual
2025-05-15,50085385,50085385,48218044,48218044,actual
2025-05-16,50532091,50532091,48665109,48665109,actual
2025-05-17,50641494,50641494,48774112,48774112,actual
2025-05-18,50778826,50778826,48911060,48911060,actual
2025-05-19,51217240,51217240,49349328,49349328,actual
2025-05-20,51277531,51277531,49409217,49409217,actual
2025-05-21,51302728,51302728,49432682,49432682,actual
2025-05-22,51329875,51329875,49450690,49450690,actual
2025-05-23,51356512,51356512,49476214,49476214,actual
2025-05-24,51330826,51330826,49448854,49448854,actual
2025-05-25,51296688,51296688,49430457,49430457,actual
2025-05-26,51264101,51264101,49395782,49395782,actual
2025-05-27,51267060,51267060,49395314,49395314,actual
2025-05-28,51295568,51295568,49418902,49418902,actual
2025-05-29,51683788,51683788,49784321,49784321,actual
2025-05-30,51816572,51816572,49892925,49892925,actual
2025-05-31,51808553,51808553,49882159,49882159,actual
2025-06-01,51774100,51774100,49846590,49846590,actual
2025-06-02,51718226,51718226,49790079,49790079,actual
2025-06-03,51681647,51681647,49754130,49754130,actual
2025-06-04,51627099,51627099,49719886,49719886,actual
2025-06-05,51646514,51646514,49750214,49750214,actual
2025-06-06,51572164,51572164,49677068,49677068,actual
2025-06-07,51500618,51500618,49605377,49605377,actual
2025-06-08,51433760,51433760,49537920,49537920,actual
2025-06-09,51199190,51199190,49303659,49303659,actual
2025-06-10,51139475,51139475,49243792,49243792,actual
2025-06-11,51061281,51061281,49165256,49165256,actual
2025-06-12,50952602,50952602,49057366,49057366,actual
2025-06-13,50841995,50841995,48949682,48949682,actual
2025-06-14,50741301,50741301,48875533,48875533,actual
2025-06-15,50676290,50676290,48820295,48820295,actual
2025-06-16,50585418,50585418,48741249,48741249,actual
2025-06-17,50494872,50494872,48664757,48664757,actual
2025-06-18,50382842,50382842,48571784,48571784,actual
2025-06-19,50092121,50092121,48306564,48306564,actual
2025-06-20,49902032,49902032,48132112,48132112,actual
2025-06-21,49815858,49815858,48064878,48064878,actual
2025-06-22,49736515,49736515,48005642,48005642,actual
2025-06-23,49678687,49678687,47967824,47967824,actual
2025-06-24,49566896,49566896,47875357,47875357,actual
2025-06-25,49488352,49488352,47804863,47804863,actual
2025-06-26,49621544,49621544,47941820,47941820,actual
2025-06-27,49616935,49616935,47938180,47938180,actual
2025-06-28,49576392,49576392,47897326,47897326,actual
2025-06-29,49525763,49525763,47847049,47847049,actual
2025-06-30,49503559,49503559,47807653,47807653,actual
2025-07-01,49419357,49419357,47725967,47725967,actual
2025-07-02,49348577,49348577,47638691,47638691,actual
2025-07-03,49282277,49282277,47568597,47568597,actual
2025-07-04,49232859,49232859,47523058,47523058,actual
2025-07-05,49180129,49180129,47499281,47499281,actual
2025-07-06,49161858,49161858,47510550,47510550,actual
2025-07-07,49314350,49314350,47668782,47668782,actual
2025-07-08,49251271,49251271,47611377,47611377,actual
2025-07-09,49165029,49165029,47529993,47529993,actual
2025-07-10,49116793,49116793,47485667,47485667,actual
2025-07-11,49076707,49076707,47446482,47446482,actual
2025-07-12,49082458,49082458,47429962,47429962,actual
2025-07-13,49050417,49050417,47393143,47393143,actual
2025-07-14,48939732,48939732,47276881,47276881,actual
2025-07-15,48864687,48864687,47194344,47194344,actual
2025-07-16,48817330,48817330,47135290,47135290,actual
2025-07-17,48935860,48935860,47235237,47235237,actual
2025-07-18,48968292,48968292,47258670,47258670,actual
2025-07-19,48977403,48977403,47254135,47254135,actual
2025-07-20,48967813,48967813,47229255,47229255,actual
2025-07-21,48900778,48900778,47149407,47149407,actual
2025-07-22,48843859,48843859,47081761,47081761,actual
2025-07-23,48755523,48755523,46998806,46998806,actual
2025-07-24,48662183,48662183,46908812,46908812,actual
2025-07-25,48618653,48618653,46869288,46869288,actual
2025-07-26,48599804,48599804,46850448,46850448,actual
2025-07-27,48578066,48578066,46830755,46830755,actual
2025-07-28,48495947,48495947,46752480,46752480,actual
2025-07-29,48417023,48417023,46677638,46677638,actual
2025-07-30,48349373,48349373,46614460,46614460,actual
2025-07-31,48311997,48311997,46577620,46577620,actual
2025-08-01,48333265,48333265,46599310,46599310,actual
2025-08-02,48397152,48397152,46638917,46638917,actual
2025-08-03,48415441,48415441,46632957,46632957,actual
2025-08-04,48346940,48346940,46566128,46566128,actual
2025-08-05,48263651,48263651,46486483,46486483,actual
2025-08-06,48190097,48190097,46422329,46422329,actual
2025-08-07,48109018,48109018,46344633,46344633,actual
2025-08-08,48031330,48031330,46269291,46269291,actual
2025-08-09,47977133,47977133,46217836,46217836,actual
2025-08-10,47943696,47943696,46186829,46186829,actual
2025-08-11,47877721,47877721,46123894,46123894,actual
2025-08-12,47781280,47781280,46030341,46030341,actual
2025-08-13,47688744,47688744,45944270,45944270,actual
2025-08-14,47569205,47569205,45833935,45833935,actual
2025-08-15,47310116,47310116,45574524,45574524,actual
2025-08-16,47267902,47267902,45531976,45531976,actual
2025-08-17,47258822,47258822,45522640,45522640,actual
2025-08-18,47194504,47194504,45457889,45457889,actual
2025-08-19,47156430,47156430,45418256,45418256,actual
2025-08-20,47125076,47125076,45379961,45379961,actual
2025-08-21,47101694,47101694,45355296,45355296,actual
2025-08-22,47086484,47086484,45339867,45339867,actual
2025-08-23,47078699,47078699,45342973,45342973,actual
2025-08-24,47056717,47056717,45341169,45341169,actual
2025-08-25,47055549,47055549,45338889,45338889,actual
2025-08-26,47064785,47064785,45345076,45345076,actual
2025-08-27,47059576,47059576,45336116,45336116,actual
2025-08-28,47075005,47075005,45349676,45349676,actual
2025-08-29,47101092,47101092,45373813,45373813,actual
2025-08-30,47125006,47125006,45395039,45395039,actual
2025-08-31,47169480,47169480,45436660,45436660,actual
2025-09-01,47171276,47171276,45453411,45453411,actual
2025-09-02,47262985,47262985,45538697,45538697,actual
2025-09-03,47391989,47391989,45656224,45656224,actual
2025-09-04,47515765,47515765,45774266,45774266,actual
2025-09-05,47580650,47580650,45833637,45833637,actual
2025-09-06,47651406,47651406,45899735,45899735,actual
2025-09-07,47726114,47726114,45970046,45970046,actual
2025-09-08,47900395,47900395,46137642,46137642,actual
2025-09-09,48084650,48084650,46316360,46316360,actual
2025-09-10,48250261,48250261,46490655,46490655,actual
2025-09-11,48459494,48459494,46688156,46688156,actual
2025-09-12,48821449,48821449,47045090,47045090,actual
2025-09-13,48914385,48914385,47135863,47135863,actual
2025-09-14,48997054,48997054,47215631,47215631,actual
2025-09-15,49170928,49170928,47383763,47383763,actual
2025-09-16,49318893,49318893,47526207,47526207,actual
2025-09-17,49469829,49469829,47671419,47671419,actual
2025-09-18,49613694,49613694,47809882,47809882,actual
2025-09-19,49737744,49737744,47928396,47928396,actual
2025-09-20,49787669,49787669,47963120,47963120,actual
2025-09-21,49866397,49866397,48016891,48016891,actual
2025-09-22,50010498,50010498,48154842,48154842,actual
2025-09-23,50126967,50126967,48266849,48266849,actual
2025-09-24,50249736,50249736,48387410,48387410,actual
2025-09-25,50354344,50354344,48485605,48485605,actual
2025-09-26,50436530,50436530,48563341,48563341,actual
2025-09-27,50459904,50459904,48584140,48584140,actual
2025-09-28,50505596,50505596,48609583,48609583,actual
2025-09-29,50645593,50645593,48728847,48728847,actual
2025-09-30,50715872,50715872,48800455,48800455,actual
2025-10-01,50714526,50714526,48820768,48820768,actual
2025-10-02,50677150,50677150,48804984,48804984,actual
2025-10-03,50688387,50688387,48839319,48839319,actual
2025-10-04,50713873,50713873,48870713,48870713,actual
2025-10-05,50720426,50720426,48881133,48881133,actual
2025-10-06,50673420,50673420,48860536,48860536,actual
2025-10-07,50598119,50598119,48805256,48805256,actual
2025-10-08,50552692,50552692,48758089,48758089,actual
2025-10-09,50525761,50525761,48725043,48725043,actual
2025-10-10,50481981,50481981,48678006,48678006,actual
2025-10-11,50476178,50476178,48653380,48653380,actual
2025-10-12,50451279,50451279,48625424,48625424,actual
2025-10-13,50394599,50394599,48567543,48567543,actual
2025-10-14,50375960,50375960,48546775,48546775,actual
2025-10-15,50360608,50360608,48529679,48529679,actual
2025-10-16,50343388,50343388,48509814,48509814,actual
2025-10-17,50325149,50325149,48489491,48489491,actual
2025-10-18,50314647,50314647,48477522,48477522,actual
2025-10-19,50296452,50296452,48458048,48458048,actual
2025-10-20,50165650,50165650,48326101,48326101,actual
2025-10-21,50080313,50080313,48238211,48238211,actual
2025-10-22,50008269,50008269,48161369,48161369,actual
2025-10-23,49920711,49920711,48073080,48073080,actual
2025-10-24,49852069,49852069,48003086,48003086,actual
2025-10-25,49835749,49835749,47985353,47985353,actual
2025-10-26,49803762,49803762,47969909,47969909,actual
2025-10-27,49737218,49737218,47900119,47900119,actual
2025-10-28,49665191,49665191,47822043,47822043,actual
2025-10-29,49677019,49677019,47807951,47807951,actual
2025-10-30,49747513,49747513,47851167,47851167,actual
2025-10-31,49786664,49786664,47862582,47862582,actual
2025-11-01,49831624,49831624,47897255,47897255,actual
2025-11-02,49883473,49883473,47941398,47941398,actual
2025-11-03,49939666,49939666,47966456,47966456,actual
2025-11-04,50035649,50035649,48036283,48036283,actual
2025-11-05,50122763,50122763,48100593,48100593,actual
2025-11-06,50201114,50201114,48177175,48177175,actual
2025-11-07,50292676,50292676,48268209,48268209,actual
2025-11-08,50360901,50360901,48350585,48350585,actual
2025-11-09,50412297,50412297,48401868,48401868,actual
2025-11-10,50467477,50467477,48454587,48454587,actual
2025-11-11,50428655,50428655,48414546,48414546,actual
2025-11-12,50489070,50489070,48473526,48473526,actual
2025-11-13,50557748,50557748,48541558,48541558,actual
2025-11-14,50640165,50640165,48623512,48623512,actual
2025-11-15,50721813,50721813,48704578,48704578,actual
2025-11-16,50795498,50795498,48777252,48777252,actual
2025-11-17,50931369,50931369,48911505,48911505,actual
2025-11-18,51080864,51080864,49059754,49059754,actual
2025-11-19,51195224,51195224,49173620,49173620,actual
2025-11-20,51265675,51265675,49243588,49243588,actual
2025-11-21,51348242,51348242,49325390,49325390,actual
2025-11-22,51411638,51411638,49388403,49388403,actual
2025-11-23,51455779,51455779,49434189,49434189,actual
2025-11-24,51518135,51518135,49516020,49516020,actual
2025-11-25,51608094,51608094,49604716,49604716,actual
2025-11-26,51637631,51637631,49634231,49634231,actual
2025-11-27,51602514,51602514,49599835,49599835,actual
2025-11-28,51622521,51622521,49619360,49619360,actual
2025-11-29,51618056,51618056,49614945,49614945,actual
2025-11-30,51647940,51647940,49643117,49643117,actual
2025-12-01,51720508,51720508,49713957,49713957,actual
2025-12-02,51774007,51774007,49764916,49764916,actual
2025-12-03,51822308,51822308,49811820,49811820,actual
2025-12-04,51843940,51843940,49832194,49832194,actual
2025-12-05,51843649,51843649,49830139,49830139,actual
2025-12-06,51844066,51844066,49829500,49829500,actual
2025-12-07,51856164,51856164,49840465,49840465,actual
2025-12-08,51809390,51809390,49791897,49791897,actual
2025-12-09,51911542,51911542,49891776,49891776,actual
2025-12-10,51913796,51913796,49892383,49892383,actual
2025-12-11,51901813,51901813,49879015,49879015,actual
2025-12-12,51881401,51881401,49855995,49855995,actual
2025-12-13,51867029,51867029,49839459,49839459,actual
2025-12-14,51851630,51851630,49822742,49822742,actual
2025-12-15,51846238,51846238,49814754,49814754,actual
2025-12-16,51780195,51780195,49746632,49746632,actual
2025-12-17,51732164,51732164,49696501,49696501,actual
2025-12-18,51714050,51714050,49676140,49676140,actual
2025-12-19,51662925,51662925,49622036,49622036,actual
2025-12-20,51625483,51625483,49582275,49582275,actual
2025-12-21,51553220,51553220,49509997,49509997,actual
2025-12-22,51339844,51339844,49274940,49274940,actual
2025-12-23,51010705,51010705,48943522,48943522,actual
2025-12-24,50418294,50418294,48347516,48347516,actual
2025-12-25,49568100,49568100,47496149,47496149,actual
2025-12-26,48992692,48992692,46920097,46920097,actual
2025-12-27,48858493,48858493,46784506,46784506,actual
2025-12-28,48713651,48713651,46639685,46639685,actual
2025-12-29,48328183,48328183,46255398,46255398,actual
2025-12-30,47886528,47886528,45816623,45816623,actual
2025-12-31,47220466,47220466,45163003,45163003,actual
2026-01-01,46279153,46279153,44251171,44251171,actual
2026-01-02,45780729,45780729,43779051,43779051,actual
2026-01-03,45672800,45672800,43698515,43698515,actual
2026-01-04,45658165,45658165,43664869,43664869,actual
2026-01-05,45580607,45580607,43588703,43588703,actual
2026-01-06,45329982,45329982,43339198,43339198,actual
2026-01-07,45201291,45201291,43211736,43211736,actual
2026-01-08,45118997,45118997,43134185,43134185,actual
2026-01-09,45054288,45054288,43086629,43086629,actual
2026-01-10,45024101,45024101,43097605,43097605,actual
2026-01-11,44976040,44976040,43090591,43090591,actual
2026-01-12,44901881,44901881,43058317,43058317,actual
2026-01-13,44865974,44865974,43063660,43063660,actual
2026-01-14,44839023,44839023,43075927,43075927,actual
2026-01-15,44832613,44832613,43097034,43097034,actual
2026-01-16,44848769,44848769,43131085,43131085,actual
2026-01-17,44851483,44851483,43174924,43174924,actual
2026-01-18,44887971,44887971,43247578,43247578,actual
2026-01-19,45052895,45052895,43452340,43452340,actual
2026-01-20,45314115,45314115,43755330,43755330,actual
2026-01-21,45875723,45875723,44357814,44357814,actual
2026-01-22,46767130,46767130,45273154,45273154,actual
2026-01-23,47383847,47383847,45900666,45900666,actual
2026-01-24,47530627,47530627,46068522,46068522,actual
2026-01-25,47655288,47655288,46198813,46198813,actual
2026-01-26,47943058,47943058,46489557,46489557,actual
2026-01-27,48347457,48347457,46892907,46892907,actual
2026-01-28,48976052,48976052,47509726,47509726,actual
2026-01-29,49888900,49888900,48394957,48394957,actual
2026-01-30,50392595,50392595,48874742,48874742,actual
2026-01-31,50534025,50534025,48987940,48987940,actual
2026-02-01,50575226,50575226,49047857,49047857,actual
2026-02-02,50733163,50733163,49207069,49207069,actual
2026-02-03,50975672,50975672,49453610,49453610,actual
2026-02-04,51051192,51051192,49552403,49552403,actual
2026-02-05,51113930,51113930,49615601,49615601,actual
2026-02-06,51172044,51172044,49661321,49661321,actual
2026-02-07,51212992,51212992,49662174,49662174,actual
2026-02-08,51259909,51259909,49668822,49668822,actual
2026-02-09,51307974,51307974,49682490,49682490,actual
2026-02-10,51343810,51343810,49686858,49686858,actual
2026-02-11,51339436,51339436,49674725,49674725,actual
2026-02-12,51352291,51352291,49675177,49675177,actual
2026-02-13,51359391,51359391,49681068,49681068,actual
2026-02-14,51350719,51350719,49634599,49634599,actual
2026-02-15,51335618,51335618,49587157,49587157,actual
2026-02-16,51175106,51175106,49419213,49419213,actual
2026-02-17,50988256,50988256,49226201,49226201,actual
2026-02-18,50893809,50893809,49126638,49126638,actual
2026-02-19,50818492,50818492,49060226,49060226,actual
2026-02-20,50750909,50750909,49013689,49013689,actual
2026-02-21,50735784,50735784,48990220,48990220,actual
2026-02-22,50706920,50706920,48964030,48964030,actual
2026-02-23,50667085,50667085,48947627,48947627,actual
2026-02-24,50631379,50631379,48921588,48921588,actual
2026-02-25,50603727,50603727,48900789,48900789,actual
2026-02-26,50581329,50581329,48882649,48882649,actual
2026-02-27,50559512,50559512,48862009,48862009,actual
2026-02-28,50528811,50528811,48841379,48841379,actual
2026-03-01,50475653,50475653,48826726,48826726,actual
2026-03-02,50432359,50432359,48821602,48821602,actual
2026-03-03,50351210,50351210,48777763,48777763,actual
2026-03-04,50292110,50292110,48732827,48732827,actual
2026-03-05,50252693,50252693,48712777,48712777,actual
2026-03-06,50219867,50219867,48690706,48690706,actual
2026-03-07,50160075,50160075,48669651,48669651,actual
2026-03-08,50096728,50096728,48644941,48644941,actual
2026-03-09,50032914,50032914,48612599,48612599,actual
2026-03-10,50005383,50005383,48613307,48613307,actual
2026-03-11,50020090,50020090,48633013,48633013,actual
2026-03-12,50017056,50017056,48638501,48638501,actual
2026-03-13,50022113,50022113,48641556,48641556,actual
2026-03-14,50010386,50010386,48664163,48664163,actual
2026-03-15,50011542,50011542,48696179,48696179,actual
2026-03-16,50161372,50161372,48849798,48849798,actual
2026-03-17,50315130,50315130,49005440,49005440,actual
2026-03-18,50332011,50332011,49022354,49022354,actual
2026-03-19,50265595,50265595,48945429,48945429,actual
2026-03-20,50180074,50180074,48841894,48841894,actual
2026-03-21,50059416,50059416,48747658,48747658,actual
2026-03-22,49976502,49976502,48695072,48695072,actual
2026-03-23,49928631,49928631,48655996,48655996,actual
2026-03-24,49839351,49839351,48591791,48591791,actual
2026-03-25,49776734,49776734,48556534,48556534,actual
2026-03-26,49729580,49729580,48526344,48526344,actual
2026-03-27,49691696,49691696,48498001,48498001,actual
2026-03-28,49628589,49628589,48464042,48464042,actual
2026-03-29,49597481,49597481,48432780,48432780,actual
2026-03-30,49567514,49567514,48398732,48398732,actual
2026-03-31,49555398,49555398,48380392,48380392,actual
2026-04-01,49530039,49530039,48351641,48351641,actual
2026-04-02,49367746,49367746,48187736,48187736,actual
2026-04-03,48958309,48958309,47777904,47777904,actual
2026-04-04,48834527,48834527,47658263,47658263,actual
2026-04-05,48698512,48698512,47526196,47526196,actual
2026-04-06,48329085,48329085,47179424,47179424,actual
2026-04-07,48243993,48243993,47092588,47092588,actual
2026-04-08,48183444,48183444,47029723,47029723,actual
2026-04-09,48125320,48125320,46970433,46970433,actual
2026-04-10,48100204,48100204,46942923,46942923,actual
2026-04-11,48051859,48051859,46894191,46894191,actual
2026-04-12,48031130,48031130,46872137,46872137,actual
2026-04-13,47996688,47996688,46835749,46835749,actual
2026-04-14,47962600,47962600,46800155,46800155,actual
2026-04-15,47992814,47992814,46828908,46828908,actual
2026-04-16,48080712,48080712,46915415,46915415,actual
2026-04-17,48167463,48167463,47000933,47000933,actual
2026-04-18,48215557,48215557,47047113,47047113,actual
2026-04-19,48251178,48251178,47080864,47080864,actual
2026-04-20,48305732,48305732,47133729,47133729,actual
2026-04-21,48294328,48294328,47120492,47120492,actual
2026-04-22,48296094,48296094,47120401,47120401,actual
2026-04-23,48274858,48274858,47098223,47098223,actual
2026-04-24,48250112,48250112,47072368,47072368,actual
2026-04-25,48206515,48206515,47026225,47026225,actual
2026-04-26,48179444,48179444,46996860,46996860,actual
2026-04-27,48174331,48174331,46989629,46989629,actual
2026-04-28,48190235,48190235,47003867,47003867,actual
2026-04-29,48210421,48210421,47022635,47022635,actual
2026-04-30,48285556,48285556,47099563,47099563,actual
2026-05-01,48098074,48098074,46935750,46935750,actual
2026-05-02,48107690,48107690,46945981,46945981,actual
2026-05-03,48210155,48210155,47046406,47046406,actual
2026-05-04,48526200,48526200,47363272,47363272,actual
2026-05-05,48541642,48541642,47399814,47399814,actual
2026-05-06,48564657,48564657,47421028,47421028,actual
2026-05-07,48586278,48586278,47441015,47441015,actual
2026-05-08,48511833,48511833,47365004,47365004,actual
2026-05-09,48513597,48513597,47347318,47347318,actual
2026-05-10,48488012,48488012,47319211,47319211,actual
2026-05-11,48491873,48491873,47320831,47320831,actual
2026-05-12,48533137,48533137,47359444,47359444,actual
2026-05-13,48515424,48515424,47339900,47339900,actual
2026-05-14,48323806,48323806,47147148,47147148,actual
2026-05-15,48226047,48226047,47047726,47047726,actual
2026-05-16,48220140,48220140,47039271,47039271,actual
2026-05-17,48202931,48202931,47019635,47019635,actual
2026-05-18,48197450,48197450,47011427,47011427,actual
2026-05-19,48230372,48230372,47041692,47041692,actual
2026-05-20,48224656,48224656,47033322,47033322,actual
2026-05-21,48216250,48216250,47022896,47022896,actual
2026-05-22,48175345,48175345,46980384,46980384,actual
2026-05-23,48131022,48131022,46933873,46933873,actual
2026-05-24,48049559,48049559,46850392,46850392,actual
2026-05-25,47756425,47756425,46554539,46554539,actual
2026-05-26,47651452,47651452,46428835,46428835,actual
2026-05-27,47506944,47506944,46267341,46267341,actual
2026-05-28,47450270,47450270,46181569,46181569,actual
2026-05-29,47959682,47959682,46648067,46648067,actual
2026-05-30,48032194,48032194,46669367,46669367,actual
2026-05-31,48058986,48058986,46648726,46648726,actual
2026-06-01,48050741,48050741,46572995,46572995,actual
2026-06-02,48060399,48060399,46519221,46519221,actual
2026-06-03,48054578,48054578,46470637,46470637,actual
2026-06-04,47910077,47910077,46295772,46295772,actual
2026-06-05,47900497,47900497,46252175,46252175,actual
2026-06-06,47923646,47923646,46242276,46242276,actual
2026-06-07,47959014,47959014,46227757,46227757,actual
2026-06-08,48003762,48003762,46210137,46210137,actual
2026-06-09,48035242,48035242,46179258,46179258,actual
2026-06-10,48087570,48087570,46167784,46167784,actual
2026-06-11,48295259,48295259,46322565,46322565,actual
2026-06-12,48382263,48382263,46367235,46367235,actual
2026-06-13,48404172,48404172,46334386,46334386,actual
2026-06-14,48435857,48435857,46313197,46313197,actual
2026-06-15,48462473,48462473,46273296,46273296,actual
2026-06-16,48452422,48452422,46198253,46198253,actual
2026-06-17,48456828,48456828,46138314,46138314,actual
2026-06-18,48461462,48461462,46091671,46091671,actual
2026-06-19,48400106,48400106,46028473,46028473,actual
2026-06-20,48430158,48430158,46013956,46013956,actual
2026-06-21,48497131,48497131,46028898,46028898,actual
2026-06-22,48772895,48772895,46238843,46238843,actual
2026-06-23,48834279,48834279,46255219,46255219,actual
2026-06-24,48908493,48908493,46301245,46301245,actual
2026-06-25,48963967,48963967,46337737,46337737,actual
2026-06-26,48908139,48908139,46253206,46253206,actual
2026-06-27,48896065,48896065,46228184,46228184,actual
2026-06-28,48871569,48871569,46191163,46191163,actual
2026-06-29,48869702,48869702,46159372,46159372,actual
2026-06-30,48863896,48863896,46124301,46124301,actual
2026-07-01,48835908,48835908,46070375,46070375,actual
2026-07-02,48927703,48927703,46136840,46136840,actual
2026-07-03,48900614,48900614,46101020,46101020,actual
2026-07-04,48843408,48843408,46047067,46047067,actual
2026-07-05,48780211,48780211,45998480,45998480,actual
2026-07-06,48386171,48864298,45600769,46078897,forecast
2026-07-07,48477815,48960923,45687840,46170949,forecast
2026-07-08,48465604,48953692,45676125,46164214,forecast
2026-07-09,48352261,48845331,45559110,46052179,forecast
2026-07-10,48226621,48724671,45430697,45928747,forecast
2026-07-11,48153195,48656225,45365190,45868220,forecast
2026-07-12,48077573,48585584,45299089,45807099,forecast
2026-07-13,47915609,48428600,45149366,45662358,forecast
2026-07-14,47822524,48340496,45062607,45580578,forecast
2026-07-15,47710513,48233465,44956768,45479721,forecast
2026-07-16,47588019,48115952,44831071,45359004,forecast
2026-07-17,47511142,48044055,44713010,45245923,forecast
2026-07-18,47450532,47988425,44652301,45190195,forecast
2026-07-19,47398471,47941345,44610785,45153659,forecast
2026-07-20,47240142,47787996,44467136,45014991,forecast
2026-07-21,47136414,47689249,44371079,44923914,forecast
2026-07-22,47085969,47643784,44307948,44865763,forecast
2026-07-23,46991407,47554203,44205330,44768126,forecast
2026-07-24,46907369,47475146,44125665,44693442,forecast
2026-07-25,46828623,47401380,44059974,44632731,forecast
2026-07-26,46761993,47339731,44009239,44586976,forecast
2026-07-27,46632540,47215258,43901640,44484358,forecast
2026-07-28,46504766,47092465,43791569,44379267,forecast
2026-07-29,46391053,46983732,43696271,44288950,forecast
2026-07-30,46277352,46875011,43593930,44191590,forecast
2026-07-31,46164962,46767602,43495045,44097685,forecast
2026-08-01,46102132,46709753,43446670,44054291,forecast
2026-08-02,46056866,46669467,43408061,44020662,forecast
2026-08-03,45981718,46599300,43354419,43972001,forecast
2026-08-04,45907308,46529870,43285579,43908141,forecast
2026-08-05,45834402,46461945,43217237,43844779,forecast
2026-08-06,45771143,46403666,43157524,43790047,forecast
2026-08-07,45702836,46340340,43092363,43729866,forecast
2026-08-08,45654150,46296634,43048047,43690531,forecast
2026-08-09,45611396,46258860,43009559,43657024,forecast
2026-08-10,45529441,46181886,42930971,43583416,forecast
2026-08-11,45442415,46099840,42858381,43515806,forecast
2026-08-12,45342967,46005373,42765763,43428169,forecast
2026-08-13,45241393,45908780,42677769,43345156,forecast
2026-08-14,45130059,45802426,42567941,43240308,forecast
2026-08-15,44988276,45665624,42428492,43105840,forecast
2026-08-16,44943773,45626101,42385892,43068220,forecast
2026-08-17,44863052,45550360,42305197,42992506,forecast
2026-08-18,44812265,45504554,42254788,42947077,forecast
2026-08-19,44769158,45466428,42211860,42909130,forecast
2026-08-20,44735068,45437317,42177433,42879683,forecast
2026-08-21,44713877,45421108,42161089,42868320,forecast
2026-08-22,44708657,45420868,42156566,42868777,forecast
2026-08-23,44710727,45427918,42158253,42875444,forecast
2026-08-24,44715829,45438001,42161620,42883792,forecast
2026-08-25,44708372,45435525,42151947,42879099,forecast
2026-08-26,44732745,45464878,42173667,42905799,forecast
2026-08-27,44770298,45507411,42208207,42945321,forecast
2026-08-28,44789098,45531191,42225031,42967125,forecast
2026-08-29,44822638,45569713,42257032,43004107,forecast
2026-08-30,44850435,45602490,42296842,43048897,forecast
2026-08-31,44948423,45705458,42376207,43133242,forecast
2026-09-01,45034590,45796606,42457514,43219529,forecast
2026-09-02,45124196,45891192,42542639,43309636,forecast
2026-09-03,45209887,45981863,42624170,43396147,forecast
2026-09-04,45282161,46059119,42692107,43469064,forecast
2026-09-05,45346940,46128878,42752135,43534073,forecast
2026-09-06,45404237,46191155,42804546,43591465,forecast
2026-09-07,45390368,46182267,42783883,43575782,forecast
2026-09-08,45535302,46332181,42911513,43708393,forecast
2026-09-09,45696495,46498355,43062312,43864172,forecast
2026-09-10,45870240,46677081,43217875,44024715,forecast
2026-09-11,46052909,46864730,43394338,44206159,forecast
2026-09-12,46245163,47061965,43581121,44397922,forecast
2026-09-13,46339634,47161416,43670766,44492548,forecast
2026-09-14,46491151,47317913,43815714,44642477,forecast
2026-09-15,46625937,47457679,43943433,44775176,forecast
2026-09-16,46745527,47582250,44056186,44892909,forecast
2026-09-17,46867807,47709511,44171353,45013057,forecast
2026-09-18,46976609,47823294,44268213,45114898,forecast
2026-09-19,47047158,47898823,44332702,45184367,forecast
2026-09-20,47107917,47964562,44388867,45245512,forecast
2026-09-21,47200879,48062505,44475334,45336960,forecast
2026-09-22,47326151,48192758,44594487,45461093,forecast
2026-09-23,47420445,48292032,44682933,45554520,forecast
2026-09-24,47502137,48378704,44762356,45638923,forecast
2026-09-25,47576870,48458418,44854899,45736446,forecast
2026-09-26,47631097,48517625,44904135,45790664,forecast
2026-09-27,47689010,48580518,44942401,45833910,forecast
2026-09-28,47750360,48646850,44999554,45896043,forecast
2026-09-29,47805513,48706982,45054435,45955904,forecast
2026-09-30,47852311,48758761,45103655,46010105,forecast
2026-10-01,47879056,48790486,45154011,46065442,forecast
2026-10-02,47869465,48785876,45169416,46085827,forecast
2026-10-03,47860455,48781846,45179681,46101072,forecast
2026-10-04,47886815,48813188,45208422,46134794,forecast
2026-10-05,48064224,48995577,45400617,46331970,forecast
2026-10-06,48100187,49036520,45451041,46387374,forecast
2026-10-07,48114107,49055421,45479329,46420643,forecast
2026-10-08,48124449,49070743,45500467,46446761,forecast
2026-10-09,48139851,49091126,45519167,46470442,forecast
2026-10-10,48147559,49103814,45526355,46482610,forecast
2026-10-11,48149343,49110579,45526934,46488169,forecast
2026-10-12,48080884,49047101,45456143,46422359,forecast
2026-10-13,48085315,49056512,45455943,46427139,forecast
2026-10-14,48106083,49082260,45470936,46447113,forecast
2026-10-15,48117332,49098489,45475887,46457045,forecast
2026-10-16,48130550,49116688,45482730,46468868,forecast
2026-10-17,48131127,49122246,45479964,46471083,forecast
2026-10-18,48128532,49124631,45474803,46470902,forecast
2026-10-19,48117129,49118209,45457924,46459003,forecast
2026-10-20,48087542,49093603,45422681,46428741,forecast
2026-10-21,48084089,49095129,45413599,46424640,forecast
2026-10-22,48080395,49096417,45403004,46419025,forecast
2026-10-23,48098076,49119078,45393831,46414833,forecast
2026-10-24,48092290,49118272,45385197,46411179,forecast
2026-10-25,48085043,49116005,45376230,46407193,forecast
2026-10-26,48079393,49115336,45366058,46402001,forecast
2026-10-27,48071208,49112132,45350847,46391770,forecast
2026-10-28,48060669,49106573,45330996,46376900,forecast
2026-10-29,48074255,49125140,45314760,46365644,forecast
2026-10-30,48125841,49181707,45336511,46392377,forecast
2026-10-31,48135613,49196459,45323270,46384116,forecast
2026-11-01,48038123,49103949,45220682,46286508,forecast
2026-11-02,48008691,49079497,45172411,46243218,forecast
2026-11-03,48011411,49087199,45155665,46231452,forecast
2026-11-04,48012367,49093135,45138122,46218890,forecast
2026-11-05,48022341,49108089,45134866,46220614,forecast
2026-11-06,48024455,49115184,45131570,46222298,forecast
2026-11-07,48020801,49116510,45126260,46221969,forecast
2026-11-08,48013673,49114363,45118478,46219168,forecast
2026-11-09,48091184,49196854,45196390,46302061,forecast
2026-11-10,48083482,49194133,45192016,46302666,forecast
2026-11-11,48028130,49143761,45140551,46256183,forecast
2026-11-12,48038763,49159375,45157126,46277738,forecast
2026-11-13,48043133,49168725,45172922,46298514,forecast
2026-11-14,48056529,49187102,45188470,46319042,forecast
2026-11-15,48061565,49197118,45195349,46330902,forecast
2026-11-16,48091927,49232460,45229935,46370469,forecast
2026-11-17,48151210,49296724,45293594,46439108,forecast
2026-11-18,48188639,49339134,45334747,46485242,forecast
2026-11-19,48227146,49382621,45375285,46530760,forecast
2026-11-20,48208631,49369086,45359366,46519821,forecast
2026-11-21,48223667,49389104,45374619,46540055,forecast
2026-11-22,48240463,49410880,45391956,46562373,forecast
2026-11-23,48252249,49427646,45403967,46579364,forecast
2026-11-24,48283042,49463420,45434898,46615275,forecast
2026-11-25,48309003,49494361,45460923,46646281,forecast
2026-11-26,48263105,49453444,45415477,46605815,forecast
2026-11-27,48204588,49399907,45356697,46552016,forecast
2026-11-28,48224521,49424821,45375368,46575667,forecast
2026-11-29,48339111,49544391,45488806,46694086,forecast
2026-11-30,48413269,49623529,45561686,46771947,forecast
2026-12-01,48447636,49662877,45595242,46810483,forecast
2026-12-02,48482674,49702896,45629021,46849243,forecast
2026-12-03,48506345,49731547,45651006,46876208,forecast
2026-12-04,48529189,49759371,45672514,46902697,forecast
2026-12-05,48542459,49777622,45684828,46919991,forecast
2026-12-06,48562108,49802252,45703507,46943651,forecast
2026-12-07,48589991,49835115,45729459,46974583,forecast
2026-12-08,48591728,49841832,45729673,46979777,forecast
2026-12-09,48654077,49909162,45790712,47045797,forecast
2026-12-10,48652656,49912721,45787853,47047919,forecast
2026-12-11,48648164,49913210,45777096,47042142,forecast
2026-12-12,48632184,49902211,45760147,47030173,forecast
2026-12-13,48628824,49903831,45755437,47030444,forecast
2026-12-14,48619872,49899860,45745264,47025251,forecast
2026-12-15,48585483,49870451,45710286,46995254,forecast
2026-12-16,48545867,49835816,45671106,46961055,forecast
2026-12-17,48497105,49792034,45625185,46920114,forecast
2026-12-18,48509075,49808984,45637815,46937724,forecast
2026-12-19,48462861,49767751,45593269,46898159,forecast
2026-12-20,48398283,49708153,45530123,46839993,forecast
2026-12-21,48214885,49529736,45354607,46669458,forecast
2026-12-22,48028902,49348733,45186501,46506332,forecast
2026-12-23,47789958,49114770,44952086,46276898,forecast
2026-12-24,47336254,48666047,44501902,45831694,forecast
2026-12-25,46605653,47940426,43775519,45110292,forecast
2026-12-26,46289055,47628809,43461532,44801285,forecast
2026-12-27,46046890,47391624,43222611,44567345,forecast
2026-12-28,45546681,46896395,42725536,44075250,forecast
2026-12-29,45213918,46568613,42396564,43751259,forecast
2026-12-30,44842946,46202621,42030377,43390052,forecast
2026-12-31,44212308,45576964,41409597,42774253,forecast
2027-01-01,43259481,44629117,40488306,41857943,forecast
2027-01-02,43022712,44397329,40254426,41629043,forecast
2027-01-03,42888200,44267797,40119767,41499364,forecast
2027-01-04,42684621,44069199,39920893,41305471,forecast
2027-01-05,42556446,43946005,39806790,41196348,forecast
2027-01-06,42376498,43771037,39631367,41025906,forecast
2027-01-07,42289269,43688789,39547580,40947100,forecast
2027-01-08,42246136,43650636,39507135,40911635,forecast
2027-01-09,42234526,43644007,39493455,40902936,forecast
2027-01-10,42225307,43639768,39481914,40896375,forecast
2027-01-11,42193214,43612655,39453900,40873342,forecast
2027-01-12,42196352,43620774,39460847,40885269,forecast
2027-01-13,42197792,43627194,39465570,40894973,forecast
2027-01-14,42197704,43632087,39467123,40901506,forecast
2027-01-15,42200888,43640252,39473133,40912496,forecast
2027-01-16,42234787,43679131,39504247,40948591,forecast
2027-01-17,42288671,43737995,39555157,41004481,forecast
2027-01-18,42430755,43885060,39696300,41150605,forecast
2027-01-19,42606676,44065961,39861418,41320703,forecast
2027-01-20,42847170,44311436,40105707,41569973,forecast
2027-01-21,43378612,44847859,40641416,42110663,forecast
2027-01-22,44194938,45669164,41461591,42935818,forecast
2027-01-23,44520074,45999281,41795537,43274744,forecast
2027-01-24,44757509,46241697,42031329,43515517,forecast
2027-01-25,45240655,46729824,42521098,44010266,forecast
2027-01-26,45537498,47031647,42823757,44317906,forecast
2027-01-27,45900061,47399190,43190851,44689980,forecast
2027-01-28,46522287,48026397,43812591,45316701,forecast
2027-01-29,47463343,48972433,44730863,46239954,forecast
2027-01-30,47699575,49213646,44965166,46479237,forecast
2027-01-31,47829616,49348667,45097526,46616577,forecast
2027-02-01,48012571,49536603,45294256,46818288,forecast
2027-02-02,48137281,49666293,45426746,46955758,forecast
2027-02-03,48288904,49822896,45595482,47129475,forecast
2027-02-04,48312871,49851845,45650349,47189322,forecast
2027-02-05,48272524,49816478,45645628,47189581,forecast
2027-02-06,48210564,49759498,45607250,47156185,forecast
2027-02-07,48168493,49722408,45584464,47138379,forecast
2027-02-08,48023435,49582331,45478114,47037009,forecast
2027-02-09,47877133,49441009,45370325,46934201,forecast
2027-02-10,47780918,49349774,45312875,46881732,forecast
2027-02-11,47711406,49285243,45287003,46860840,forecast
2027-02-12,47657581,49236398,45262754,46841572,forecast
2027-02-13,47620046,49203843,45237585,46821383,forecast
2027-02-14,47582163,49170941,45209186,46797964,forecast
2027-02-15,47512917,49106676,45163638,46757397,forecast
2027-02-16,47443970,49042709,45115799,46714538,forecast
2027-02-17,47369129,48972849,45060139,46663858,forecast
2027-02-18,47302697,48911398,45007245,46615945,forecast
2027-02-19,47253011,48866692,44963561,46577242,forecast
2027-02-20,47224917,48843578,44928067,46546728,forecast
2027-02-21,47189010,48812652,44892931,46516573,forecast
2027-02-22,47138151,48766773,44842069,46470691,forecast
2027-02-23,47096797,48730400,44801102,46434704,forecast
2027-02-24,47039572,48678155,44744071,46382654,forecast
2027-02-25,46995474,48639038,44697024,46340588,forecast
2027-02-26,46959443,48607987,44657202,46305746,forecast
2027-02-27,46929095,48582620,44625262,46278787,forecast
2027-02-28,46892268,48550773,44597951,46256456,forecast
2027-03-01,46885695,48549181,44577645,46241131,forecast
2027-03-02,46876476,48544942,44551137,46219603,forecast
2027-03-03,46872083,48545529,44531396,46204843,forecast
2027-03-04,46898585,48577012,44527315,46205742,forecast
2027-03-05,46939157,48622565,44531617,46215025,forecast
2027-03-06,46964157,48652545,44534693,46223081,forecast
2027-03-07,46976632,48670001,44530524,46223893,forecast
2027-03-08,47057216,48755565,44577580,46275930,forecast
2027-03-09,47103980,48807310,44605857,46309187,forecast
2027-03-10,47127106,48835416,44604126,46312436,forecast
2027-03-11,47141598,48854889,44576615,46289905,forecast
2027-03-12,47134884,48853155,44539369,46257640,forecast
2027-03-13,47134074,48857326,44525982,46249234,forecast
2027-03-14,47132904,48861136,44515795,46244027,forecast
2027-03-15,47173245,48906457,44533029,46266242,forecast
2027-03-16,47183732,48921925,44522972,46261165,forecast
2027-03-17,47196134,48939308,44516150,46259323,forecast
2027-03-18,47196009,48944163,44502725,46250880,forecast
2027-03-19,47180337,48933472,44480695,46233829,forecast
2027-03-20,47145387,48903502,44458124,46216239,forecast
2027-03-21,47090098,48853194,44420281,46183377,forecast
2027-03-22,46944508,48712584,44292974,46061050,forecast
2027-03-23,46883461,48656517,44246513,46019569,forecast
2027-03-24,46781083,48559120,44155995,45934032,forecast
2027-03-25,46584914,48367932,43967710,45750727,forecast
2027-03-26,46107159,47895157,43494194,45282192,forecast
2027-03-27,45980287,47773266,43378499,45171477,forecast
2027-03-28,45833712,47631671,43229772,45027731,forecast
2027-03-29,45341137,47144076,42749834,44552774,forecast
2027-03-30,45263125,47071045,42683847,44491767,forecast
2027-03-31,45189268,47002168,42623515,44436416,forecast
2027-04-01,45113044,46930925,42562055,44379936,forecast
2027-04-02,45055825,46878687,42515238,44338099,forecast
2027-04-03,45052532,46880374,42518921,44346763,forecast
2027-04-04,45048631,46881453,42517954,44350776,forecast
2027-04-05,45081608,46919411,42559630,44397434,forecast
2027-04-06,45121151,46963934,42584980,44427764,forecast
2027-04-07,45140199,46987964,42594421,44442185,forecast
2027-04-08,45151951,47004696,42605729,44458473,forecast
2027-04-09,45157600,47015325,42614775,44472500,forecast
2027-04-10,45145914,47008620,42602607,44465313,forecast
2027-04-11,45138015,47005701,42594867,44462553,forecast
2027-04-12,45136769,47009436,42593328,44465994,forecast
2027-04-13,45109627,46987274,42564356,44442003,forecast
2027-04-14,45079845,46962472,42533088,44415715,forecast
2027-04-15,45057987,46945595,42509544,44397152,forecast
2027-04-16,45043561,46936149,42489730,44382318,forecast
2027-04-17,45047113,46944682,42474765,44372334,forecast
2027-04-18,45065863,46968412,42473115,44375664,forecast
2027-04-19,45170379,47077909,42554365,44461895,forecast
2027-04-20,45195383,47107894,42562126,44474637,forecast
2027-04-21,45219717,47137208,42571283,44488774,forecast
2027-04-22,45354836,47277307,42697689,44620160,forecast
2027-04-23,45768316,47695768,43104970,45032422,forecast
2027-04-24,45849186,47781618,43171243,45103675,forecast
2027-04-25,45958129,47895542,43270594,45208007,forecast
2027-04-26,46361308,48303702,43663870,45606263,forecast
2027-04-27,46363619,48310993,43657342,45604716,forecast
2027-04-28,46336682,48289036,43619034,45571388,forecast
2027-04-29,46297818,48255152,43572748,45530083,forecast
2027-04-30,46195251,48157567,43473139,45435455,forecast
2027-05-01,45759568,47726864,43048034,45015330,forecast
2027-05-02,45617488,47589765,42913718,44885994,forecast
2027-05-03,45388011,47365268,42701776,44679033,forecast
2027-05-04,45284750,47266987,42624409,44606646,forecast
2027-05-05,45166933,47154151,42532789,44520007,forecast
2027-05-06,44852101,46844300,42241348,44233546,forecast
2027-05-07,44674287,46671465,42084913,44082092,forecast
2027-05-08,44608710,46610869,42024370,44026529,forecast
2027-05-09,44550282,46557422,41973265,43980405,forecast
2027-05-10,44452676,46464796,41896936,43909057,forecast
2027-05-11,44395870,46412971,41860616,43877717,forecast
2027-05-12,44348484,46370566,41829622,43851703,forecast
2027-05-13,44282523,46309585,41773147,43800209,forecast
2027-05-14,44204221,46236263,41703858,43735900,forecast
2027-05-15,44134544,46171567,41641914,43678936,forecast
2027-05-16,43989101,46031104,41514203,43556206,forecast
2027-05-17,43623461,45670445,41155411,43202395,forecast
2027-05-18,43577317,45629282,41109924,43161889,forecast
2027-05-19,43559142,45616087,41099904,43156849,forecast
2027-05-20,43474715,45536641,41018452,43080378,forecast
2027-05-21,43430487,45497393,40979551,43046457,forecast
2027-05-22,43394755,45466642,40948470,43020356,forecast
2027-05-23,43364631,45441498,40921192,42998059,forecast
2027-05-24,43296792,45378639,40868993,42950840,forecast
2027-05-25,43274125,45360953,40844715,42931542,forecast
2027-05-26,43263341,45355149,40835058,42926867,forecast
2027-05-27,43111761,45208550,40682473,42779262,forecast
2027-05-28,43112621,45214391,40675232,42777002,forecast
2027-05-29,43491064,45597814,41035725,43142474,forecast
2027-05-30,43563434,45675165,41097596,43209326,forecast
2027-05-31,43596232,45712943,41103021,43219732,forecast
2027-06-01,43606655,45728346,41086020,43207711,forecast
2027-06-02,43642028,45768700,41095335,43222007,forecast
2027-06-03,43893183,46024835,41329465,43461117,forecast
2027-06-04,44008879,46145512,41427633,43564266,forecast
2027-06-05,44017126,46158739,41444476,43586089,forecast
2027-06-06,44017268,46163862,41443258,43589852,forecast
2027-06-07,44044240,46195815,41453659,43605233,forecast
2027-06-08,44038595,46195150,41434690,43591245,forecast
2027-06-09,44017828,46179363,41416830,43578365,forecast
2027-06-10,44019392,46185907,41414233,43580749,forecast
2027-06-11,44037265,46208761,41428033,43599530,forecast
2027-06-12,44053181,46229658,41438360,43614837,forecast
2027-06-13,44157471,46338929,41532378,43713835,forecast
2027-06-14,44430532,46616969,41825595,44012033,forecast
2027-06-15,44391921,46583339,41805652,43997070,forecast
2027-06-16,44359474,46555872,41768618,43965017,forecast
2027-06-17,44363490,46564870,41777114,43978493,forecast
2027-06-18,44312437,46518797,41726198,43932557,forecast
2027-06-19,44280404,46491745,41691038,43902379,forecast
2027-06-20,44253606,46469927,41663483,43879803,forecast
2027-06-21,44227454,46448756,41627808,43849109,forecast
2027-06-22,44172739,46399021,41574686,43800968,forecast
2027-06-23,44121353,46352615,41521908,43753170,forecast
2027-06-24,44234392,46470634,41633067,43869310,forecast
2027-06-25,44264794,46506017,41663699,43904923,forecast
2027-06-26,44247922,46494126,41644331,43890534,forecast
2027-06-27,44236260,46487445,41634251,43885436,forecast
2027-06-28,44311743,46567907,41709997,43966162,forecast
2027-06-29,44270805,46531950,41673361,43934506,forecast
2027-06-30,44206466,46472591,41607540,43873666,forecast
2027-07-01,44114711,46385817,41510420,43781527,forecast
2027-07-02,44042603,46318690,41435209,43711296,forecast
2027-07-03,43990045,46271112,41368533,43649600,forecast
2027-07-04,43915583,46201630,41290428,43576475,forecast
2027-07-05,43713224,46004253,41086280,43377309,forecast
2027-07-06,43586786,45882795,40958068,43254077,forecast
2027-07-07,43485161,45786151,40842047,43143036,forecast
2027-07-08,43371206,45677176,40723335,43029305,forecast
2027-07-09,43256793,45567744,40608611,42919561,forecast
2027-07-10,43199691,45515622,40550839,42866769,forecast
2027-07-11,43136791,45457702,40486017,42806928,forecast
2027-07-12,43063424,45389316,40391288,42717180,forecast
2027-07-13,42977510,45308382,40291897,42622769,forecast
2027-07-14,42867196,45203048,40186487,42522340,forecast
2027-07-15,42773262,45114095,40090368,42431201,forecast
2027-07-16,42710948,45056762,40028700,42374513,forecast
2027-07-17,42663674,45014468,39983956,42334750,forecast
2027-07-18,42610880,44966655,39932983,42288758,forecast
2027-07-19,42540728,44901483,39864515,42225270,forecast
2027-07-20,42454356,44820092,39785655,42151390,forecast
2027-07-21,42374857,44745573,39711608,42082324,forecast
2027-07-22,42291710,44667407,39631720,42007417,forecast
2027-07-23,42204575,44585252,39546332,41927010,forecast
2027-07-24,42126402,44512060,39490032,41875690,forecast
2027-07-25,42065746,44456384,39434171,41824809,forecast
2027-07-26,41978166,44373784,39351210,41746829,forecast
2027-07-27,41889903,44290502,39263128,41663728,forecast
2027-07-28,41807490,44213070,39187124,41592703,forecast
2027-07-29,41736708,44147268,39125465,41536025,forecast
2027-07-30,41661472,44077012,39054028,41469568,forecast
2027-07-31,41609759,44030280,39009980,41430501,forecast
2027-08-01,41579819,44005320,38995172,41420673,forecast
2027-08-02,41588223,44018705,39025089,41455572,forecast
2027-08-03,41537308,43972770,38981524,41416987,forecast
2027-08-04,41479999,43920442,38930267,41370710,forecast
2027-08-05,41419735,43865159,38877388,41322811,forecast
2027-08-06,41381470,43831874,38844127,41294531,forecast
2027-08-07,41333752,43789137,38800732,41256117,forecast
2027-08-08,41297169,43757535,38765947,41226312,forecast
2027-08-09,41234589,43699935,38713150,41178496,forecast
2027-08-10,41138188,43608514,38633490,41103816,forecast
2027-08-11,41071336,43546642,38567844,41043150,forecast
2027-08-12,40973182,43453469,38476226,40956513,forecast
2027-08-13,40864576,43349843,38374212,40859480,forecast
2027-08-14,40765377,43255625,38277288,40767536,forecast
2027-08-15,40637201,43132429,38154981,40650210,forecast
2027-08-16,40552414,43052623,38068889,40569098,forecast
2027-08-17,40459695,42964884,37980148,40485338,forecast
2027-08-18,40386565,42896735,37909998,40420168,forecast
2027-08-19,40335248,42850399,37872263,40387413,forecast
2027-08-20,40301832,42821963,37841731,40361862,forecast
2027-08-21,40312104,42837216,37833975,40359086,forecast
2027-08-22,40308629,42838721,37829802,40359894,forecast
2027-08-23,40315218,42850290,37837018,40372090,forecast
2027-08-24,40323786,42863839,37845962,40386015,forecast
2027-08-25,40336345,42881379,37859323,40404357,forecast
2027-08-26,40364905,42914919,37888310,40438324,forecast
2027-08-27,40391689,42946683,37911451,40466446,forecast
2027-08-28,40427017,42986992,37939291,40499266,forecast
2027-08-29,40460844,43025799,37960509,40525465,forecast
2027-08-30,40553751,43123687,38034359,40604295,forecast
2027-08-31,40630010,43204926,38105772,40680688,forecast
2027-09-01,40698534,43278431,38168940,40748837,forecast
2027-09-02,40787129,43372007,38251981,40836859,forecast
2027-09-03,40862889,43452747,38327684,40917542,forecast
2027-09-04,40902907,43497746,38361228,40956066,forecast
2027-09-05,40947712,43547531,38403742,41003561,forecast
2027-09-06,40923457,43528257,38368279,40973079,forecast
2027-09-07,41034111,43643891,38462710,41072490,forecast
2027-09-08,41162544,43777304,38587578,41202339,forecast
2027-09-09,41327291,43947032,38742908,41362649,forecast
2027-09-10,41489848,44114569,38897781,41522503,forecast
2027-09-11,41633475,44263177,39034608,41664310,forecast
2027-09-12,41805852,44440535,39203795,41838478,forecast
2027-09-13,41982164,44621827,39378439,42018102,forecast
2027-09-14,42150963,44795606,39542206,42186849,forecast
2027-09-15,42291805,44941429,39684994,42334618,forecast
2027-09-16,42410723,45065327,39790726,42445330,forecast
2027-09-17,42523106,45182691,39901220,42560804,forecast
2027-09-18,42586145,45250711,39963001,42627566,forecast
2027-09-19,42642593,45312139,40016579,42686125,forecast
2027-09-20,42722495,45397022,40091485,42766011,forecast
2027-09-21,42825671,45505178,40193720,42873227,forecast
2027-09-22,42922413,45606900,40286474,42970962,forecast
2027-09-23,43003849,45693317,40358531,43047999,forecast
2027-09-24,43083668,45778117,40436245,43130694,forecast
2027-09-25,43133365,45832794,40483405,43182834,forecast
2027-09-26,43182512,45886921,40530848,43235258,forecast
2027-09-27,43237061,45946451,40586716,43296106,forecast
2027-09-28,43284630,45999001,40635345,43349715,forecast
2027-09-29,43344605,46063956,40697846,43417197,forecast
2027-09-30,43381621,46105952,40746703,43471035,forecast
2027-10-01,43397412,46126724,40773744,43503056,forecast
2027-10-02,43406125,46140417,40793417,43527709,forecast
2027-10-03,43402585,46141858,40798735,43538008,forecast
2027-10-04,43519564,46263818,40940016,43684269,forecast
2027-10-05,43557125,46306359,40998993,43748227,forecast
2027-10-06,43570934,46325148,41035978,43790192,forecast
2027-10-07,43552275,46311470,41045335,43804530,forecast
2027-10-08,43530736,46294912,41050133,43814308,forecast
2027-10-09,43494827,46263982,41025936,43795092,forecast
2027-10-10,43487654,46261791,41026493,43800629,forecast
2027-10-11,43391451,46170568,40947868,43726985,forecast
2027-10-12,43338065,46122162,40910203,43694300,forecast
2027-10-13,43331869,46120947,40907684,43696762,forecast
2027-10-14,43338447,46132506,40916033,43710091,forecast
2027-10-15,43342892,46141930,40921572,43720611,forecast
2027-10-16,43344002,46148021,40917385,43721404,forecast
2027-10-17,43351586,46160586,40927906,43736906,forecast
2027-10-18,43361342,46175322,40943563,43757543,forecast
2027-10-19,43359790,46178751,40938247,43757208,forecast
2027-10-20,43370982,46194923,40943296,43767237,forecast
2027-10-21,43373957,46202879,40945130,43774052,forecast
2027-10-22,43364638,46198540,40930968,43764870,forecast
2027-10-23,43349883,46188766,40911483,43750365,forecast
2027-10-24,43344183,46188046,40907143,43751007,forecast
2027-10-25,43359580,46208424,40919304,43768148,forecast
2027-10-26,43362641,46216466,40913556,43767381,forecast
2027-10-27,43349346,46208151,40902860,43761665,forecast
2027-10-28,43316083,46179869,40854450,43718236,forecast
2027-10-29,43254024,46122790,40798278,43667044,forecast
2027-10-30,43248775,46122521,40779920,43653667,forecast
2027-10-31,43237838,46116564,40762139,43640866,forecast
2027-11-01,43067839,45951546,40572931,43456638,forecast
2027-11-02,43044291,45932978,40537672,43426359,forecast
2027-11-03,43055973,45949641,40520313,43413981,forecast
2027-11-04,43082452,45981100,40519874,43418522,forecast
2027-11-05,43139235,46042864,40552182,43455811,forecast
2027-11-06,43185057,46093667,40582265,43490875,forecast
2027-11-07,43206144,46119735,40591958,43505548,forecast
2027-11-08,43322984,46241555,40685453,43604023,forecast
2027-11-09,43407786,46331337,40748547,43672098,forecast
2027-11-10,43436434,46364966,40760074,43688606,forecast
2027-11-11,43396577,46330089,40714340,43647852,forecast
2027-11-12,43403332,46341825,40713690,43652182,forecast
2027-11-13,43417642,46361115,40724982,43668456,forecast
2027-11-14,43422063,46370517,40728767,43677221,forecast
2027-11-15,43400282,46353717,40700464,43653898,forecast
2027-11-16,43410383,46368797,40708958,43667373,forecast
2027-11-17,43420416,46383811,40719300,43682695,forecast
2027-11-18,43442131,46410507,40740263,43708639,forecast
2027-11-19,43476698,46450054,40776924,43750280,forecast
2027-11-20,43484371,46462708,40786701,43765037,forecast
2027-11-21,43499484,46482802,40803859,43787177,forecast
2027-11-22,43506041,46494339,40811611,43799909,forecast
2027-11-23,43530019,46523297,40838665,43831943,forecast
2027-11-24,43560752,46559010,40859536,43857795,forecast
2027-11-25,43542865,46546104,40840388,43843627,forecast
2027-11-26,43558770,46566990,40829833,43838053,forecast
2027-11-27,43589725,46602925,40856514,43869714,forecast
2027-11-28,43644704,46662884,40909323,43927503,forecast
2027-11-29,43885530,46908691,41140580,44163741,forecast
2027-11-30,43961005,46989146,41200088,44228230,forecast
2027-12-01,44000279,47033401,41238026,44271148,forecast
2027-12-02,44030079,47068182,41264518,44302621,forecast
2027-12-03,44034622,47077705,41267891,44310974,forecast
2027-12-04,44050782,47098846,41282333,44330397,forecast
2027-12-05,44053416,47106460,41285101,44338145,forecast
2027-12-06,44055153,47113178,41290329,44348353,forecast
2027-12-07,44045061,47108066,41285424,44348430,forecast
2027-12-08,44024028,47092014,41270501,44338487,forecast
2027-12-09,44085270,47158236,41333641,44406607,forecast
2027-12-10,44081038,47158984,41335167,44413113,forecast
2027-12-11,44046608,47129536,41313361,44396288,forecast
2027-12-12,44029698,47117606,41298379,44386287,forecast
2027-12-13,44055103,47147991,41317822,44410710,forecast
2027-12-14,44041145,47139014,41302865,44400733,forecast
2027-12-15,44016782,47119631,41282971,44385820,forecast
2027-12-16,43981158,47088988,41246939,44354768,forecast
2027-12-17,43935136,47047946,41201568,44314378,forecast
2027-12-18,43909605,47027396,41173979,44291769,forecast
2027-12-19,43863670,46986441,41125084,44247855,forecast
2027-12-20,43723692,46851444,40982795,44110546,forecast
2027-12-21,43570062,46702795,40828417,43961150,forecast
2027-12-22,43363419,46501131,40619059,43756772,forecast
2027-12-23,43093391,46236084,40348777,43491470,forecast
2027-12-24,42443734,45591408,39707611,42855285,forecast
2027-12-25,41964283,45116937,39245064,42397718,forecast
2027-12-26,41648207,44805842,38933128,42090763,forecast
2027-12-27,41167530,44330145,38461539,41624154,forecast
2027-12-28,40907086,44074682,38200434,41368029,forecast
2027-12-29,40633561,43806137,37930126,41102702,forecast
2027-12-30,40335368,43512924,37637677,40815233,forecast
2027-12-31,39814659,42997196,37127381,40309918,forecast
