submission_date,product,forecast_name,year,quarter,created_on,updated_on,dau_28_ma
2026-01-01,desktop,NO forecast,2026,1,2026-01-06,2026-01-06,
2026-01-02,desktop,NO forecast,2026,1,2026-01-06,2026-01-06,
2026-01-03,desktop,NO forecast,2026,1,2026-01-06,2026-01-06,
2026-01-04,desktop,NO forecast,2026,1,2026-01-06,2026-01-06,
2026-01-05,desktop,NO forecast,2026,1,2026-01-06,2026-01-06,
2026-01-06,desktop,NO forecast,2026,1,2026-01-06,2026-01-06,
2026-01-07,desktop,NO forecast,2026,1,2026-01-06,2026-01-06,
2026-01-08,desktop,NO forecast,2026,1,2026-01-06,2026-01-06,
2026-01-09,desktop,NO forecast,2026,1,2026-01-06,2026-01-06,
2026-01-10,desktop,NO forecast,2026,1,2026-01-06,2026-01-06,
2026-01-11,desktop,NO forecast,2026,1,2026-01-06,2026-01-06,
2026-01-12,desktop,NO forecast,2026,1,2026-01-06,2026-01-06,
2026-01-13,desktop,NO forecast,2026,1,2026-01-06,2026-01-06,
2026-01-14,desktop,NO forecast,2026,1,2026-01-06,2026-01-06,
2026-01-15,desktop,NO forecast,2026,1,2026-01-06,2026-01-06,
2026-01-16,desktop,NO forecast,2026,1,2026-01-06,2026-01-06,
2026-01-17,desktop,NO forecast,2026,1,2026-01-06,2026-01-06,
2026-01-18,desktop,NO forecast,2026,1,2026-01-06,2026-01-06,
2026-01-19,desktop,NO forecast,2026,1,2026-01-06,2026-01-06,
2026-01-20,desktop,NO forecast,2026,1,2026-01-06,2026-01-06,
2026-01-21,desktop,NO forecast,2026,1,2026-01-06,2026-01-06,
2026-01-22,desktop,NO forecast,2026,1,2026-01-06,2026-01-06,
2026-01-23,desktop,NO forecast,2026,1,2026-01-06,2026-01-06,
2026-01-24,desktop,NO forecast,2026,1,2026-01-06,2026-01-06,
2026-01-25,desktop,NO forecast,2026,1,2026-01-06,2026-01-06,
2026-01-26,desktop,NO forecast,2026,1,2026-01-06,2026-01-06,
2026-01-27,desktop,NO forecast,2026,1,2026-01-06,2026-01-06,
2026-01-28,desktop,NO forecast,2026,1,2026-01-06,2026-01-06,
2026-01-29,desktop,NO forecast,2026,1,2026-01-06,2026-01-06,
2026-01-30,desktop,NO forecast,2026,1,2026-01-06,2026-01-06,
2026-01-31,desktop,NO forecast,2026,1,2026-01-06,2026-01-06,
2026-02-01,desktop,NO forecast,2026,1,2026-01-06,2026-01-06,
2026-02-02,desktop,NO forecast,2026,1,2026-01-06,2026-01-06,
2026-02-03,desktop,NO forecast,2026,1,2026-01-06,2026-01-06,
2026-02-04,desktop,NO forecast,2026,1,2026-01-06,2026-01-06,
2026-02-05,desktop,NO forecast,2026,1,2026-01-06,2026-01-06,
2026-02-06,desktop,NO forecast,2026,1,2026-01-06,2026-01-06,
2026-02-07,desktop,NO forecast,2026,1,2026-01-06,2026-01-06,
2026-02-08,desktop,NO forecast,2026,1,2026-01-06,2026-01-06,
2026-02-09,desktop,NO forecast,2026,1,2026-01-06,2026-01-06,
2026-02-10,desktop,NO forecast,2026,1,2026-01-06,2026-01-06,
2026-02-11,desktop,NO forecast,2026,1,2026-01-06,2026-01-06,
2026-02-12,desktop,NO forecast,2026,1,2026-01-06,2026-01-06,
2026-02-13,desktop,NO forecast,2026,1,2026-01-06,2026-01-06,
2026-02-14,desktop,NO forecast,2026,1,2026-01-06,2026-01-06,
2026-02-15,desktop,NO forecast,2026,1,2026-01-06,2026-01-06,
2026-02-16,desktop,NO forecast,2026,1,2026-01-06,2026-01-06,
2026-02-17,desktop,NO forecast,2026,1,2026-01-06,2026-01-06,
2026-02-18,desktop,NO forecast,2026,1,2026-01-06,2026-01-06,
2026-02-19,desktop,NO forecast,2026,1,2026-01-06,2026-01-06,
2026-02-20,desktop,NO forecast,2026,1,2026-01-06,2026-01-06,
2026-02-21,desktop,NO forecast,2026,1,2026-01-06,2026-01-06,
2026-02-22,desktop,NO forecast,2026,1,2026-01-06,2026-01-06,
2026-02-23,desktop,NO forecast,2026,1,2026-01-06,2026-01-06,
2026-02-24,desktop,NO forecast,2026,1,2026-01-06,2026-01-06,
2026-02-25,desktop,NO forecast,2026,1,2026-01-06,2026-01-06,
2026-02-26,desktop,NO forecast,2026,1,2026-01-06,2026-01-06,
2026-02-27,desktop,NO forecast,2026,1,2026-01-06,2026-01-06,
2026-02-28,desktop,NO forecast,2026,1,2026-01-06,2026-01-06,
2026-03-01,desktop,NO forecast,2026,1,2026-01-06,2026-01-06,
2026-03-02,desktop,NO forecast,2026,1,2026-01-06,2026-01-06,
2026-03-03,desktop,NO forecast,2026,1,2026-01-06,2026-01-06,
2026-03-04,desktop,NO forecast,2026,1,2026-01-06,2026-01-06,
2026-03-05,desktop,NO forecast,2026,1,2026-01-06,2026-01-06,
2026-03-06,desktop,NO forecast,2026,1,2026-01-06,2026-01-06,
2026-03-07,desktop,NO forecast,2026,1,2026-01-06,2026-01-06,
2026-03-08,desktop,NO forecast,2026,1,2026-01-06,2026-01-06,
2026-03-09,desktop,NO forecast,2026,1,2026-01-06,2026-01-06,
2026-03-10,desktop,NO forecast,2026,1,2026-01-06,2026-01-06,
2026-03-11,desktop,NO forecast,2026,1,2026-01-06,2026-01-06,
2026-03-12,desktop,NO forecast,2026,1,2026-01-06,2026-01-06,
2026-03-13,desktop,NO forecast,2026,1,2026-01-06,2026-01-06,
2026-03-14,desktop,NO forecast,2026,1,2026-01-06,2026-01-06,
2026-03-15,desktop,NO forecast,2026,1,2026-01-06,2026-01-06,
2026-03-16,desktop,NO forecast,2026,1,2026-01-06,2026-01-06,
2026-03-17,desktop,NO forecast,2026,1,2026-01-06,2026-01-06,
2026-03-18,desktop,NO forecast,2026,1,2026-01-06,2026-01-06,
2026-03-19,desktop,NO forecast,2026,1,2026-01-06,2026-01-06,
2026-03-20,desktop,NO forecast,2026,1,2026-01-06,2026-01-06,
2026-03-21,desktop,NO forecast,2026,1,2026-01-06,2026-01-06,
2026-03-22,desktop,NO forecast,2026,1,2026-01-06,2026-01-06,
2026-03-23,desktop,NO forecast,2026,1,2026-01-06,2026-01-06,
2026-03-24,desktop,NO forecast,2026,1,2026-01-06,2026-01-06,
2026-03-25,desktop,NO forecast,2026,1,2026-01-06,2026-01-06,
2026-03-26,desktop,NO forecast,2026,1,2026-01-06,2026-01-06,
2026-03-27,desktop,NO forecast,2026,1,2026-01-06,2026-01-06,
2026-03-28,desktop,NO forecast,2026,1,2026-01-06,2026-01-06,
2026-03-29,desktop,NO forecast,2026,1,2026-01-06,2026-01-06,
2026-03-30,desktop,NO forecast,2026,1,2026-01-06,2026-01-06,
2026-03-31,desktop,NO forecast,2026,1,2026-01-06,2026-01-06,
2026-04-01,desktop,NO forecast,2026,1,2026-01-06,2026-01-06,
2026-04-02,desktop,NO forecast,2026,1,2026-01-06,2026-01-06,
2026-04-03,desktop,NO forecast,2026,1,2026-01-06,2026-01-06,
2026-04-04,desktop,NO forecast,2026,1,2026-01-06,2026-01-06,
2026-04-05,desktop,NO forecast,2026,1,2026-01-06,2026-01-06,
2026-04-06,desktop,NO forecast,2026,1,2026-01-06,2026-01-06,
2026-04-07,desktop,NO forecast,2026,1,2026-01-06,2026-01-06,
2026-04-08,desktop,NO forecast,2026,1,2026-01-06,2026-01-06,
2026-04-09,desktop,NO forecast,2026,1,2026-01-06,2026-01-06,
2026-04-10,desktop,NO forecast,2026,1,2026-01-06,2026-01-06,
2026-04-11,desktop,NO forecast,2026,1,2026-01-06,2026-01-06,
2026-04-12,desktop,NO forecast,2026,1,2026-01-06,2026-01-06,
2026-04-13,desktop,NO forecast,2026,1,2026-01-06,2026-01-06,
2026-04-14,desktop,NO forecast,2026,1,2026-01-06,2026-01-06,
2026-04-15,desktop,NO forecast,2026,1,2026-01-06,2026-01-06,
2026-04-16,desktop,NO forecast,2026,1,2026-01-06,2026-01-06,
2026-04-17,desktop,NO forecast,2026,1,2026-01-06,2026-01-06,
2026-04-18,desktop,NO forecast,2026,1,2026-01-06,2026-01-06,
2026-04-19,desktop,NO forecast,2026,1,2026-01-06,2026-01-06,
2026-04-20,desktop,NO forecast,2026,1,2026-01-06,2026-01-06,
2026-04-21,desktop,NO forecast,2026,1,2026-01-06,2026-01-06,
2026-04-22,desktop,NO forecast,2026,1,2026-01-06,2026-01-06,
2026-04-23,desktop,NO forecast,2026,1,2026-01-06,2026-01-06,
2026-04-24,desktop,NO forecast,2026,1,2026-01-06,2026-01-06,
2026-04-25,desktop,NO forecast,2026,1,2026-01-06,2026-01-06,
2026-04-26,desktop,NO forecast,2026,1,2026-01-06,2026-01-06,
2026-04-27,desktop,NO forecast,2026,1,2026-01-06,2026-01-06,
2026-04-28,desktop,NO forecast,2026,1,2026-01-06,2026-01-06,
2026-04-29,desktop,NO forecast,2026,1,2026-01-06,2026-01-06,
2026-04-30,desktop,NO forecast,2026,1,2026-01-06,2026-01-06,
2026-05-01,desktop,NO forecast,2026,1,2026-01-06,2026-01-06,
2026-05-02,desktop,NO forecast,2026,1,2026-01-06,2026-01-06,
2026-05-03,desktop,NO forecast,2026,1,2026-01-06,2026-01-06,
2026-05-04,desktop,NO forecast,2026,1,2026-01-06,2026-01-06,
2026-05-05,desktop,NO forecast,2026,1,2026-01-06,2026-01-06,
2026-05-06,desktop,NO forecast,2026,1,2026-01-06,2026-01-06,
2026-05-07,desktop,NO forecast,2026,1,2026-01-06,2026-01-06,
2026-05-08,desktop,NO forecast,2026,1,2026-01-06,2026-01-06,
2026-05-09,desktop,NO forecast,2026,1,2026-01-06,2026-01-06,
2026-05-10,desktop,NO forecast,2026,1,2026-01-06,2026-01-06,
2026-05-11,desktop,NO forecast,2026,1,2026-01-06,2026-01-06,
2026-05-12,desktop,NO forecast,2026,1,2026-01-06,2026-01-06,
2026-05-13,desktop,NO forecast,2026,1,2026-01-06,2026-01-06,
2026-05-14,desktop,NO forecast,2026,1,2026-01-06,2026-01-06,
2026-05-15,desktop,NO forecast,2026,1,2026-01-06,2026-01-06,
2026-05-16,desktop,NO forecast,2026,1,2026-01-06,2026-01-06,
2026-05-17,desktop,NO forecast,2026,1,2026-01-06,2026-01-06,
2026-05-18,desktop,NO forecast,2026,1,2026-01-06,2026-01-06,
2026-05-19,desktop,NO forecast,2026,1,2026-01-06,2026-01-06,
2026-05-20,desktop,NO forecast,2026,1,2026-01-06,2026-01-06,
2026-05-21,desktop,NO forecast,2026,1,2026-01-06,2026-01-06,
2026-05-22,desktop,NO forecast,2026,1,2026-01-06,2026-01-06,
2026-05-23,desktop,NO forecast,2026,1,2026-01-06,2026-01-06,
2026-05-24,desktop,NO forecast,2026,1,2026-01-06,2026-01-06,
2026-05-25,desktop,NO forecast,2026,1,2026-01-06,2026-01-06,
2026-05-26,desktop,NO forecast,2026,1,2026-01-06,2026-01-06,
2026-05-27,desktop,NO forecast,2026,1,2026-01-06,2026-01-06,
2026-05-28,desktop,NO forecast,2026,1,2026-01-06,2026-01-06,
2026-05-29,desktop,NO forecast,2026,1,2026-01-06,2026-01-06,
2026-05-30,desktop,NO forecast,2026,1,2026-01-06,2026-01-06,
2026-05-31,desktop,NO forecast,2026,1,2026-01-06,2026-01-06,
2026-06-01,desktop,NO forecast,2026,1,2026-01-06,2026-01-06,
2026-06-02,desktop,NO forecast,2026,1,2026-01-06,2026-01-06,
2026-06-03,desktop,NO forecast,2026,1,2026-01-06,2026-01-06,
2026-06-04,desktop,NO forecast,2026,1,2026-01-06,2026-01-06,
2026-06-05,desktop,NO forecast,2026,1,2026-01-06,2026-01-06,
2026-06-06,desktop,NO forecast,2026,1,2026-01-06,2026-01-06,
2026-06-07,desktop,NO forecast,2026,1,2026-01-06,2026-01-06,
2026-06-08,desktop,NO forecast,2026,1,2026-01-06,2026-01-06,
2026-06-09,desktop,NO forecast,2026,1,2026-01-06,2026-01-06,
2026-06-10,desktop,NO forecast,2026,1,2026-01-06,2026-01-06,
2026-06-11,desktop,NO forecast,2026,1,2026-01-06,2026-01-06,
2026-06-12,desktop,NO forecast,2026,1,2026-01-06,2026-01-06,
2026-06-13,desktop,NO forecast,2026,1,2026-01-06,2026-01-06,
2026-06-14,desktop,NO forecast,2026,1,2026-01-06,2026-01-06,
2026-06-15,desktop,NO forecast,2026,1,2026-01-06,2026-01-06,
2026-06-16,desktop,NO forecast,2026,1,2026-01-06,2026-01-06,
2026-06-17,desktop,NO forecast,2026,1,2026-01-06,2026-01-06,
2026-06-18,desktop,NO forecast,2026,1,2026-01-06,2026-01-06,
2026-06-19,desktop,NO forecast,2026,1,2026-01-06,2026-01-06,
2026-06-20,desktop,NO forecast,2026,1,2026-01-06,2026-01-06,
2026-06-21,desktop,NO forecast,2026,1,2026-01-06,2026-01-06,
2026-06-22,desktop,NO forecast,2026,1,2026-01-06,2026-01-06,
2026-06-23,desktop,NO forecast,2026,1,2026-01-06,2026-01-06,
2026-06-24,desktop,NO forecast,2026,1,2026-01-06,2026-01-06,
2026-06-25,desktop,NO forecast,2026,1,2026-01-06,2026-01-06,
2026-06-26,desktop,NO forecast,2026,1,2026-01-06,2026-01-06,
2026-06-27,desktop,NO forecast,2026,1,2026-01-06,2026-01-06,
2026-06-28,desktop,NO forecast,2026,1,2026-01-06,2026-01-06,
2026-06-29,desktop,NO forecast,2026,1,2026-01-06,2026-01-06,
2026-06-30,desktop,NO forecast,2026,1,2026-01-06,2026-01-06,
2026-07-01,desktop,NO forecast,2026,1,2026-01-06,2026-01-06,
2026-07-02,desktop,NO forecast,2026,1,2026-01-06,2026-01-06,
2026-07-03,desktop,NO forecast,2026,1,2026-01-06,2026-01-06,
2026-07-04,desktop,NO forecast,2026,1,2026-01-06,2026-01-06,
2026-07-05,desktop,NO forecast,2026,1,2026-01-06,2026-01-06,
2026-07-06,desktop,NO forecast,2026,1,2026-01-06,2026-01-06,
2026-07-07,desktop,NO forecast,2026,1,2026-01-06,2026-01-06,
2026-07-08,desktop,NO forecast,2026,1,2026-01-06,2026-01-06,
2026-07-09,desktop,NO forecast,2026,1,2026-01-06,2026-01-06,
2026-07-10,desktop,NO forecast,2026,1,2026-01-06,2026-01-06,
2026-07-11,desktop,NO forecast,2026,1,2026-01-06,2026-01-06,
2026-07-12,desktop,NO forecast,2026,1,2026-01-06,2026-01-06,
2026-07-13,desktop,NO forecast,2026,1,2026-01-06,2026-01-06,
2026-07-14,desktop,NO forecast,2026,1,2026-01-06,2026-01-06,
2026-07-15,desktop,NO forecast,2026,1,2026-01-06,2026-01-06,
2026-07-16,desktop,NO forecast,2026,1,2026-01-06,2026-01-06,
2026-07-17,desktop,NO forecast,2026,1,2026-01-06,2026-01-06,
2026-07-18,desktop,NO forecast,2026,1,2026-01-06,2026-01-06,
2026-07-19,desktop,NO forecast,2026,1,2026-01-06,2026-01-06,
2026-07-20,desktop,NO forecast,2026,1,2026-01-06,2026-01-06,
2026-07-21,desktop,NO forecast,2026,1,2026-01-06,2026-01-06,
2026-07-22,desktop,NO forecast,2026,1,2026-01-06,2026-01-06,
2026-07-23,desktop,NO forecast,2026,1,2026-01-06,2026-01-06,
2026-07-24,desktop,NO forecast,2026,1,2026-01-06,2026-01-06,
2026-07-25,desktop,NO forecast,2026,1,2026-01-06,2026-01-06,
2026-07-26,desktop,NO forecast,2026,1,2026-01-06,2026-01-06,
2026-07-27,desktop,NO forecast,2026,1,2026-01-06,2026-01-06,
2026-07-28,desktop,NO forecast,2026,1,2026-01-06,2026-01-06,
2026-07-29,desktop,NO forecast,2026,1,2026-01-06,2026-01-06,
2026-07-30,desktop,NO forecast,2026,1,2026-01-06,2026-01-06,
2026-07-31,desktop,NO forecast,2026,1,2026-01-06,2026-01-06,
2026-08-01,desktop,NO forecast,2026,1,2026-01-06,2026-01-06,
2026-08-02,desktop,NO forecast,2026,1,2026-01-06,2026-01-06,
2026-08-03,desktop,NO forecast,2026,1,2026-01-06,2026-01-06,
2026-08-04,desktop,NO forecast,2026,1,2026-01-06,2026-01-06,
2026-08-05,desktop,NO forecast,2026,1,2026-01-06,2026-01-06,
2026-08-06,desktop,NO forecast,2026,1,2026-01-06,2026-01-06,
2026-08-07,desktop,NO forecast,2026,1,2026-01-06,2026-01-06,
2026-08-08,desktop,NO forecast,2026,1,2026-01-06,2026-01-06,
2026-08-09,desktop,NO forecast,2026,1,2026-01-06,2026-01-06,
2026-08-10,desktop,NO forecast,2026,1,2026-01-06,2026-01-06,
2026-08-11,desktop,NO forecast,2026,1,2026-01-06,2026-01-06,
2026-08-12,desktop,NO forecast,2026,1,2026-01-06,2026-01-06,
2026-08-13,desktop,NO forecast,2026,1,2026-01-06,2026-01-06,
2026-08-14,desktop,NO forecast,2026,1,2026-01-06,2026-01-06,
2026-08-15,desktop,NO forecast,2026,1,2026-01-06,2026-01-06,
2026-08-16,desktop,NO forecast,2026,1,2026-01-06,2026-01-06,
2026-08-17,desktop,NO forecast,2026,1,2026-01-06,2026-01-06,
2026-08-18,desktop,NO forecast,2026,1,2026-01-06,2026-01-06,
2026-08-19,desktop,NO forecast,2026,1,2026-01-06,2026-01-06,
2026-08-20,desktop,NO forecast,2026,1,2026-01-06,2026-01-06,
2026-08-21,desktop,NO forecast,2026,1,2026-01-06,2026-01-06,
2026-08-22,desktop,NO forecast,2026,1,2026-01-06,2026-01-06,
2026-08-23,desktop,NO forecast,2026,1,2026-01-06,2026-01-06,
2026-08-24,desktop,NO forecast,2026,1,2026-01-06,2026-01-06,
2026-08-25,desktop,NO forecast,2026,1,2026-01-06,2026-01-06,
2026-08-26,desktop,NO forecast,2026,1,2026-01-06,2026-01-06,
2026-08-27,desktop,NO forecast,2026,1,2026-01-06,2026-01-06,
2026-08-28,desktop,NO forecast,2026,1,2026-01-06,2026-01-06,
2026-08-29,desktop,NO forecast,2026,1,2026-01-06,2026-01-06,
2026-08-30,desktop,NO forecast,2026,1,2026-01-06,2026-01-06,
2026-08-31,desktop,NO forecast,2026,1,2026-01-06,2026-01-06,
2026-09-01,desktop,NO forecast,2026,1,2026-01-06,2026-01-06,
2026-09-02,desktop,NO forecast,2026,1,2026-01-06,2026-01-06,
2026-09-03,desktop,NO forecast,2026,1,2026-01-06,2026-01-06,
2026-09-04,desktop,NO forecast,2026,1,2026-01-06,2026-01-06,
2026-09-05,desktop,NO forecast,2026,1,2026-01-06,2026-01-06,
2026-09-06,desktop,NO forecast,2026,1,2026-01-06,2026-01-06,
2026-09-07,desktop,NO forecast,2026,1,2026-01-06,2026-01-06,
2026-09-08,desktop,NO forecast,2026,1,2026-01-06,2026-01-06,
2026-09-09,desktop,NO forecast,2026,1,2026-01-06,2026-01-06,
2026-09-10,desktop,NO forecast,2026,1,2026-01-06,2026-01-06,
2026-09-11,desktop,NO forecast,2026,1,2026-01-06,2026-01-06,
2026-09-12,desktop,NO forecast,2026,1,2026-01-06,2026-01-06,
2026-09-13,desktop,NO forecast,2026,1,2026-01-06,2026-01-06,
2026-09-14,desktop,NO forecast,2026,1,2026-01-06,2026-01-06,
2026-09-15,desktop,NO forecast,2026,1,2026-01-06,2026-01-06,
2026-09-16,desktop,NO forecast,2026,1,2026-01-06,2026-01-06,
2026-09-17,desktop,NO forecast,2026,1,2026-01-06,2026-01-06,
2026-09-18,desktop,NO forecast,2026,1,2026-01-06,2026-01-06,
2026-09-19,desktop,NO forecast,2026,1,2026-01-06,2026-01-06,
2026-09-20,desktop,NO forecast,2026,1,2026-01-06,2026-01-06,
2026-09-21,desktop,NO forecast,2026,1,2026-01-06,2026-01-06,
2026-09-22,desktop,NO forecast,2026,1,2026-01-06,2026-01-06,
2026-09-23,desktop,NO forecast,2026,1,2026-01-06,2026-01-06,
2026-09-24,desktop,NO forecast,2026,1,2026-01-06,2026-01-06,
2026-09-25,desktop,NO forecast,2026,1,2026-01-06,2026-01-06,
2026-09-26,desktop,NO forecast,2026,1,2026-01-06,2026-01-06,
2026-09-27,desktop,NO forecast,2026,1,2026-01-06,2026-01-06,
2026-09-28,desktop,NO forecast,2026,1,2026-01-06,2026-01-06,
2026-09-29,desktop,NO forecast,2026,1,2026-01-06,2026-01-06,
2026-09-30,desktop,NO forecast,2026,1,2026-01-06,2026-01-06,
2026-10-01,desktop,NO forecast,2026,1,2026-01-06,2026-01-06,
2026-10-02,desktop,NO forecast,2026,1,2026-01-06,2026-01-06,
2026-10-03,desktop,NO forecast,2026,1,2026-01-06,2026-01-06,
2026-10-04,desktop,NO forecast,2026,1,2026-01-06,2026-01-06,
2026-10-05,desktop,NO forecast,2026,1,2026-01-06,2026-01-06,
2026-10-06,desktop,NO forecast,2026,1,2026-01-06,2026-01-06,
2026-10-07,desktop,NO forecast,2026,1,2026-01-06,2026-01-06,
2026-10-08,desktop,NO forecast,2026,1,2026-01-06,2026-01-06,
2026-10-09,desktop,NO forecast,2026,1,2026-01-06,2026-01-06,
2026-10-10,desktop,NO forecast,2026,1,2026-01-06,2026-01-06,
2026-10-11,desktop,NO forecast,2026,1,2026-01-06,2026-01-06,
2026-10-12,desktop,NO forecast,2026,1,2026-01-06,2026-01-06,
2026-10-13,desktop,NO forecast,2026,1,2026-01-06,2026-01-06,
2026-10-14,desktop,NO forecast,2026,1,2026-01-06,2026-01-06,
2026-10-15,desktop,NO forecast,2026,1,2026-01-06,2026-01-06,
2026-10-16,desktop,NO forecast,2026,1,2026-01-06,2026-01-06,
2026-10-17,desktop,NO forecast,2026,1,2026-01-06,2026-01-06,
2026-10-18,desktop,NO forecast,2026,1,2026-01-06,2026-01-06,
2026-10-19,desktop,NO forecast,2026,1,2026-01-06,2026-01-06,
2026-10-20,desktop,NO forecast,2026,1,2026-01-06,2026-01-06,
2026-10-21,desktop,NO forecast,2026,1,2026-01-06,2026-01-06,
2026-10-22,desktop,NO forecast,2026,1,2026-01-06,2026-01-06,
2026-10-23,desktop,NO forecast,2026,1,2026-01-06,2026-01-06,
2026-10-24,desktop,NO forecast,2026,1,2026-01-06,2026-01-06,
2026-10-25,desktop,NO forecast,2026,1,2026-01-06,2026-01-06,
2026-10-26,desktop,NO forecast,2026,1,2026-01-06,2026-01-06,
2026-10-27,desktop,NO forecast,2026,1,2026-01-06,2026-01-06,
2026-10-28,desktop,NO forecast,2026,1,2026-01-06,2026-01-06,
2026-10-29,desktop,NO forecast,2026,1,2026-01-06,2026-01-06,
2026-10-30,desktop,NO forecast,2026,1,2026-01-06,2026-01-06,
2026-10-31,desktop,NO forecast,2026,1,2026-01-06,2026-01-06,
2026-11-01,desktop,NO forecast,2026,1,2026-01-06,2026-01-06,
2026-11-02,desktop,NO forecast,2026,1,2026-01-06,2026-01-06,
2026-11-03,desktop,NO forecast,2026,1,2026-01-06,2026-01-06,
2026-11-04,desktop,NO forecast,2026,1,2026-01-06,2026-01-06,
2026-11-05,desktop,NO forecast,2026,1,2026-01-06,2026-01-06,
2026-11-06,desktop,NO forecast,2026,1,2026-01-06,2026-01-06,
2026-11-07,desktop,NO forecast,2026,1,2026-01-06,2026-01-06,
2026-11-08,desktop,NO forecast,2026,1,2026-01-06,2026-01-06,
2026-11-09,desktop,NO forecast,2026,1,2026-01-06,2026-01-06,
2026-11-10,desktop,NO forecast,2026,1,2026-01-06,2026-01-06,
2026-11-11,desktop,NO forecast,2026,1,2026-01-06,2026-01-06,
2026-11-12,desktop,NO forecast,2026,1,2026-01-06,2026-01-06,
2026-11-13,desktop,NO forecast,2026,1,2026-01-06,2026-01-06,
2026-11-14,desktop,NO forecast,2026,1,2026-01-06,2026-01-06,
2026-11-15,desktop,NO forecast,2026,1,2026-01-06,2026-01-06,
2026-11-16,desktop,NO forecast,2026,1,2026-01-06,2026-01-06,
2026-11-17,desktop,NO forecast,2026,1,2026-01-06,2026-01-06,
2026-11-18,desktop,NO forecast,2026,1,2026-01-06,2026-01-06,
2026-11-19,desktop,NO forecast,2026,1,2026-01-06,2026-01-06,
2026-11-20,desktop,NO forecast,2026,1,2026-01-06,2026-01-06,
2026-11-21,desktop,NO forecast,2026,1,2026-01-06,2026-01-06,
2026-11-22,desktop,NO forecast,2026,1,2026-01-06,2026-01-06,
2026-11-23,desktop,NO forecast,2026,1,2026-01-06,2026-01-06,
2026-11-24,desktop,NO forecast,2026,1,2026-01-06,2026-01-06,
2026-11-25,desktop,NO forecast,2026,1,2026-01-06,2026-01-06,
2026-11-26,desktop,NO forecast,2026,1,2026-01-06,2026-01-06,
2026-11-27,desktop,NO forecast,2026,1,2026-01-06,2026-01-06,
2026-11-28,desktop,NO forecast,2026,1,2026-01-06,2026-01-06,
2026-11-29,desktop,NO forecast,2026,1,2026-01-06,2026-01-06,
2026-11-30,desktop,NO forecast,2026,1,2026-01-06,2026-01-06,
2026-12-01,desktop,NO forecast,2026,1,2026-01-06,2026-01-06,
2026-12-02,desktop,NO forecast,2026,1,2026-01-06,2026-01-06,
2026-12-03,desktop,NO forecast,2026,1,2026-01-06,2026-01-06,
2026-12-04,desktop,NO forecast,2026,1,2026-01-06,2026-01-06,
2026-12-05,desktop,NO forecast,2026,1,2026-01-06,2026-01-06,
2026-12-06,desktop,NO forecast,2026,1,2026-01-06,2026-01-06,
2026-12-07,desktop,NO forecast,2026,1,2026-01-06,2026-01-06,
2026-12-08,desktop,NO forecast,2026,1,2026-01-06,2026-01-06,
2026-12-09,desktop,NO forecast,2026,1,2026-01-06,2026-01-06,
2026-12-10,desktop,NO forecast,2026,1,2026-01-06,2026-01-06,
2026-12-11,desktop,NO forecast,2026,1,2026-01-06,2026-01-06,
2026-12-12,desktop,NO forecast,2026,1,2026-01-06,2026-01-06,
2026-12-13,desktop,NO forecast,2026,1,2026-01-06,2026-01-06,
2026-12-14,desktop,NO forecast,2026,1,2026-01-06,2026-01-06,
2026-12-15,desktop,NO forecast,2026,1,2026-01-06,2026-01-06,
2026-12-16,desktop,NO forecast,2026,1,2026-01-06,2026-01-06,
2026-12-17,desktop,NO forecast,2026,1,2026-01-06,2026-01-06,
2026-12-18,desktop,NO forecast,2026,1,2026-01-06,2026-01-06,
2026-12-19,desktop,NO forecast,2026,1,2026-01-06,2026-01-06,
2026-12-20,desktop,NO forecast,2026,1,2026-01-06,2026-01-06,
2026-12-21,desktop,NO forecast,2026,1,2026-01-06,2026-01-06,
2026-12-22,desktop,NO forecast,2026,1,2026-01-06,2026-01-06,
2026-12-23,desktop,NO forecast,2026,1,2026-01-06,2026-01-06,
2026-12-24,desktop,NO forecast,2026,1,2026-01-06,2026-01-06,
2026-12-25,desktop,NO forecast,2026,1,2026-01-06,2026-01-06,
2026-12-26,desktop,NO forecast,2026,1,2026-01-06,2026-01-06,
2026-12-27,desktop,NO forecast,2026,1,2026-01-06,2026-01-06,
2026-12-28,desktop,NO forecast,2026,1,2026-01-06,2026-01-06,
2026-12-29,desktop,NO forecast,2026,1,2026-01-06,2026-01-06,
2026-12-30,desktop,NO forecast,2026,1,2026-01-06,2026-01-06,
2026-12-31,desktop,NO forecast,2026,1,2026-01-06,2026-01-06,
2026-01-01,mobile,NO forecast,2026,1,2026-01-06,2026-01-06,
2026-01-02,mobile,NO forecast,2026,1,2026-01-06,2026-01-06,
2026-01-03,mobile,NO forecast,2026,1,2026-01-06,2026-01-06,
2026-01-04,mobile,NO forecast,2026,1,2026-01-06,2026-01-06,
2026-01-05,mobile,NO forecast,2026,1,2026-01-06,2026-01-06,
2026-01-06,mobile,NO forecast,2026,1,2026-01-06,2026-01-06,
2026-01-07,mobile,NO forecast,2026,1,2026-01-06,2026-01-06,
2026-01-08,mobile,NO forecast,2026,1,2026-01-06,2026-01-06,
2026-01-09,mobile,NO forecast,2026,1,2026-01-06,2026-01-06,
2026-01-10,mobile,NO forecast,2026,1,2026-01-06,2026-01-06,
2026-01-11,mobile,NO forecast,2026,1,2026-01-06,2026-01-06,
2026-01-12,mobile,NO forecast,2026,1,2026-01-06,2026-01-06,
2026-01-13,mobile,NO forecast,2026,1,2026-01-06,2026-01-06,
2026-01-14,mobile,NO forecast,2026,1,2026-01-06,2026-01-06,
2026-01-15,mobile,NO forecast,2026,1,2026-01-06,2026-01-06,
2026-01-16,mobile,NO forecast,2026,1,2026-01-06,2026-01-06,
2026-01-17,mobile,NO forecast,2026,1,2026-01-06,2026-01-06,
2026-01-18,mobile,NO forecast,2026,1,2026-01-06,2026-01-06,
2026-01-19,mobile,NO forecast,2026,1,2026-01-06,2026-01-06,
2026-01-20,mobile,NO forecast,2026,1,2026-01-06,2026-01-06,
2026-01-21,mobile,NO forecast,2026,1,2026-01-06,2026-01-06,
2026-01-22,mobile,NO forecast,2026,1,2026-01-06,2026-01-06,
2026-01-23,mobile,NO forecast,2026,1,2026-01-06,2026-01-06,
2026-01-24,mobile,NO forecast,2026,1,2026-01-06,2026-01-06,
2026-01-25,mobile,NO forecast,2026,1,2026-01-06,2026-01-06,
2026-01-26,mobile,NO forecast,2026,1,2026-01-06,2026-01-06,
2026-01-27,mobile,NO forecast,2026,1,2026-01-06,2026-01-06,
2026-01-28,mobile,NO forecast,2026,1,2026-01-06,2026-01-06,
2026-01-29,mobile,NO forecast,2026,1,2026-01-06,2026-01-06,
2026-01-30,mobile,NO forecast,2026,1,2026-01-06,2026-01-06,
2026-01-31,mobile,NO forecast,2026,1,2026-01-06,2026-01-06,
2026-02-01,mobile,NO forecast,2026,1,2026-01-06,2026-01-06,
2026-02-02,mobile,NO forecast,2026,1,2026-01-06,2026-01-06,
2026-02-03,mobile,NO forecast,2026,1,2026-01-06,2026-01-06,
2026-02-04,mobile,NO forecast,2026,1,2026-01-06,2026-01-06,
2026-02-05,mobile,NO forecast,2026,1,2026-01-06,2026-01-06,
2026-02-06,mobile,NO forecast,2026,1,2026-01-06,2026-01-06,
2026-02-07,mobile,NO forecast,2026,1,2026-01-06,2026-01-06,
2026-02-08,mobile,NO forecast,2026,1,2026-01-06,2026-01-06,
2026-02-09,mobile,NO forecast,2026,1,2026-01-06,2026-01-06,
2026-02-10,mobile,NO forecast,2026,1,2026-01-06,2026-01-06,
2026-02-11,mobile,NO forecast,2026,1,2026-01-06,2026-01-06,
2026-02-12,mobile,NO forecast,2026,1,2026-01-06,2026-01-06,
2026-02-13,mobile,NO forecast,2026,1,2026-01-06,2026-01-06,
2026-02-14,mobile,NO forecast,2026,1,2026-01-06,2026-01-06,
2026-02-15,mobile,NO forecast,2026,1,2026-01-06,2026-01-06,
2026-02-16,mobile,NO forecast,2026,1,2026-01-06,2026-01-06,
2026-02-17,mobile,NO forecast,2026,1,2026-01-06,2026-01-06,
2026-02-18,mobile,NO forecast,2026,1,2026-01-06,2026-01-06,
2026-02-19,mobile,NO forecast,2026,1,2026-01-06,2026-01-06,
2026-02-20,mobile,NO forecast,2026,1,2026-01-06,2026-01-06,
2026-02-21,mobile,NO forecast,2026,1,2026-01-06,2026-01-06,
2026-02-22,mobile,NO forecast,2026,1,2026-01-06,2026-01-06,
2026-02-23,mobile,NO forecast,2026,1,2026-01-06,2026-01-06,
2026-02-24,mobile,NO forecast,2026,1,2026-01-06,2026-01-06,
2026-02-25,mobile,NO forecast,2026,1,2026-01-06,2026-01-06,
2026-02-26,mobile,NO forecast,2026,1,2026-01-06,2026-01-06,
2026-02-27,mobile,NO forecast,2026,1,2026-01-06,2026-01-06,
2026-02-28,mobile,NO forecast,2026,1,2026-01-06,2026-01-06,
2026-03-01,mobile,NO forecast,2026,1,2026-01-06,2026-01-06,
2026-03-02,mobile,NO forecast,2026,1,2026-01-06,2026-01-06,
2026-03-03,mobile,NO forecast,2026,1,2026-01-06,2026-01-06,
2026-03-04,mobile,NO forecast,2026,1,2026-01-06,2026-01-06,
2026-03-05,mobile,NO forecast,2026,1,2026-01-06,2026-01-06,
2026-03-06,mobile,NO forecast,2026,1,2026-01-06,2026-01-06,
2026-03-07,mobile,NO forecast,2026,1,2026-01-06,2026-01-06,
2026-03-08,mobile,NO forecast,2026,1,2026-01-06,2026-01-06,
2026-03-09,mobile,NO forecast,2026,1,2026-01-06,2026-01-06,
2026-03-10,mobile,NO forecast,2026,1,2026-01-06,2026-01-06,
2026-03-11,mobile,NO forecast,2026,1,2026-01-06,2026-01-06,
2026-03-12,mobile,NO forecast,2026,1,2026-01-06,2026-01-06,
2026-03-13,mobile,NO forecast,2026,1,2026-01-06,2026-01-06,
2026-03-14,mobile,NO forecast,2026,1,2026-01-06,2026-01-06,
2026-03-15,mobile,NO forecast,2026,1,2026-01-06,2026-01-06,
2026-03-16,mobile,NO forecast,2026,1,2026-01-06,2026-01-06,
2026-03-17,mobile,NO forecast,2026,1,2026-01-06,2026-01-06,
2026-03-18,mobile,NO forecast,2026,1,2026-01-06,2026-01-06,
2026-03-19,mobile,NO forecast,2026,1,2026-01-06,2026-01-06,
2026-03-20,mobile,NO forecast,2026,1,2026-01-06,2026-01-06,
2026-03-21,mobile,NO forecast,2026,1,2026-01-06,2026-01-06,
2026-03-22,mobile,NO forecast,2026,1,2026-01-06,2026-01-06,
2026-03-23,mobile,NO forecast,2026,1,2026-01-06,2026-01-06,
2026-03-24,mobile,NO forecast,2026,1,2026-01-06,2026-01-06,
2026-03-25,mobile,NO forecast,2026,1,2026-01-06,2026-01-06,
2026-03-26,mobile,NO forecast,2026,1,2026-01-06,2026-01-06,
2026-03-27,mobile,NO forecast,2026,1,2026-01-06,2026-01-06,
2026-03-28,mobile,NO forecast,2026,1,2026-01-06,2026-01-06,
2026-03-29,mobile,NO forecast,2026,1,2026-01-06,2026-01-06,
2026-03-30,mobile,NO forecast,2026,1,2026-01-06,2026-01-06,
2026-03-31,mobile,NO forecast,2026,1,2026-01-06,2026-01-06,
2026-04-01,mobile,NO forecast,2026,1,2026-01-06,2026-01-06,
2026-04-02,mobile,NO forecast,2026,1,2026-01-06,2026-01-06,
2026-04-03,mobile,NO forecast,2026,1,2026-01-06,2026-01-06,
2026-04-04,mobile,NO forecast,2026,1,2026-01-06,2026-01-06,
2026-04-05,mobile,NO forecast,2026,1,2026-01-06,2026-01-06,
2026-04-06,mobile,NO forecast,2026,1,2026-01-06,2026-01-06,
2026-04-07,mobile,NO forecast,2026,1,2026-01-06,2026-01-06,
2026-04-08,mobile,NO forecast,2026,1,2026-01-06,2026-01-06,
2026-04-09,mobile,NO forecast,2026,1,2026-01-06,2026-01-06,
2026-04-10,mobile,NO forecast,2026,1,2026-01-06,2026-01-06,
2026-04-11,mobile,NO forecast,2026,1,2026-01-06,2026-01-06,
2026-04-12,mobile,NO forecast,2026,1,2026-01-06,2026-01-06,
2026-04-13,mobile,NO forecast,2026,1,2026-01-06,2026-01-06,
2026-04-14,mobile,NO forecast,2026,1,2026-01-06,2026-01-06,
2026-04-15,mobile,NO forecast,2026,1,2026-01-06,2026-01-06,
2026-04-16,mobile,NO forecast,2026,1,2026-01-06,2026-01-06,
2026-04-17,mobile,NO forecast,2026,1,2026-01-06,2026-01-06,
2026-04-18,mobile,NO forecast,2026,1,2026-01-06,2026-01-06,
2026-04-19,mobile,NO forecast,2026,1,2026-01-06,2026-01-06,
2026-04-20,mobile,NO forecast,2026,1,2026-01-06,2026-01-06,
2026-04-21,mobile,NO forecast,2026,1,2026-01-06,2026-01-06,
2026-04-22,mobile,NO forecast,2026,1,2026-01-06,2026-01-06,
2026-04-23,mobile,NO forecast,2026,1,2026-01-06,2026-01-06,
2026-04-24,mobile,NO forecast,2026,1,2026-01-06,2026-01-06,
2026-04-25,mobile,NO forecast,2026,1,2026-01-06,2026-01-06,
2026-04-26,mobile,NO forecast,2026,1,2026-01-06,2026-01-06,
2026-04-27,mobile,NO forecast,2026,1,2026-01-06,2026-01-06,
2026-04-28,mobile,NO forecast,2026,1,2026-01-06,2026-01-06,
2026-04-29,mobile,NO forecast,2026,1,2026-01-06,2026-01-06,
2026-04-30,mobile,NO forecast,2026,1,2026-01-06,2026-01-06,
2026-05-01,mobile,NO forecast,2026,1,2026-01-06,2026-01-06,
2026-05-02,mobile,NO forecast,2026,1,2026-01-06,2026-01-06,
2026-05-03,mobile,NO forecast,2026,1,2026-01-06,2026-01-06,
2026-05-04,mobile,NO forecast,2026,1,2026-01-06,2026-01-06,
2026-05-05,mobile,NO forecast,2026,1,2026-01-06,2026-01-06,
2026-05-06,mobile,NO forecast,2026,1,2026-01-06,2026-01-06,
2026-05-07,mobile,NO forecast,2026,1,2026-01-06,2026-01-06,
2026-05-08,mobile,NO forecast,2026,1,2026-01-06,2026-01-06,
2026-05-09,mobile,NO forecast,2026,1,2026-01-06,2026-01-06,
2026-05-10,mobile,NO forecast,2026,1,2026-01-06,2026-01-06,
2026-05-11,mobile,NO forecast,2026,1,2026-01-06,2026-01-06,
2026-05-12,mobile,NO forecast,2026,1,2026-01-06,2026-01-06,
2026-05-13,mobile,NO forecast,2026,1,2026-01-06,2026-01-06,
2026-05-14,mobile,NO forecast,2026,1,2026-01-06,2026-01-06,
2026-05-15,mobile,NO forecast,2026,1,2026-01-06,2026-01-06,
2026-05-16,mobile,NO forecast,2026,1,2026-01-06,2026-01-06,
2026-05-17,mobile,NO forecast,2026,1,2026-01-06,2026-01-06,
2026-05-18,mobile,NO forecast,2026,1,2026-01-06,2026-01-06,
2026-05-19,mobile,NO forecast,2026,1,2026-01-06,2026-01-06,
2026-05-20,mobile,NO forecast,2026,1,2026-01-06,2026-01-06,
2026-05-21,mobile,NO forecast,2026,1,2026-01-06,2026-01-06,
2026-05-22,mobile,NO forecast,2026,1,2026-01-06,2026-01-06,
2026-05-23,mobile,NO forecast,2026,1,2026-01-06,2026-01-06,
2026-05-24,mobile,NO forecast,2026,1,2026-01-06,2026-01-06,
2026-05-25,mobile,NO forecast,2026,1,2026-01-06,2026-01-06,
2026-05-26,mobile,NO forecast,2026,1,2026-01-06,2026-01-06,
2026-05-27,mobile,NO forecast,2026,1,2026-01-06,2026-01-06,
2026-05-28,mobile,NO forecast,2026,1,2026-01-06,2026-01-06,
2026-05-29,mobile,NO forecast,2026,1,2026-01-06,2026-01-06,
2026-05-30,mobile,NO forecast,2026,1,2026-01-06,2026-01-06,
2026-05-31,mobile,NO forecast,2026,1,2026-01-06,2026-01-06,
2026-06-01,mobile,NO forecast,2026,1,2026-01-06,2026-01-06,
2026-06-02,mobile,NO forecast,2026,1,2026-01-06,2026-01-06,
2026-06-03,mobile,NO forecast,2026,1,2026-01-06,2026-01-06,
2026-06-04,mobile,NO forecast,2026,1,2026-01-06,2026-01-06,
2026-06-05,mobile,NO forecast,2026,1,2026-01-06,2026-01-06,
2026-06-06,mobile,NO forecast,2026,1,2026-01-06,2026-01-06,
2026-06-07,mobile,NO forecast,2026,1,2026-01-06,2026-01-06,
2026-06-08,mobile,NO forecast,2026,1,2026-01-06,2026-01-06,
2026-06-09,mobile,NO forecast,2026,1,2026-01-06,2026-01-06,
2026-06-10,mobile,NO forecast,2026,1,2026-01-06,2026-01-06,
2026-06-11,mobile,NO forecast,2026,1,2026-01-06,2026-01-06,
2026-06-12,mobile,NO forecast,2026,1,2026-01-06,2026-01-06,
2026-06-13,mobile,NO forecast,2026,1,2026-01-06,2026-01-06,
2026-06-14,mobile,NO forecast,2026,1,2026-01-06,2026-01-06,
2026-06-15,mobile,NO forecast,2026,1,2026-01-06,2026-01-06,
2026-06-16,mobile,NO forecast,2026,1,2026-01-06,2026-01-06,
2026-06-17,mobile,NO forecast,2026,1,2026-01-06,2026-01-06,
2026-06-18,mobile,NO forecast,2026,1,2026-01-06,2026-01-06,
2026-06-19,mobile,NO forecast,2026,1,2026-01-06,2026-01-06,
2026-06-20,mobile,NO forecast,2026,1,2026-01-06,2026-01-06,
2026-06-21,mobile,NO forecast,2026,1,2026-01-06,2026-01-06,
2026-06-22,mobile,NO forecast,2026,1,2026-01-06,2026-01-06,
2026-06-23,mobile,NO forecast,2026,1,2026-01-06,2026-01-06,
2026-06-24,mobile,NO forecast,2026,1,2026-01-06,2026-01-06,
2026-06-25,mobile,NO forecast,2026,1,2026-01-06,2026-01-06,
2026-06-26,mobile,NO forecast,2026,1,2026-01-06,2026-01-06,
2026-06-27,mobile,NO forecast,2026,1,2026-01-06,2026-01-06,
2026-06-28,mobile,NO forecast,2026,1,2026-01-06,2026-01-06,
2026-06-29,mobile,NO forecast,2026,1,2026-01-06,2026-01-06,
2026-06-30,mobile,NO forecast,2026,1,2026-01-06,2026-01-06,
2026-07-01,mobile,NO forecast,2026,1,2026-01-06,2026-01-06,
2026-07-02,mobile,NO forecast,2026,1,2026-01-06,2026-01-06,
2026-07-03,mobile,NO forecast,2026,1,2026-01-06,2026-01-06,
2026-07-04,mobile,NO forecast,2026,1,2026-01-06,2026-01-06,
2026-07-05,mobile,NO forecast,2026,1,2026-01-06,2026-01-06,
2026-07-06,mobile,NO forecast,2026,1,2026-01-06,2026-01-06,
2026-07-07,mobile,NO forecast,2026,1,2026-01-06,2026-01-06,
2026-07-08,mobile,NO forecast,2026,1,2026-01-06,2026-01-06,
2026-07-09,mobile,NO forecast,2026,1,2026-01-06,2026-01-06,
2026-07-10,mobile,NO forecast,2026,1,2026-01-06,2026-01-06,
2026-07-11,mobile,NO forecast,2026,1,2026-01-06,2026-01-06,
2026-07-12,mobile,NO forecast,2026,1,2026-01-06,2026-01-06,
2026-07-13,mobile,NO forecast,2026,1,2026-01-06,2026-01-06,
2026-07-14,mobile,NO forecast,2026,1,2026-01-06,2026-01-06,
2026-07-15,mobile,NO forecast,2026,1,2026-01-06,2026-01-06,
2026-07-16,mobile,NO forecast,2026,1,2026-01-06,2026-01-06,
2026-07-17,mobile,NO forecast,2026,1,2026-01-06,2026-01-06,
2026-07-18,mobile,NO forecast,2026,1,2026-01-06,2026-01-06,
2026-07-19,mobile,NO forecast,2026,1,2026-01-06,2026-01-06,
2026-07-20,mobile,NO forecast,2026,1,2026-01-06,2026-01-06,
2026-07-21,mobile,NO forecast,2026,1,2026-01-06,2026-01-06,
2026-07-22,mobile,NO forecast,2026,1,2026-01-06,2026-01-06,
2026-07-23,mobile,NO forecast,2026,1,2026-01-06,2026-01-06,
2026-07-24,mobile,NO forecast,2026,1,2026-01-06,2026-01-06,
2026-07-25,mobile,NO forecast,2026,1,2026-01-06,2026-01-06,
2026-07-26,mobile,NO forecast,2026,1,2026-01-06,2026-01-06,
2026-07-27,mobile,NO forecast,2026,1,2026-01-06,2026-01-06,
2026-07-28,mobile,NO forecast,2026,1,2026-01-06,2026-01-06,
2026-07-29,mobile,NO forecast,2026,1,2026-01-06,2026-01-06,
2026-07-30,mobile,NO forecast,2026,1,2026-01-06,2026-01-06,
2026-07-31,mobile,NO forecast,2026,1,2026-01-06,2026-01-06,
2026-08-01,mobile,NO forecast,2026,1,2026-01-06,2026-01-06,
2026-08-02,mobile,NO forecast,2026,1,2026-01-06,2026-01-06,
2026-08-03,mobile,NO forecast,2026,1,2026-01-06,2026-01-06,
2026-08-04,mobile,NO forecast,2026,1,2026-01-06,2026-01-06,
2026-08-05,mobile,NO forecast,2026,1,2026-01-06,2026-01-06,
2026-08-06,mobile,NO forecast,2026,1,2026-01-06,2026-01-06,
2026-08-07,mobile,NO forecast,2026,1,2026-01-06,2026-01-06,
2026-08-08,mobile,NO forecast,2026,1,2026-01-06,2026-01-06,
2026-08-09,mobile,NO forecast,2026,1,2026-01-06,2026-01-06,
2026-08-10,mobile,NO forecast,2026,1,2026-01-06,2026-01-06,
2026-08-11,mobile,NO forecast,2026,1,2026-01-06,2026-01-06,
2026-08-12,mobile,NO forecast,2026,1,2026-01-06,2026-01-06,
2026-08-13,mobile,NO forecast,2026,1,2026-01-06,2026-01-06,
2026-08-14,mobile,NO forecast,2026,1,2026-01-06,2026-01-06,
2026-08-15,mobile,NO forecast,2026,1,2026-01-06,2026-01-06,
2026-08-16,mobile,NO forecast,2026,1,2026-01-06,2026-01-06,
2026-08-17,mobile,NO forecast,2026,1,2026-01-06,2026-01-06,
2026-08-18,mobile,NO forecast,2026,1,2026-01-06,2026-01-06,
2026-08-19,mobile,NO forecast,2026,1,2026-01-06,2026-01-06,
2026-08-20,mobile,NO forecast,2026,1,2026-01-06,2026-01-06,
2026-08-21,mobile,NO forecast,2026,1,2026-01-06,2026-01-06,
2026-08-22,mobile,NO forecast,2026,1,2026-01-06,2026-01-06,
2026-08-23,mobile,NO forecast,2026,1,2026-01-06,2026-01-06,
2026-08-24,mobile,NO forecast,2026,1,2026-01-06,2026-01-06,
2026-08-25,mobile,NO forecast,2026,1,2026-01-06,2026-01-06,
2026-08-26,mobile,NO forecast,2026,1,2026-01-06,2026-01-06,
2026-08-27,mobile,NO forecast,2026,1,2026-01-06,2026-01-06,
2026-08-28,mobile,NO forecast,2026,1,2026-01-06,2026-01-06,
2026-08-29,mobile,NO forecast,2026,1,2026-01-06,2026-01-06,
2026-08-30,mobile,NO forecast,2026,1,2026-01-06,2026-01-06,
2026-08-31,mobile,NO forecast,2026,1,2026-01-06,2026-01-06,
2026-09-01,mobile,NO forecast,2026,1,2026-01-06,2026-01-06,
2026-09-02,mobile,NO forecast,2026,1,2026-01-06,2026-01-06,
2026-09-03,mobile,NO forecast,2026,1,2026-01-06,2026-01-06,
2026-09-04,mobile,NO forecast,2026,1,2026-01-06,2026-01-06,
2026-09-05,mobile,NO forecast,2026,1,2026-01-06,2026-01-06,
2026-09-06,mobile,NO forecast,2026,1,2026-01-06,2026-01-06,
2026-09-07,mobile,NO forecast,2026,1,2026-01-06,2026-01-06,
2026-09-08,mobile,NO forecast,2026,1,2026-01-06,2026-01-06,
2026-09-09,mobile,NO forecast,2026,1,2026-01-06,2026-01-06,
2026-09-10,mobile,NO forecast,2026,1,2026-01-06,2026-01-06,
2026-09-11,mobile,NO forecast,2026,1,2026-01-06,2026-01-06,
2026-09-12,mobile,NO forecast,2026,1,2026-01-06,2026-01-06,
2026-09-13,mobile,NO forecast,2026,1,2026-01-06,2026-01-06,
2026-09-14,mobile,NO forecast,2026,1,2026-01-06,2026-01-06,
2026-09-15,mobile,NO forecast,2026,1,2026-01-06,2026-01-06,
2026-09-16,mobile,NO forecast,2026,1,2026-01-06,2026-01-06,
2026-09-17,mobile,NO forecast,2026,1,2026-01-06,2026-01-06,
2026-09-18,mobile,NO forecast,2026,1,2026-01-06,2026-01-06,
2026-09-19,mobile,NO forecast,2026,1,2026-01-06,2026-01-06,
2026-09-20,mobile,NO forecast,2026,1,2026-01-06,2026-01-06,
2026-09-21,mobile,NO forecast,2026,1,2026-01-06,2026-01-06,
2026-09-22,mobile,NO forecast,2026,1,2026-01-06,2026-01-06,
2026-09-23,mobile,NO forecast,2026,1,2026-01-06,2026-01-06,
2026-09-24,mobile,NO forecast,2026,1,2026-01-06,2026-01-06,
2026-09-25,mobile,NO forecast,2026,1,2026-01-06,2026-01-06,
2026-09-26,mobile,NO forecast,2026,1,2026-01-06,2026-01-06,
2026-09-27,mobile,NO forecast,2026,1,2026-01-06,2026-01-06,
2026-09-28,mobile,NO forecast,2026,1,2026-01-06,2026-01-06,
2026-09-29,mobile,NO forecast,2026,1,2026-01-06,2026-01-06,
2026-09-30,mobile,NO forecast,2026,1,2026-01-06,2026-01-06,
2026-10-01,mobile,NO forecast,2026,1,2026-01-06,2026-01-06,
2026-10-02,mobile,NO forecast,2026,1,2026-01-06,2026-01-06,
2026-10-03,mobile,NO forecast,2026,1,2026-01-06,2026-01-06,
2026-10-04,mobile,NO forecast,2026,1,2026-01-06,2026-01-06,
2026-10-05,mobile,NO forecast,2026,1,2026-01-06,2026-01-06,
2026-10-06,mobile,NO forecast,2026,1,2026-01-06,2026-01-06,
2026-10-07,mobile,NO forecast,2026,1,2026-01-06,2026-01-06,
2026-10-08,mobile,NO forecast,2026,1,2026-01-06,2026-01-06,
2026-10-09,mobile,NO forecast,2026,1,2026-01-06,2026-01-06,
2026-10-10,mobile,NO forecast,2026,1,2026-01-06,2026-01-06,
2026-10-11,mobile,NO forecast,2026,1,2026-01-06,2026-01-06,
2026-10-12,mobile,NO forecast,2026,1,2026-01-06,2026-01-06,
2026-10-13,mobile,NO forecast,2026,1,2026-01-06,2026-01-06,
2026-10-14,mobile,NO forecast,2026,1,2026-01-06,2026-01-06,
2026-10-15,mobile,NO forecast,2026,1,2026-01-06,2026-01-06,
2026-10-16,mobile,NO forecast,2026,1,2026-01-06,2026-01-06,
2026-10-17,mobile,NO forecast,2026,1,2026-01-06,2026-01-06,
2026-10-18,mobile,NO forecast,2026,1,2026-01-06,2026-01-06,
2026-10-19,mobile,NO forecast,2026,1,2026-01-06,2026-01-06,
2026-10-20,mobile,NO forecast,2026,1,2026-01-06,2026-01-06,
2026-10-21,mobile,NO forecast,2026,1,2026-01-06,2026-01-06,
2026-10-22,mobile,NO forecast,2026,1,2026-01-06,2026-01-06,
2026-10-23,mobile,NO forecast,2026,1,2026-01-06,2026-01-06,
2026-10-24,mobile,NO forecast,2026,1,2026-01-06,2026-01-06,
2026-10-25,mobile,NO forecast,2026,1,2026-01-06,2026-01-06,
2026-10-26,mobile,NO forecast,2026,1,2026-01-06,2026-01-06,
2026-10-27,mobile,NO forecast,2026,1,2026-01-06,2026-01-06,
2026-10-28,mobile,NO forecast,2026,1,2026-01-06,2026-01-06,
2026-10-29,mobile,NO forecast,2026,1,2026-01-06,2026-01-06,
2026-10-30,mobile,NO forecast,2026,1,2026-01-06,2026-01-06,
2026-10-31,mobile,NO forecast,2026,1,2026-01-06,2026-01-06,
2026-11-01,mobile,NO forecast,2026,1,2026-01-06,2026-01-06,
2026-11-02,mobile,NO forecast,2026,1,2026-01-06,2026-01-06,
2026-11-03,mobile,NO forecast,2026,1,2026-01-06,2026-01-06,
2026-11-04,mobile,NO forecast,2026,1,2026-01-06,2026-01-06,
2026-11-05,mobile,NO forecast,2026,1,2026-01-06,2026-01-06,
2026-11-06,mobile,NO forecast,2026,1,2026-01-06,2026-01-06,
2026-11-07,mobile,NO forecast,2026,1,2026-01-06,2026-01-06,
2026-11-08,mobile,NO forecast,2026,1,2026-01-06,2026-01-06,
2026-11-09,mobile,NO forecast,2026,1,2026-01-06,2026-01-06,
2026-11-10,mobile,NO forecast,2026,1,2026-01-06,2026-01-06,
2026-11-11,mobile,NO forecast,2026,1,2026-01-06,2026-01-06,
2026-11-12,mobile,NO forecast,2026,1,2026-01-06,2026-01-06,
2026-11-13,mobile,NO forecast,2026,1,2026-01-06,2026-01-06,
2026-11-14,mobile,NO forecast,2026,1,2026-01-06,2026-01-06,
2026-11-15,mobile,NO forecast,2026,1,2026-01-06,2026-01-06,
2026-11-16,mobile,NO forecast,2026,1,2026-01-06,2026-01-06,
2026-11-17,mobile,NO forecast,2026,1,2026-01-06,2026-01-06,
2026-11-18,mobile,NO forecast,2026,1,2026-01-06,2026-01-06,
2026-11-19,mobile,NO forecast,2026,1,2026-01-06,2026-01-06,
2026-11-20,mobile,NO forecast,2026,1,2026-01-06,2026-01-06,
2026-11-21,mobile,NO forecast,2026,1,2026-01-06,2026-01-06,
2026-11-22,mobile,NO forecast,2026,1,2026-01-06,2026-01-06,
2026-11-23,mobile,NO forecast,2026,1,2026-01-06,2026-01-06,
2026-11-24,mobile,NO forecast,2026,1,2026-01-06,2026-01-06,
2026-11-25,mobile,NO forecast,2026,1,2026-01-06,2026-01-06,
2026-11-26,mobile,NO forecast,2026,1,2026-01-06,2026-01-06,
2026-11-27,mobile,NO forecast,2026,1,2026-01-06,2026-01-06,
2026-11-28,mobile,NO forecast,2026,1,2026-01-06,2026-01-06,
2026-11-29,mobile,NO forecast,2026,1,2026-01-06,2026-01-06,
2026-11-30,mobile,NO forecast,2026,1,2026-01-06,2026-01-06,
2026-12-01,mobile,NO forecast,2026,1,2026-01-06,2026-01-06,
2026-12-02,mobile,NO forecast,2026,1,2026-01-06,2026-01-06,
2026-12-03,mobile,NO forecast,2026,1,2026-01-06,2026-01-06,
2026-12-04,mobile,NO forecast,2026,1,2026-01-06,2026-01-06,
2026-12-05,mobile,NO forecast,2026,1,2026-01-06,2026-01-06,
2026-12-06,mobile,NO forecast,2026,1,2026-01-06,2026-01-06,
2026-12-07,mobile,NO forecast,2026,1,2026-01-06,2026-01-06,
2026-12-08,mobile,NO forecast,2026,1,2026-01-06,2026-01-06,
2026-12-09,mobile,NO forecast,2026,1,2026-01-06,2026-01-06,
2026-12-10,mobile,NO forecast,2026,1,2026-01-06,2026-01-06,
2026-12-11,mobile,NO forecast,2026,1,2026-01-06,2026-01-06,
2026-12-12,mobile,NO forecast,2026,1,2026-01-06,2026-01-06,
2026-12-13,mobile,NO forecast,2026,1,2026-01-06,2026-01-06,
2026-12-14,mobile,NO forecast,2026,1,2026-01-06,2026-01-06,
2026-12-15,mobile,NO forecast,2026,1,2026-01-06,2026-01-06,
2026-12-16,mobile,NO forecast,2026,1,2026-01-06,2026-01-06,
2026-12-17,mobile,NO forecast,2026,1,2026-01-06,2026-01-06,
2026-12-18,mobile,NO forecast,2026,1,2026-01-06,2026-01-06,
2026-12-19,mobile,NO forecast,2026,1,2026-01-06,2026-01-06,
2026-12-20,mobile,NO forecast,2026,1,2026-01-06,2026-01-06,
2026-12-21,mobile,NO forecast,2026,1,2026-01-06,2026-01-06,
2026-12-22,mobile,NO forecast,2026,1,2026-01-06,2026-01-06,
2026-12-23,mobile,NO forecast,2026,1,2026-01-06,2026-01-06,
2026-12-24,mobile,NO forecast,2026,1,2026-01-06,2026-01-06,
2026-12-25,mobile,NO forecast,2026,1,2026-01-06,2026-01-06,
2026-12-26,mobile,NO forecast,2026,1,2026-01-06,2026-01-06,
2026-12-27,mobile,NO forecast,2026,1,2026-01-06,2026-01-06,
2026-12-28,mobile,NO forecast,2026,1,2026-01-06,2026-01-06,
2026-12-29,mobile,NO forecast,2026,1,2026-01-06,2026-01-06,
2026-12-30,mobile,NO forecast,2026,1,2026-01-06,2026-01-06,
2026-12-31,mobile,NO forecast,2026,1,2026-01-06,2026-01-06,
2026-01-01,desktop,JAN forecast,2026,1,2026-01-06,2026-01-06,46372491
2026-01-02,desktop,JAN forecast,2026,1,2026-01-06,2026-01-06,46203053
2026-01-03,desktop,JAN forecast,2026,1,2026-01-06,2026-01-06,46054939
2026-01-04,desktop,JAN forecast,2026,1,2026-01-06,2026-01-06,45938235
2026-01-05,desktop,JAN forecast,2026,1,2026-01-06,2026-01-06,45970240
2026-01-06,desktop,JAN forecast,2026,1,2026-01-06,2026-01-06,45890491
2026-01-07,desktop,JAN forecast,2026,1,2026-01-06,2026-01-06,45870175
2026-01-08,desktop,JAN forecast,2026,1,2026-01-06,2026-01-06,45878879
2026-01-09,desktop,JAN forecast,2026,1,2026-01-06,2026-01-06,45890815
2026-01-10,desktop,JAN forecast,2026,1,2026-01-06,2026-01-06,45843441
2026-01-11,desktop,JAN forecast,2026,1,2026-01-06,2026-01-06,45798644
2026-01-12,desktop,JAN forecast,2026,1,2026-01-06,2026-01-06,45829117
2026-01-13,desktop,JAN forecast,2026,1,2026-01-06,2026-01-06,45873885
2026-01-14,desktop,JAN forecast,2026,1,2026-01-06,2026-01-06,45933096
2026-01-15,desktop,JAN forecast,2026,1,2026-01-06,2026-01-06,45998626
2026-01-16,desktop,JAN forecast,2026,1,2026-01-06,2026-01-06,46047274
2026-01-17,desktop,JAN forecast,2026,1,2026-01-06,2026-01-06,46145492
2026-01-18,desktop,JAN forecast,2026,1,2026-01-06,2026-01-06,46271564
2026-01-19,desktop,JAN forecast,2026,1,2026-01-06,2026-01-06,46473709
2026-01-20,desktop,JAN forecast,2026,1,2026-01-06,2026-01-06,47334469
2026-01-21,desktop,JAN forecast,2026,1,2026-01-06,2026-01-06,47776396
2026-01-22,desktop,JAN forecast,2026,1,2026-01-06,2026-01-06,48458426
2026-01-23,desktop,JAN forecast,2026,1,2026-01-06,2026-01-06,48899366
2026-01-24,desktop,JAN forecast,2026,1,2026-01-06,2026-01-06,49141808
2026-01-25,desktop,JAN forecast,2026,1,2026-01-06,2026-01-06,49362596
2026-01-26,desktop,JAN forecast,2026,1,2026-01-06,2026-01-06,49665395
2026-01-27,desktop,JAN forecast,2026,1,2026-01-06,2026-01-06,50014779
2026-01-28,desktop,JAN forecast,2026,1,2026-01-06,2026-01-06,50473323
2026-01-29,desktop,JAN forecast,2026,1,2026-01-06,2026-01-06,51045597
2026-01-30,desktop,JAN forecast,2026,1,2026-01-06,2026-01-06,51293145
2026-01-31,desktop,JAN forecast,2026,1,2026-01-06,2026-01-06,51440694
2026-02-01,desktop,JAN forecast,2026,1,2026-01-06,2026-01-06,51564034
2026-02-02,desktop,JAN forecast,2026,1,2026-01-06,2026-01-06,51701627
2026-02-03,desktop,JAN forecast,2026,1,2026-01-06,2026-01-06,51865468
2026-02-04,desktop,JAN forecast,2026,1,2026-01-06,2026-01-06,51953138
2026-02-05,desktop,JAN forecast,2026,1,2026-01-06,2026-01-06,52022429
2026-02-06,desktop,JAN forecast,2026,1,2026-01-06,2026-01-06,52075797
2026-02-07,desktop,JAN forecast,2026,1,2026-01-06,2026-01-06,52114427
2026-02-08,desktop,JAN forecast,2026,1,2026-01-06,2026-01-06,52142697
2026-02-09,desktop,JAN forecast,2026,1,2026-01-06,2026-01-06,52171261
2026-02-10,desktop,JAN forecast,2026,1,2026-01-06,2026-01-06,52183651
2026-02-11,desktop,JAN forecast,2026,1,2026-01-06,2026-01-06,52161018
2026-02-12,desktop,JAN forecast,2026,1,2026-01-06,2026-01-06,52150650
2026-02-13,desktop,JAN forecast,2026,1,2026-01-06,2026-01-06,52163995
2026-02-14,desktop,JAN forecast,2026,1,2026-01-06,2026-01-06,52146527
2026-02-15,desktop,JAN forecast,2026,1,2026-01-06,2026-01-06,52101773
2026-02-16,desktop,JAN forecast,2026,1,2026-01-06,2026-01-06,51964926
2026-02-17,desktop,JAN forecast,2026,1,2026-01-06,2026-01-06,51799667
2026-02-18,desktop,JAN forecast,2026,1,2026-01-06,2026-01-06,51728207
2026-02-19,desktop,JAN forecast,2026,1,2026-01-06,2026-01-06,51682514
2026-02-20,desktop,JAN forecast,2026,1,2026-01-06,2026-01-06,51639384
2026-02-21,desktop,JAN forecast,2026,1,2026-01-06,2026-01-06,51594450
2026-02-22,desktop,JAN forecast,2026,1,2026-01-06,2026-01-06,51560412
2026-02-23,desktop,JAN forecast,2026,1,2026-01-06,2026-01-06,51540615
2026-02-24,desktop,JAN forecast,2026,1,2026-01-06,2026-01-06,51511653
2026-02-25,desktop,JAN forecast,2026,1,2026-01-06,2026-01-06,51496848
2026-02-26,desktop,JAN forecast,2026,1,2026-01-06,2026-01-06,51479919
2026-02-27,desktop,JAN forecast,2026,1,2026-01-06,2026-01-06,51467197
2026-02-28,desktop,JAN forecast,2026,1,2026-01-06,2026-01-06,51457444
2026-03-01,desktop,JAN forecast,2026,1,2026-01-06,2026-01-06,51448891
2026-03-02,desktop,JAN forecast,2026,1,2026-01-06,2026-01-06,51461634
2026-03-03,desktop,JAN forecast,2026,1,2026-01-06,2026-01-06,51472877
2026-03-04,desktop,JAN forecast,2026,1,2026-01-06,2026-01-06,51471168
2026-03-05,desktop,JAN forecast,2026,1,2026-01-06,2026-01-06,51475224
2026-03-06,desktop,JAN forecast,2026,1,2026-01-06,2026-01-06,51480070
2026-03-07,desktop,JAN forecast,2026,1,2026-01-06,2026-01-06,51487078
2026-03-08,desktop,JAN forecast,2026,1,2026-01-06,2026-01-06,51491276
2026-03-09,desktop,JAN forecast,2026,1,2026-01-06,2026-01-06,51500469
2026-03-10,desktop,JAN forecast,2026,1,2026-01-06,2026-01-06,51505116
2026-03-11,desktop,JAN forecast,2026,1,2026-01-06,2026-01-06,51549945
2026-03-12,desktop,JAN forecast,2026,1,2026-01-06,2026-01-06,51571801
2026-03-13,desktop,JAN forecast,2026,1,2026-01-06,2026-01-06,51592193
2026-03-14,desktop,JAN forecast,2026,1,2026-01-06,2026-01-06,51615407
2026-03-15,desktop,JAN forecast,2026,1,2026-01-06,2026-01-06,51658162
2026-03-16,desktop,JAN forecast,2026,1,2026-01-06,2026-01-06,51785615
2026-03-17,desktop,JAN forecast,2026,1,2026-01-06,2026-01-06,51905234
2026-03-18,desktop,JAN forecast,2026,1,2026-01-06,2026-01-06,51911392
2026-03-19,desktop,JAN forecast,2026,1,2026-01-06,2026-01-06,51852181
2026-03-20,desktop,JAN forecast,2026,1,2026-01-06,2026-01-06,51751090
2026-03-21,desktop,JAN forecast,2026,1,2026-01-06,2026-01-06,51686070
2026-03-22,desktop,JAN forecast,2026,1,2026-01-06,2026-01-06,51636823
2026-03-23,desktop,JAN forecast,2026,1,2026-01-06,2026-01-06,51603367
2026-03-24,desktop,JAN forecast,2026,1,2026-01-06,2026-01-06,51545697
2026-03-25,desktop,JAN forecast,2026,1,2026-01-06,2026-01-06,51498136
2026-03-26,desktop,JAN forecast,2026,1,2026-01-06,2026-01-06,51460762
2026-03-27,desktop,JAN forecast,2026,1,2026-01-06,2026-01-06,51430020
2026-03-28,desktop,JAN forecast,2026,1,2026-01-06,2026-01-06,51399268
2026-03-29,desktop,JAN forecast,2026,1,2026-01-06,2026-01-06,51359762
2026-03-30,desktop,JAN forecast,2026,1,2026-01-06,2026-01-06,51270803
2026-03-31,desktop,JAN forecast,2026,1,2026-01-06,2026-01-06,51162011
2026-04-01,desktop,JAN forecast,2026,1,2026-01-06,2026-01-06,51034343
2026-04-02,desktop,JAN forecast,2026,1,2026-01-06,2026-01-06,50812112
2026-04-03,desktop,JAN forecast,2026,1,2026-01-06,2026-01-06,50382166
2026-04-04,desktop,JAN forecast,2026,1,2026-01-06,2026-01-06,50249034
2026-04-05,desktop,JAN forecast,2026,1,2026-01-06,2026-01-06,50087332
2026-04-06,desktop,JAN forecast,2026,1,2026-01-06,2026-01-06,49689391
2026-04-07,desktop,JAN forecast,2026,1,2026-01-06,2026-01-06,49599327
2026-04-08,desktop,JAN forecast,2026,1,2026-01-06,2026-01-06,49533090
2026-04-09,desktop,JAN forecast,2026,1,2026-01-06,2026-01-06,49471072
2026-04-10,desktop,JAN forecast,2026,1,2026-01-06,2026-01-06,49413431
2026-04-11,desktop,JAN forecast,2026,1,2026-01-06,2026-01-06,49375094
2026-04-12,desktop,JAN forecast,2026,1,2026-01-06,2026-01-06,49341599
2026-04-13,desktop,JAN forecast,2026,1,2026-01-06,2026-01-06,49318649
2026-04-14,desktop,JAN forecast,2026,1,2026-01-06,2026-01-06,49313263
2026-04-15,desktop,JAN forecast,2026,1,2026-01-06,2026-01-06,49318068
2026-04-16,desktop,JAN forecast,2026,1,2026-01-06,2026-01-06,49359533
2026-04-17,desktop,JAN forecast,2026,1,2026-01-06,2026-01-06,49435833
2026-04-18,desktop,JAN forecast,2026,1,2026-01-06,2026-01-06,49470718
2026-04-19,desktop,JAN forecast,2026,1,2026-01-06,2026-01-06,49482013
2026-04-20,desktop,JAN forecast,2026,1,2026-01-06,2026-01-06,49490499
2026-04-21,desktop,JAN forecast,2026,1,2026-01-06,2026-01-06,49462692
2026-04-22,desktop,JAN forecast,2026,1,2026-01-06,2026-01-06,49439650
2026-04-23,desktop,JAN forecast,2026,1,2026-01-06,2026-01-06,49411387
2026-04-24,desktop,JAN forecast,2026,1,2026-01-06,2026-01-06,49365690
2026-04-25,desktop,JAN forecast,2026,1,2026-01-06,2026-01-06,49314650
2026-04-26,desktop,JAN forecast,2026,1,2026-01-06,2026-01-06,49277815
2026-04-27,desktop,JAN forecast,2026,1,2026-01-06,2026-01-06,49272694
2026-04-28,desktop,JAN forecast,2026,1,2026-01-06,2026-01-06,49286479
2026-04-29,desktop,JAN forecast,2026,1,2026-01-06,2026-01-06,49316629
2026-04-30,desktop,JAN forecast,2026,1,2026-01-06,2026-01-06,49417418
2026-05-01,desktop,JAN forecast,2026,1,2026-01-06,2026-01-06,49527156
2026-05-02,desktop,JAN forecast,2026,1,2026-01-06,2026-01-06,49536694
2026-05-03,desktop,JAN forecast,2026,1,2026-01-06,2026-01-06,49590805
2026-05-04,desktop,JAN forecast,2026,1,2026-01-06,2026-01-06,49868250
2026-05-05,desktop,JAN forecast,2026,1,2026-01-06,2026-01-06,49847962
2026-05-06,desktop,JAN forecast,2026,1,2026-01-06,2026-01-06,49810339
2026-05-07,desktop,JAN forecast,2026,1,2026-01-06,2026-01-06,49782758
2026-05-08,desktop,JAN forecast,2026,1,2026-01-06,2026-01-06,49728480
2026-05-09,desktop,JAN forecast,2026,1,2026-01-06,2026-01-06,49679495
2026-05-10,desktop,JAN forecast,2026,1,2026-01-06,2026-01-06,49633658
2026-05-11,desktop,JAN forecast,2026,1,2026-01-06,2026-01-06,49588903
2026-05-12,desktop,JAN forecast,2026,1,2026-01-06,2026-01-06,49551425
2026-05-13,desktop,JAN forecast,2026,1,2026-01-06,2026-01-06,49495671
2026-05-14,desktop,JAN forecast,2026,1,2026-01-06,2026-01-06,49234172
2026-05-15,desktop,JAN forecast,2026,1,2026-01-06,2026-01-06,49097218
2026-05-16,desktop,JAN forecast,2026,1,2026-01-06,2026-01-06,49057657
2026-05-17,desktop,JAN forecast,2026,1,2026-01-06,2026-01-06,49022111
2026-05-18,desktop,JAN forecast,2026,1,2026-01-06,2026-01-06,48982051
2026-05-19,desktop,JAN forecast,2026,1,2026-01-06,2026-01-06,49001050
2026-05-20,desktop,JAN forecast,2026,1,2026-01-06,2026-01-06,48995935
2026-05-21,desktop,JAN forecast,2026,1,2026-01-06,2026-01-06,48973364
2026-05-22,desktop,JAN forecast,2026,1,2026-01-06,2026-01-06,48957417
2026-05-23,desktop,JAN forecast,2026,1,2026-01-06,2026-01-06,48939985
2026-05-24,desktop,JAN forecast,2026,1,2026-01-06,2026-01-06,48876823
2026-05-25,desktop,JAN forecast,2026,1,2026-01-06,2026-01-06,48656306
2026-05-26,desktop,JAN forecast,2026,1,2026-01-06,2026-01-06,48607596
2026-05-27,desktop,JAN forecast,2026,1,2026-01-06,2026-01-06,48534958
2026-05-28,desktop,JAN forecast,2026,1,2026-01-06,2026-01-06,48534135
2026-05-29,desktop,JAN forecast,2026,1,2026-01-06,2026-01-06,48739632
2026-05-30,desktop,JAN forecast,2026,1,2026-01-06,2026-01-06,48756445
2026-05-31,desktop,JAN forecast,2026,1,2026-01-06,2026-01-06,48744320
2026-06-01,desktop,JAN forecast,2026,1,2026-01-06,2026-01-06,48712391
2026-06-02,desktop,JAN forecast,2026,1,2026-01-06,2026-01-06,48692782
2026-06-03,desktop,JAN forecast,2026,1,2026-01-06,2026-01-06,48658682
2026-06-04,desktop,JAN forecast,2026,1,2026-01-06,2026-01-06,48463766
2026-06-05,desktop,JAN forecast,2026,1,2026-01-06,2026-01-06,48383964
2026-06-06,desktop,JAN forecast,2026,1,2026-01-06,2026-01-06,48340577
2026-06-07,desktop,JAN forecast,2026,1,2026-01-06,2026-01-06,48302445
2026-06-08,desktop,JAN forecast,2026,1,2026-01-06,2026-01-06,48270892
2026-06-09,desktop,JAN forecast,2026,1,2026-01-06,2026-01-06,48220107
2026-06-10,desktop,JAN forecast,2026,1,2026-01-06,2026-01-06,48199335
2026-06-11,desktop,JAN forecast,2026,1,2026-01-06,2026-01-06,48383930
2026-06-12,desktop,JAN forecast,2026,1,2026-01-06,2026-01-06,48436640
2026-06-13,desktop,JAN forecast,2026,1,2026-01-06,2026-01-06,48399882
2026-06-14,desktop,JAN forecast,2026,1,2026-01-06,2026-01-06,48360780
2026-06-15,desktop,JAN forecast,2026,1,2026-01-06,2026-01-06,48320699
2026-06-16,desktop,JAN forecast,2026,1,2026-01-06,2026-01-06,48218821
2026-06-17,desktop,JAN forecast,2026,1,2026-01-06,2026-01-06,48130967
2026-06-18,desktop,JAN forecast,2026,1,2026-01-06,2026-01-06,48061685
2026-06-19,desktop,JAN forecast,2026,1,2026-01-06,2026-01-06,47970887
2026-06-20,desktop,JAN forecast,2026,1,2026-01-06,2026-01-06,47908448
2026-06-21,desktop,JAN forecast,2026,1,2026-01-06,2026-01-06,47877678
2026-06-22,desktop,JAN forecast,2026,1,2026-01-06,2026-01-06,48023430
2026-06-23,desktop,JAN forecast,2026,1,2026-01-06,2026-01-06,47984403
2026-06-24,desktop,JAN forecast,2026,1,2026-01-06,2026-01-06,47949916
2026-06-25,desktop,JAN forecast,2026,1,2026-01-06,2026-01-06,47874752
2026-06-26,desktop,JAN forecast,2026,1,2026-01-06,2026-01-06,47813750
2026-06-27,desktop,JAN forecast,2026,1,2026-01-06,2026-01-06,47741544
2026-06-28,desktop,JAN forecast,2026,1,2026-01-06,2026-01-06,47675911
2026-06-29,desktop,JAN forecast,2026,1,2026-01-06,2026-01-06,47621504
2026-06-30,desktop,JAN forecast,2026,1,2026-01-06,2026-01-06,47558343
2026-07-01,desktop,JAN forecast,2026,1,2026-01-06,2026-01-06,47485676
2026-07-02,desktop,JAN forecast,2026,1,2026-01-06,2026-01-06,47560465
2026-07-03,desktop,JAN forecast,2026,1,2026-01-06,2026-01-06,47480692
2026-07-04,desktop,JAN forecast,2026,1,2026-01-06,2026-01-06,47326838
2026-07-05,desktop,JAN forecast,2026,1,2026-01-06,2026-01-06,47207305
2026-07-06,desktop,JAN forecast,2026,1,2026-01-06,2026-01-06,47104681
2026-07-07,desktop,JAN forecast,2026,1,2026-01-06,2026-01-06,46996071
2026-07-08,desktop,JAN forecast,2026,1,2026-01-06,2026-01-06,46874884
2026-07-09,desktop,JAN forecast,2026,1,2026-01-06,2026-01-06,46748156
2026-07-10,desktop,JAN forecast,2026,1,2026-01-06,2026-01-06,46648524
2026-07-11,desktop,JAN forecast,2026,1,2026-01-06,2026-01-06,46537486
2026-07-12,desktop,JAN forecast,2026,1,2026-01-06,2026-01-06,46423632
2026-07-13,desktop,JAN forecast,2026,1,2026-01-06,2026-01-06,46304215
2026-07-14,desktop,JAN forecast,2026,1,2026-01-06,2026-01-06,46190690
2026-07-15,desktop,JAN forecast,2026,1,2026-01-06,2026-01-06,46099402
2026-07-16,desktop,JAN forecast,2026,1,2026-01-06,2026-01-06,46005317
2026-07-17,desktop,JAN forecast,2026,1,2026-01-06,2026-01-06,45929195
2026-07-18,desktop,JAN forecast,2026,1,2026-01-06,2026-01-06,45830417
2026-07-19,desktop,JAN forecast,2026,1,2026-01-06,2026-01-06,45735286
2026-07-20,desktop,JAN forecast,2026,1,2026-01-06,2026-01-06,45628098
2026-07-21,desktop,JAN forecast,2026,1,2026-01-06,2026-01-06,45546512
2026-07-22,desktop,JAN forecast,2026,1,2026-01-06,2026-01-06,45486365
2026-07-23,desktop,JAN forecast,2026,1,2026-01-06,2026-01-06,45415870
2026-07-24,desktop,JAN forecast,2026,1,2026-01-06,2026-01-06,45317661
2026-07-25,desktop,JAN forecast,2026,1,2026-01-06,2026-01-06,45227378
2026-07-26,desktop,JAN forecast,2026,1,2026-01-06,2026-01-06,45145933
2026-07-27,desktop,JAN forecast,2026,1,2026-01-06,2026-01-06,45075177
2026-07-28,desktop,JAN forecast,2026,1,2026-01-06,2026-01-06,45002403
2026-07-29,desktop,JAN forecast,2026,1,2026-01-06,2026-01-06,44927118
2026-07-30,desktop,JAN forecast,2026,1,2026-01-06,2026-01-06,44852722
2026-07-31,desktop,JAN forecast,2026,1,2026-01-06,2026-01-06,44831996
2026-08-01,desktop,JAN forecast,2026,1,2026-01-06,2026-01-06,44823134
2026-08-02,desktop,JAN forecast,2026,1,2026-01-06,2026-01-06,44767857
2026-08-03,desktop,JAN forecast,2026,1,2026-01-06,2026-01-06,44684415
2026-08-04,desktop,JAN forecast,2026,1,2026-01-06,2026-01-06,44609294
2026-08-05,desktop,JAN forecast,2026,1,2026-01-06,2026-01-06,44551854
2026-08-06,desktop,JAN forecast,2026,1,2026-01-06,2026-01-06,44498916
2026-08-07,desktop,JAN forecast,2026,1,2026-01-06,2026-01-06,44422318
2026-08-08,desktop,JAN forecast,2026,1,2026-01-06,2026-01-06,44352456
2026-08-09,desktop,JAN forecast,2026,1,2026-01-06,2026-01-06,44281940
2026-08-10,desktop,JAN forecast,2026,1,2026-01-06,2026-01-06,44208263
2026-08-11,desktop,JAN forecast,2026,1,2026-01-06,2026-01-06,44140267
2026-08-12,desktop,JAN forecast,2026,1,2026-01-06,2026-01-06,44043678
2026-08-13,desktop,JAN forecast,2026,1,2026-01-06,2026-01-06,43944218
2026-08-14,desktop,JAN forecast,2026,1,2026-01-06,2026-01-06,43854678
2026-08-15,desktop,JAN forecast,2026,1,2026-01-06,2026-01-06,43737896
2026-08-16,desktop,JAN forecast,2026,1,2026-01-06,2026-01-06,43684034
2026-08-17,desktop,JAN forecast,2026,1,2026-01-06,2026-01-06,43607629
2026-08-18,desktop,JAN forecast,2026,1,2026-01-06,2026-01-06,43549111
2026-08-19,desktop,JAN forecast,2026,1,2026-01-06,2026-01-06,43503746
2026-08-20,desktop,JAN forecast,2026,1,2026-01-06,2026-01-06,43465460
2026-08-21,desktop,JAN forecast,2026,1,2026-01-06,2026-01-06,43446189
2026-08-22,desktop,JAN forecast,2026,1,2026-01-06,2026-01-06,43441410
2026-08-23,desktop,JAN forecast,2026,1,2026-01-06,2026-01-06,43450801
2026-08-24,desktop,JAN forecast,2026,1,2026-01-06,2026-01-06,43460936
2026-08-25,desktop,JAN forecast,2026,1,2026-01-06,2026-01-06,43427070
2026-08-26,desktop,JAN forecast,2026,1,2026-01-06,2026-01-06,43455002
2026-08-27,desktop,JAN forecast,2026,1,2026-01-06,2026-01-06,43498462
2026-08-28,desktop,JAN forecast,2026,1,2026-01-06,2026-01-06,43559292
2026-08-29,desktop,JAN forecast,2026,1,2026-01-06,2026-01-06,43628174
2026-08-30,desktop,JAN forecast,2026,1,2026-01-06,2026-01-06,43689116
2026-08-31,desktop,JAN forecast,2026,1,2026-01-06,2026-01-06,43788188
2026-09-01,desktop,JAN forecast,2026,1,2026-01-06,2026-01-06,43891697
2026-09-02,desktop,JAN forecast,2026,1,2026-01-06,2026-01-06,43997390
2026-09-03,desktop,JAN forecast,2026,1,2026-01-06,2026-01-06,44100059
2026-09-04,desktop,JAN forecast,2026,1,2026-01-06,2026-01-06,44196519
2026-09-05,desktop,JAN forecast,2026,1,2026-01-06,2026-01-06,44307408
2026-09-06,desktop,JAN forecast,2026,1,2026-01-06,2026-01-06,44412592
2026-09-07,desktop,JAN forecast,2026,1,2026-01-06,2026-01-06,44440956
2026-09-08,desktop,JAN forecast,2026,1,2026-01-06,2026-01-06,44589012
2026-09-09,desktop,JAN forecast,2026,1,2026-01-06,2026-01-06,44773528
2026-09-10,desktop,JAN forecast,2026,1,2026-01-06,2026-01-06,44959305
2026-09-11,desktop,JAN forecast,2026,1,2026-01-06,2026-01-06,45149006
2026-09-12,desktop,JAN forecast,2026,1,2026-01-06,2026-01-06,45369712
2026-09-13,desktop,JAN forecast,2026,1,2026-01-06,2026-01-06,45526263
2026-09-14,desktop,JAN forecast,2026,1,2026-01-06,2026-01-06,45720492
2026-09-15,desktop,JAN forecast,2026,1,2026-01-06,2026-01-06,45889945
2026-09-16,desktop,JAN forecast,2026,1,2026-01-06,2026-01-06,46037692
2026-09-17,desktop,JAN forecast,2026,1,2026-01-06,2026-01-06,46190985
2026-09-18,desktop,JAN forecast,2026,1,2026-01-06,2026-01-06,46337110
2026-09-19,desktop,JAN forecast,2026,1,2026-01-06,2026-01-06,46470310
2026-09-20,desktop,JAN forecast,2026,1,2026-01-06,2026-01-06,46593244
2026-09-21,desktop,JAN forecast,2026,1,2026-01-06,2026-01-06,46709538
2026-09-22,desktop,JAN forecast,2026,1,2026-01-06,2026-01-06,46881194
2026-09-23,desktop,JAN forecast,2026,1,2026-01-06,2026-01-06,46986643
2026-09-24,desktop,JAN forecast,2026,1,2026-01-06,2026-01-06,47086020
2026-09-25,desktop,JAN forecast,2026,1,2026-01-06,2026-01-06,47167518
2026-09-26,desktop,JAN forecast,2026,1,2026-01-06,2026-01-06,47260483
2026-09-27,desktop,JAN forecast,2026,1,2026-01-06,2026-01-06,47361904
2026-09-28,desktop,JAN forecast,2026,1,2026-01-06,2026-01-06,47442396
2026-09-29,desktop,JAN forecast,2026,1,2026-01-06,2026-01-06,47502401
2026-09-30,desktop,JAN forecast,2026,1,2026-01-06,2026-01-06,47551411
2026-10-01,desktop,JAN forecast,2026,1,2026-01-06,2026-01-06,47592137
2026-10-02,desktop,JAN forecast,2026,1,2026-01-06,2026-01-06,47610306
2026-10-03,desktop,JAN forecast,2026,1,2026-01-06,2026-01-06,47631986
2026-10-04,desktop,JAN forecast,2026,1,2026-01-06,2026-01-06,47687043
2026-10-05,desktop,JAN forecast,2026,1,2026-01-06,2026-01-06,47831772
2026-10-06,desktop,JAN forecast,2026,1,2026-01-06,2026-01-06,47885270
2026-10-07,desktop,JAN forecast,2026,1,2026-01-06,2026-01-06,47908260
2026-10-08,desktop,JAN forecast,2026,1,2026-01-06,2026-01-06,47934036
2026-10-09,desktop,JAN forecast,2026,1,2026-01-06,2026-01-06,47959221
2026-10-10,desktop,JAN forecast,2026,1,2026-01-06,2026-01-06,47975184
2026-10-11,desktop,JAN forecast,2026,1,2026-01-06,2026-01-06,47996534
2026-10-12,desktop,JAN forecast,2026,1,2026-01-06,2026-01-06,47931294
2026-10-13,desktop,JAN forecast,2026,1,2026-01-06,2026-01-06,47903956
2026-10-14,desktop,JAN forecast,2026,1,2026-01-06,2026-01-06,47914868
2026-10-15,desktop,JAN forecast,2026,1,2026-01-06,2026-01-06,47914177
2026-10-16,desktop,JAN forecast,2026,1,2026-01-06,2026-01-06,47925522
2026-10-17,desktop,JAN forecast,2026,1,2026-01-06,2026-01-06,47929916
2026-10-18,desktop,JAN forecast,2026,1,2026-01-06,2026-01-06,47938237
2026-10-19,desktop,JAN forecast,2026,1,2026-01-06,2026-01-06,47933260
2026-10-20,desktop,JAN forecast,2026,1,2026-01-06,2026-01-06,47892253
2026-10-21,desktop,JAN forecast,2026,1,2026-01-06,2026-01-06,47900230
2026-10-22,desktop,JAN forecast,2026,1,2026-01-06,2026-01-06,47918072
2026-10-23,desktop,JAN forecast,2026,1,2026-01-06,2026-01-06,47950367
2026-10-24,desktop,JAN forecast,2026,1,2026-01-06,2026-01-06,47959664
2026-10-25,desktop,JAN forecast,2026,1,2026-01-06,2026-01-06,47958958
2026-10-26,desktop,JAN forecast,2026,1,2026-01-06,2026-01-06,47961545
2026-10-27,desktop,JAN forecast,2026,1,2026-01-06,2026-01-06,47949982
2026-10-28,desktop,JAN forecast,2026,1,2026-01-06,2026-01-06,47940742
2026-10-29,desktop,JAN forecast,2026,1,2026-01-06,2026-01-06,47944714
2026-10-30,desktop,JAN forecast,2026,1,2026-01-06,2026-01-06,47993950
2026-10-31,desktop,JAN forecast,2026,1,2026-01-06,2026-01-06,48003794
2026-11-01,desktop,JAN forecast,2026,1,2026-01-06,2026-01-06,47903142
2026-11-02,desktop,JAN forecast,2026,1,2026-01-06,2026-01-06,47892480
2026-11-03,desktop,JAN forecast,2026,1,2026-01-06,2026-01-06,47901182
2026-11-04,desktop,JAN forecast,2026,1,2026-01-06,2026-01-06,47890917
2026-11-05,desktop,JAN forecast,2026,1,2026-01-06,2026-01-06,47906458
2026-11-06,desktop,JAN forecast,2026,1,2026-01-06,2026-01-06,47908068
2026-11-07,desktop,JAN forecast,2026,1,2026-01-06,2026-01-06,47919824
2026-11-08,desktop,JAN forecast,2026,1,2026-01-06,2026-01-06,47916811
2026-11-09,desktop,JAN forecast,2026,1,2026-01-06,2026-01-06,47976055
2026-11-10,desktop,JAN forecast,2026,1,2026-01-06,2026-01-06,47986080
2026-11-11,desktop,JAN forecast,2026,1,2026-01-06,2026-01-06,47915974
2026-11-12,desktop,JAN forecast,2026,1,2026-01-06,2026-01-06,47930837
2026-11-13,desktop,JAN forecast,2026,1,2026-01-06,2026-01-06,47932799
2026-11-14,desktop,JAN forecast,2026,1,2026-01-06,2026-01-06,47958906
2026-11-15,desktop,JAN forecast,2026,1,2026-01-06,2026-01-06,47994180
2026-11-16,desktop,JAN forecast,2026,1,2026-01-06,2026-01-06,48037443
2026-11-17,desktop,JAN forecast,2026,1,2026-01-06,2026-01-06,48128142
2026-11-18,desktop,JAN forecast,2026,1,2026-01-06,2026-01-06,48188421
2026-11-19,desktop,JAN forecast,2026,1,2026-01-06,2026-01-06,48231462
2026-11-20,desktop,JAN forecast,2026,1,2026-01-06,2026-01-06,48221192
2026-11-21,desktop,JAN forecast,2026,1,2026-01-06,2026-01-06,48260774
2026-11-22,desktop,JAN forecast,2026,1,2026-01-06,2026-01-06,48309370
2026-11-23,desktop,JAN forecast,2026,1,2026-01-06,2026-01-06,48326823
2026-11-24,desktop,JAN forecast,2026,1,2026-01-06,2026-01-06,48358819
2026-11-25,desktop,JAN forecast,2026,1,2026-01-06,2026-01-06,48360898
2026-11-26,desktop,JAN forecast,2026,1,2026-01-06,2026-01-06,48309422
2026-11-27,desktop,JAN forecast,2026,1,2026-01-06,2026-01-06,48239860
2026-11-28,desktop,JAN forecast,2026,1,2026-01-06,2026-01-06,48252014
2026-11-29,desktop,JAN forecast,2026,1,2026-01-06,2026-01-06,48423186
2026-11-30,desktop,JAN forecast,2026,1,2026-01-06,2026-01-06,48514317
2026-12-01,desktop,JAN forecast,2026,1,2026-01-06,2026-01-06,48582957
2026-12-02,desktop,JAN forecast,2026,1,2026-01-06,2026-01-06,48650365
2026-12-03,desktop,JAN forecast,2026,1,2026-01-06,2026-01-06,48692824
2026-12-04,desktop,JAN forecast,2026,1,2026-01-06,2026-01-06,48740768
2026-12-05,desktop,JAN forecast,2026,1,2026-01-06,2026-01-06,48783750
2026-12-06,desktop,JAN forecast,2026,1,2026-01-06,2026-01-06,48838068
2026-12-07,desktop,JAN forecast,2026,1,2026-01-06,2026-01-06,48884596
2026-12-08,desktop,JAN forecast,2026,1,2026-01-06,2026-01-06,48898261
2026-12-09,desktop,JAN forecast,2026,1,2026-01-06,2026-01-06,49013047
2026-12-10,desktop,JAN forecast,2026,1,2026-01-06,2026-01-06,49045651
2026-12-11,desktop,JAN forecast,2026,1,2026-01-06,2026-01-06,49072751
2026-12-12,desktop,JAN forecast,2026,1,2026-01-06,2026-01-06,49075334
2026-12-13,desktop,JAN forecast,2026,1,2026-01-06,2026-01-06,49067245
2026-12-14,desktop,JAN forecast,2026,1,2026-01-06,2026-01-06,49067244
2026-12-15,desktop,JAN forecast,2026,1,2026-01-06,2026-01-06,49039852
2026-12-16,desktop,JAN forecast,2026,1,2026-01-06,2026-01-06,48998684
2026-12-17,desktop,JAN forecast,2026,1,2026-01-06,2026-01-06,48959266
2026-12-18,desktop,JAN forecast,2026,1,2026-01-06,2026-01-06,48965394
2026-12-19,desktop,JAN forecast,2026,1,2026-01-06,2026-01-06,48888842
2026-12-20,desktop,JAN forecast,2026,1,2026-01-06,2026-01-06,48769295
2026-12-21,desktop,JAN forecast,2026,1,2026-01-06,2026-01-06,48618004
2026-12-22,desktop,JAN forecast,2026,1,2026-01-06,2026-01-06,48396310
2026-12-23,desktop,JAN forecast,2026,1,2026-01-06,2026-01-06,48160607
2026-12-24,desktop,JAN forecast,2026,1,2026-01-06,2026-01-06,47760410
2026-12-25,desktop,JAN forecast,2026,1,2026-01-06,2026-01-06,47179264
2026-12-26,desktop,JAN forecast,2026,1,2026-01-06,2026-01-06,46931679
2026-12-27,desktop,JAN forecast,2026,1,2026-01-06,2026-01-06,46686847
2026-12-28,desktop,JAN forecast,2026,1,2026-01-06,2026-01-06,46410540
2026-12-29,desktop,JAN forecast,2026,1,2026-01-06,2026-01-06,46150072
2026-12-30,desktop,JAN forecast,2026,1,2026-01-06,2026-01-06,45915161
2026-12-31,desktop,JAN forecast,2026,1,2026-01-06,2026-01-06,45679250
2026-01-01,mobile,JAN forecast,2026,1,2026-01-06,2026-01-06,15552901
2026-01-02,mobile,JAN forecast,2026,1,2026-01-06,2026-01-06,15541705
2026-01-03,mobile,JAN forecast,2026,1,2026-01-06,2026-01-06,15537893
2026-01-04,mobile,JAN forecast,2026,1,2026-01-06,2026-01-06,15537341
2026-01-05,mobile,JAN forecast,2026,1,2026-01-06,2026-01-06,15531877
2026-01-06,mobile,JAN forecast,2026,1,2026-01-06,2026-01-06,15524093
2026-01-07,mobile,JAN forecast,2026,1,2026-01-06,2026-01-06,15516583
2026-01-08,mobile,JAN forecast,2026,1,2026-01-06,2026-01-06,15511757
2026-01-09,mobile,JAN forecast,2026,1,2026-01-06,2026-01-06,15509316
2026-01-10,mobile,JAN forecast,2026,1,2026-01-06,2026-01-06,15512447
2026-01-11,mobile,JAN forecast,2026,1,2026-01-06,2026-01-06,15517619
2026-01-12,mobile,JAN forecast,2026,1,2026-01-06,2026-01-06,15523002
2026-01-13,mobile,JAN forecast,2026,1,2026-01-06,2026-01-06,15529179
2026-01-14,mobile,JAN forecast,2026,1,2026-01-06,2026-01-06,15536596
2026-01-15,mobile,JAN forecast,2026,1,2026-01-06,2026-01-06,15544991
2026-01-16,mobile,JAN forecast,2026,1,2026-01-06,2026-01-06,15551536
2026-01-17,mobile,JAN forecast,2026,1,2026-01-06,2026-01-06,15561708
2026-01-18,mobile,JAN forecast,2026,1,2026-01-06,2026-01-06,15572490
2026-01-19,mobile,JAN forecast,2026,1,2026-01-06,2026-01-06,15584475
2026-01-20,mobile,JAN forecast,2026,1,2026-01-06,2026-01-06,15599792
2026-01-21,mobile,JAN forecast,2026,1,2026-01-06,2026-01-06,15622278
2026-01-22,mobile,JAN forecast,2026,1,2026-01-06,2026-01-06,15658338
2026-01-23,mobile,JAN forecast,2026,1,2026-01-06,2026-01-06,15676879
2026-01-24,mobile,JAN forecast,2026,1,2026-01-06,2026-01-06,15691706
2026-01-25,mobile,JAN forecast,2026,1,2026-01-06,2026-01-06,15705828
2026-01-26,mobile,JAN forecast,2026,1,2026-01-06,2026-01-06,15718124
2026-01-27,mobile,JAN forecast,2026,1,2026-01-06,2026-01-06,15733296
2026-01-28,mobile,JAN forecast,2026,1,2026-01-06,2026-01-06,15751955
2026-01-29,mobile,JAN forecast,2026,1,2026-01-06,2026-01-06,15772581
2026-01-30,mobile,JAN forecast,2026,1,2026-01-06,2026-01-06,15787185
2026-01-31,mobile,JAN forecast,2026,1,2026-01-06,2026-01-06,15799327
2026-02-01,mobile,JAN forecast,2026,1,2026-01-06,2026-01-06,15810173
2026-02-02,mobile,JAN forecast,2026,1,2026-01-06,2026-01-06,15819652
2026-02-03,mobile,JAN forecast,2026,1,2026-01-06,2026-01-06,15828284
2026-02-04,mobile,JAN forecast,2026,1,2026-01-06,2026-01-06,15837085
2026-02-05,mobile,JAN forecast,2026,1,2026-01-06,2026-01-06,15845776
2026-02-06,mobile,JAN forecast,2026,1,2026-01-06,2026-01-06,15853861
2026-02-07,mobile,JAN forecast,2026,1,2026-01-06,2026-01-06,15861120
2026-02-08,mobile,JAN forecast,2026,1,2026-01-06,2026-01-06,15867580
2026-02-09,mobile,JAN forecast,2026,1,2026-01-06,2026-01-06,15874007
2026-02-10,mobile,JAN forecast,2026,1,2026-01-06,2026-01-06,15879605
2026-02-11,mobile,JAN forecast,2026,1,2026-01-06,2026-01-06,15881409
2026-02-12,mobile,JAN forecast,2026,1,2026-01-06,2026-01-06,15884404
2026-02-13,mobile,JAN forecast,2026,1,2026-01-06,2026-01-06,15889792
2026-02-14,mobile,JAN forecast,2026,1,2026-01-06,2026-01-06,15895111
2026-02-15,mobile,JAN forecast,2026,1,2026-01-06,2026-01-06,15898375
2026-02-16,mobile,JAN forecast,2026,1,2026-01-06,2026-01-06,15900997
2026-02-17,mobile,JAN forecast,2026,1,2026-01-06,2026-01-06,15902499
2026-02-18,mobile,JAN forecast,2026,1,2026-01-06,2026-01-06,15903391
2026-02-19,mobile,JAN forecast,2026,1,2026-01-06,2026-01-06,15903294
2026-02-20,mobile,JAN forecast,2026,1,2026-01-06,2026-01-06,15901817
2026-02-21,mobile,JAN forecast,2026,1,2026-01-06,2026-01-06,15904830
2026-02-22,mobile,JAN forecast,2026,1,2026-01-06,2026-01-06,15908742
2026-02-23,mobile,JAN forecast,2026,1,2026-01-06,2026-01-06,15916120
2026-02-24,mobile,JAN forecast,2026,1,2026-01-06,2026-01-06,15921216
2026-02-25,mobile,JAN forecast,2026,1,2026-01-06,2026-01-06,15927091
2026-02-26,mobile,JAN forecast,2026,1,2026-01-06,2026-01-06,15931410
2026-02-27,mobile,JAN forecast,2026,1,2026-01-06,2026-01-06,15936332
2026-02-28,mobile,JAN forecast,2026,1,2026-01-06,2026-01-06,15940786
2026-03-01,mobile,JAN forecast,2026,1,2026-01-06,2026-01-06,15944739
2026-03-02,mobile,JAN forecast,2026,1,2026-01-06,2026-01-06,15949551
2026-03-03,mobile,JAN forecast,2026,1,2026-01-06,2026-01-06,15954059
2026-03-04,mobile,JAN forecast,2026,1,2026-01-06,2026-01-06,15956528
2026-03-05,mobile,JAN forecast,2026,1,2026-01-06,2026-01-06,15958483
2026-03-06,mobile,JAN forecast,2026,1,2026-01-06,2026-01-06,15960031
2026-03-07,mobile,JAN forecast,2026,1,2026-01-06,2026-01-06,15960671
2026-03-08,mobile,JAN forecast,2026,1,2026-01-06,2026-01-06,15961154
2026-03-09,mobile,JAN forecast,2026,1,2026-01-06,2026-01-06,15960409
2026-03-10,mobile,JAN forecast,2026,1,2026-01-06,2026-01-06,15957756
2026-03-11,mobile,JAN forecast,2026,1,2026-01-06,2026-01-06,15960612
2026-03-12,mobile,JAN forecast,2026,1,2026-01-06,2026-01-06,15961426
2026-03-13,mobile,JAN forecast,2026,1,2026-01-06,2026-01-06,15962046
2026-03-14,mobile,JAN forecast,2026,1,2026-01-06,2026-01-06,15959036
2026-03-15,mobile,JAN forecast,2026,1,2026-01-06,2026-01-06,15957433
2026-03-16,mobile,JAN forecast,2026,1,2026-01-06,2026-01-06,15955412
2026-03-17,mobile,JAN forecast,2026,1,2026-01-06,2026-01-06,15953458
2026-03-18,mobile,JAN forecast,2026,1,2026-01-06,2026-01-06,15950926
2026-03-19,mobile,JAN forecast,2026,1,2026-01-06,2026-01-06,15947714
2026-03-20,mobile,JAN forecast,2026,1,2026-01-06,2026-01-06,15941001
2026-03-21,mobile,JAN forecast,2026,1,2026-01-06,2026-01-06,15929295
2026-03-22,mobile,JAN forecast,2026,1,2026-01-06,2026-01-06,15918736
2026-03-23,mobile,JAN forecast,2026,1,2026-01-06,2026-01-06,15908863
2026-03-24,mobile,JAN forecast,2026,1,2026-01-06,2026-01-06,15899852
2026-03-25,mobile,JAN forecast,2026,1,2026-01-06,2026-01-06,15892289
2026-03-26,mobile,JAN forecast,2026,1,2026-01-06,2026-01-06,15885913
2026-03-27,mobile,JAN forecast,2026,1,2026-01-06,2026-01-06,15879430
2026-03-28,mobile,JAN forecast,2026,1,2026-01-06,2026-01-06,15873405
2026-03-29,mobile,JAN forecast,2026,1,2026-01-06,2026-01-06,15867173
2026-03-30,mobile,JAN forecast,2026,1,2026-01-06,2026-01-06,15859599
2026-03-31,mobile,JAN forecast,2026,1,2026-01-06,2026-01-06,15850192
2026-04-01,mobile,JAN forecast,2026,1,2026-01-06,2026-01-06,15844394
2026-04-02,mobile,JAN forecast,2026,1,2026-01-06,2026-01-06,15834801
2026-04-03,mobile,JAN forecast,2026,1,2026-01-06,2026-01-06,15823461
2026-04-04,mobile,JAN forecast,2026,1,2026-01-06,2026-01-06,15819678
2026-04-05,mobile,JAN forecast,2026,1,2026-01-06,2026-01-06,15814712
2026-04-06,mobile,JAN forecast,2026,1,2026-01-06,2026-01-06,15810853
2026-04-07,mobile,JAN forecast,2026,1,2026-01-06,2026-01-06,15810402
2026-04-08,mobile,JAN forecast,2026,1,2026-01-06,2026-01-06,15810428
2026-04-09,mobile,JAN forecast,2026,1,2026-01-06,2026-01-06,15809707
2026-04-10,mobile,JAN forecast,2026,1,2026-01-06,2026-01-06,15809502
2026-04-11,mobile,JAN forecast,2026,1,2026-01-06,2026-01-06,15809512
2026-04-12,mobile,JAN forecast,2026,1,2026-01-06,2026-01-06,15810122
2026-04-13,mobile,JAN forecast,2026,1,2026-01-06,2026-01-06,15809322
2026-04-14,mobile,JAN forecast,2026,1,2026-01-06,2026-01-06,15810331
2026-04-15,mobile,JAN forecast,2026,1,2026-01-06,2026-01-06,15812648
2026-04-16,mobile,JAN forecast,2026,1,2026-01-06,2026-01-06,15816609
2026-04-17,mobile,JAN forecast,2026,1,2026-01-06,2026-01-06,15825319
2026-04-18,mobile,JAN forecast,2026,1,2026-01-06,2026-01-06,15833224
2026-04-19,mobile,JAN forecast,2026,1,2026-01-06,2026-01-06,15839941
2026-04-20,mobile,JAN forecast,2026,1,2026-01-06,2026-01-06,15843983
2026-04-21,mobile,JAN forecast,2026,1,2026-01-06,2026-01-06,15847024
2026-04-22,mobile,JAN forecast,2026,1,2026-01-06,2026-01-06,15848671
2026-04-23,mobile,JAN forecast,2026,1,2026-01-06,2026-01-06,15850474
2026-04-24,mobile,JAN forecast,2026,1,2026-01-06,2026-01-06,15851279
2026-04-25,mobile,JAN forecast,2026,1,2026-01-06,2026-01-06,15852253
2026-04-26,mobile,JAN forecast,2026,1,2026-01-06,2026-01-06,15854571
2026-04-27,mobile,JAN forecast,2026,1,2026-01-06,2026-01-06,15857617
2026-04-28,mobile,JAN forecast,2026,1,2026-01-06,2026-01-06,15862725
2026-04-29,mobile,JAN forecast,2026,1,2026-01-06,2026-01-06,15865683
2026-04-30,mobile,JAN forecast,2026,1,2026-01-06,2026-01-06,15871687
2026-05-01,mobile,JAN forecast,2026,1,2026-01-06,2026-01-06,15876346
2026-05-02,mobile,JAN forecast,2026,1,2026-01-06,2026-01-06,15877791
2026-05-03,mobile,JAN forecast,2026,1,2026-01-06,2026-01-06,15881859
2026-05-04,mobile,JAN forecast,2026,1,2026-01-06,2026-01-06,15885048
2026-05-05,mobile,JAN forecast,2026,1,2026-01-06,2026-01-06,15887493
2026-05-06,mobile,JAN forecast,2026,1,2026-01-06,2026-01-06,15887628
2026-05-07,mobile,JAN forecast,2026,1,2026-01-06,2026-01-06,15888837
2026-05-08,mobile,JAN forecast,2026,1,2026-01-06,2026-01-06,15889256
2026-05-09,mobile,JAN forecast,2026,1,2026-01-06,2026-01-06,15889691
2026-05-10,mobile,JAN forecast,2026,1,2026-01-06,2026-01-06,15890494
2026-05-11,mobile,JAN forecast,2026,1,2026-01-06,2026-01-06,15894246
2026-05-12,mobile,JAN forecast,2026,1,2026-01-06,2026-01-06,15895479
2026-05-13,mobile,JAN forecast,2026,1,2026-01-06,2026-01-06,15896686
2026-05-14,mobile,JAN forecast,2026,1,2026-01-06,2026-01-06,15894503
2026-05-15,mobile,JAN forecast,2026,1,2026-01-06,2026-01-06,15894985
2026-05-16,mobile,JAN forecast,2026,1,2026-01-06,2026-01-06,15898164
2026-05-17,mobile,JAN forecast,2026,1,2026-01-06,2026-01-06,15899960
2026-05-18,mobile,JAN forecast,2026,1,2026-01-06,2026-01-06,15901779
2026-05-19,mobile,JAN forecast,2026,1,2026-01-06,2026-01-06,15904953
2026-05-20,mobile,JAN forecast,2026,1,2026-01-06,2026-01-06,15906146
2026-05-21,mobile,JAN forecast,2026,1,2026-01-06,2026-01-06,15907686
2026-05-22,mobile,JAN forecast,2026,1,2026-01-06,2026-01-06,15910353
2026-05-23,mobile,JAN forecast,2026,1,2026-01-06,2026-01-06,15912766
2026-05-24,mobile,JAN forecast,2026,1,2026-01-06,2026-01-06,15914439
2026-05-25,mobile,JAN forecast,2026,1,2026-01-06,2026-01-06,15915582
2026-05-26,mobile,JAN forecast,2026,1,2026-01-06,2026-01-06,15917078
2026-05-27,mobile,JAN forecast,2026,1,2026-01-06,2026-01-06,15916261
2026-05-28,mobile,JAN forecast,2026,1,2026-01-06,2026-01-06,15918654
2026-05-29,mobile,JAN forecast,2026,1,2026-01-06,2026-01-06,15924633
2026-05-30,mobile,JAN forecast,2026,1,2026-01-06,2026-01-06,15927949
2026-05-31,mobile,JAN forecast,2026,1,2026-01-06,2026-01-06,15929012
2026-06-01,mobile,JAN forecast,2026,1,2026-01-06,2026-01-06,15929690
2026-06-02,mobile,JAN forecast,2026,1,2026-01-06,2026-01-06,15930924
2026-06-03,mobile,JAN forecast,2026,1,2026-01-06,2026-01-06,15931155
2026-06-04,mobile,JAN forecast,2026,1,2026-01-06,2026-01-06,15927765
2026-06-05,mobile,JAN forecast,2026,1,2026-01-06,2026-01-06,15927562
2026-06-06,mobile,JAN forecast,2026,1,2026-01-06,2026-01-06,15930785
2026-06-07,mobile,JAN forecast,2026,1,2026-01-06,2026-01-06,15932657
2026-06-08,mobile,JAN forecast,2026,1,2026-01-06,2026-01-06,15932347
2026-06-09,mobile,JAN forecast,2026,1,2026-01-06,2026-01-06,15931513
2026-06-10,mobile,JAN forecast,2026,1,2026-01-06,2026-01-06,15930996
2026-06-11,mobile,JAN forecast,2026,1,2026-01-06,2026-01-06,15935921
2026-06-12,mobile,JAN forecast,2026,1,2026-01-06,2026-01-06,15940364
2026-06-13,mobile,JAN forecast,2026,1,2026-01-06,2026-01-06,15942606
2026-06-14,mobile,JAN forecast,2026,1,2026-01-06,2026-01-06,15946620
2026-06-15,mobile,JAN forecast,2026,1,2026-01-06,2026-01-06,15950963
2026-06-16,mobile,JAN forecast,2026,1,2026-01-06,2026-01-06,15953815
2026-06-17,mobile,JAN forecast,2026,1,2026-01-06,2026-01-06,15959078
2026-06-18,mobile,JAN forecast,2026,1,2026-01-06,2026-01-06,15962692
2026-06-19,mobile,JAN forecast,2026,1,2026-01-06,2026-01-06,15966021
2026-06-20,mobile,JAN forecast,2026,1,2026-01-06,2026-01-06,15970059
2026-06-21,mobile,JAN forecast,2026,1,2026-01-06,2026-01-06,15972555
2026-06-22,mobile,JAN forecast,2026,1,2026-01-06,2026-01-06,15976943
2026-06-23,mobile,JAN forecast,2026,1,2026-01-06,2026-01-06,15980874
2026-06-24,mobile,JAN forecast,2026,1,2026-01-06,2026-01-06,15984102
2026-06-25,mobile,JAN forecast,2026,1,2026-01-06,2026-01-06,15984861
2026-06-26,mobile,JAN forecast,2026,1,2026-01-06,2026-01-06,15988217
2026-06-27,mobile,JAN forecast,2026,1,2026-01-06,2026-01-06,15991385
2026-06-28,mobile,JAN forecast,2026,1,2026-01-06,2026-01-06,15993627
2026-06-29,mobile,JAN forecast,2026,1,2026-01-06,2026-01-06,15997632
2026-06-30,mobile,JAN forecast,2026,1,2026-01-06,2026-01-06,16001222
2026-07-01,mobile,JAN forecast,2026,1,2026-01-06,2026-01-06,16005828
2026-07-02,mobile,JAN forecast,2026,1,2026-01-06,2026-01-06,16014036
2026-07-03,mobile,JAN forecast,2026,1,2026-01-06,2026-01-06,16019673
2026-07-04,mobile,JAN forecast,2026,1,2026-01-06,2026-01-06,16021734
2026-07-05,mobile,JAN forecast,2026,1,2026-01-06,2026-01-06,16024828
2026-07-06,mobile,JAN forecast,2026,1,2026-01-06,2026-01-06,16028470
2026-07-07,mobile,JAN forecast,2026,1,2026-01-06,2026-01-06,16033901
2026-07-08,mobile,JAN forecast,2026,1,2026-01-06,2026-01-06,16039647
2026-07-09,mobile,JAN forecast,2026,1,2026-01-06,2026-01-06,16043166
2026-07-10,mobile,JAN forecast,2026,1,2026-01-06,2026-01-06,16044552
2026-07-11,mobile,JAN forecast,2026,1,2026-01-06,2026-01-06,16045570
2026-07-12,mobile,JAN forecast,2026,1,2026-01-06,2026-01-06,16046570
2026-07-13,mobile,JAN forecast,2026,1,2026-01-06,2026-01-06,16047536
2026-07-14,mobile,JAN forecast,2026,1,2026-01-06,2026-01-06,16048484
2026-07-15,mobile,JAN forecast,2026,1,2026-01-06,2026-01-06,16050082
2026-07-16,mobile,JAN forecast,2026,1,2026-01-06,2026-01-06,16052053
2026-07-17,mobile,JAN forecast,2026,1,2026-01-06,2026-01-06,16053713
2026-07-18,mobile,JAN forecast,2026,1,2026-01-06,2026-01-06,16054514
2026-07-19,mobile,JAN forecast,2026,1,2026-01-06,2026-01-06,16056403
2026-07-20,mobile,JAN forecast,2026,1,2026-01-06,2026-01-06,16058740
2026-07-21,mobile,JAN forecast,2026,1,2026-01-06,2026-01-06,16061198
2026-07-22,mobile,JAN forecast,2026,1,2026-01-06,2026-01-06,16065109
2026-07-23,mobile,JAN forecast,2026,1,2026-01-06,2026-01-06,16069106
2026-07-24,mobile,JAN forecast,2026,1,2026-01-06,2026-01-06,16069696
2026-07-25,mobile,JAN forecast,2026,1,2026-01-06,2026-01-06,16071117
2026-07-26,mobile,JAN forecast,2026,1,2026-01-06,2026-01-06,16073658
2026-07-27,mobile,JAN forecast,2026,1,2026-01-06,2026-01-06,16075441
2026-07-28,mobile,JAN forecast,2026,1,2026-01-06,2026-01-06,16077104
2026-07-29,mobile,JAN forecast,2026,1,2026-01-06,2026-01-06,16078478
2026-07-30,mobile,JAN forecast,2026,1,2026-01-06,2026-01-06,16079094
2026-07-31,mobile,JAN forecast,2026,1,2026-01-06,2026-01-06,16079522
2026-08-01,mobile,JAN forecast,2026,1,2026-01-06,2026-01-06,16081168
2026-08-02,mobile,JAN forecast,2026,1,2026-01-06,2026-01-06,16082899
2026-08-03,mobile,JAN forecast,2026,1,2026-01-06,2026-01-06,16083376
2026-08-04,mobile,JAN forecast,2026,1,2026-01-06,2026-01-06,16084634
2026-08-05,mobile,JAN forecast,2026,1,2026-01-06,2026-01-06,16086673
2026-08-06,mobile,JAN forecast,2026,1,2026-01-06,2026-01-06,16088037
2026-08-07,mobile,JAN forecast,2026,1,2026-01-06,2026-01-06,16089323
2026-08-08,mobile,JAN forecast,2026,1,2026-01-06,2026-01-06,16091201
2026-08-09,mobile,JAN forecast,2026,1,2026-01-06,2026-01-06,16092587
2026-08-10,mobile,JAN forecast,2026,1,2026-01-06,2026-01-06,16095242
2026-08-11,mobile,JAN forecast,2026,1,2026-01-06,2026-01-06,16095889
2026-08-12,mobile,JAN forecast,2026,1,2026-01-06,2026-01-06,16097701
2026-08-13,mobile,JAN forecast,2026,1,2026-01-06,2026-01-06,16099069
2026-08-14,mobile,JAN forecast,2026,1,2026-01-06,2026-01-06,16101984
2026-08-15,mobile,JAN forecast,2026,1,2026-01-06,2026-01-06,16102848
2026-08-16,mobile,JAN forecast,2026,1,2026-01-06,2026-01-06,16105663
2026-08-17,mobile,JAN forecast,2026,1,2026-01-06,2026-01-06,16109168
2026-08-18,mobile,JAN forecast,2026,1,2026-01-06,2026-01-06,16113189
2026-08-19,mobile,JAN forecast,2026,1,2026-01-06,2026-01-06,16117591
2026-08-20,mobile,JAN forecast,2026,1,2026-01-06,2026-01-06,16123023
2026-08-21,mobile,JAN forecast,2026,1,2026-01-06,2026-01-06,16129402
2026-08-22,mobile,JAN forecast,2026,1,2026-01-06,2026-01-06,16134229
2026-08-23,mobile,JAN forecast,2026,1,2026-01-06,2026-01-06,16140463
2026-08-24,mobile,JAN forecast,2026,1,2026-01-06,2026-01-06,16146424
2026-08-25,mobile,JAN forecast,2026,1,2026-01-06,2026-01-06,16152487
2026-08-26,mobile,JAN forecast,2026,1,2026-01-06,2026-01-06,16159576
2026-08-27,mobile,JAN forecast,2026,1,2026-01-06,2026-01-06,16166859
2026-08-28,mobile,JAN forecast,2026,1,2026-01-06,2026-01-06,16174018
2026-08-29,mobile,JAN forecast,2026,1,2026-01-06,2026-01-06,16181819
2026-08-30,mobile,JAN forecast,2026,1,2026-01-06,2026-01-06,16187860
2026-08-31,mobile,JAN forecast,2026,1,2026-01-06,2026-01-06,16196807
2026-09-01,mobile,JAN forecast,2026,1,2026-01-06,2026-01-06,16205521
2026-09-02,mobile,JAN forecast,2026,1,2026-01-06,2026-01-06,16213109
2026-09-03,mobile,JAN forecast,2026,1,2026-01-06,2026-01-06,16222957
2026-09-04,mobile,JAN forecast,2026,1,2026-01-06,2026-01-06,16232976
2026-09-05,mobile,JAN forecast,2026,1,2026-01-06,2026-01-06,16243804
2026-09-06,mobile,JAN forecast,2026,1,2026-01-06,2026-01-06,16254135
2026-09-07,mobile,JAN forecast,2026,1,2026-01-06,2026-01-06,16263683
2026-09-08,mobile,JAN forecast,2026,1,2026-01-06,2026-01-06,16276016
2026-09-09,mobile,JAN forecast,2026,1,2026-01-06,2026-01-06,16286310
2026-09-10,mobile,JAN forecast,2026,1,2026-01-06,2026-01-06,16298216
2026-09-11,mobile,JAN forecast,2026,1,2026-01-06,2026-01-06,16308193
2026-09-12,mobile,JAN forecast,2026,1,2026-01-06,2026-01-06,16322628
2026-09-13,mobile,JAN forecast,2026,1,2026-01-06,2026-01-06,16334219
2026-09-14,mobile,JAN forecast,2026,1,2026-01-06,2026-01-06,16345358
2026-09-15,mobile,JAN forecast,2026,1,2026-01-06,2026-01-06,16356079
2026-09-16,mobile,JAN forecast,2026,1,2026-01-06,2026-01-06,16367317
2026-09-17,mobile,JAN forecast,2026,1,2026-01-06,2026-01-06,16377958
2026-09-18,mobile,JAN forecast,2026,1,2026-01-06,2026-01-06,16388862
2026-09-19,mobile,JAN forecast,2026,1,2026-01-06,2026-01-06,16399849
2026-09-20,mobile,JAN forecast,2026,1,2026-01-06,2026-01-06,16410537
2026-09-21,mobile,JAN forecast,2026,1,2026-01-06,2026-01-06,16421428
2026-09-22,mobile,JAN forecast,2026,1,2026-01-06,2026-01-06,16432520
2026-09-23,mobile,JAN forecast,2026,1,2026-01-06,2026-01-06,16442786
2026-09-24,mobile,JAN forecast,2026,1,2026-01-06,2026-01-06,16452449
2026-09-25,mobile,JAN forecast,2026,1,2026-01-06,2026-01-06,16461871
2026-09-26,mobile,JAN forecast,2026,1,2026-01-06,2026-01-06,16470535
2026-09-27,mobile,JAN forecast,2026,1,2026-01-06,2026-01-06,16480716
2026-09-28,mobile,JAN forecast,2026,1,2026-01-06,2026-01-06,16490006
2026-09-29,mobile,JAN forecast,2026,1,2026-01-06,2026-01-06,16497250
2026-09-30,mobile,JAN forecast,2026,1,2026-01-06,2026-01-06,16505209
2026-10-01,mobile,JAN forecast,2026,1,2026-01-06,2026-01-06,16510423
2026-10-02,mobile,JAN forecast,2026,1,2026-01-06,2026-01-06,16514173
2026-10-03,mobile,JAN forecast,2026,1,2026-01-06,2026-01-06,16518198
2026-10-04,mobile,JAN forecast,2026,1,2026-01-06,2026-01-06,16522416
2026-10-05,mobile,JAN forecast,2026,1,2026-01-06,2026-01-06,16528350
2026-10-06,mobile,JAN forecast,2026,1,2026-01-06,2026-01-06,16533890
2026-10-07,mobile,JAN forecast,2026,1,2026-01-06,2026-01-06,16538798
2026-10-08,mobile,JAN forecast,2026,1,2026-01-06,2026-01-06,16543481
2026-10-09,mobile,JAN forecast,2026,1,2026-01-06,2026-01-06,16549541
2026-10-10,mobile,JAN forecast,2026,1,2026-01-06,2026-01-06,16553188
2026-10-11,mobile,JAN forecast,2026,1,2026-01-06,2026-01-06,16558462
2026-10-12,mobile,JAN forecast,2026,1,2026-01-06,2026-01-06,16561601
2026-10-13,mobile,JAN forecast,2026,1,2026-01-06,2026-01-06,16566061
2026-10-14,mobile,JAN forecast,2026,1,2026-01-06,2026-01-06,16570093
2026-10-15,mobile,JAN forecast,2026,1,2026-01-06,2026-01-06,16573105
2026-10-16,mobile,JAN forecast,2026,1,2026-01-06,2026-01-06,16576429
2026-10-17,mobile,JAN forecast,2026,1,2026-01-06,2026-01-06,16578491
2026-10-18,mobile,JAN forecast,2026,1,2026-01-06,2026-01-06,16581404
2026-10-19,mobile,JAN forecast,2026,1,2026-01-06,2026-01-06,16583246
2026-10-20,mobile,JAN forecast,2026,1,2026-01-06,2026-01-06,16584465
2026-10-21,mobile,JAN forecast,2026,1,2026-01-06,2026-01-06,16588558
2026-10-22,mobile,JAN forecast,2026,1,2026-01-06,2026-01-06,16593034
2026-10-23,mobile,JAN forecast,2026,1,2026-01-06,2026-01-06,16598242
2026-10-24,mobile,JAN forecast,2026,1,2026-01-06,2026-01-06,16601916
2026-10-25,mobile,JAN forecast,2026,1,2026-01-06,2026-01-06,16606016
2026-10-26,mobile,JAN forecast,2026,1,2026-01-06,2026-01-06,16610843
2026-10-27,mobile,JAN forecast,2026,1,2026-01-06,2026-01-06,16616085
2026-10-28,mobile,JAN forecast,2026,1,2026-01-06,2026-01-06,16621433
2026-10-29,mobile,JAN forecast,2026,1,2026-01-06,2026-01-06,16627700
2026-10-30,mobile,JAN forecast,2026,1,2026-01-06,2026-01-06,16636326
2026-10-31,mobile,JAN forecast,2026,1,2026-01-06,2026-01-06,16643540
2026-11-01,mobile,JAN forecast,2026,1,2026-01-06,2026-01-06,16649582
2026-11-02,mobile,JAN forecast,2026,1,2026-01-06,2026-01-06,16654067
2026-11-03,mobile,JAN forecast,2026,1,2026-01-06,2026-01-06,16659568
2026-11-04,mobile,JAN forecast,2026,1,2026-01-06,2026-01-06,16666119
2026-11-05,mobile,JAN forecast,2026,1,2026-01-06,2026-01-06,16671543
2026-11-06,mobile,JAN forecast,2026,1,2026-01-06,2026-01-06,16675780
2026-11-07,mobile,JAN forecast,2026,1,2026-01-06,2026-01-06,16680162
2026-11-08,mobile,JAN forecast,2026,1,2026-01-06,2026-01-06,16679434
2026-11-09,mobile,JAN forecast,2026,1,2026-01-06,2026-01-06,16682305
2026-11-10,mobile,JAN forecast,2026,1,2026-01-06,2026-01-06,16685980
2026-11-11,mobile,JAN forecast,2026,1,2026-01-06,2026-01-06,16692675
2026-11-12,mobile,JAN forecast,2026,1,2026-01-06,2026-01-06,16698836
2026-11-13,mobile,JAN forecast,2026,1,2026-01-06,2026-01-06,16703024
2026-11-14,mobile,JAN forecast,2026,1,2026-01-06,2026-01-06,16711191
2026-11-15,mobile,JAN forecast,2026,1,2026-01-06,2026-01-06,16716157
2026-11-16,mobile,JAN forecast,2026,1,2026-01-06,2026-01-06,16723746
2026-11-17,mobile,JAN forecast,2026,1,2026-01-06,2026-01-06,16733343
2026-11-18,mobile,JAN forecast,2026,1,2026-01-06,2026-01-06,16739744
2026-11-19,mobile,JAN forecast,2026,1,2026-01-06,2026-01-06,16746601
2026-11-20,mobile,JAN forecast,2026,1,2026-01-06,2026-01-06,16752978
2026-11-21,mobile,JAN forecast,2026,1,2026-01-06,2026-01-06,16762461
2026-11-22,mobile,JAN forecast,2026,1,2026-01-06,2026-01-06,16771904
2026-11-23,mobile,JAN forecast,2026,1,2026-01-06,2026-01-06,16781430
2026-11-24,mobile,JAN forecast,2026,1,2026-01-06,2026-01-06,16792619
2026-11-25,mobile,JAN forecast,2026,1,2026-01-06,2026-01-06,16802438
2026-11-26,mobile,JAN forecast,2026,1,2026-01-06,2026-01-06,16814301
2026-11-27,mobile,JAN forecast,2026,1,2026-01-06,2026-01-06,16825192
2026-11-28,mobile,JAN forecast,2026,1,2026-01-06,2026-01-06,16836081
2026-11-29,mobile,JAN forecast,2026,1,2026-01-06,2026-01-06,16847824
2026-11-30,mobile,JAN forecast,2026,1,2026-01-06,2026-01-06,16860533
2026-12-01,mobile,JAN forecast,2026,1,2026-01-06,2026-01-06,16872087
2026-12-02,mobile,JAN forecast,2026,1,2026-01-06,2026-01-06,16883144
2026-12-03,mobile,JAN forecast,2026,1,2026-01-06,2026-01-06,16895237
2026-12-04,mobile,JAN forecast,2026,1,2026-01-06,2026-01-06,16907459
2026-12-05,mobile,JAN forecast,2026,1,2026-01-06,2026-01-06,16920761
2026-12-06,mobile,JAN forecast,2026,1,2026-01-06,2026-01-06,16938092
2026-12-07,mobile,JAN forecast,2026,1,2026-01-06,2026-01-06,16953237
2026-12-08,mobile,JAN forecast,2026,1,2026-01-06,2026-01-06,16964609
2026-12-09,mobile,JAN forecast,2026,1,2026-01-06,2026-01-06,16973324
2026-12-10,mobile,JAN forecast,2026,1,2026-01-06,2026-01-06,16983111
2026-12-11,mobile,JAN forecast,2026,1,2026-01-06,2026-01-06,16993396
2026-12-12,mobile,JAN forecast,2026,1,2026-01-06,2026-01-06,17000107
2026-12-13,mobile,JAN forecast,2026,1,2026-01-06,2026-01-06,17007817
2026-12-14,mobile,JAN forecast,2026,1,2026-01-06,2026-01-06,17014594
2026-12-15,mobile,JAN forecast,2026,1,2026-01-06,2026-01-06,17019424
2026-12-16,mobile,JAN forecast,2026,1,2026-01-06,2026-01-06,17023433
2026-12-17,mobile,JAN forecast,2026,1,2026-01-06,2026-01-06,17026130
2026-12-18,mobile,JAN forecast,2026,1,2026-01-06,2026-01-06,17028981
2026-12-19,mobile,JAN forecast,2026,1,2026-01-06,2026-01-06,17029088
2026-12-20,mobile,JAN forecast,2026,1,2026-01-06,2026-01-06,17027086
2026-12-21,mobile,JAN forecast,2026,1,2026-01-06,2026-01-06,17023680
2026-12-22,mobile,JAN forecast,2026,1,2026-01-06,2026-01-06,17015827
2026-12-23,mobile,JAN forecast,2026,1,2026-01-06,2026-01-06,17010590
2026-12-24,mobile,JAN forecast,2026,1,2026-01-06,2026-01-06,16994435
2026-12-25,mobile,JAN forecast,2026,1,2026-01-06,2026-01-06,16966479
2026-12-26,mobile,JAN forecast,2026,1,2026-01-06,2026-01-06,16955862
2026-12-27,mobile,JAN forecast,2026,1,2026-01-06,2026-01-06,16948907
2026-12-28,mobile,JAN forecast,2026,1,2026-01-06,2026-01-06,16941942
2026-12-29,mobile,JAN forecast,2026,1,2026-01-06,2026-01-06,16935889
2026-12-30,mobile,JAN forecast,2026,1,2026-01-06,2026-01-06,16929297
2026-12-31,mobile,JAN forecast,2026,1,2026-01-06,2026-01-06,16921507
2026-01-01,desktop,FEB prior forecasts,2026,1,2026-01-06,2026-01-06,46372491
2026-01-02,desktop,FEB prior forecasts,2026,1,2026-01-06,2026-01-06,46203053
2026-01-03,desktop,FEB prior forecasts,2026,1,2026-01-06,2026-01-06,46054939
2026-01-04,desktop,FEB prior forecasts,2026,1,2026-01-06,2026-01-06,45938235
2026-01-05,desktop,FEB prior forecasts,2026,1,2026-01-06,2026-01-06,45970240
2026-01-06,desktop,FEB prior forecasts,2026,1,2026-01-06,2026-01-06,45890491
2026-01-07,desktop,FEB prior forecasts,2026,1,2026-01-06,2026-01-06,45870175
2026-01-08,desktop,FEB prior forecasts,2026,1,2026-01-06,2026-01-06,45878879
2026-01-09,desktop,FEB prior forecasts,2026,1,2026-01-06,2026-01-06,45890815
2026-01-10,desktop,FEB prior forecasts,2026,1,2026-01-06,2026-01-06,45843441
2026-01-11,desktop,FEB prior forecasts,2026,1,2026-01-06,2026-01-06,45798644
2026-01-12,desktop,FEB prior forecasts,2026,1,2026-01-06,2026-01-06,45829117
2026-01-13,desktop,FEB prior forecasts,2026,1,2026-01-06,2026-01-06,45873885
2026-01-14,desktop,FEB prior forecasts,2026,1,2026-01-06,2026-01-06,45933096
2026-01-15,desktop,FEB prior forecasts,2026,1,2026-01-06,2026-01-06,45998626
2026-01-16,desktop,FEB prior forecasts,2026,1,2026-01-06,2026-01-06,46047274
2026-01-17,desktop,FEB prior forecasts,2026,1,2026-01-06,2026-01-06,46145492
2026-01-18,desktop,FEB prior forecasts,2026,1,2026-01-06,2026-01-06,46271564
2026-01-19,desktop,FEB prior forecasts,2026,1,2026-01-06,2026-01-06,46473709
2026-01-20,desktop,FEB prior forecasts,2026,1,2026-01-06,2026-01-06,47334469
2026-01-21,desktop,FEB prior forecasts,2026,1,2026-01-06,2026-01-06,47776396
2026-01-22,desktop,FEB prior forecasts,2026,1,2026-01-06,2026-01-06,48458426
2026-01-23,desktop,FEB prior forecasts,2026,1,2026-01-06,2026-01-06,48899366
2026-01-24,desktop,FEB prior forecasts,2026,1,2026-01-06,2026-01-06,49141808
2026-01-25,desktop,FEB prior forecasts,2026,1,2026-01-06,2026-01-06,49362596
2026-01-26,desktop,FEB prior forecasts,2026,1,2026-01-06,2026-01-06,49665395
2026-01-27,desktop,FEB prior forecasts,2026,1,2026-01-06,2026-01-06,50014779
2026-01-28,desktop,FEB prior forecasts,2026,1,2026-01-06,2026-01-06,50473323
2026-01-29,desktop,FEB prior forecasts,2026,1,2026-01-06,2026-01-06,51045597
2026-01-30,desktop,FEB prior forecasts,2026,1,2026-01-06,2026-01-06,51293145
2026-01-31,desktop,FEB prior forecasts,2026,1,2026-01-06,2026-01-06,
2026-01-01,mobile,FEB prior forecasts,2026,1,2026-01-06,2026-01-06,15552901
2026-01-02,mobile,FEB prior forecasts,2026,1,2026-01-06,2026-01-06,15541705
2026-01-03,mobile,FEB prior forecasts,2026,1,2026-01-06,2026-01-06,15537893
2026-01-04,mobile,FEB prior forecasts,2026,1,2026-01-06,2026-01-06,15537341
2026-01-05,mobile,FEB prior forecasts,2026,1,2026-01-06,2026-01-06,15531877
2026-01-06,mobile,FEB prior forecasts,2026,1,2026-01-06,2026-01-06,15524093
2026-01-07,mobile,FEB prior forecasts,2026,1,2026-01-06,2026-01-06,15516583
2026-01-08,mobile,FEB prior forecasts,2026,1,2026-01-06,2026-01-06,15511757
2026-01-09,mobile,FEB prior forecasts,2026,1,2026-01-06,2026-01-06,15509316
2026-01-10,mobile,FEB prior forecasts,2026,1,2026-01-06,2026-01-06,15512447
2026-01-11,mobile,FEB prior forecasts,2026,1,2026-01-06,2026-01-06,15517619
2026-01-12,mobile,FEB prior forecasts,2026,1,2026-01-06,2026-01-06,15523002
2026-01-13,mobile,FEB prior forecasts,2026,1,2026-01-06,2026-01-06,15529179
2026-01-14,mobile,FEB prior forecasts,2026,1,2026-01-06,2026-01-06,15536596
2026-01-15,mobile,FEB prior forecasts,2026,1,2026-01-06,2026-01-06,15544991
2026-01-16,mobile,FEB prior forecasts,2026,1,2026-01-06,2026-01-06,15551536
2026-01-17,mobile,FEB prior forecasts,2026,1,2026-01-06,2026-01-06,15561708
2026-01-18,mobile,FEB prior forecasts,2026,1,2026-01-06,2026-01-06,15572490
2026-01-19,mobile,FEB prior forecasts,2026,1,2026-01-06,2026-01-06,15584475
2026-01-20,mobile,FEB prior forecasts,2026,1,2026-01-06,2026-01-06,15599792
2026-01-21,mobile,FEB prior forecasts,2026,1,2026-01-06,2026-01-06,15622278
2026-01-22,mobile,FEB prior forecasts,2026,1,2026-01-06,2026-01-06,15658338
2026-01-23,mobile,FEB prior forecasts,2026,1,2026-01-06,2026-01-06,15676879
2026-01-24,mobile,FEB prior forecasts,2026,1,2026-01-06,2026-01-06,15691706
2026-01-25,mobile,FEB prior forecasts,2026,1,2026-01-06,2026-01-06,15705828
2026-01-26,mobile,FEB prior forecasts,2026,1,2026-01-06,2026-01-06,15718124
2026-01-27,mobile,FEB prior forecasts,2026,1,2026-01-06,2026-01-06,15733296
2026-01-28,mobile,FEB prior forecasts,2026,1,2026-01-06,2026-01-06,15751955
2026-01-29,mobile,FEB prior forecasts,2026,1,2026-01-06,2026-01-06,15772581
2026-01-30,mobile,FEB prior forecasts,2026,1,2026-01-06,2026-01-06,15787185
2026-01-31,mobile,FEB prior forecasts,2026,1,2026-01-06,2026-01-06,
2026-02-01,desktop,FEB forecast,2026,1,2026-02-13,2026-02-13,50575226
2026-02-02,desktop,FEB forecast,2026,1,2026-02-13,2026-02-13,50678442
2026-02-03,desktop,FEB forecast,2026,1,2026-02-13,2026-02-13,50858835
2026-02-04,desktop,FEB forecast,2026,1,2026-02-13,2026-02-13,50966620
2026-02-05,desktop,FEB forecast,2026,1,2026-02-13,2026-02-13,51053648
2026-02-06,desktop,FEB forecast,2026,1,2026-02-13,2026-02-13,51124187
2026-02-07,desktop,FEB forecast,2026,1,2026-02-13,2026-02-13,51184885
2026-02-08,desktop,FEB forecast,2026,1,2026-02-13,2026-02-13,51249650
2026-02-09,desktop,FEB forecast,2026,1,2026-02-13,2026-02-13,51313102
2026-02-10,desktop,FEB forecast,2026,1,2026-02-13,2026-02-13,51354569
2026-02-11,desktop,FEB forecast,2026,1,2026-02-13,2026-02-13,51384895
2026-02-12,desktop,FEB forecast,2026,1,2026-02-13,2026-02-13,51414392
2026-02-13,desktop,FEB forecast,2026,1,2026-02-13,2026-02-13,51449284
2026-02-14,desktop,FEB forecast,2026,1,2026-02-13,2026-02-13,51463641
2026-02-15,desktop,FEB forecast,2026,1,2026-02-13,2026-02-13,51448035
2026-02-16,desktop,FEB forecast,2026,1,2026-02-13,2026-02-13,51337111
2026-02-17,desktop,FEB forecast,2026,1,2026-02-13,2026-02-13,51247334
2026-02-18,desktop,FEB forecast,2026,1,2026-02-13,2026-02-13,51220618
2026-02-19,desktop,FEB forecast,2026,1,2026-02-13,2026-02-13,51213319
2026-02-20,desktop,FEB forecast,2026,1,2026-02-13,2026-02-13,51173216
2026-02-21,desktop,FEB forecast,2026,1,2026-02-13,2026-02-13,51135342
2026-02-22,desktop,FEB forecast,2026,1,2026-02-13,2026-02-13,51110747
2026-02-23,desktop,FEB forecast,2026,1,2026-02-13,2026-02-13,51080672
2026-02-24,desktop,FEB forecast,2026,1,2026-02-13,2026-02-13,51050385
2026-02-25,desktop,FEB forecast,2026,1,2026-02-13,2026-02-13,51025927
2026-02-26,desktop,FEB forecast,2026,1,2026-02-13,2026-02-13,51009826
2026-02-27,desktop,FEB forecast,2026,1,2026-02-13,2026-02-13,50995639
2026-02-28,desktop,FEB forecast,2026,1,2026-02-13,2026-02-13,50976968
2026-03-01,desktop,FEB forecast,2026,1,2026-02-13,2026-02-13,50975823
2026-03-02,desktop,FEB forecast,2026,1,2026-02-13,2026-02-13,50988002
2026-03-03,desktop,FEB forecast,2026,1,2026-02-13,2026-02-13,50984137
2026-03-04,desktop,FEB forecast,2026,1,2026-02-13,2026-02-13,50940512
2026-03-05,desktop,FEB forecast,2026,1,2026-02-13,2026-02-13,50938612
2026-03-06,desktop,FEB forecast,2026,1,2026-02-13,2026-02-13,50936882
2026-03-07,desktop,FEB forecast,2026,1,2026-02-13,2026-02-13,50943788
2026-03-08,desktop,FEB forecast,2026,1,2026-02-13,2026-02-13,50941069
2026-03-09,desktop,FEB forecast,2026,1,2026-02-13,2026-02-13,50955180
2026-03-10,desktop,FEB forecast,2026,1,2026-02-13,2026-02-13,50966548
2026-03-11,desktop,FEB forecast,2026,1,2026-02-13,2026-02-13,51010619
2026-03-12,desktop,FEB forecast,2026,1,2026-02-13,2026-02-13,51035126
2026-03-13,desktop,FEB forecast,2026,1,2026-02-13,2026-02-13,51061649
2026-03-14,desktop,FEB forecast,2026,1,2026-02-13,2026-02-13,51089311
2026-03-15,desktop,FEB forecast,2026,1,2026-02-13,2026-02-13,51134859
2026-03-16,desktop,FEB forecast,2026,1,2026-02-13,2026-02-13,51286086
2026-03-17,desktop,FEB forecast,2026,1,2026-02-13,2026-02-13,51379378
2026-03-18,desktop,FEB forecast,2026,1,2026-02-13,2026-02-13,51388515
2026-03-19,desktop,FEB forecast,2026,1,2026-02-13,2026-02-13,51356719
2026-03-20,desktop,FEB forecast,2026,1,2026-02-13,2026-02-13,51285806
2026-03-21,desktop,FEB forecast,2026,1,2026-02-13,2026-02-13,51251486
2026-03-22,desktop,FEB forecast,2026,1,2026-02-13,2026-02-13,51208999
2026-03-23,desktop,FEB forecast,2026,1,2026-02-13,2026-02-13,51194416
2026-03-24,desktop,FEB forecast,2026,1,2026-02-13,2026-02-13,51151203
2026-03-25,desktop,FEB forecast,2026,1,2026-02-13,2026-02-13,51114965
2026-03-26,desktop,FEB forecast,2026,1,2026-02-13,2026-02-13,51081693
2026-03-27,desktop,FEB forecast,2026,1,2026-02-13,2026-02-13,51060391
2026-03-28,desktop,FEB forecast,2026,1,2026-02-13,2026-02-13,51040494
2026-03-29,desktop,FEB forecast,2026,1,2026-02-13,2026-02-13,50997271
2026-03-30,desktop,FEB forecast,2026,1,2026-02-13,2026-02-13,50922116
2026-03-31,desktop,FEB forecast,2026,1,2026-02-13,2026-02-13,50856449
2026-04-01,desktop,FEB forecast,2026,1,2026-02-13,2026-02-13,50781445
2026-04-02,desktop,FEB forecast,2026,1,2026-02-13,2026-02-13,50567656
2026-04-03,desktop,FEB forecast,2026,1,2026-02-13,2026-02-13,50054525
2026-04-04,desktop,FEB forecast,2026,1,2026-02-13,2026-02-13,49921267
2026-04-05,desktop,FEB forecast,2026,1,2026-02-13,2026-02-13,49753487
2026-04-06,desktop,FEB forecast,2026,1,2026-02-13,2026-02-13,49272573
2026-04-07,desktop,FEB forecast,2026,1,2026-02-13,2026-02-13,49203659
2026-04-08,desktop,FEB forecast,2026,1,2026-02-13,2026-02-13,49135338
2026-04-09,desktop,FEB forecast,2026,1,2026-02-13,2026-02-13,49064283
2026-04-10,desktop,FEB forecast,2026,1,2026-02-13,2026-02-13,49002497
2026-04-11,desktop,FEB forecast,2026,1,2026-02-13,2026-02-13,48960997
2026-04-12,desktop,FEB forecast,2026,1,2026-02-13,2026-02-13,48930611
2026-04-13,desktop,FEB forecast,2026,1,2026-02-13,2026-02-13,48908398
2026-04-14,desktop,FEB forecast,2026,1,2026-02-13,2026-02-13,48895566
2026-04-15,desktop,FEB forecast,2026,1,2026-02-13,2026-02-13,48902334
2026-04-16,desktop,FEB forecast,2026,1,2026-02-13,2026-02-13,48918154
2026-04-17,desktop,FEB forecast,2026,1,2026-02-13,2026-02-13,48972677
2026-04-18,desktop,FEB forecast,2026,1,2026-02-13,2026-02-13,48989135
2026-04-19,desktop,FEB forecast,2026,1,2026-02-13,2026-02-13,48992992
2026-04-20,desktop,FEB forecast,2026,1,2026-02-13,2026-02-13,49005429
2026-04-21,desktop,FEB forecast,2026,1,2026-02-13,2026-02-13,48982822
2026-04-22,desktop,FEB forecast,2026,1,2026-02-13,2026-02-13,48965703
2026-04-23,desktop,FEB forecast,2026,1,2026-02-13,2026-02-13,48944409
2026-04-24,desktop,FEB forecast,2026,1,2026-02-13,2026-02-13,48909327
2026-04-25,desktop,FEB forecast,2026,1,2026-02-13,2026-02-13,48867825
2026-04-26,desktop,FEB forecast,2026,1,2026-02-13,2026-02-13,48845006
2026-04-27,desktop,FEB forecast,2026,1,2026-02-13,2026-02-13,48848868
2026-04-28,desktop,FEB forecast,2026,1,2026-02-13,2026-02-13,48856129
2026-04-29,desktop,FEB forecast,2026,1,2026-02-13,2026-02-13,48883573
2026-04-30,desktop,FEB forecast,2026,1,2026-02-13,2026-02-13,48993047
2026-05-01,desktop,FEB forecast,2026,1,2026-02-13,2026-02-13,49021976
2026-05-02,desktop,FEB forecast,2026,1,2026-02-13,2026-02-13,49038920
2026-05-03,desktop,FEB forecast,2026,1,2026-02-13,2026-02-13,49097562
2026-05-04,desktop,FEB forecast,2026,1,2026-02-13,2026-02-13,49457229
2026-05-05,desktop,FEB forecast,2026,1,2026-02-13,2026-02-13,49434013
2026-05-06,desktop,FEB forecast,2026,1,2026-02-13,2026-02-13,49405812
2026-05-07,desktop,FEB forecast,2026,1,2026-02-13,2026-02-13,49389646
2026-05-08,desktop,FEB forecast,2026,1,2026-02-13,2026-02-13,49337132
2026-05-09,desktop,FEB forecast,2026,1,2026-02-13,2026-02-13,49293064
2026-05-10,desktop,FEB forecast,2026,1,2026-02-13,2026-02-13,49245159
2026-05-11,desktop,FEB forecast,2026,1,2026-02-13,2026-02-13,49203509
2026-05-12,desktop,FEB forecast,2026,1,2026-02-13,2026-02-13,49168134
2026-05-13,desktop,FEB forecast,2026,1,2026-02-13,2026-02-13,49120098
2026-05-14,desktop,FEB forecast,2026,1,2026-02-13,2026-02-13,48857182
2026-05-15,desktop,FEB forecast,2026,1,2026-02-13,2026-02-13,48710026
2026-05-16,desktop,FEB forecast,2026,1,2026-02-13,2026-02-13,48669402
2026-05-17,desktop,FEB forecast,2026,1,2026-02-13,2026-02-13,48637669
2026-05-18,desktop,FEB forecast,2026,1,2026-02-13,2026-02-13,48586796
2026-05-19,desktop,FEB forecast,2026,1,2026-02-13,2026-02-13,48597652
2026-05-20,desktop,FEB forecast,2026,1,2026-02-13,2026-02-13,48577736
2026-05-21,desktop,FEB forecast,2026,1,2026-02-13,2026-02-13,48554444
2026-05-22,desktop,FEB forecast,2026,1,2026-02-13,2026-02-13,48524403
2026-05-23,desktop,FEB forecast,2026,1,2026-02-13,2026-02-13,48500651
2026-05-24,desktop,FEB forecast,2026,1,2026-02-13,2026-02-13,48435804
2026-05-25,desktop,FEB forecast,2026,1,2026-02-13,2026-02-13,48131620
2026-05-26,desktop,FEB forecast,2026,1,2026-02-13,2026-02-13,48086334
2026-05-27,desktop,FEB forecast,2026,1,2026-02-13,2026-02-13,48015804
2026-05-28,desktop,FEB forecast,2026,1,2026-02-13,2026-02-13,48007239
2026-05-29,desktop,FEB forecast,2026,1,2026-02-13,2026-02-13,48388458
2026-05-30,desktop,FEB forecast,2026,1,2026-02-13,2026-02-13,48400836
2026-05-31,desktop,FEB forecast,2026,1,2026-02-13,2026-02-13,48397458
2026-06-01,desktop,FEB forecast,2026,1,2026-02-13,2026-02-13,48362511
2026-06-02,desktop,FEB forecast,2026,1,2026-02-13,2026-02-13,48334101
2026-06-03,desktop,FEB forecast,2026,1,2026-02-13,2026-02-13,48302026
2026-06-04,desktop,FEB forecast,2026,1,2026-02-13,2026-02-13,48106419
2026-06-05,desktop,FEB forecast,2026,1,2026-02-13,2026-02-13,48019654
2026-06-06,desktop,FEB forecast,2026,1,2026-02-13,2026-02-13,47975962
2026-06-07,desktop,FEB forecast,2026,1,2026-02-13,2026-02-13,47935474
2026-06-08,desktop,FEB forecast,2026,1,2026-02-13,2026-02-13,47908370
2026-06-09,desktop,FEB forecast,2026,1,2026-02-13,2026-02-13,47866948
2026-06-10,desktop,FEB forecast,2026,1,2026-02-13,2026-02-13,47840712
2026-06-11,desktop,FEB forecast,2026,1,2026-02-13,2026-02-13,48030270
2026-06-12,desktop,FEB forecast,2026,1,2026-02-13,2026-02-13,48089889
2026-06-13,desktop,FEB forecast,2026,1,2026-02-13,2026-02-13,48050427
2026-06-14,desktop,FEB forecast,2026,1,2026-02-13,2026-02-13,48007185
2026-06-15,desktop,FEB forecast,2026,1,2026-02-13,2026-02-13,47978955
2026-06-16,desktop,FEB forecast,2026,1,2026-02-13,2026-02-13,47896545
2026-06-17,desktop,FEB forecast,2026,1,2026-02-13,2026-02-13,47830813
2026-06-18,desktop,FEB forecast,2026,1,2026-02-13,2026-02-13,47771344
2026-06-19,desktop,FEB forecast,2026,1,2026-02-13,2026-02-13,47690061
2026-06-20,desktop,FEB forecast,2026,1,2026-02-13,2026-02-13,47635883
2026-06-21,desktop,FEB forecast,2026,1,2026-02-13,2026-02-13,47610274
2026-06-22,desktop,FEB forecast,2026,1,2026-02-13,2026-02-13,47832538
2026-06-23,desktop,FEB forecast,2026,1,2026-02-13,2026-02-13,47787736
2026-06-24,desktop,FEB forecast,2026,1,2026-02-13,2026-02-13,47754150
2026-06-25,desktop,FEB forecast,2026,1,2026-02-13,2026-02-13,47683555
2026-06-26,desktop,FEB forecast,2026,1,2026-02-13,2026-02-13,47616059
2026-06-27,desktop,FEB forecast,2026,1,2026-02-13,2026-02-13,47547374
2026-06-28,desktop,FEB forecast,2026,1,2026-02-13,2026-02-13,47491908
2026-06-29,desktop,FEB forecast,2026,1,2026-02-13,2026-02-13,47456753
2026-06-30,desktop,FEB forecast,2026,1,2026-02-13,2026-02-13,47396039
2026-07-01,desktop,FEB forecast,2026,1,2026-02-13,2026-02-13,47327378
2026-07-02,desktop,FEB forecast,2026,1,2026-02-13,2026-02-13,47406713
2026-07-03,desktop,FEB forecast,2026,1,2026-02-13,2026-02-13,47331940
2026-07-04,desktop,FEB forecast,2026,1,2026-02-13,2026-02-13,47209449
2026-07-05,desktop,FEB forecast,2026,1,2026-02-13,2026-02-13,47107585
2026-07-06,desktop,FEB forecast,2026,1,2026-02-13,2026-02-13,47013106
2026-07-07,desktop,FEB forecast,2026,1,2026-02-13,2026-02-13,46909909
2026-07-08,desktop,FEB forecast,2026,1,2026-02-13,2026-02-13,46794576
2026-07-09,desktop,FEB forecast,2026,1,2026-02-13,2026-02-13,46681693
2026-07-10,desktop,FEB forecast,2026,1,2026-02-13,2026-02-13,46580495
2026-07-11,desktop,FEB forecast,2026,1,2026-02-13,2026-02-13,46464123
2026-07-12,desktop,FEB forecast,2026,1,2026-02-13,2026-02-13,46350022
2026-07-13,desktop,FEB forecast,2026,1,2026-02-13,2026-02-13,46221869
2026-07-14,desktop,FEB forecast,2026,1,2026-02-13,2026-02-13,46103945
2026-07-15,desktop,FEB forecast,2026,1,2026-02-13,2026-02-13,45999407
2026-07-16,desktop,FEB forecast,2026,1,2026-02-13,2026-02-13,45882649
2026-07-17,desktop,FEB forecast,2026,1,2026-02-13,2026-02-13,45793513
2026-07-18,desktop,FEB forecast,2026,1,2026-02-13,2026-02-13,45684076
2026-07-19,desktop,FEB forecast,2026,1,2026-02-13,2026-02-13,45575104
2026-07-20,desktop,FEB forecast,2026,1,2026-02-13,2026-02-13,45459382
2026-07-21,desktop,FEB forecast,2026,1,2026-02-13,2026-02-13,45361791
2026-07-22,desktop,FEB forecast,2026,1,2026-02-13,2026-02-13,45291607
2026-07-23,desktop,FEB forecast,2026,1,2026-02-13,2026-02-13,45215397
2026-07-24,desktop,FEB forecast,2026,1,2026-02-13,2026-02-13,45122551
2026-07-25,desktop,FEB forecast,2026,1,2026-02-13,2026-02-13,45027183
2026-07-26,desktop,FEB forecast,2026,1,2026-02-13,2026-02-13,44932861
2026-07-27,desktop,FEB forecast,2026,1,2026-02-13,2026-02-13,44845196
2026-07-28,desktop,FEB forecast,2026,1,2026-02-13,2026-02-13,44752751
2026-07-29,desktop,FEB forecast,2026,1,2026-02-13,2026-02-13,44662920
2026-07-30,desktop,FEB forecast,2026,1,2026-02-13,2026-02-13,44581132
2026-07-31,desktop,FEB forecast,2026,1,2026-02-13,2026-02-13,44564133
2026-08-01,desktop,FEB forecast,2026,1,2026-02-13,2026-02-13,44522701
2026-08-02,desktop,FEB forecast,2026,1,2026-02-13,2026-02-13,44457922
2026-08-03,desktop,FEB forecast,2026,1,2026-02-13,2026-02-13,44352146
2026-08-04,desktop,FEB forecast,2026,1,2026-02-13,2026-02-13,44270120
2026-08-05,desktop,FEB forecast,2026,1,2026-02-13,2026-02-13,44197760
2026-08-06,desktop,FEB forecast,2026,1,2026-02-13,2026-02-13,44127995
2026-08-07,desktop,FEB forecast,2026,1,2026-02-13,2026-02-13,44056393
2026-08-08,desktop,FEB forecast,2026,1,2026-02-13,2026-02-13,43987500
2026-08-09,desktop,FEB forecast,2026,1,2026-02-13,2026-02-13,43922303
2026-08-10,desktop,FEB forecast,2026,1,2026-02-13,2026-02-13,43841020
2026-08-11,desktop,FEB forecast,2026,1,2026-02-13,2026-02-13,43756890
2026-08-12,desktop,FEB forecast,2026,1,2026-02-13,2026-02-13,43660119
2026-08-13,desktop,FEB forecast,2026,1,2026-02-13,2026-02-13,43566896
2026-08-14,desktop,FEB forecast,2026,1,2026-02-13,2026-02-13,43462525
2026-08-15,desktop,FEB forecast,2026,1,2026-02-13,2026-02-13,43310731
2026-08-16,desktop,FEB forecast,2026,1,2026-02-13,2026-02-13,43257300
2026-08-17,desktop,FEB forecast,2026,1,2026-02-13,2026-02-13,43173215
2026-08-18,desktop,FEB forecast,2026,1,2026-02-13,2026-02-13,43122581
2026-08-19,desktop,FEB forecast,2026,1,2026-02-13,2026-02-13,43084213
2026-08-20,desktop,FEB forecast,2026,1,2026-02-13,2026-02-13,43051106
2026-08-21,desktop,FEB forecast,2026,1,2026-02-13,2026-02-13,43033102
2026-08-22,desktop,FEB forecast,2026,1,2026-02-13,2026-02-13,43031394
2026-08-23,desktop,FEB forecast,2026,1,2026-02-13,2026-02-13,43045085
2026-08-24,desktop,FEB forecast,2026,1,2026-02-13,2026-02-13,43052148
2026-08-25,desktop,FEB forecast,2026,1,2026-02-13,2026-02-13,43049133
2026-08-26,desktop,FEB forecast,2026,1,2026-02-13,2026-02-13,43084330
2026-08-27,desktop,FEB forecast,2026,1,2026-02-13,2026-02-13,43133025
2026-08-28,desktop,FEB forecast,2026,1,2026-02-13,2026-02-13,43171152
2026-08-29,desktop,FEB forecast,2026,1,2026-02-13,2026-02-13,43237112
2026-08-30,desktop,FEB forecast,2026,1,2026-02-13,2026-02-13,43294043
2026-08-31,desktop,FEB forecast,2026,1,2026-02-13,2026-02-13,43403968
2026-09-01,desktop,FEB forecast,2026,1,2026-02-13,2026-02-13,43502430
2026-09-02,desktop,FEB forecast,2026,1,2026-02-13,2026-02-13,43603139
2026-09-03,desktop,FEB forecast,2026,1,2026-02-13,2026-02-13,43705418
2026-09-04,desktop,FEB forecast,2026,1,2026-02-13,2026-02-13,43806871
2026-09-05,desktop,FEB forecast,2026,1,2026-02-13,2026-02-13,43930622
2026-09-06,desktop,FEB forecast,2026,1,2026-02-13,2026-02-13,44052156
2026-09-07,desktop,FEB forecast,2026,1,2026-02-13,2026-02-13,44068770
2026-09-08,desktop,FEB forecast,2026,1,2026-02-13,2026-02-13,44235963
2026-09-09,desktop,FEB forecast,2026,1,2026-02-13,2026-02-13,44418040
2026-09-10,desktop,FEB forecast,2026,1,2026-02-13,2026-02-13,44607770
2026-09-11,desktop,FEB forecast,2026,1,2026-02-13,2026-02-13,44812108
2026-09-12,desktop,FEB forecast,2026,1,2026-02-13,2026-02-13,45063119
2026-09-13,desktop,FEB forecast,2026,1,2026-02-13,2026-02-13,45224910
2026-09-14,desktop,FEB forecast,2026,1,2026-02-13,2026-02-13,45401997
2026-09-15,desktop,FEB forecast,2026,1,2026-02-13,2026-02-13,45564250
2026-09-16,desktop,FEB forecast,2026,1,2026-02-13,2026-02-13,45703997
2026-09-17,desktop,FEB forecast,2026,1,2026-02-13,2026-02-13,45855799
2026-09-18,desktop,FEB forecast,2026,1,2026-02-13,2026-02-13,45997034
2026-09-19,desktop,FEB forecast,2026,1,2026-02-13,2026-02-13,46131808
2026-09-20,desktop,FEB forecast,2026,1,2026-02-13,2026-02-13,46255503
2026-09-21,desktop,FEB forecast,2026,1,2026-02-13,2026-02-13,46373922
2026-09-22,desktop,FEB forecast,2026,1,2026-02-13,2026-02-13,46521942
2026-09-23,desktop,FEB forecast,2026,1,2026-02-13,2026-02-13,46631222
2026-09-24,desktop,FEB forecast,2026,1,2026-02-13,2026-02-13,46737678
2026-09-25,desktop,FEB forecast,2026,1,2026-02-13,2026-02-13,46854988
2026-09-26,desktop,FEB forecast,2026,1,2026-02-13,2026-02-13,46956677
2026-09-27,desktop,FEB forecast,2026,1,2026-02-13,2026-02-13,47065566
2026-09-28,desktop,FEB forecast,2026,1,2026-02-13,2026-02-13,47153208
2026-09-29,desktop,FEB forecast,2026,1,2026-02-13,2026-02-13,47230185
2026-09-30,desktop,FEB forecast,2026,1,2026-02-13,2026-02-13,47299660
2026-10-01,desktop,FEB forecast,2026,1,2026-02-13,2026-02-13,47366299
2026-10-02,desktop,FEB forecast,2026,1,2026-02-13,2026-02-13,47395182
2026-10-03,desktop,FEB forecast,2026,1,2026-02-13,2026-02-13,47435060
2026-10-04,desktop,FEB forecast,2026,1,2026-02-13,2026-02-13,47492633
2026-10-05,desktop,FEB forecast,2026,1,2026-02-13,2026-02-13,47683488
2026-10-06,desktop,FEB forecast,2026,1,2026-02-13,2026-02-13,47730536
2026-10-07,desktop,FEB forecast,2026,1,2026-02-13,2026-02-13,47760110
2026-10-08,desktop,FEB forecast,2026,1,2026-02-13,2026-02-13,47796401
2026-10-09,desktop,FEB forecast,2026,1,2026-02-13,2026-02-13,47829651
2026-10-10,desktop,FEB forecast,2026,1,2026-02-13,2026-02-13,47865744
2026-10-11,desktop,FEB forecast,2026,1,2026-02-13,2026-02-13,47897885
2026-10-12,desktop,FEB forecast,2026,1,2026-02-13,2026-02-13,47887284
2026-10-13,desktop,FEB forecast,2026,1,2026-02-13,2026-02-13,47902552
2026-10-14,desktop,FEB forecast,2026,1,2026-02-13,2026-02-13,47940955
2026-10-15,desktop,FEB forecast,2026,1,2026-02-13,2026-02-13,47963302
2026-10-16,desktop,FEB forecast,2026,1,2026-02-13,2026-02-13,47984568
2026-10-17,desktop,FEB forecast,2026,1,2026-02-13,2026-02-13,47997923
2026-10-18,desktop,FEB forecast,2026,1,2026-02-13,2026-02-13,48006089
2026-10-19,desktop,FEB forecast,2026,1,2026-02-13,2026-02-13,48006902
2026-10-20,desktop,FEB forecast,2026,1,2026-02-13,2026-02-13,47981140
2026-10-21,desktop,FEB forecast,2026,1,2026-02-13,2026-02-13,47987014
2026-10-22,desktop,FEB forecast,2026,1,2026-02-13,2026-02-13,47995222
2026-10-23,desktop,FEB forecast,2026,1,2026-02-13,2026-02-13,48005341
2026-10-24,desktop,FEB forecast,2026,1,2026-02-13,2026-02-13,48007050
2026-10-25,desktop,FEB forecast,2026,1,2026-02-13,2026-02-13,48008947
2026-10-26,desktop,FEB forecast,2026,1,2026-02-13,2026-02-13,48013988
2026-10-27,desktop,FEB forecast,2026,1,2026-02-13,2026-02-13,48016865
2026-10-28,desktop,FEB forecast,2026,1,2026-02-13,2026-02-13,48020778
2026-10-29,desktop,FEB forecast,2026,1,2026-02-13,2026-02-13,48026094
2026-10-30,desktop,FEB forecast,2026,1,2026-02-13,2026-02-13,48070649
2026-10-31,desktop,FEB forecast,2026,1,2026-02-13,2026-02-13,48078386
2026-11-01,desktop,FEB forecast,2026,1,2026-02-13,2026-02-13,47981739
2026-11-02,desktop,FEB forecast,2026,1,2026-02-13,2026-02-13,47953258
2026-11-03,desktop,FEB forecast,2026,1,2026-02-13,2026-02-13,47964718
2026-11-04,desktop,FEB forecast,2026,1,2026-02-13,2026-02-13,47975313
2026-11-05,desktop,FEB forecast,2026,1,2026-02-13,2026-02-13,47995463
2026-11-06,desktop,FEB forecast,2026,1,2026-02-13,2026-02-13,48013664
2026-11-07,desktop,FEB forecast,2026,1,2026-02-13,2026-02-13,48023144
2026-11-08,desktop,FEB forecast,2026,1,2026-02-13,2026-02-13,48023313
2026-11-09,desktop,FEB forecast,2026,1,2026-02-13,2026-02-13,48075967
2026-11-10,desktop,FEB forecast,2026,1,2026-02-13,2026-02-13,48081049
2026-11-11,desktop,FEB forecast,2026,1,2026-02-13,2026-02-13,48038959
2026-11-12,desktop,FEB forecast,2026,1,2026-02-13,2026-02-13,48057535
2026-11-13,desktop,FEB forecast,2026,1,2026-02-13,2026-02-13,48075102
2026-11-14,desktop,FEB forecast,2026,1,2026-02-13,2026-02-13,48114317
2026-11-15,desktop,FEB forecast,2026,1,2026-02-13,2026-02-13,48144149
2026-11-16,desktop,FEB forecast,2026,1,2026-02-13,2026-02-13,48185015
2026-11-17,desktop,FEB forecast,2026,1,2026-02-13,2026-02-13,48263984
2026-11-18,desktop,FEB forecast,2026,1,2026-02-13,2026-02-13,48316278
2026-11-19,desktop,FEB forecast,2026,1,2026-02-13,2026-02-13,48356983
2026-11-20,desktop,FEB forecast,2026,1,2026-02-13,2026-02-13,48359465
2026-11-21,desktop,FEB forecast,2026,1,2026-02-13,2026-02-13,48402808
2026-11-22,desktop,FEB forecast,2026,1,2026-02-13,2026-02-13,48450936
2026-11-23,desktop,FEB forecast,2026,1,2026-02-13,2026-02-13,48475382
2026-11-24,desktop,FEB forecast,2026,1,2026-02-13,2026-02-13,48523819
2026-11-25,desktop,FEB forecast,2026,1,2026-02-13,2026-02-13,48551586
2026-11-26,desktop,FEB forecast,2026,1,2026-02-13,2026-02-13,48511361
2026-11-27,desktop,FEB forecast,2026,1,2026-02-13,2026-02-13,48455868
2026-11-28,desktop,FEB forecast,2026,1,2026-02-13,2026-02-13,48490405
2026-11-29,desktop,FEB forecast,2026,1,2026-02-13,2026-02-13,48633791
2026-11-30,desktop,FEB forecast,2026,1,2026-02-13,2026-02-13,48717898
2026-12-01,desktop,FEB forecast,2026,1,2026-02-13,2026-02-13,48765492
2026-12-02,desktop,FEB forecast,2026,1,2026-02-13,2026-02-13,48809398
2026-12-03,desktop,FEB forecast,2026,1,2026-02-13,2026-02-13,48832968
2026-12-04,desktop,FEB forecast,2026,1,2026-02-13,2026-02-13,48855542
2026-12-05,desktop,FEB forecast,2026,1,2026-02-13,2026-02-13,48887049
2026-12-06,desktop,FEB forecast,2026,1,2026-02-13,2026-02-13,48923311
2026-12-07,desktop,FEB forecast,2026,1,2026-02-13,2026-02-13,48955763
2026-12-08,desktop,FEB forecast,2026,1,2026-02-13,2026-02-13,48964782
2026-12-09,desktop,FEB forecast,2026,1,2026-02-13,2026-02-13,49033219
2026-12-10,desktop,FEB forecast,2026,1,2026-02-13,2026-02-13,49041319
2026-12-11,desktop,FEB forecast,2026,1,2026-02-13,2026-02-13,49047465
2026-12-12,desktop,FEB forecast,2026,1,2026-02-13,2026-02-13,49028620
2026-12-13,desktop,FEB forecast,2026,1,2026-02-13,2026-02-13,49022401
2026-12-14,desktop,FEB forecast,2026,1,2026-02-13,2026-02-13,49023974
2026-12-15,desktop,FEB forecast,2026,1,2026-02-13,2026-02-13,48995172
2026-12-16,desktop,FEB forecast,2026,1,2026-02-13,2026-02-13,48960888
2026-12-17,desktop,FEB forecast,2026,1,2026-02-13,2026-02-13,48924542
2026-12-18,desktop,FEB forecast,2026,1,2026-02-13,2026-02-13,48926643
2026-12-19,desktop,FEB forecast,2026,1,2026-02-13,2026-02-13,48875938
2026-12-20,desktop,FEB forecast,2026,1,2026-02-13,2026-02-13,48805216
2026-12-21,desktop,FEB forecast,2026,1,2026-02-13,2026-02-13,48653241
2026-12-22,desktop,FEB forecast,2026,1,2026-02-13,2026-02-13,48470519
2026-12-23,desktop,FEB forecast,2026,1,2026-02-13,2026-02-13,48238997
2026-12-24,desktop,FEB forecast,2026,1,2026-02-13,2026-02-13,47802385
2026-12-25,desktop,FEB forecast,2026,1,2026-02-13,2026-02-13,47136322
2026-12-26,desktop,FEB forecast,2026,1,2026-02-13,2026-02-13,46859433
2026-12-27,desktop,FEB forecast,2026,1,2026-02-13,2026-02-13,46640674
2026-12-28,desktop,FEB forecast,2026,1,2026-02-13,2026-02-13,46306859
2026-12-29,desktop,FEB forecast,2026,1,2026-02-13,2026-02-13,46082821
2026-12-30,desktop,FEB forecast,2026,1,2026-02-13,2026-02-13,45857312
2026-12-31,desktop,FEB forecast,2026,1,2026-02-13,2026-02-13,45499258
2026-02-01,mobile,FEB forecast,2026,1,2026-02-13,2026-02-13,15508646
2026-02-02,mobile,FEB forecast,2026,1,2026-02-13,2026-02-13,15500735
2026-02-03,mobile,FEB forecast,2026,1,2026-02-13,2026-02-13,15513630
2026-02-04,mobile,FEB forecast,2026,1,2026-02-13,2026-02-13,15528623
2026-02-05,mobile,FEB forecast,2026,1,2026-02-13,2026-02-13,15556923
2026-02-06,mobile,FEB forecast,2026,1,2026-02-13,2026-02-13,15583924
2026-02-07,mobile,FEB forecast,2026,1,2026-02-13,2026-02-13,15612552
2026-02-08,mobile,FEB forecast,2026,1,2026-02-13,2026-02-13,15641457
2026-02-09,mobile,FEB forecast,2026,1,2026-02-13,2026-02-13,15670228
2026-02-10,mobile,FEB forecast,2026,1,2026-02-13,2026-02-13,15697343
2026-02-11,mobile,FEB forecast,2026,1,2026-02-13,2026-02-13,15721369
2026-02-12,mobile,FEB forecast,2026,1,2026-02-13,2026-02-13,15744423
2026-02-13,mobile,FEB forecast,2026,1,2026-02-13,2026-02-13,15763999
2026-02-14,mobile,FEB forecast,2026,1,2026-02-13,2026-02-13,15790314
2026-02-15,mobile,FEB forecast,2026,1,2026-02-13,2026-02-13,15814911
2026-02-16,mobile,FEB forecast,2026,1,2026-02-13,2026-02-13,15838402
2026-02-17,mobile,FEB forecast,2026,1,2026-02-13,2026-02-13,15862538
2026-02-18,mobile,FEB forecast,2026,1,2026-02-13,2026-02-13,15883983
2026-02-19,mobile,FEB forecast,2026,1,2026-02-13,2026-02-13,15903660
2026-02-20,mobile,FEB forecast,2026,1,2026-02-13,2026-02-13,15900163
2026-02-21,mobile,FEB forecast,2026,1,2026-02-13,2026-02-13,15906669
2026-02-22,mobile,FEB forecast,2026,1,2026-02-13,2026-02-13,15913347
2026-02-23,mobile,FEB forecast,2026,1,2026-02-13,2026-02-13,15921890
2026-02-24,mobile,FEB forecast,2026,1,2026-02-13,2026-02-13,15928267
2026-02-25,mobile,FEB forecast,2026,1,2026-02-13,2026-02-13,15934413
2026-02-26,mobile,FEB forecast,2026,1,2026-02-13,2026-02-13,15939934
2026-02-27,mobile,FEB forecast,2026,1,2026-02-13,2026-02-13,15945364
2026-02-28,mobile,FEB forecast,2026,1,2026-02-13,2026-02-13,15950061
2026-03-01,mobile,FEB forecast,2026,1,2026-02-13,2026-02-13,15955673
2026-03-02,mobile,FEB forecast,2026,1,2026-02-13,2026-02-13,15960972
2026-03-03,mobile,FEB forecast,2026,1,2026-02-13,2026-02-13,15965353
2026-03-04,mobile,FEB forecast,2026,1,2026-02-13,2026-02-13,15965594
2026-03-05,mobile,FEB forecast,2026,1,2026-02-13,2026-02-13,15968403
2026-03-06,mobile,FEB forecast,2026,1,2026-02-13,2026-02-13,15970144
2026-03-07,mobile,FEB forecast,2026,1,2026-02-13,2026-02-13,15971273
2026-03-08,mobile,FEB forecast,2026,1,2026-02-13,2026-02-13,15971545
2026-03-09,mobile,FEB forecast,2026,1,2026-02-13,2026-02-13,15972270
2026-03-10,mobile,FEB forecast,2026,1,2026-02-13,2026-02-13,15970775
2026-03-11,mobile,FEB forecast,2026,1,2026-02-13,2026-02-13,15974727
2026-03-12,mobile,FEB forecast,2026,1,2026-02-13,2026-02-13,15976128
2026-03-13,mobile,FEB forecast,2026,1,2026-02-13,2026-02-13,15979886
2026-03-14,mobile,FEB forecast,2026,1,2026-02-13,2026-02-13,15977757
2026-03-15,mobile,FEB forecast,2026,1,2026-02-13,2026-02-13,15976263
2026-03-16,mobile,FEB forecast,2026,1,2026-02-13,2026-02-13,15975480
2026-03-17,mobile,FEB forecast,2026,1,2026-02-13,2026-02-13,15973611
2026-03-18,mobile,FEB forecast,2026,1,2026-02-13,2026-02-13,15973204
2026-03-19,mobile,FEB forecast,2026,1,2026-02-13,2026-02-13,15971450
2026-03-20,mobile,FEB forecast,2026,1,2026-02-13,2026-02-13,15971207
2026-03-21,mobile,FEB forecast,2026,1,2026-02-13,2026-02-13,15959643
2026-03-22,mobile,FEB forecast,2026,1,2026-02-13,2026-02-13,15949550
2026-03-23,mobile,FEB forecast,2026,1,2026-02-13,2026-02-13,15940545
2026-03-24,mobile,FEB forecast,2026,1,2026-02-13,2026-02-13,15931551
2026-03-25,mobile,FEB forecast,2026,1,2026-02-13,2026-02-13,15924509
2026-03-26,mobile,FEB forecast,2026,1,2026-02-13,2026-02-13,15917916
2026-03-27,mobile,FEB forecast,2026,1,2026-02-13,2026-02-13,15913024
2026-03-28,mobile,FEB forecast,2026,1,2026-02-13,2026-02-13,15908102
2026-03-29,mobile,FEB forecast,2026,1,2026-02-13,2026-02-13,15902413
2026-03-30,mobile,FEB forecast,2026,1,2026-02-13,2026-02-13,15896892
2026-03-31,mobile,FEB forecast,2026,1,2026-02-13,2026-02-13,15889015
2026-04-01,mobile,FEB forecast,2026,1,2026-02-13,2026-02-13,15885672
2026-04-02,mobile,FEB forecast,2026,1,2026-02-13,2026-02-13,15877503
2026-04-03,mobile,FEB forecast,2026,1,2026-02-13,2026-02-13,15864891
2026-04-04,mobile,FEB forecast,2026,1,2026-02-13,2026-02-13,15861105
2026-04-05,mobile,FEB forecast,2026,1,2026-02-13,2026-02-13,15856126
2026-04-06,mobile,FEB forecast,2026,1,2026-02-13,2026-02-13,15851395
2026-04-07,mobile,FEB forecast,2026,1,2026-02-13,2026-02-13,15851506
2026-04-08,mobile,FEB forecast,2026,1,2026-02-13,2026-02-13,15851450
2026-04-09,mobile,FEB forecast,2026,1,2026-02-13,2026-02-13,15851694
2026-04-10,mobile,FEB forecast,2026,1,2026-02-13,2026-02-13,15852245
2026-04-11,mobile,FEB forecast,2026,1,2026-02-13,2026-02-13,15853116
2026-04-12,mobile,FEB forecast,2026,1,2026-02-13,2026-02-13,15854633
2026-04-13,mobile,FEB forecast,2026,1,2026-02-13,2026-02-13,15854565
2026-04-14,mobile,FEB forecast,2026,1,2026-02-13,2026-02-13,15855888
2026-04-15,mobile,FEB forecast,2026,1,2026-02-13,2026-02-13,15859106
2026-04-16,mobile,FEB forecast,2026,1,2026-02-13,2026-02-13,15863263
2026-04-17,mobile,FEB forecast,2026,1,2026-02-13,2026-02-13,15872141
2026-04-18,mobile,FEB forecast,2026,1,2026-02-13,2026-02-13,15881915
2026-04-19,mobile,FEB forecast,2026,1,2026-02-13,2026-02-13,15888477
2026-04-20,mobile,FEB forecast,2026,1,2026-02-13,2026-02-13,15894011
2026-04-21,mobile,FEB forecast,2026,1,2026-02-13,2026-02-13,15898910
2026-04-22,mobile,FEB forecast,2026,1,2026-02-13,2026-02-13,15901789
2026-04-23,mobile,FEB forecast,2026,1,2026-02-13,2026-02-13,15904724
2026-04-24,mobile,FEB forecast,2026,1,2026-02-13,2026-02-13,15905817
2026-04-25,mobile,FEB forecast,2026,1,2026-02-13,2026-02-13,15908025
2026-04-26,mobile,FEB forecast,2026,1,2026-02-13,2026-02-13,15910284
2026-04-27,mobile,FEB forecast,2026,1,2026-02-13,2026-02-13,15913226
2026-04-28,mobile,FEB forecast,2026,1,2026-02-13,2026-02-13,15919832
2026-04-29,mobile,FEB forecast,2026,1,2026-02-13,2026-02-13,15923861
2026-04-30,mobile,FEB forecast,2026,1,2026-02-13,2026-02-13,15930274
2026-05-01,mobile,FEB forecast,2026,1,2026-02-13,2026-02-13,15938619
2026-05-02,mobile,FEB forecast,2026,1,2026-02-13,2026-02-13,15942572
2026-05-03,mobile,FEB forecast,2026,1,2026-02-13,2026-02-13,15947626
2026-05-04,mobile,FEB forecast,2026,1,2026-02-13,2026-02-13,15951957
2026-05-05,mobile,FEB forecast,2026,1,2026-02-13,2026-02-13,15955034
2026-05-06,mobile,FEB forecast,2026,1,2026-02-13,2026-02-13,15956371
2026-05-07,mobile,FEB forecast,2026,1,2026-02-13,2026-02-13,15958038
2026-05-08,mobile,FEB forecast,2026,1,2026-02-13,2026-02-13,15959608
2026-05-09,mobile,FEB forecast,2026,1,2026-02-13,2026-02-13,15960769
2026-05-10,mobile,FEB forecast,2026,1,2026-02-13,2026-02-13,15961555
2026-05-11,mobile,FEB forecast,2026,1,2026-02-13,2026-02-13,15965064
2026-05-12,mobile,FEB forecast,2026,1,2026-02-13,2026-02-13,15966679
2026-05-13,mobile,FEB forecast,2026,1,2026-02-13,2026-02-13,15968374
2026-05-14,mobile,FEB forecast,2026,1,2026-02-13,2026-02-13,15965429
2026-05-15,mobile,FEB forecast,2026,1,2026-02-13,2026-02-13,15966134
2026-05-16,mobile,FEB forecast,2026,1,2026-02-13,2026-02-13,15968229
2026-05-17,mobile,FEB forecast,2026,1,2026-02-13,2026-02-13,15970814
2026-05-18,mobile,FEB forecast,2026,1,2026-02-13,2026-02-13,15973044
2026-05-19,mobile,FEB forecast,2026,1,2026-02-13,2026-02-13,15976055
2026-05-20,mobile,FEB forecast,2026,1,2026-02-13,2026-02-13,15977859
2026-05-21,mobile,FEB forecast,2026,1,2026-02-13,2026-02-13,15980245
2026-05-22,mobile,FEB forecast,2026,1,2026-02-13,2026-02-13,15983106
2026-05-23,mobile,FEB forecast,2026,1,2026-02-13,2026-02-13,15985286
2026-05-24,mobile,FEB forecast,2026,1,2026-02-13,2026-02-13,15987818
2026-05-25,mobile,FEB forecast,2026,1,2026-02-13,2026-02-13,15989131
2026-05-26,mobile,FEB forecast,2026,1,2026-02-13,2026-02-13,15990180
2026-05-27,mobile,FEB forecast,2026,1,2026-02-13,2026-02-13,15989574
2026-05-28,mobile,FEB forecast,2026,1,2026-02-13,2026-02-13,15991475
2026-05-29,mobile,FEB forecast,2026,1,2026-02-13,2026-02-13,15997559
2026-05-30,mobile,FEB forecast,2026,1,2026-02-13,2026-02-13,16000241
2026-05-31,mobile,FEB forecast,2026,1,2026-02-13,2026-02-13,16002947
2026-06-01,mobile,FEB forecast,2026,1,2026-02-13,2026-02-13,16004300
2026-06-02,mobile,FEB forecast,2026,1,2026-02-13,2026-02-13,16005984
2026-06-03,mobile,FEB forecast,2026,1,2026-02-13,2026-02-13,16006568
2026-06-04,mobile,FEB forecast,2026,1,2026-02-13,2026-02-13,16003634
2026-06-05,mobile,FEB forecast,2026,1,2026-02-13,2026-02-13,16003519
2026-06-06,mobile,FEB forecast,2026,1,2026-02-13,2026-02-13,16005963
2026-06-07,mobile,FEB forecast,2026,1,2026-02-13,2026-02-13,16009239
2026-06-08,mobile,FEB forecast,2026,1,2026-02-13,2026-02-13,16010578
2026-06-09,mobile,FEB forecast,2026,1,2026-02-13,2026-02-13,16013638
2026-06-10,mobile,FEB forecast,2026,1,2026-02-13,2026-02-13,16016268
2026-06-11,mobile,FEB forecast,2026,1,2026-02-13,2026-02-13,16024124
2026-06-12,mobile,FEB forecast,2026,1,2026-02-13,2026-02-13,16028492
2026-06-13,mobile,FEB forecast,2026,1,2026-02-13,2026-02-13,16032082
2026-06-14,mobile,FEB forecast,2026,1,2026-02-13,2026-02-13,16035809
2026-06-15,mobile,FEB forecast,2026,1,2026-02-13,2026-02-13,16039187
2026-06-16,mobile,FEB forecast,2026,1,2026-02-13,2026-02-13,16042128
2026-06-17,mobile,FEB forecast,2026,1,2026-02-13,2026-02-13,16047179
2026-06-18,mobile,FEB forecast,2026,1,2026-02-13,2026-02-13,16051578
2026-06-19,mobile,FEB forecast,2026,1,2026-02-13,2026-02-13,16054172
2026-06-20,mobile,FEB forecast,2026,1,2026-02-13,2026-02-13,16058166
2026-06-21,mobile,FEB forecast,2026,1,2026-02-13,2026-02-13,16060839
2026-06-22,mobile,FEB forecast,2026,1,2026-02-13,2026-02-13,16065356
2026-06-23,mobile,FEB forecast,2026,1,2026-02-13,2026-02-13,16069106
2026-06-24,mobile,FEB forecast,2026,1,2026-02-13,2026-02-13,16072209
2026-06-25,mobile,FEB forecast,2026,1,2026-02-13,2026-02-13,16072887
2026-06-26,mobile,FEB forecast,2026,1,2026-02-13,2026-02-13,16075112
2026-06-27,mobile,FEB forecast,2026,1,2026-02-13,2026-02-13,16077826
2026-06-28,mobile,FEB forecast,2026,1,2026-02-13,2026-02-13,16079764
2026-06-29,mobile,FEB forecast,2026,1,2026-02-13,2026-02-13,16083417
2026-06-30,mobile,FEB forecast,2026,1,2026-02-13,2026-02-13,16086663
2026-07-01,mobile,FEB forecast,2026,1,2026-02-13,2026-02-13,16091194
2026-07-02,mobile,FEB forecast,2026,1,2026-02-13,2026-02-13,16098517
2026-07-03,mobile,FEB forecast,2026,1,2026-02-13,2026-02-13,16102683
2026-07-04,mobile,FEB forecast,2026,1,2026-02-13,2026-02-13,16105641
2026-07-05,mobile,FEB forecast,2026,1,2026-02-13,2026-02-13,16106594
2026-07-06,mobile,FEB forecast,2026,1,2026-02-13,2026-02-13,16108769
2026-07-07,mobile,FEB forecast,2026,1,2026-02-13,2026-02-13,16110463
2026-07-08,mobile,FEB forecast,2026,1,2026-02-13,2026-02-13,16112043
2026-07-09,mobile,FEB forecast,2026,1,2026-02-13,2026-02-13,16113370
2026-07-10,mobile,FEB forecast,2026,1,2026-02-13,2026-02-13,16114065
2026-07-11,mobile,FEB forecast,2026,1,2026-02-13,2026-02-13,16113521
2026-07-12,mobile,FEB forecast,2026,1,2026-02-13,2026-02-13,16113992
2026-07-13,mobile,FEB forecast,2026,1,2026-02-13,2026-02-13,16114787
2026-07-14,mobile,FEB forecast,2026,1,2026-02-13,2026-02-13,16116184
2026-07-15,mobile,FEB forecast,2026,1,2026-02-13,2026-02-13,16116308
2026-07-16,mobile,FEB forecast,2026,1,2026-02-13,2026-02-13,16115128
2026-07-17,mobile,FEB forecast,2026,1,2026-02-13,2026-02-13,16116217
2026-07-18,mobile,FEB forecast,2026,1,2026-02-13,2026-02-13,16116460
2026-07-19,mobile,FEB forecast,2026,1,2026-02-13,2026-02-13,16117809
2026-07-20,mobile,FEB forecast,2026,1,2026-02-13,2026-02-13,16118619
2026-07-21,mobile,FEB forecast,2026,1,2026-02-13,2026-02-13,16120045
2026-07-22,mobile,FEB forecast,2026,1,2026-02-13,2026-02-13,16123953
2026-07-23,mobile,FEB forecast,2026,1,2026-02-13,2026-02-13,16128095
2026-07-24,mobile,FEB forecast,2026,1,2026-02-13,2026-02-13,16129499
2026-07-25,mobile,FEB forecast,2026,1,2026-02-13,2026-02-13,16129877
2026-07-26,mobile,FEB forecast,2026,1,2026-02-13,2026-02-13,16131508
2026-07-27,mobile,FEB forecast,2026,1,2026-02-13,2026-02-13,16132724
2026-07-28,mobile,FEB forecast,2026,1,2026-02-13,2026-02-13,16132470
2026-07-29,mobile,FEB forecast,2026,1,2026-02-13,2026-02-13,16132467
2026-07-30,mobile,FEB forecast,2026,1,2026-02-13,2026-02-13,16132859
2026-07-31,mobile,FEB forecast,2026,1,2026-02-13,2026-02-13,16134471
2026-08-01,mobile,FEB forecast,2026,1,2026-02-13,2026-02-13,16134569
2026-08-02,mobile,FEB forecast,2026,1,2026-02-13,2026-02-13,16137605
2026-08-03,mobile,FEB forecast,2026,1,2026-02-13,2026-02-13,16137235
2026-08-04,mobile,FEB forecast,2026,1,2026-02-13,2026-02-13,16138630
2026-08-05,mobile,FEB forecast,2026,1,2026-02-13,2026-02-13,16140135
2026-08-06,mobile,FEB forecast,2026,1,2026-02-13,2026-02-13,16141558
2026-08-07,mobile,FEB forecast,2026,1,2026-02-13,2026-02-13,16143802
2026-08-08,mobile,FEB forecast,2026,1,2026-02-13,2026-02-13,16146867
2026-08-09,mobile,FEB forecast,2026,1,2026-02-13,2026-02-13,16149523
2026-08-10,mobile,FEB forecast,2026,1,2026-02-13,2026-02-13,16151860
2026-08-11,mobile,FEB forecast,2026,1,2026-02-13,2026-02-13,16152292
2026-08-12,mobile,FEB forecast,2026,1,2026-02-13,2026-02-13,16154038
2026-08-13,mobile,FEB forecast,2026,1,2026-02-13,2026-02-13,16156636
2026-08-14,mobile,FEB forecast,2026,1,2026-02-13,2026-02-13,16160364
2026-08-15,mobile,FEB forecast,2026,1,2026-02-13,2026-02-13,16160810
2026-08-16,mobile,FEB forecast,2026,1,2026-02-13,2026-02-13,16163664
2026-08-17,mobile,FEB forecast,2026,1,2026-02-13,2026-02-13,16167227
2026-08-18,mobile,FEB forecast,2026,1,2026-02-13,2026-02-13,16171471
2026-08-19,mobile,FEB forecast,2026,1,2026-02-13,2026-02-13,16177007
2026-08-20,mobile,FEB forecast,2026,1,2026-02-13,2026-02-13,16182370
2026-08-21,mobile,FEB forecast,2026,1,2026-02-13,2026-02-13,16186837
2026-08-22,mobile,FEB forecast,2026,1,2026-02-13,2026-02-13,16191830
2026-08-23,mobile,FEB forecast,2026,1,2026-02-13,2026-02-13,16197631
2026-08-24,mobile,FEB forecast,2026,1,2026-02-13,2026-02-13,16203963
2026-08-25,mobile,FEB forecast,2026,1,2026-02-13,2026-02-13,16211592
2026-08-26,mobile,FEB forecast,2026,1,2026-02-13,2026-02-13,16219308
2026-08-27,mobile,FEB forecast,2026,1,2026-02-13,2026-02-13,16227239
2026-08-28,mobile,FEB forecast,2026,1,2026-02-13,2026-02-13,16232581
2026-08-29,mobile,FEB forecast,2026,1,2026-02-13,2026-02-13,16240830
2026-08-30,mobile,FEB forecast,2026,1,2026-02-13,2026-02-13,16245958
2026-08-31,mobile,FEB forecast,2026,1,2026-02-13,2026-02-13,16256170
2026-09-01,mobile,FEB forecast,2026,1,2026-02-13,2026-02-13,16265405
2026-09-02,mobile,FEB forecast,2026,1,2026-02-13,2026-02-13,16273554
2026-09-03,mobile,FEB forecast,2026,1,2026-02-13,2026-02-13,16282129
2026-09-04,mobile,FEB forecast,2026,1,2026-02-13,2026-02-13,16289890
2026-09-05,mobile,FEB forecast,2026,1,2026-02-13,2026-02-13,16299202
2026-09-06,mobile,FEB forecast,2026,1,2026-02-13,2026-02-13,16307462
2026-09-07,mobile,FEB forecast,2026,1,2026-02-13,2026-02-13,16315614
2026-09-08,mobile,FEB forecast,2026,1,2026-02-13,2026-02-13,16326764
2026-09-09,mobile,FEB forecast,2026,1,2026-02-13,2026-02-13,16337241
2026-09-10,mobile,FEB forecast,2026,1,2026-02-13,2026-02-13,16348311
2026-09-11,mobile,FEB forecast,2026,1,2026-02-13,2026-02-13,16357869
2026-09-12,mobile,FEB forecast,2026,1,2026-02-13,2026-02-13,16370638
2026-09-13,mobile,FEB forecast,2026,1,2026-02-13,2026-02-13,16381798
2026-09-14,mobile,FEB forecast,2026,1,2026-02-13,2026-02-13,16390292
2026-09-15,mobile,FEB forecast,2026,1,2026-02-13,2026-02-13,16400953
2026-09-16,mobile,FEB forecast,2026,1,2026-02-13,2026-02-13,16410364
2026-09-17,mobile,FEB forecast,2026,1,2026-02-13,2026-02-13,16420322
2026-09-18,mobile,FEB forecast,2026,1,2026-02-13,2026-02-13,16431314
2026-09-19,mobile,FEB forecast,2026,1,2026-02-13,2026-02-13,16441090
2026-09-20,mobile,FEB forecast,2026,1,2026-02-13,2026-02-13,16451639
2026-09-21,mobile,FEB forecast,2026,1,2026-02-13,2026-02-13,16460586
2026-09-22,mobile,FEB forecast,2026,1,2026-02-13,2026-02-13,16468875
2026-09-23,mobile,FEB forecast,2026,1,2026-02-13,2026-02-13,16477947
2026-09-24,mobile,FEB forecast,2026,1,2026-02-13,2026-02-13,16486897
2026-09-25,mobile,FEB forecast,2026,1,2026-02-13,2026-02-13,16496558
2026-09-26,mobile,FEB forecast,2026,1,2026-02-13,2026-02-13,16503812
2026-09-27,mobile,FEB forecast,2026,1,2026-02-13,2026-02-13,16514021
2026-09-28,mobile,FEB forecast,2026,1,2026-02-13,2026-02-13,16521558
2026-09-29,mobile,FEB forecast,2026,1,2026-02-13,2026-02-13,16527753
2026-09-30,mobile,FEB forecast,2026,1,2026-02-13,2026-02-13,16533646
2026-10-01,mobile,FEB forecast,2026,1,2026-02-13,2026-02-13,16538776
2026-10-02,mobile,FEB forecast,2026,1,2026-02-13,2026-02-13,16544661
2026-10-03,mobile,FEB forecast,2026,1,2026-02-13,2026-02-13,16548062
2026-10-04,mobile,FEB forecast,2026,1,2026-02-13,2026-02-13,16553161
2026-10-05,mobile,FEB forecast,2026,1,2026-02-13,2026-02-13,16558751
2026-10-06,mobile,FEB forecast,2026,1,2026-02-13,2026-02-13,16562848
2026-10-07,mobile,FEB forecast,2026,1,2026-02-13,2026-02-13,16566782
2026-10-08,mobile,FEB forecast,2026,1,2026-02-13,2026-02-13,16570409
2026-10-09,mobile,FEB forecast,2026,1,2026-02-13,2026-02-13,16575136
2026-10-10,mobile,FEB forecast,2026,1,2026-02-13,2026-02-13,16580282
2026-10-11,mobile,FEB forecast,2026,1,2026-02-13,2026-02-13,16585421
2026-10-12,mobile,FEB forecast,2026,1,2026-02-13,2026-02-13,16590906
2026-10-13,mobile,FEB forecast,2026,1,2026-02-13,2026-02-13,16594777
2026-10-14,mobile,FEB forecast,2026,1,2026-02-13,2026-02-13,16597552
2026-10-15,mobile,FEB forecast,2026,1,2026-02-13,2026-02-13,16600692
2026-10-16,mobile,FEB forecast,2026,1,2026-02-13,2026-02-13,16604196
2026-10-17,mobile,FEB forecast,2026,1,2026-02-13,2026-02-13,16608263
2026-10-18,mobile,FEB forecast,2026,1,2026-02-13,2026-02-13,16611653
2026-10-19,mobile,FEB forecast,2026,1,2026-02-13,2026-02-13,16613088
2026-10-20,mobile,FEB forecast,2026,1,2026-02-13,2026-02-13,16614622
2026-10-21,mobile,FEB forecast,2026,1,2026-02-13,2026-02-13,16617995
2026-10-22,mobile,FEB forecast,2026,1,2026-02-13,2026-02-13,16621693
2026-10-23,mobile,FEB forecast,2026,1,2026-02-13,2026-02-13,16626577
2026-10-24,mobile,FEB forecast,2026,1,2026-02-13,2026-02-13,16631295
2026-10-25,mobile,FEB forecast,2026,1,2026-02-13,2026-02-13,16635460
2026-10-26,mobile,FEB forecast,2026,1,2026-02-13,2026-02-13,16640346
2026-10-27,mobile,FEB forecast,2026,1,2026-02-13,2026-02-13,16646354
2026-10-28,mobile,FEB forecast,2026,1,2026-02-13,2026-02-13,16652671
2026-10-29,mobile,FEB forecast,2026,1,2026-02-13,2026-02-13,16659280
2026-10-30,mobile,FEB forecast,2026,1,2026-02-13,2026-02-13,16665721
2026-10-31,mobile,FEB forecast,2026,1,2026-02-13,2026-02-13,16673259
2026-11-01,mobile,FEB forecast,2026,1,2026-02-13,2026-02-13,16678772
2026-11-02,mobile,FEB forecast,2026,1,2026-02-13,2026-02-13,16684399
2026-11-03,mobile,FEB forecast,2026,1,2026-02-13,2026-02-13,16690903
2026-11-04,mobile,FEB forecast,2026,1,2026-02-13,2026-02-13,16697303
2026-11-05,mobile,FEB forecast,2026,1,2026-02-13,2026-02-13,16703444
2026-11-06,mobile,FEB forecast,2026,1,2026-02-13,2026-02-13,16709771
2026-11-07,mobile,FEB forecast,2026,1,2026-02-13,2026-02-13,16712558
2026-11-08,mobile,FEB forecast,2026,1,2026-02-13,2026-02-13,16712963
2026-11-09,mobile,FEB forecast,2026,1,2026-02-13,2026-02-13,16715221
2026-11-10,mobile,FEB forecast,2026,1,2026-02-13,2026-02-13,16717721
2026-11-11,mobile,FEB forecast,2026,1,2026-02-13,2026-02-13,16724702
2026-11-12,mobile,FEB forecast,2026,1,2026-02-13,2026-02-13,16729976
2026-11-13,mobile,FEB forecast,2026,1,2026-02-13,2026-02-13,16733552
2026-11-14,mobile,FEB forecast,2026,1,2026-02-13,2026-02-13,16739167
2026-11-15,mobile,FEB forecast,2026,1,2026-02-13,2026-02-13,16744666
2026-11-16,mobile,FEB forecast,2026,1,2026-02-13,2026-02-13,16752748
2026-11-17,mobile,FEB forecast,2026,1,2026-02-13,2026-02-13,16761609
2026-11-18,mobile,FEB forecast,2026,1,2026-02-13,2026-02-13,16767822
2026-11-19,mobile,FEB forecast,2026,1,2026-02-13,2026-02-13,16773909
2026-11-20,mobile,FEB forecast,2026,1,2026-02-13,2026-02-13,16780209
2026-11-21,mobile,FEB forecast,2026,1,2026-02-13,2026-02-13,16788268
2026-11-22,mobile,FEB forecast,2026,1,2026-02-13,2026-02-13,16796763
2026-11-23,mobile,FEB forecast,2026,1,2026-02-13,2026-02-13,16804719
2026-11-24,mobile,FEB forecast,2026,1,2026-02-13,2026-02-13,16813164
2026-11-25,mobile,FEB forecast,2026,1,2026-02-13,2026-02-13,16822087
2026-11-26,mobile,FEB forecast,2026,1,2026-02-13,2026-02-13,16830826
2026-11-27,mobile,FEB forecast,2026,1,2026-02-13,2026-02-13,16841393
2026-11-28,mobile,FEB forecast,2026,1,2026-02-13,2026-02-13,16852251
2026-11-29,mobile,FEB forecast,2026,1,2026-02-13,2026-02-13,16863972
2026-11-30,mobile,FEB forecast,2026,1,2026-02-13,2026-02-13,16875437
2026-12-01,mobile,FEB forecast,2026,1,2026-02-13,2026-02-13,16885151
2026-12-02,mobile,FEB forecast,2026,1,2026-02-13,2026-02-13,16895362
2026-12-03,mobile,FEB forecast,2026,1,2026-02-13,2026-02-13,16906374
2026-12-04,mobile,FEB forecast,2026,1,2026-02-13,2026-02-13,16915702
2026-12-05,mobile,FEB forecast,2026,1,2026-02-13,2026-02-13,16928724
2026-12-06,mobile,FEB forecast,2026,1,2026-02-13,2026-02-13,16942341
2026-12-07,mobile,FEB forecast,2026,1,2026-02-13,2026-02-13,16955407
2026-12-08,mobile,FEB forecast,2026,1,2026-02-13,2026-02-13,16965575
2026-12-09,mobile,FEB forecast,2026,1,2026-02-13,2026-02-13,16974409
2026-12-10,mobile,FEB forecast,2026,1,2026-02-13,2026-02-13,16981801
2026-12-11,mobile,FEB forecast,2026,1,2026-02-13,2026-02-13,16990302
2026-12-12,mobile,FEB forecast,2026,1,2026-02-13,2026-02-13,16997159
2026-12-13,mobile,FEB forecast,2026,1,2026-02-13,2026-02-13,17001825
2026-12-14,mobile,FEB forecast,2026,1,2026-02-13,2026-02-13,17006365
2026-12-15,mobile,FEB forecast,2026,1,2026-02-13,2026-02-13,17010185
2026-12-16,mobile,FEB forecast,2026,1,2026-02-13,2026-02-13,17013229
2026-12-17,mobile,FEB forecast,2026,1,2026-02-13,2026-02-13,17014116
2026-12-18,mobile,FEB forecast,2026,1,2026-02-13,2026-02-13,17015468
2026-12-19,mobile,FEB forecast,2026,1,2026-02-13,2026-02-13,17013783
2026-12-20,mobile,FEB forecast,2026,1,2026-02-13,2026-02-13,17010252
2026-12-21,mobile,FEB forecast,2026,1,2026-02-13,2026-02-13,17005919
2026-12-22,mobile,FEB forecast,2026,1,2026-02-13,2026-02-13,16996972
2026-12-23,mobile,FEB forecast,2026,1,2026-02-13,2026-02-13,16990867
2026-12-24,mobile,FEB forecast,2026,1,2026-02-13,2026-02-13,16974297
2026-12-25,mobile,FEB forecast,2026,1,2026-02-13,2026-02-13,16936049
2026-12-26,mobile,FEB forecast,2026,1,2026-02-13,2026-02-13,16923363
2026-12-27,mobile,FEB forecast,2026,1,2026-02-13,2026-02-13,16914464
2026-12-28,mobile,FEB forecast,2026,1,2026-02-13,2026-02-13,16907056
2026-12-29,mobile,FEB forecast,2026,1,2026-02-13,2026-02-13,16899052
2026-12-30,mobile,FEB forecast,2026,1,2026-02-13,2026-02-13,16891099
2026-12-31,mobile,FEB forecast,2026,1,2026-02-13,2026-02-13,16879257
2026-01-01,desktop,MAR prior forecasts,2026,1,2026-03-10,2026-03-10,46372491
2026-01-02,desktop,MAR prior forecasts,2026,1,2026-03-10,2026-03-10,46203053
2026-01-03,desktop,MAR prior forecasts,2026,1,2026-03-10,2026-03-10,46054939
2026-01-04,desktop,MAR prior forecasts,2026,1,2026-03-10,2026-03-10,45938235
2026-01-05,desktop,MAR prior forecasts,2026,1,2026-03-10,2026-03-10,45970240
2026-01-06,desktop,MAR prior forecasts,2026,1,2026-03-10,2026-03-10,45890491
2026-01-07,desktop,MAR prior forecasts,2026,1,2026-03-10,2026-03-10,45870175
2026-01-08,desktop,MAR prior forecasts,2026,1,2026-03-10,2026-03-10,45878879
2026-01-09,desktop,MAR prior forecasts,2026,1,2026-03-10,2026-03-10,45890815
2026-01-10,desktop,MAR prior forecasts,2026,1,2026-03-10,2026-03-10,45843441
2026-01-11,desktop,MAR prior forecasts,2026,1,2026-03-10,2026-03-10,45798644
2026-01-12,desktop,MAR prior forecasts,2026,1,2026-03-10,2026-03-10,45829117
2026-01-13,desktop,MAR prior forecasts,2026,1,2026-03-10,2026-03-10,45873885
2026-01-14,desktop,MAR prior forecasts,2026,1,2026-03-10,2026-03-10,45933096
2026-01-15,desktop,MAR prior forecasts,2026,1,2026-03-10,2026-03-10,45998626
2026-01-16,desktop,MAR prior forecasts,2026,1,2026-03-10,2026-03-10,46047274
2026-01-17,desktop,MAR prior forecasts,2026,1,2026-03-10,2026-03-10,46145492
2026-01-18,desktop,MAR prior forecasts,2026,1,2026-03-10,2026-03-10,46271564
2026-01-19,desktop,MAR prior forecasts,2026,1,2026-03-10,2026-03-10,46473709
2026-01-20,desktop,MAR prior forecasts,2026,1,2026-03-10,2026-03-10,47334469
2026-01-21,desktop,MAR prior forecasts,2026,1,2026-03-10,2026-03-10,47776396
2026-01-22,desktop,MAR prior forecasts,2026,1,2026-03-10,2026-03-10,48458426
2026-01-23,desktop,MAR prior forecasts,2026,1,2026-03-10,2026-03-10,48899366
2026-01-24,desktop,MAR prior forecasts,2026,1,2026-03-10,2026-03-10,49141808
2026-01-25,desktop,MAR prior forecasts,2026,1,2026-03-10,2026-03-10,49362596
2026-01-26,desktop,MAR prior forecasts,2026,1,2026-03-10,2026-03-10,49665395
2026-01-27,desktop,MAR prior forecasts,2026,1,2026-03-10,2026-03-10,50014779
2026-01-28,desktop,MAR prior forecasts,2026,1,2026-03-10,2026-03-10,50473323
2026-01-29,desktop,MAR prior forecasts,2026,1,2026-03-10,2026-03-10,51045597
2026-01-30,desktop,MAR prior forecasts,2026,1,2026-03-10,2026-03-10,51293145
2026-01-31,desktop,MAR prior forecasts,2026,1,2026-03-10,2026-03-10,
2026-02-01,desktop,MAR prior forecasts,2026,1,2026-03-10,2026-03-10,50575226
2026-02-02,desktop,MAR prior forecasts,2026,1,2026-03-10,2026-03-10,50678442
2026-02-03,desktop,MAR prior forecasts,2026,1,2026-03-10,2026-03-10,50858835
2026-02-04,desktop,MAR prior forecasts,2026,1,2026-03-10,2026-03-10,50966620
2026-02-05,desktop,MAR prior forecasts,2026,1,2026-03-10,2026-03-10,51053648
2026-02-06,desktop,MAR prior forecasts,2026,1,2026-03-10,2026-03-10,51124187
2026-02-07,desktop,MAR prior forecasts,2026,1,2026-03-10,2026-03-10,51184885
2026-02-08,desktop,MAR prior forecasts,2026,1,2026-03-10,2026-03-10,51249650
2026-02-09,desktop,MAR prior forecasts,2026,1,2026-03-10,2026-03-10,51313102
2026-02-10,desktop,MAR prior forecasts,2026,1,2026-03-10,2026-03-10,51354569
2026-02-11,desktop,MAR prior forecasts,2026,1,2026-03-10,2026-03-10,51384895
2026-02-12,desktop,MAR prior forecasts,2026,1,2026-03-10,2026-03-10,51414392
2026-02-13,desktop,MAR prior forecasts,2026,1,2026-03-10,2026-03-10,51449284
2026-02-14,desktop,MAR prior forecasts,2026,1,2026-03-10,2026-03-10,51463641
2026-02-15,desktop,MAR prior forecasts,2026,1,2026-03-10,2026-03-10,51448035
2026-02-16,desktop,MAR prior forecasts,2026,1,2026-03-10,2026-03-10,51337111
2026-02-17,desktop,MAR prior forecasts,2026,1,2026-03-10,2026-03-10,51247334
2026-02-18,desktop,MAR prior forecasts,2026,1,2026-03-10,2026-03-10,51220618
2026-02-19,desktop,MAR prior forecasts,2026,1,2026-03-10,2026-03-10,51213319
2026-02-20,desktop,MAR prior forecasts,2026,1,2026-03-10,2026-03-10,51173216
2026-02-21,desktop,MAR prior forecasts,2026,1,2026-03-10,2026-03-10,51135342
2026-02-22,desktop,MAR prior forecasts,2026,1,2026-03-10,2026-03-10,51110747
2026-02-23,desktop,MAR prior forecasts,2026,1,2026-03-10,2026-03-10,51080672
2026-02-24,desktop,MAR prior forecasts,2026,1,2026-03-10,2026-03-10,51050385
2026-02-25,desktop,MAR prior forecasts,2026,1,2026-03-10,2026-03-10,51025927
2026-02-26,desktop,MAR prior forecasts,2026,1,2026-03-10,2026-03-10,51009826
2026-02-27,desktop,MAR prior forecasts,2026,1,2026-03-10,2026-03-10,50995639
2026-02-28,desktop,MAR prior forecasts,2026,1,2026-03-10,2026-03-10,
2026-01-01,mobile,MAR prior forecasts,2026,1,2026-03-10,2026-03-10,15552901
2026-01-02,mobile,MAR prior forecasts,2026,1,2026-03-10,2026-03-10,15541705
2026-01-03,mobile,MAR prior forecasts,2026,1,2026-03-10,2026-03-10,15537893
2026-01-04,mobile,MAR prior forecasts,2026,1,2026-03-10,2026-03-10,15537341
2026-01-05,mobile,MAR prior forecasts,2026,1,2026-03-10,2026-03-10,15531877
2026-01-06,mobile,MAR prior forecasts,2026,1,2026-03-10,2026-03-10,15524093
2026-01-07,mobile,MAR prior forecasts,2026,1,2026-03-10,2026-03-10,15516583
2026-01-08,mobile,MAR prior forecasts,2026,1,2026-03-10,2026-03-10,15511757
2026-01-09,mobile,MAR prior forecasts,2026,1,2026-03-10,2026-03-10,15509316
2026-01-10,mobile,MAR prior forecasts,2026,1,2026-03-10,2026-03-10,15512447
2026-01-11,mobile,MAR prior forecasts,2026,1,2026-03-10,2026-03-10,15517619
2026-01-12,mobile,MAR prior forecasts,2026,1,2026-03-10,2026-03-10,15523002
2026-01-13,mobile,MAR prior forecasts,2026,1,2026-03-10,2026-03-10,15529179
2026-01-14,mobile,MAR prior forecasts,2026,1,2026-03-10,2026-03-10,15536596
2026-01-15,mobile,MAR prior forecasts,2026,1,2026-03-10,2026-03-10,15544991
2026-01-16,mobile,MAR prior forecasts,2026,1,2026-03-10,2026-03-10,15551536
2026-01-17,mobile,MAR prior forecasts,2026,1,2026-03-10,2026-03-10,15561708
2026-01-18,mobile,MAR prior forecasts,2026,1,2026-03-10,2026-03-10,15572490
2026-01-19,mobile,MAR prior forecasts,2026,1,2026-03-10,2026-03-10,15584475
2026-01-20,mobile,MAR prior forecasts,2026,1,2026-03-10,2026-03-10,15599792
2026-01-21,mobile,MAR prior forecasts,2026,1,2026-03-10,2026-03-10,15622278
2026-01-22,mobile,MAR prior forecasts,2026,1,2026-03-10,2026-03-10,15658338
2026-01-23,mobile,MAR prior forecasts,2026,1,2026-03-10,2026-03-10,15676879
2026-01-24,mobile,MAR prior forecasts,2026,1,2026-03-10,2026-03-10,15691706
2026-01-25,mobile,MAR prior forecasts,2026,1,2026-03-10,2026-03-10,15705828
2026-01-26,mobile,MAR prior forecasts,2026,1,2026-03-10,2026-03-10,15718124
2026-01-27,mobile,MAR prior forecasts,2026,1,2026-03-10,2026-03-10,15733296
2026-01-28,mobile,MAR prior forecasts,2026,1,2026-03-10,2026-03-10,15751955
2026-01-29,mobile,MAR prior forecasts,2026,1,2026-03-10,2026-03-10,15772581
2026-01-30,mobile,MAR prior forecasts,2026,1,2026-03-10,2026-03-10,15787185
2026-01-31,mobile,MAR prior forecasts,2026,1,2026-03-10,2026-03-10,
2026-02-01,mobile,MAR prior forecasts,2026,1,2026-03-10,2026-03-10,15508646
2026-02-02,mobile,MAR prior forecasts,2026,1,2026-03-10,2026-03-10,15500735
2026-02-03,mobile,MAR prior forecasts,2026,1,2026-03-10,2026-03-10,15513630
2026-02-04,mobile,MAR prior forecasts,2026,1,2026-03-10,2026-03-10,15528623
2026-02-05,mobile,MAR prior forecasts,2026,1,2026-03-10,2026-03-10,15556923
2026-02-06,mobile,MAR prior forecasts,2026,1,2026-03-10,2026-03-10,15583924
2026-02-07,mobile,MAR prior forecasts,2026,1,2026-03-10,2026-03-10,15612552
2026-02-08,mobile,MAR prior forecasts,2026,1,2026-03-10,2026-03-10,15641457
2026-02-09,mobile,MAR prior forecasts,2026,1,2026-03-10,2026-03-10,15670228
2026-02-10,mobile,MAR prior forecasts,2026,1,2026-03-10,2026-03-10,15697343
2026-02-11,mobile,MAR prior forecasts,2026,1,2026-03-10,2026-03-10,15721369
2026-02-12,mobile,MAR prior forecasts,2026,1,2026-03-10,2026-03-10,15744423
2026-02-13,mobile,MAR prior forecasts,2026,1,2026-03-10,2026-03-10,15763999
2026-02-14,mobile,MAR prior forecasts,2026,1,2026-03-10,2026-03-10,15790314
2026-02-15,mobile,MAR prior forecasts,2026,1,2026-03-10,2026-03-10,15814911
2026-02-16,mobile,MAR prior forecasts,2026,1,2026-03-10,2026-03-10,15838402
2026-02-17,mobile,MAR prior forecasts,2026,1,2026-03-10,2026-03-10,15862538
2026-02-18,mobile,MAR prior forecasts,2026,1,2026-03-10,2026-03-10,15883983
2026-02-19,mobile,MAR prior forecasts,2026,1,2026-03-10,2026-03-10,15903660
2026-02-20,mobile,MAR prior forecasts,2026,1,2026-03-10,2026-03-10,15900163
2026-02-21,mobile,MAR prior forecasts,2026,1,2026-03-10,2026-03-10,15906669
2026-02-22,mobile,MAR prior forecasts,2026,1,2026-03-10,2026-03-10,15913347
2026-02-23,mobile,MAR prior forecasts,2026,1,2026-03-10,2026-03-10,15921890
2026-02-24,mobile,MAR prior forecasts,2026,1,2026-03-10,2026-03-10,15928267
2026-02-25,mobile,MAR prior forecasts,2026,1,2026-03-10,2026-03-10,15934413
2026-02-26,mobile,MAR prior forecasts,2026,1,2026-03-10,2026-03-10,15939934
2026-02-27,mobile,MAR prior forecasts,2026,1,2026-03-10,2026-03-10,15945364
2026-02-28,mobile,MAR prior forecasts,2026,1,2026-03-10,2026-03-10,
2026-03-01,desktop,MAR forecast,2026,1,2026-03-10,2026-03-10,50500544
2026-03-02,desktop,MAR forecast,2026,1,2026-03-10,2026-03-10,50463614
2026-03-03,desktop,MAR forecast,2026,1,2026-03-10,2026-03-10,50466231
2026-03-04,desktop,MAR forecast,2026,1,2026-03-10,2026-03-10,50484616
2026-03-05,desktop,MAR forecast,2026,1,2026-03-10,2026-03-10,50520748
2026-03-06,desktop,MAR forecast,2026,1,2026-03-10,2026-03-10,50537439
2026-03-07,desktop,MAR forecast,2026,1,2026-03-10,2026-03-10,50470411
2026-03-08,desktop,MAR forecast,2026,1,2026-03-10,2026-03-10,50404551
2026-03-09,desktop,MAR forecast,2026,1,2026-03-10,2026-03-10,50462109
2026-03-10,desktop,MAR forecast,2026,1,2026-03-10,2026-03-10,50515025
2026-03-11,desktop,MAR forecast,2026,1,2026-03-10,2026-03-10,50610041
2026-03-12,desktop,MAR forecast,2026,1,2026-03-10,2026-03-10,50685986
2026-03-13,desktop,MAR forecast,2026,1,2026-03-10,2026-03-10,50744642
2026-03-14,desktop,MAR forecast,2026,1,2026-03-10,2026-03-10,50730529
2026-03-15,desktop,MAR forecast,2026,1,2026-03-10,2026-03-10,50725363
2026-03-16,desktop,MAR forecast,2026,1,2026-03-10,2026-03-10,50958016
2026-03-17,desktop,MAR forecast,2026,1,2026-03-10,2026-03-10,51220676
2026-03-18,desktop,MAR forecast,2026,1,2026-03-10,2026-03-10,51347064
2026-03-19,desktop,MAR forecast,2026,1,2026-03-10,2026-03-10,51426104
2026-03-20,desktop,MAR forecast,2026,1,2026-03-10,2026-03-10,51431277
2026-03-21,desktop,MAR forecast,2026,1,2026-03-10,2026-03-10,51341032
2026-03-22,desktop,MAR forecast,2026,1,2026-03-10,2026-03-10,51261043
2026-03-23,desktop,MAR forecast,2026,1,2026-03-10,2026-03-10,51340359
2026-03-24,desktop,MAR forecast,2026,1,2026-03-10,2026-03-10,51365096
2026-03-25,desktop,MAR forecast,2026,1,2026-03-10,2026-03-10,51383630
2026-03-26,desktop,MAR forecast,2026,1,2026-03-10,2026-03-10,51401284
2026-03-27,desktop,MAR forecast,2026,1,2026-03-10,2026-03-10,51377807
2026-03-28,desktop,MAR forecast,2026,1,2026-03-10,2026-03-10,51354092
2026-03-29,desktop,MAR forecast,2026,1,2026-03-10,2026-03-10,51316576
2026-03-30,desktop,MAR forecast,2026,1,2026-03-10,2026-03-10,51236829
2026-03-31,desktop,MAR forecast,2026,1,2026-03-10,2026-03-10,51171857
2026-04-01,desktop,MAR forecast,2026,1,2026-03-10,2026-03-10,51105440
2026-04-02,desktop,MAR forecast,2026,1,2026-03-10,2026-03-10,50877802
2026-04-03,desktop,MAR forecast,2026,1,2026-03-10,2026-03-10,50373736
2026-04-04,desktop,MAR forecast,2026,1,2026-03-10,2026-03-10,50240799
2026-04-05,desktop,MAR forecast,2026,1,2026-03-10,2026-03-10,50077113
2026-04-06,desktop,MAR forecast,2026,1,2026-03-10,2026-03-10,49613212
2026-04-07,desktop,MAR forecast,2026,1,2026-03-10,2026-03-10,49537635
2026-04-08,desktop,MAR forecast,2026,1,2026-03-10,2026-03-10,49464443
2026-04-09,desktop,MAR forecast,2026,1,2026-03-10,2026-03-10,49388752
2026-04-10,desktop,MAR forecast,2026,1,2026-03-10,2026-03-10,49323545
2026-04-11,desktop,MAR forecast,2026,1,2026-03-10,2026-03-10,49278038
2026-04-12,desktop,MAR forecast,2026,1,2026-03-10,2026-03-10,49238111
2026-04-13,desktop,MAR forecast,2026,1,2026-03-10,2026-03-10,49214134
2026-04-14,desktop,MAR forecast,2026,1,2026-03-10,2026-03-10,49199842
2026-04-15,desktop,MAR forecast,2026,1,2026-03-10,2026-03-10,49201968
2026-04-16,desktop,MAR forecast,2026,1,2026-03-10,2026-03-10,49218290
2026-04-17,desktop,MAR forecast,2026,1,2026-03-10,2026-03-10,49273164
2026-04-18,desktop,MAR forecast,2026,1,2026-03-10,2026-03-10,49283034
2026-04-19,desktop,MAR forecast,2026,1,2026-03-10,2026-03-10,49282423
2026-04-20,desktop,MAR forecast,2026,1,2026-03-10,2026-03-10,49294430
2026-04-21,desktop,MAR forecast,2026,1,2026-03-10,2026-03-10,49265898
2026-04-22,desktop,MAR forecast,2026,1,2026-03-10,2026-03-10,49247497
2026-04-23,desktop,MAR forecast,2026,1,2026-03-10,2026-03-10,49230662
2026-04-24,desktop,MAR forecast,2026,1,2026-03-10,2026-03-10,49195523
2026-04-25,desktop,MAR forecast,2026,1,2026-03-10,2026-03-10,49157513
2026-04-26,desktop,MAR forecast,2026,1,2026-03-10,2026-03-10,49131964
2026-04-27,desktop,MAR forecast,2026,1,2026-03-10,2026-03-10,49132702
2026-04-28,desktop,MAR forecast,2026,1,2026-03-10,2026-03-10,49143642
2026-04-29,desktop,MAR forecast,2026,1,2026-03-10,2026-03-10,49166662
2026-04-30,desktop,MAR forecast,2026,1,2026-03-10,2026-03-10,49285698
2026-05-01,desktop,MAR forecast,2026,1,2026-03-10,2026-03-10,49311227
2026-05-02,desktop,MAR forecast,2026,1,2026-03-10,2026-03-10,49320432
2026-05-03,desktop,MAR forecast,2026,1,2026-03-10,2026-03-10,49369989
2026-05-04,desktop,MAR forecast,2026,1,2026-03-10,2026-03-10,49712334
2026-05-05,desktop,MAR forecast,2026,1,2026-03-10,2026-03-10,49692372
2026-05-06,desktop,MAR forecast,2026,1,2026-03-10,2026-03-10,49665051
2026-05-07,desktop,MAR forecast,2026,1,2026-03-10,2026-03-10,49649513
2026-05-08,desktop,MAR forecast,2026,1,2026-03-10,2026-03-10,49599465
2026-05-09,desktop,MAR forecast,2026,1,2026-03-10,2026-03-10,49561932
2026-05-10,desktop,MAR forecast,2026,1,2026-03-10,2026-03-10,49516504
2026-05-11,desktop,MAR forecast,2026,1,2026-03-10,2026-03-10,49469602
2026-05-12,desktop,MAR forecast,2026,1,2026-03-10,2026-03-10,49433935
2026-05-13,desktop,MAR forecast,2026,1,2026-03-10,2026-03-10,49386481
2026-05-14,desktop,MAR forecast,2026,1,2026-03-10,2026-03-10,49112432
2026-05-15,desktop,MAR forecast,2026,1,2026-03-10,2026-03-10,48966775
2026-05-16,desktop,MAR forecast,2026,1,2026-03-10,2026-03-10,48928490
2026-05-17,desktop,MAR forecast,2026,1,2026-03-10,2026-03-10,48895320
2026-05-18,desktop,MAR forecast,2026,1,2026-03-10,2026-03-10,48841072
2026-05-19,desktop,MAR forecast,2026,1,2026-03-10,2026-03-10,48843273
2026-05-20,desktop,MAR forecast,2026,1,2026-03-10,2026-03-10,48824547
2026-05-21,desktop,MAR forecast,2026,1,2026-03-10,2026-03-10,48797263
2026-05-22,desktop,MAR forecast,2026,1,2026-03-10,2026-03-10,48766390
2026-05-23,desktop,MAR forecast,2026,1,2026-03-10,2026-03-10,48742465
2026-05-24,desktop,MAR forecast,2026,1,2026-03-10,2026-03-10,48676175
2026-05-25,desktop,MAR forecast,2026,1,2026-03-10,2026-03-10,48382719
2026-05-26,desktop,MAR forecast,2026,1,2026-03-10,2026-03-10,48335739
2026-05-27,desktop,MAR forecast,2026,1,2026-03-10,2026-03-10,48263489
2026-05-28,desktop,MAR forecast,2026,1,2026-03-10,2026-03-10,48254098
2026-05-29,desktop,MAR forecast,2026,1,2026-03-10,2026-03-10,48620209
2026-05-30,desktop,MAR forecast,2026,1,2026-03-10,2026-03-10,48633620
2026-05-31,desktop,MAR forecast,2026,1,2026-03-10,2026-03-10,48629335
2026-06-01,desktop,MAR forecast,2026,1,2026-03-10,2026-03-10,48595088
2026-06-02,desktop,MAR forecast,2026,1,2026-03-10,2026-03-10,48564363
2026-06-03,desktop,MAR forecast,2026,1,2026-03-10,2026-03-10,48540119
2026-06-04,desktop,MAR forecast,2026,1,2026-03-10,2026-03-10,48333774
2026-06-05,desktop,MAR forecast,2026,1,2026-03-10,2026-03-10,48247109
2026-06-06,desktop,MAR forecast,2026,1,2026-03-10,2026-03-10,48199191
2026-06-07,desktop,MAR forecast,2026,1,2026-03-10,2026-03-10,48161216
2026-06-08,desktop,MAR forecast,2026,1,2026-03-10,2026-03-10,48137780
2026-06-09,desktop,MAR forecast,2026,1,2026-03-10,2026-03-10,48091222
2026-06-10,desktop,MAR forecast,2026,1,2026-03-10,2026-03-10,48065505
2026-06-11,desktop,MAR forecast,2026,1,2026-03-10,2026-03-10,48260912
2026-06-12,desktop,MAR forecast,2026,1,2026-03-10,2026-03-10,48312518
2026-06-13,desktop,MAR forecast,2026,1,2026-03-10,2026-03-10,48271377
2026-06-14,desktop,MAR forecast,2026,1,2026-03-10,2026-03-10,48219343
2026-06-15,desktop,MAR forecast,2026,1,2026-03-10,2026-03-10,48184144
2026-06-16,desktop,MAR forecast,2026,1,2026-03-10,2026-03-10,48107664
2026-06-17,desktop,MAR forecast,2026,1,2026-03-10,2026-03-10,48029843
2026-06-18,desktop,MAR forecast,2026,1,2026-03-10,2026-03-10,47965500
2026-06-19,desktop,MAR forecast,2026,1,2026-03-10,2026-03-10,47884383
2026-06-20,desktop,MAR forecast,2026,1,2026-03-10,2026-03-10,47819803
2026-06-21,desktop,MAR forecast,2026,1,2026-03-10,2026-03-10,47789505
2026-06-22,desktop,MAR forecast,2026,1,2026-03-10,2026-03-10,48002759
2026-06-23,desktop,MAR forecast,2026,1,2026-03-10,2026-03-10,47951952
2026-06-24,desktop,MAR forecast,2026,1,2026-03-10,2026-03-10,47914148
2026-06-25,desktop,MAR forecast,2026,1,2026-03-10,2026-03-10,47845405
2026-06-26,desktop,MAR forecast,2026,1,2026-03-10,2026-03-10,47783822
2026-06-27,desktop,MAR forecast,2026,1,2026-03-10,2026-03-10,47717840
2026-06-28,desktop,MAR forecast,2026,1,2026-03-10,2026-03-10,47657450
2026-06-29,desktop,MAR forecast,2026,1,2026-03-10,2026-03-10,47615236
2026-06-30,desktop,MAR forecast,2026,1,2026-03-10,2026-03-10,47552788
2026-07-01,desktop,MAR forecast,2026,1,2026-03-10,2026-03-10,47473547
2026-07-02,desktop,MAR forecast,2026,1,2026-03-10,2026-03-10,47556931
2026-07-03,desktop,MAR forecast,2026,1,2026-03-10,2026-03-10,47481815
2026-07-04,desktop,MAR forecast,2026,1,2026-03-10,2026-03-10,47350711
2026-07-05,desktop,MAR forecast,2026,1,2026-03-10,2026-03-10,47248527
2026-07-06,desktop,MAR forecast,2026,1,2026-03-10,2026-03-10,47155953
2026-07-07,desktop,MAR forecast,2026,1,2026-03-10,2026-03-10,47055848
2026-07-08,desktop,MAR forecast,2026,1,2026-03-10,2026-03-10,46941652
2026-07-09,desktop,MAR forecast,2026,1,2026-03-10,2026-03-10,46820177
2026-07-10,desktop,MAR forecast,2026,1,2026-03-10,2026-03-10,46719949
2026-07-11,desktop,MAR forecast,2026,1,2026-03-10,2026-03-10,46604162
2026-07-12,desktop,MAR forecast,2026,1,2026-03-10,2026-03-10,46493685
2026-07-13,desktop,MAR forecast,2026,1,2026-03-10,2026-03-10,46373188
2026-07-14,desktop,MAR forecast,2026,1,2026-03-10,2026-03-10,46254076
2026-07-15,desktop,MAR forecast,2026,1,2026-03-10,2026-03-10,46153775
2026-07-16,desktop,MAR forecast,2026,1,2026-03-10,2026-03-10,46038518
2026-07-17,desktop,MAR forecast,2026,1,2026-03-10,2026-03-10,45947171
2026-07-18,desktop,MAR forecast,2026,1,2026-03-10,2026-03-10,45844661
2026-07-19,desktop,MAR forecast,2026,1,2026-03-10,2026-03-10,45737785
2026-07-20,desktop,MAR forecast,2026,1,2026-03-10,2026-03-10,45618846
2026-07-21,desktop,MAR forecast,2026,1,2026-03-10,2026-03-10,45523569
2026-07-22,desktop,MAR forecast,2026,1,2026-03-10,2026-03-10,45450795
2026-07-23,desktop,MAR forecast,2026,1,2026-03-10,2026-03-10,45368760
2026-07-24,desktop,MAR forecast,2026,1,2026-03-10,2026-03-10,45277744
2026-07-25,desktop,MAR forecast,2026,1,2026-03-10,2026-03-10,45182592
2026-07-26,desktop,MAR forecast,2026,1,2026-03-10,2026-03-10,45088902
2026-07-27,desktop,MAR forecast,2026,1,2026-03-10,2026-03-10,45002857
2026-07-28,desktop,MAR forecast,2026,1,2026-03-10,2026-03-10,44918009
2026-07-29,desktop,MAR forecast,2026,1,2026-03-10,2026-03-10,44828765
2026-07-30,desktop,MAR forecast,2026,1,2026-03-10,2026-03-10,44747592
2026-07-31,desktop,MAR forecast,2026,1,2026-03-10,2026-03-10,44722948
2026-08-01,desktop,MAR forecast,2026,1,2026-03-10,2026-03-10,44682518
2026-08-02,desktop,MAR forecast,2026,1,2026-03-10,2026-03-10,44605786
2026-08-03,desktop,MAR forecast,2026,1,2026-03-10,2026-03-10,44491752
2026-08-04,desktop,MAR forecast,2026,1,2026-03-10,2026-03-10,44405594
2026-08-05,desktop,MAR forecast,2026,1,2026-03-10,2026-03-10,44324961
2026-08-06,desktop,MAR forecast,2026,1,2026-03-10,2026-03-10,44255783
2026-08-07,desktop,MAR forecast,2026,1,2026-03-10,2026-03-10,44183104
2026-08-08,desktop,MAR forecast,2026,1,2026-03-10,2026-03-10,44110727
2026-08-09,desktop,MAR forecast,2026,1,2026-03-10,2026-03-10,44037678
2026-08-10,desktop,MAR forecast,2026,1,2026-03-10,2026-03-10,43953850
2026-08-11,desktop,MAR forecast,2026,1,2026-03-10,2026-03-10,43868185
2026-08-12,desktop,MAR forecast,2026,1,2026-03-10,2026-03-10,43767903
2026-08-13,desktop,MAR forecast,2026,1,2026-03-10,2026-03-10,43667576
2026-08-14,desktop,MAR forecast,2026,1,2026-03-10,2026-03-10,43556144
2026-08-15,desktop,MAR forecast,2026,1,2026-03-10,2026-03-10,43395219
2026-08-16,desktop,MAR forecast,2026,1,2026-03-10,2026-03-10,43340142
2026-08-17,desktop,MAR forecast,2026,1,2026-03-10,2026-03-10,43256626
2026-08-18,desktop,MAR forecast,2026,1,2026-03-10,2026-03-10,43200205
2026-08-19,desktop,MAR forecast,2026,1,2026-03-10,2026-03-10,43160622
2026-08-20,desktop,MAR forecast,2026,1,2026-03-10,2026-03-10,43128286
2026-08-21,desktop,MAR forecast,2026,1,2026-03-10,2026-03-10,43100746
2026-08-22,desktop,MAR forecast,2026,1,2026-03-10,2026-03-10,43099507
2026-08-23,desktop,MAR forecast,2026,1,2026-03-10,2026-03-10,43109949
2026-08-24,desktop,MAR forecast,2026,1,2026-03-10,2026-03-10,43116878
2026-08-25,desktop,MAR forecast,2026,1,2026-03-10,2026-03-10,43106097
2026-08-26,desktop,MAR forecast,2026,1,2026-03-10,2026-03-10,43140784
2026-08-27,desktop,MAR forecast,2026,1,2026-03-10,2026-03-10,43185360
2026-08-28,desktop,MAR forecast,2026,1,2026-03-10,2026-03-10,43228101
2026-08-29,desktop,MAR forecast,2026,1,2026-03-10,2026-03-10,43290331
2026-08-30,desktop,MAR forecast,2026,1,2026-03-10,2026-03-10,43353764
2026-08-31,desktop,MAR forecast,2026,1,2026-03-10,2026-03-10,43464477
2026-09-01,desktop,MAR forecast,2026,1,2026-03-10,2026-03-10,43559620
2026-09-02,desktop,MAR forecast,2026,1,2026-03-10,2026-03-10,43666004
2026-09-03,desktop,MAR forecast,2026,1,2026-03-10,2026-03-10,43774032
2026-09-04,desktop,MAR forecast,2026,1,2026-03-10,2026-03-10,43873932
2026-09-05,desktop,MAR forecast,2026,1,2026-03-10,2026-03-10,43996266
2026-09-06,desktop,MAR forecast,2026,1,2026-03-10,2026-03-10,44121861
2026-09-07,desktop,MAR forecast,2026,1,2026-03-10,2026-03-10,44140828
2026-09-08,desktop,MAR forecast,2026,1,2026-03-10,2026-03-10,44306057
2026-09-09,desktop,MAR forecast,2026,1,2026-03-10,2026-03-10,44489686
2026-09-10,desktop,MAR forecast,2026,1,2026-03-10,2026-03-10,44683791
2026-09-11,desktop,MAR forecast,2026,1,2026-03-10,2026-03-10,44891049
2026-09-12,desktop,MAR forecast,2026,1,2026-03-10,2026-03-10,45148868
2026-09-13,desktop,MAR forecast,2026,1,2026-03-10,2026-03-10,45310658
2026-09-14,desktop,MAR forecast,2026,1,2026-03-10,2026-03-10,45484294
2026-09-15,desktop,MAR forecast,2026,1,2026-03-10,2026-03-10,45647083
2026-09-16,desktop,MAR forecast,2026,1,2026-03-10,2026-03-10,45788045
2026-09-17,desktop,MAR forecast,2026,1,2026-03-10,2026-03-10,45936461
2026-09-18,desktop,MAR forecast,2026,1,2026-03-10,2026-03-10,46080439
2026-09-19,desktop,MAR forecast,2026,1,2026-03-10,2026-03-10,46206209
2026-09-20,desktop,MAR forecast,2026,1,2026-03-10,2026-03-10,46328074
2026-09-21,desktop,MAR forecast,2026,1,2026-03-10,2026-03-10,46448541
2026-09-22,desktop,MAR forecast,2026,1,2026-03-10,2026-03-10,46600322
2026-09-23,desktop,MAR forecast,2026,1,2026-03-10,2026-03-10,46712770
2026-09-24,desktop,MAR forecast,2026,1,2026-03-10,2026-03-10,46819494
2026-09-25,desktop,MAR forecast,2026,1,2026-03-10,2026-03-10,46931277
2026-09-26,desktop,MAR forecast,2026,1,2026-03-10,2026-03-10,47031746
2026-09-27,desktop,MAR forecast,2026,1,2026-03-10,2026-03-10,47140958
2026-09-28,desktop,MAR forecast,2026,1,2026-03-10,2026-03-10,47226454
2026-09-29,desktop,MAR forecast,2026,1,2026-03-10,2026-03-10,47300576
2026-09-30,desktop,MAR forecast,2026,1,2026-03-10,2026-03-10,47366131
2026-10-01,desktop,MAR forecast,2026,1,2026-03-10,2026-03-10,47431567
2026-10-02,desktop,MAR forecast,2026,1,2026-03-10,2026-03-10,47461395
2026-10-03,desktop,MAR forecast,2026,1,2026-03-10,2026-03-10,47501791
2026-10-04,desktop,MAR forecast,2026,1,2026-03-10,2026-03-10,47557627
2026-10-05,desktop,MAR forecast,2026,1,2026-03-10,2026-03-10,47742239
2026-10-06,desktop,MAR forecast,2026,1,2026-03-10,2026-03-10,47792194
2026-10-07,desktop,MAR forecast,2026,1,2026-03-10,2026-03-10,47822879
2026-10-08,desktop,MAR forecast,2026,1,2026-03-10,2026-03-10,47850314
2026-10-09,desktop,MAR forecast,2026,1,2026-03-10,2026-03-10,47888210
2026-10-10,desktop,MAR forecast,2026,1,2026-03-10,2026-03-10,47918583
2026-10-11,desktop,MAR forecast,2026,1,2026-03-10,2026-03-10,47940889
2026-10-12,desktop,MAR forecast,2026,1,2026-03-10,2026-03-10,47910813
2026-10-13,desktop,MAR forecast,2026,1,2026-03-10,2026-03-10,47923429
2026-10-14,desktop,MAR forecast,2026,1,2026-03-10,2026-03-10,47958924
2026-10-15,desktop,MAR forecast,2026,1,2026-03-10,2026-03-10,47983734
2026-10-16,desktop,MAR forecast,2026,1,2026-03-10,2026-03-10,48006287
2026-10-17,desktop,MAR forecast,2026,1,2026-03-10,2026-03-10,48021498
2026-10-18,desktop,MAR forecast,2026,1,2026-03-10,2026-03-10,48033367
2026-10-19,desktop,MAR forecast,2026,1,2026-03-10,2026-03-10,48030162
2026-10-20,desktop,MAR forecast,2026,1,2026-03-10,2026-03-10,48002580
2026-10-21,desktop,MAR forecast,2026,1,2026-03-10,2026-03-10,48006770
2026-10-22,desktop,MAR forecast,2026,1,2026-03-10,2026-03-10,48016302
2026-10-23,desktop,MAR forecast,2026,1,2026-03-10,2026-03-10,48026353
2026-10-24,desktop,MAR forecast,2026,1,2026-03-10,2026-03-10,48028649
2026-10-25,desktop,MAR forecast,2026,1,2026-03-10,2026-03-10,48023238
2026-10-26,desktop,MAR forecast,2026,1,2026-03-10,2026-03-10,48023346
2026-10-27,desktop,MAR forecast,2026,1,2026-03-10,2026-03-10,48020621
2026-10-28,desktop,MAR forecast,2026,1,2026-03-10,2026-03-10,48023824
2026-10-29,desktop,MAR forecast,2026,1,2026-03-10,2026-03-10,48023291
2026-10-30,desktop,MAR forecast,2026,1,2026-03-10,2026-03-10,48060756
2026-10-31,desktop,MAR forecast,2026,1,2026-03-10,2026-03-10,48062104
2026-11-01,desktop,MAR forecast,2026,1,2026-03-10,2026-03-10,47970803
2026-11-02,desktop,MAR forecast,2026,1,2026-03-10,2026-03-10,47940333
2026-11-03,desktop,MAR forecast,2026,1,2026-03-10,2026-03-10,47950105
2026-11-04,desktop,MAR forecast,2026,1,2026-03-10,2026-03-10,47955750
2026-11-05,desktop,MAR forecast,2026,1,2026-03-10,2026-03-10,47981313
2026-11-06,desktop,MAR forecast,2026,1,2026-03-10,2026-03-10,47986801
2026-11-07,desktop,MAR forecast,2026,1,2026-03-10,2026-03-10,47993041
2026-11-08,desktop,MAR forecast,2026,1,2026-03-10,2026-03-10,47993548
2026-11-09,desktop,MAR forecast,2026,1,2026-03-10,2026-03-10,48061428
2026-11-10,desktop,MAR forecast,2026,1,2026-03-10,2026-03-10,48068502
2026-11-11,desktop,MAR forecast,2026,1,2026-03-10,2026-03-10,48025123
2026-11-12,desktop,MAR forecast,2026,1,2026-03-10,2026-03-10,48043054
2026-11-13,desktop,MAR forecast,2026,1,2026-03-10,2026-03-10,48058274
2026-11-14,desktop,MAR forecast,2026,1,2026-03-10,2026-03-10,48089844
2026-11-15,desktop,MAR forecast,2026,1,2026-03-10,2026-03-10,48113897
2026-11-16,desktop,MAR forecast,2026,1,2026-03-10,2026-03-10,48153586
2026-11-17,desktop,MAR forecast,2026,1,2026-03-10,2026-03-10,48230355
2026-11-18,desktop,MAR forecast,2026,1,2026-03-10,2026-03-10,48277682
2026-11-19,desktop,MAR forecast,2026,1,2026-03-10,2026-03-10,48324562
2026-11-20,desktop,MAR forecast,2026,1,2026-03-10,2026-03-10,48327327
2026-11-21,desktop,MAR forecast,2026,1,2026-03-10,2026-03-10,48366834
2026-11-22,desktop,MAR forecast,2026,1,2026-03-10,2026-03-10,48413426
2026-11-23,desktop,MAR forecast,2026,1,2026-03-10,2026-03-10,48444989
2026-11-24,desktop,MAR forecast,2026,1,2026-03-10,2026-03-10,48493706
2026-11-25,desktop,MAR forecast,2026,1,2026-03-10,2026-03-10,48518153
2026-11-26,desktop,MAR forecast,2026,1,2026-03-10,2026-03-10,48466208
2026-11-27,desktop,MAR forecast,2026,1,2026-03-10,2026-03-10,48410055
2026-11-28,desktop,MAR forecast,2026,1,2026-03-10,2026-03-10,48446853
2026-11-29,desktop,MAR forecast,2026,1,2026-03-10,2026-03-10,48585453
2026-11-30,desktop,MAR forecast,2026,1,2026-03-10,2026-03-10,48668208
2026-12-01,desktop,MAR forecast,2026,1,2026-03-10,2026-03-10,48712293
2026-12-02,desktop,MAR forecast,2026,1,2026-03-10,2026-03-10,48752560
2026-12-03,desktop,MAR forecast,2026,1,2026-03-10,2026-03-10,48773280
2026-12-04,desktop,MAR forecast,2026,1,2026-03-10,2026-03-10,48806026
2026-12-05,desktop,MAR forecast,2026,1,2026-03-10,2026-03-10,48832532
2026-12-06,desktop,MAR forecast,2026,1,2026-03-10,2026-03-10,48866913
2026-12-07,desktop,MAR forecast,2026,1,2026-03-10,2026-03-10,48901470
2026-12-08,desktop,MAR forecast,2026,1,2026-03-10,2026-03-10,48909811
2026-12-09,desktop,MAR forecast,2026,1,2026-03-10,2026-03-10,48972617
2026-12-10,desktop,MAR forecast,2026,1,2026-03-10,2026-03-10,48972907
2026-12-11,desktop,MAR forecast,2026,1,2026-03-10,2026-03-10,48972993
2026-12-12,desktop,MAR forecast,2026,1,2026-03-10,2026-03-10,48954508
2026-12-13,desktop,MAR forecast,2026,1,2026-03-10,2026-03-10,48944092
2026-12-14,desktop,MAR forecast,2026,1,2026-03-10,2026-03-10,48939847
2026-12-15,desktop,MAR forecast,2026,1,2026-03-10,2026-03-10,48905294
2026-12-16,desktop,MAR forecast,2026,1,2026-03-10,2026-03-10,48873261
2026-12-17,desktop,MAR forecast,2026,1,2026-03-10,2026-03-10,48823472
2026-12-18,desktop,MAR forecast,2026,1,2026-03-10,2026-03-10,48825858
2026-12-19,desktop,MAR forecast,2026,1,2026-03-10,2026-03-10,48779303
2026-12-20,desktop,MAR forecast,2026,1,2026-03-10,2026-03-10,48712884
2026-12-21,desktop,MAR forecast,2026,1,2026-03-10,2026-03-10,48560769
2026-12-22,desktop,MAR forecast,2026,1,2026-03-10,2026-03-10,48365935
2026-12-23,desktop,MAR forecast,2026,1,2026-03-10,2026-03-10,48117445
2026-12-24,desktop,MAR forecast,2026,1,2026-03-10,2026-03-10,47645051
2026-12-25,desktop,MAR forecast,2026,1,2026-03-10,2026-03-10,46970317
2026-12-26,desktop,MAR forecast,2026,1,2026-03-10,2026-03-10,46685867
2026-12-27,desktop,MAR forecast,2026,1,2026-03-10,2026-03-10,46484130
2026-12-28,desktop,MAR forecast,2026,1,2026-03-10,2026-03-10,46172659
2026-12-29,desktop,MAR forecast,2026,1,2026-03-10,2026-03-10,45943128
2026-12-30,desktop,MAR forecast,2026,1,2026-03-10,2026-03-10,45714794
2026-12-31,desktop,MAR forecast,2026,1,2026-03-10,2026-03-10,45328165
2026-03-01,mobile,MAR forecast,2026,1,2026-03-10,2026-03-10,15843992
2026-03-02,mobile,MAR forecast,2026,1,2026-03-10,2026-03-10,15844468
2026-03-03,mobile,MAR forecast,2026,1,2026-03-10,2026-03-10,15843509
2026-03-04,mobile,MAR forecast,2026,1,2026-03-10,2026-03-10,15841108
2026-03-05,mobile,MAR forecast,2026,1,2026-03-10,2026-03-10,15838995
2026-03-06,mobile,MAR forecast,2026,1,2026-03-10,2026-03-10,15838346
2026-03-07,mobile,MAR forecast,2026,1,2026-03-10,2026-03-10,15841902
2026-03-08,mobile,MAR forecast,2026,1,2026-03-10,2026-03-10,15846744
2026-03-09,mobile,MAR forecast,2026,1,2026-03-10,2026-03-10,15844840
2026-03-10,mobile,MAR forecast,2026,1,2026-03-10,2026-03-10,15840826
2026-03-11,mobile,MAR forecast,2026,1,2026-03-10,2026-03-10,15840137
2026-03-12,mobile,MAR forecast,2026,1,2026-03-10,2026-03-10,15838734
2026-03-13,mobile,MAR forecast,2026,1,2026-03-10,2026-03-10,15839292
2026-03-14,mobile,MAR forecast,2026,1,2026-03-10,2026-03-10,15845405
2026-03-15,mobile,MAR forecast,2026,1,2026-03-10,2026-03-10,15855662
2026-03-16,mobile,MAR forecast,2026,1,2026-03-10,2026-03-10,15861523
2026-03-17,mobile,MAR forecast,2026,1,2026-03-10,2026-03-10,15869021
2026-03-18,mobile,MAR forecast,2026,1,2026-03-10,2026-03-10,15872583
2026-03-19,mobile,MAR forecast,2026,1,2026-03-10,2026-03-10,15875019
2026-03-20,mobile,MAR forecast,2026,1,2026-03-10,2026-03-10,15871096
2026-03-21,mobile,MAR forecast,2026,1,2026-03-10,2026-03-10,15870017
2026-03-22,mobile,MAR forecast,2026,1,2026-03-10,2026-03-10,15871479
2026-03-23,mobile,MAR forecast,2026,1,2026-03-10,2026-03-10,15867608
2026-03-24,mobile,MAR forecast,2026,1,2026-03-10,2026-03-10,15863725
2026-03-25,mobile,MAR forecast,2026,1,2026-03-10,2026-03-10,15861779
2026-03-26,mobile,MAR forecast,2026,1,2026-03-10,2026-03-10,15858770
2026-03-27,mobile,MAR forecast,2026,1,2026-03-10,2026-03-10,15854189
2026-03-28,mobile,MAR forecast,2026,1,2026-03-10,2026-03-10,15849951
2026-03-29,mobile,MAR forecast,2026,1,2026-03-10,2026-03-10,15845945
2026-03-30,mobile,MAR forecast,2026,1,2026-03-10,2026-03-10,15840448
2026-03-31,mobile,MAR forecast,2026,1,2026-03-10,2026-03-10,15833887
2026-04-01,mobile,MAR forecast,2026,1,2026-03-10,2026-03-10,15833051
2026-04-02,mobile,MAR forecast,2026,1,2026-03-10,2026-03-10,15825022
2026-04-03,mobile,MAR forecast,2026,1,2026-03-10,2026-03-10,15814530
2026-04-04,mobile,MAR forecast,2026,1,2026-03-10,2026-03-10,15811471
2026-04-05,mobile,MAR forecast,2026,1,2026-03-10,2026-03-10,15807996
2026-04-06,mobile,MAR forecast,2026,1,2026-03-10,2026-03-10,15804079
2026-04-07,mobile,MAR forecast,2026,1,2026-03-10,2026-03-10,15804285
2026-04-08,mobile,MAR forecast,2026,1,2026-03-10,2026-03-10,15804835
2026-04-09,mobile,MAR forecast,2026,1,2026-03-10,2026-03-10,15805362
2026-04-10,mobile,MAR forecast,2026,1,2026-03-10,2026-03-10,15806145
2026-04-11,mobile,MAR forecast,2026,1,2026-03-10,2026-03-10,15807398
2026-04-12,mobile,MAR forecast,2026,1,2026-03-10,2026-03-10,15808451
2026-04-13,mobile,MAR forecast,2026,1,2026-03-10,2026-03-10,15808923
2026-04-14,mobile,MAR forecast,2026,1,2026-03-10,2026-03-10,15811397
2026-04-15,mobile,MAR forecast,2026,1,2026-03-10,2026-03-10,15815082
2026-04-16,mobile,MAR forecast,2026,1,2026-03-10,2026-03-10,15819883
2026-04-17,mobile,MAR forecast,2026,1,2026-03-10,2026-03-10,15830439
2026-04-18,mobile,MAR forecast,2026,1,2026-03-10,2026-03-10,15839967
2026-04-19,mobile,MAR forecast,2026,1,2026-03-10,2026-03-10,15847091
2026-04-20,mobile,MAR forecast,2026,1,2026-03-10,2026-03-10,15853346
2026-04-21,mobile,MAR forecast,2026,1,2026-03-10,2026-03-10,15857756
2026-04-22,mobile,MAR forecast,2026,1,2026-03-10,2026-03-10,15861189
2026-04-23,mobile,MAR forecast,2026,1,2026-03-10,2026-03-10,15865062
2026-04-24,mobile,MAR forecast,2026,1,2026-03-10,2026-03-10,15867425
2026-04-25,mobile,MAR forecast,2026,1,2026-03-10,2026-03-10,15870485
2026-04-26,mobile,MAR forecast,2026,1,2026-03-10,2026-03-10,15873593
2026-04-27,mobile,MAR forecast,2026,1,2026-03-10,2026-03-10,15877672
2026-04-28,mobile,MAR forecast,2026,1,2026-03-10,2026-03-10,15884871
2026-04-29,mobile,MAR forecast,2026,1,2026-03-10,2026-03-10,15889277
2026-04-30,mobile,MAR forecast,2026,1,2026-03-10,2026-03-10,15897215
2026-05-01,mobile,MAR forecast,2026,1,2026-03-10,2026-03-10,15905240
2026-05-02,mobile,MAR forecast,2026,1,2026-03-10,2026-03-10,15909056
2026-05-03,mobile,MAR forecast,2026,1,2026-03-10,2026-03-10,15913918
2026-05-04,mobile,MAR forecast,2026,1,2026-03-10,2026-03-10,15919472
2026-05-05,mobile,MAR forecast,2026,1,2026-03-10,2026-03-10,15923639
2026-05-06,mobile,MAR forecast,2026,1,2026-03-10,2026-03-10,15925692
2026-05-07,mobile,MAR forecast,2026,1,2026-03-10,2026-03-10,15928466
2026-05-08,mobile,MAR forecast,2026,1,2026-03-10,2026-03-10,15930542
2026-05-09,mobile,MAR forecast,2026,1,2026-03-10,2026-03-10,15933169
2026-05-10,mobile,MAR forecast,2026,1,2026-03-10,2026-03-10,15935191
2026-05-11,mobile,MAR forecast,2026,1,2026-03-10,2026-03-10,15939513
2026-05-12,mobile,MAR forecast,2026,1,2026-03-10,2026-03-10,15942148
2026-05-13,mobile,MAR forecast,2026,1,2026-03-10,2026-03-10,15943946
2026-05-14,mobile,MAR forecast,2026,1,2026-03-10,2026-03-10,15941403
2026-05-15,mobile,MAR forecast,2026,1,2026-03-10,2026-03-10,15942995
2026-05-16,mobile,MAR forecast,2026,1,2026-03-10,2026-03-10,15946154
2026-05-17,mobile,MAR forecast,2026,1,2026-03-10,2026-03-10,15950009
2026-05-18,mobile,MAR forecast,2026,1,2026-03-10,2026-03-10,15952932
2026-05-19,mobile,MAR forecast,2026,1,2026-03-10,2026-03-10,15956274
2026-05-20,mobile,MAR forecast,2026,1,2026-03-10,2026-03-10,15958790
2026-05-21,mobile,MAR forecast,2026,1,2026-03-10,2026-03-10,15962088
2026-05-22,mobile,MAR forecast,2026,1,2026-03-10,2026-03-10,15965284
2026-05-23,mobile,MAR forecast,2026,1,2026-03-10,2026-03-10,15968197
2026-05-24,mobile,MAR forecast,2026,1,2026-03-10,2026-03-10,15970976
2026-05-25,mobile,MAR forecast,2026,1,2026-03-10,2026-03-10,15972829
2026-05-26,mobile,MAR forecast,2026,1,2026-03-10,2026-03-10,15974370
2026-05-27,mobile,MAR forecast,2026,1,2026-03-10,2026-03-10,15973651
2026-05-28,mobile,MAR forecast,2026,1,2026-03-10,2026-03-10,15975965
2026-05-29,mobile,MAR forecast,2026,1,2026-03-10,2026-03-10,15981824
2026-05-30,mobile,MAR forecast,2026,1,2026-03-10,2026-03-10,15985210
2026-05-31,mobile,MAR forecast,2026,1,2026-03-10,2026-03-10,15987838
2026-06-01,mobile,MAR forecast,2026,1,2026-03-10,2026-03-10,15989606
2026-06-02,mobile,MAR forecast,2026,1,2026-03-10,2026-03-10,15991638
2026-06-03,mobile,MAR forecast,2026,1,2026-03-10,2026-03-10,15993314
2026-06-04,mobile,MAR forecast,2026,1,2026-03-10,2026-03-10,15989910
2026-06-05,mobile,MAR forecast,2026,1,2026-03-10,2026-03-10,15991267
2026-06-06,mobile,MAR forecast,2026,1,2026-03-10,2026-03-10,15993869
2026-06-07,mobile,MAR forecast,2026,1,2026-03-10,2026-03-10,15997227
2026-06-08,mobile,MAR forecast,2026,1,2026-03-10,2026-03-10,15999959
2026-06-09,mobile,MAR forecast,2026,1,2026-03-10,2026-03-10,16002338
2026-06-10,mobile,MAR forecast,2026,1,2026-03-10,2026-03-10,16007032
2026-06-11,mobile,MAR forecast,2026,1,2026-03-10,2026-03-10,16015660
2026-06-12,mobile,MAR forecast,2026,1,2026-03-10,2026-03-10,16020183
2026-06-13,mobile,MAR forecast,2026,1,2026-03-10,2026-03-10,16023536
2026-06-14,mobile,MAR forecast,2026,1,2026-03-10,2026-03-10,16026082
2026-06-15,mobile,MAR forecast,2026,1,2026-03-10,2026-03-10,16028972
2026-06-16,mobile,MAR forecast,2026,1,2026-03-10,2026-03-10,16033089
2026-06-17,mobile,MAR forecast,2026,1,2026-03-10,2026-03-10,16037850
2026-06-18,mobile,MAR forecast,2026,1,2026-03-10,2026-03-10,16041827
2026-06-19,mobile,MAR forecast,2026,1,2026-03-10,2026-03-10,16046125
2026-06-20,mobile,MAR forecast,2026,1,2026-03-10,2026-03-10,16050288
2026-06-21,mobile,MAR forecast,2026,1,2026-03-10,2026-03-10,16053121
2026-06-22,mobile,MAR forecast,2026,1,2026-03-10,2026-03-10,16058311
2026-06-23,mobile,MAR forecast,2026,1,2026-03-10,2026-03-10,16062349
2026-06-24,mobile,MAR forecast,2026,1,2026-03-10,2026-03-10,16066585
2026-06-25,mobile,MAR forecast,2026,1,2026-03-10,2026-03-10,16067928
2026-06-26,mobile,MAR forecast,2026,1,2026-03-10,2026-03-10,16071599
2026-06-27,mobile,MAR forecast,2026,1,2026-03-10,2026-03-10,16075580
2026-06-28,mobile,MAR forecast,2026,1,2026-03-10,2026-03-10,16078491
2026-06-29,mobile,MAR forecast,2026,1,2026-03-10,2026-03-10,16082448
2026-06-30,mobile,MAR forecast,2026,1,2026-03-10,2026-03-10,16086672
2026-07-01,mobile,MAR forecast,2026,1,2026-03-10,2026-03-10,16091244
2026-07-02,mobile,MAR forecast,2026,1,2026-03-10,2026-03-10,16100262
2026-07-03,mobile,MAR forecast,2026,1,2026-03-10,2026-03-10,16104877
2026-07-04,mobile,MAR forecast,2026,1,2026-03-10,2026-03-10,16107782
2026-07-05,mobile,MAR forecast,2026,1,2026-03-10,2026-03-10,16110725
2026-07-06,mobile,MAR forecast,2026,1,2026-03-10,2026-03-10,16113849
2026-07-07,mobile,MAR forecast,2026,1,2026-03-10,2026-03-10,16116891
2026-07-08,mobile,MAR forecast,2026,1,2026-03-10,2026-03-10,16118942
2026-07-09,mobile,MAR forecast,2026,1,2026-03-10,2026-03-10,16121091
2026-07-10,mobile,MAR forecast,2026,1,2026-03-10,2026-03-10,16123093
2026-07-11,mobile,MAR forecast,2026,1,2026-03-10,2026-03-10,16124089
2026-07-12,mobile,MAR forecast,2026,1,2026-03-10,2026-03-10,16125927
2026-07-13,mobile,MAR forecast,2026,1,2026-03-10,2026-03-10,16128741
2026-07-14,mobile,MAR forecast,2026,1,2026-03-10,2026-03-10,16130380
2026-07-15,mobile,MAR forecast,2026,1,2026-03-10,2026-03-10,16131668
2026-07-16,mobile,MAR forecast,2026,1,2026-03-10,2026-03-10,16132409
2026-07-17,mobile,MAR forecast,2026,1,2026-03-10,2026-03-10,16133534
2026-07-18,mobile,MAR forecast,2026,1,2026-03-10,2026-03-10,16134740
2026-07-19,mobile,MAR forecast,2026,1,2026-03-10,2026-03-10,16137019
2026-07-20,mobile,MAR forecast,2026,1,2026-03-10,2026-03-10,16138170
2026-07-21,mobile,MAR forecast,2026,1,2026-03-10,2026-03-10,16140875
2026-07-22,mobile,MAR forecast,2026,1,2026-03-10,2026-03-10,16145366
2026-07-23,mobile,MAR forecast,2026,1,2026-03-10,2026-03-10,16149036
2026-07-24,mobile,MAR forecast,2026,1,2026-03-10,2026-03-10,16151201
2026-07-25,mobile,MAR forecast,2026,1,2026-03-10,2026-03-10,16152563
2026-07-26,mobile,MAR forecast,2026,1,2026-03-10,2026-03-10,16154464
2026-07-27,mobile,MAR forecast,2026,1,2026-03-10,2026-03-10,16156316
2026-07-28,mobile,MAR forecast,2026,1,2026-03-10,2026-03-10,16158162
2026-07-29,mobile,MAR forecast,2026,1,2026-03-10,2026-03-10,16159187
2026-07-30,mobile,MAR forecast,2026,1,2026-03-10,2026-03-10,16160263
2026-07-31,mobile,MAR forecast,2026,1,2026-03-10,2026-03-10,16161084
2026-08-01,mobile,MAR forecast,2026,1,2026-03-10,2026-03-10,16161782
2026-08-02,mobile,MAR forecast,2026,1,2026-03-10,2026-03-10,16163027
2026-08-03,mobile,MAR forecast,2026,1,2026-03-10,2026-03-10,16162138
2026-08-04,mobile,MAR forecast,2026,1,2026-03-10,2026-03-10,16163590
2026-08-05,mobile,MAR forecast,2026,1,2026-03-10,2026-03-10,16164123
2026-08-06,mobile,MAR forecast,2026,1,2026-03-10,2026-03-10,16165379
2026-08-07,mobile,MAR forecast,2026,1,2026-03-10,2026-03-10,16167062
2026-08-08,mobile,MAR forecast,2026,1,2026-03-10,2026-03-10,16169361
2026-08-09,mobile,MAR forecast,2026,1,2026-03-10,2026-03-10,16171360
2026-08-10,mobile,MAR forecast,2026,1,2026-03-10,2026-03-10,16173735
2026-08-11,mobile,MAR forecast,2026,1,2026-03-10,2026-03-10,16174307
2026-08-12,mobile,MAR forecast,2026,1,2026-03-10,2026-03-10,16176665
2026-08-13,mobile,MAR forecast,2026,1,2026-03-10,2026-03-10,16178359
2026-08-14,mobile,MAR forecast,2026,1,2026-03-10,2026-03-10,16180540
2026-08-15,mobile,MAR forecast,2026,1,2026-03-10,2026-03-10,16180686
2026-08-16,mobile,MAR forecast,2026,1,2026-03-10,2026-03-10,16183733
2026-08-17,mobile,MAR forecast,2026,1,2026-03-10,2026-03-10,16186971
2026-08-18,mobile,MAR forecast,2026,1,2026-03-10,2026-03-10,16190824
2026-08-19,mobile,MAR forecast,2026,1,2026-03-10,2026-03-10,16195342
2026-08-20,mobile,MAR forecast,2026,1,2026-03-10,2026-03-10,16201439
2026-08-21,mobile,MAR forecast,2026,1,2026-03-10,2026-03-10,16204955
2026-08-22,mobile,MAR forecast,2026,1,2026-03-10,2026-03-10,16209843
2026-08-23,mobile,MAR forecast,2026,1,2026-03-10,2026-03-10,16216655
2026-08-24,mobile,MAR forecast,2026,1,2026-03-10,2026-03-10,16222571
2026-08-25,mobile,MAR forecast,2026,1,2026-03-10,2026-03-10,16227769
2026-08-26,mobile,MAR forecast,2026,1,2026-03-10,2026-03-10,16234418
2026-08-27,mobile,MAR forecast,2026,1,2026-03-10,2026-03-10,16241030
2026-08-28,mobile,MAR forecast,2026,1,2026-03-10,2026-03-10,16246953
2026-08-29,mobile,MAR forecast,2026,1,2026-03-10,2026-03-10,16254880
2026-08-30,mobile,MAR forecast,2026,1,2026-03-10,2026-03-10,16260438
2026-08-31,mobile,MAR forecast,2026,1,2026-03-10,2026-03-10,16269426
2026-09-01,mobile,MAR forecast,2026,1,2026-03-10,2026-03-10,16277637
2026-09-02,mobile,MAR forecast,2026,1,2026-03-10,2026-03-10,16286649
2026-09-03,mobile,MAR forecast,2026,1,2026-03-10,2026-03-10,16295549
2026-09-04,mobile,MAR forecast,2026,1,2026-03-10,2026-03-10,16304249
2026-09-05,mobile,MAR forecast,2026,1,2026-03-10,2026-03-10,16313916
2026-09-06,mobile,MAR forecast,2026,1,2026-03-10,2026-03-10,16322897
2026-09-07,mobile,MAR forecast,2026,1,2026-03-10,2026-03-10,16331426
2026-09-08,mobile,MAR forecast,2026,1,2026-03-10,2026-03-10,16342973
2026-09-09,mobile,MAR forecast,2026,1,2026-03-10,2026-03-10,16352610
2026-09-10,mobile,MAR forecast,2026,1,2026-03-10,2026-03-10,16364011
2026-09-11,mobile,MAR forecast,2026,1,2026-03-10,2026-03-10,16375076
2026-09-12,mobile,MAR forecast,2026,1,2026-03-10,2026-03-10,16388307
2026-09-13,mobile,MAR forecast,2026,1,2026-03-10,2026-03-10,16399284
2026-09-14,mobile,MAR forecast,2026,1,2026-03-10,2026-03-10,16408367
2026-09-15,mobile,MAR forecast,2026,1,2026-03-10,2026-03-10,16418470
2026-09-16,mobile,MAR forecast,2026,1,2026-03-10,2026-03-10,16427846
2026-09-17,mobile,MAR forecast,2026,1,2026-03-10,2026-03-10,16437876
2026-09-18,mobile,MAR forecast,2026,1,2026-03-10,2026-03-10,16448206
2026-09-19,mobile,MAR forecast,2026,1,2026-03-10,2026-03-10,16457667
2026-09-20,mobile,MAR forecast,2026,1,2026-03-10,2026-03-10,16466445
2026-09-21,mobile,MAR forecast,2026,1,2026-03-10,2026-03-10,16475683
2026-09-22,mobile,MAR forecast,2026,1,2026-03-10,2026-03-10,16485351
2026-09-23,mobile,MAR forecast,2026,1,2026-03-10,2026-03-10,16494414
2026-09-24,mobile,MAR forecast,2026,1,2026-03-10,2026-03-10,16503743
2026-09-25,mobile,MAR forecast,2026,1,2026-03-10,2026-03-10,16513625
2026-09-26,mobile,MAR forecast,2026,1,2026-03-10,2026-03-10,16521400
2026-09-27,mobile,MAR forecast,2026,1,2026-03-10,2026-03-10,16531768
2026-09-28,mobile,MAR forecast,2026,1,2026-03-10,2026-03-10,16539747
2026-09-29,mobile,MAR forecast,2026,1,2026-03-10,2026-03-10,16545875
2026-09-30,mobile,MAR forecast,2026,1,2026-03-10,2026-03-10,16551173
2026-10-01,mobile,MAR forecast,2026,1,2026-03-10,2026-03-10,16556405
2026-10-02,mobile,MAR forecast,2026,1,2026-03-10,2026-03-10,16559737
2026-10-03,mobile,MAR forecast,2026,1,2026-03-10,2026-03-10,16563887
2026-10-04,mobile,MAR forecast,2026,1,2026-03-10,2026-03-10,16569574
2026-10-05,mobile,MAR forecast,2026,1,2026-03-10,2026-03-10,16573669
2026-10-06,mobile,MAR forecast,2026,1,2026-03-10,2026-03-10,16577182
2026-10-07,mobile,MAR forecast,2026,1,2026-03-10,2026-03-10,16581324
2026-10-08,mobile,MAR forecast,2026,1,2026-03-10,2026-03-10,16585421
2026-10-09,mobile,MAR forecast,2026,1,2026-03-10,2026-03-10,16589311
2026-10-10,mobile,MAR forecast,2026,1,2026-03-10,2026-03-10,16592141
2026-10-11,mobile,MAR forecast,2026,1,2026-03-10,2026-03-10,16594902
2026-10-12,mobile,MAR forecast,2026,1,2026-03-10,2026-03-10,16598999
2026-10-13,mobile,MAR forecast,2026,1,2026-03-10,2026-03-10,16602409
2026-10-14,mobile,MAR forecast,2026,1,2026-03-10,2026-03-10,16606244
2026-10-15,mobile,MAR forecast,2026,1,2026-03-10,2026-03-10,16609068
2026-10-16,mobile,MAR forecast,2026,1,2026-03-10,2026-03-10,16612724
2026-10-17,mobile,MAR forecast,2026,1,2026-03-10,2026-03-10,16616558
2026-10-18,mobile,MAR forecast,2026,1,2026-03-10,2026-03-10,16620226
2026-10-19,mobile,MAR forecast,2026,1,2026-03-10,2026-03-10,16620598
2026-10-20,mobile,MAR forecast,2026,1,2026-03-10,2026-03-10,16621523
2026-10-21,mobile,MAR forecast,2026,1,2026-03-10,2026-03-10,16624767
2026-10-22,mobile,MAR forecast,2026,1,2026-03-10,2026-03-10,16628535
2026-10-23,mobile,MAR forecast,2026,1,2026-03-10,2026-03-10,16632249
2026-10-24,mobile,MAR forecast,2026,1,2026-03-10,2026-03-10,16636550
2026-10-25,mobile,MAR forecast,2026,1,2026-03-10,2026-03-10,16640210
2026-10-26,mobile,MAR forecast,2026,1,2026-03-10,2026-03-10,16644297
2026-10-27,mobile,MAR forecast,2026,1,2026-03-10,2026-03-10,16649355
2026-10-28,mobile,MAR forecast,2026,1,2026-03-10,2026-03-10,16656475
2026-10-29,mobile,MAR forecast,2026,1,2026-03-10,2026-03-10,16662328
2026-10-30,mobile,MAR forecast,2026,1,2026-03-10,2026-03-10,16669176
2026-10-31,mobile,MAR forecast,2026,1,2026-03-10,2026-03-10,16675220
2026-11-01,mobile,MAR forecast,2026,1,2026-03-10,2026-03-10,16679467
2026-11-02,mobile,MAR forecast,2026,1,2026-03-10,2026-03-10,16684061
2026-11-03,mobile,MAR forecast,2026,1,2026-03-10,2026-03-10,16690626
2026-11-04,mobile,MAR forecast,2026,1,2026-03-10,2026-03-10,16696123
2026-11-05,mobile,MAR forecast,2026,1,2026-03-10,2026-03-10,16701365
2026-11-06,mobile,MAR forecast,2026,1,2026-03-10,2026-03-10,16705785
2026-11-07,mobile,MAR forecast,2026,1,2026-03-10,2026-03-10,16709675
2026-11-08,mobile,MAR forecast,2026,1,2026-03-10,2026-03-10,16710112
2026-11-09,mobile,MAR forecast,2026,1,2026-03-10,2026-03-10,16712480
2026-11-10,mobile,MAR forecast,2026,1,2026-03-10,2026-03-10,16716282
2026-11-11,mobile,MAR forecast,2026,1,2026-03-10,2026-03-10,16721880
2026-11-12,mobile,MAR forecast,2026,1,2026-03-10,2026-03-10,16727495
2026-11-13,mobile,MAR forecast,2026,1,2026-03-10,2026-03-10,16731795
2026-11-14,mobile,MAR forecast,2026,1,2026-03-10,2026-03-10,16737437
2026-11-15,mobile,MAR forecast,2026,1,2026-03-10,2026-03-10,16742584
2026-11-16,mobile,MAR forecast,2026,1,2026-03-10,2026-03-10,16752000
2026-11-17,mobile,MAR forecast,2026,1,2026-03-10,2026-03-10,16761154
2026-11-18,mobile,MAR forecast,2026,1,2026-03-10,2026-03-10,16767513
2026-11-19,mobile,MAR forecast,2026,1,2026-03-10,2026-03-10,16774244
2026-11-20,mobile,MAR forecast,2026,1,2026-03-10,2026-03-10,16780453
2026-11-21,mobile,MAR forecast,2026,1,2026-03-10,2026-03-10,16787527
2026-11-22,mobile,MAR forecast,2026,1,2026-03-10,2026-03-10,16795301
2026-11-23,mobile,MAR forecast,2026,1,2026-03-10,2026-03-10,16804062
2026-11-24,mobile,MAR forecast,2026,1,2026-03-10,2026-03-10,16813607
2026-11-25,mobile,MAR forecast,2026,1,2026-03-10,2026-03-10,16821534
2026-11-26,mobile,MAR forecast,2026,1,2026-03-10,2026-03-10,16830099
2026-11-27,mobile,MAR forecast,2026,1,2026-03-10,2026-03-10,16840542
2026-11-28,mobile,MAR forecast,2026,1,2026-03-10,2026-03-10,16850568
2026-11-29,mobile,MAR forecast,2026,1,2026-03-10,2026-03-10,16861810
2026-11-30,mobile,MAR forecast,2026,1,2026-03-10,2026-03-10,16874592
2026-12-01,mobile,MAR forecast,2026,1,2026-03-10,2026-03-10,16885052
2026-12-02,mobile,MAR forecast,2026,1,2026-03-10,2026-03-10,16894925
2026-12-03,mobile,MAR forecast,2026,1,2026-03-10,2026-03-10,16905038
2026-12-04,mobile,MAR forecast,2026,1,2026-03-10,2026-03-10,16915890
2026-12-05,mobile,MAR forecast,2026,1,2026-03-10,2026-03-10,16928165
2026-12-06,mobile,MAR forecast,2026,1,2026-03-10,2026-03-10,16943160
2026-12-07,mobile,MAR forecast,2026,1,2026-03-10,2026-03-10,16956579
2026-12-08,mobile,MAR forecast,2026,1,2026-03-10,2026-03-10,16967703
2026-12-09,mobile,MAR forecast,2026,1,2026-03-10,2026-03-10,16976890
2026-12-10,mobile,MAR forecast,2026,1,2026-03-10,2026-03-10,16984017
2026-12-11,mobile,MAR forecast,2026,1,2026-03-10,2026-03-10,16991624
2026-12-12,mobile,MAR forecast,2026,1,2026-03-10,2026-03-10,16996758
2026-12-13,mobile,MAR forecast,2026,1,2026-03-10,2026-03-10,17001955
2026-12-14,mobile,MAR forecast,2026,1,2026-03-10,2026-03-10,17005585
2026-12-15,mobile,MAR forecast,2026,1,2026-03-10,2026-03-10,17007800
2026-12-16,mobile,MAR forecast,2026,1,2026-03-10,2026-03-10,17011199
2026-12-17,mobile,MAR forecast,2026,1,2026-03-10,2026-03-10,17011182
2026-12-18,mobile,MAR forecast,2026,1,2026-03-10,2026-03-10,17011729
2026-12-19,mobile,MAR forecast,2026,1,2026-03-10,2026-03-10,17010941
2026-12-20,mobile,MAR forecast,2026,1,2026-03-10,2026-03-10,17008155
2026-12-21,mobile,MAR forecast,2026,1,2026-03-10,2026-03-10,17003964
2026-12-22,mobile,MAR forecast,2026,1,2026-03-10,2026-03-10,16994850
2026-12-23,mobile,MAR forecast,2026,1,2026-03-10,2026-03-10,16987280
2026-12-24,mobile,MAR forecast,2026,1,2026-03-10,2026-03-10,16964677
2026-12-25,mobile,MAR forecast,2026,1,2026-03-10,2026-03-10,16930818
2026-12-26,mobile,MAR forecast,2026,1,2026-03-10,2026-03-10,16918153
2026-12-27,mobile,MAR forecast,2026,1,2026-03-10,2026-03-10,16909187
2026-12-28,mobile,MAR forecast,2026,1,2026-03-10,2026-03-10,16899621
2026-12-29,mobile,MAR forecast,2026,1,2026-03-10,2026-03-10,16891221
2026-12-30,mobile,MAR forecast,2026,1,2026-03-10,2026-03-10,16883199
2026-12-31,mobile,MAR forecast,2026,1,2026-03-10,2026-03-10,16869983
2026-01-01,desktop,APR prior forecasts,2026,1,2026-04-13,2026-04-13,46372491
2026-01-02,desktop,APR prior forecasts,2026,1,2026-04-13,2026-04-13,46203053
2026-01-03,desktop,APR prior forecasts,2026,1,2026-04-13,2026-04-13,46054939
2026-01-04,desktop,APR prior forecasts,2026,1,2026-04-13,2026-04-13,45938235
2026-01-05,desktop,APR prior forecasts,2026,1,2026-04-13,2026-04-13,45970240
2026-01-06,desktop,APR prior forecasts,2026,1,2026-04-13,2026-04-13,45890491
2026-01-07,desktop,APR prior forecasts,2026,1,2026-04-13,2026-04-13,45870175
2026-01-08,desktop,APR prior forecasts,2026,1,2026-04-13,2026-04-13,45878879
2026-01-09,desktop,APR prior forecasts,2026,1,2026-04-13,2026-04-13,45890815
2026-01-10,desktop,APR prior forecasts,2026,1,2026-04-13,2026-04-13,45843441
2026-01-11,desktop,APR prior forecasts,2026,1,2026-04-13,2026-04-13,45798644
2026-01-12,desktop,APR prior forecasts,2026,1,2026-04-13,2026-04-13,45829117
2026-01-13,desktop,APR prior forecasts,2026,1,2026-04-13,2026-04-13,45873885
2026-01-14,desktop,APR prior forecasts,2026,1,2026-04-13,2026-04-13,45933096
2026-01-15,desktop,APR prior forecasts,2026,1,2026-04-13,2026-04-13,45998626
2026-01-16,desktop,APR prior forecasts,2026,1,2026-04-13,2026-04-13,46047274
2026-01-17,desktop,APR prior forecasts,2026,1,2026-04-13,2026-04-13,46145492
2026-01-18,desktop,APR prior forecasts,2026,1,2026-04-13,2026-04-13,46271564
2026-01-19,desktop,APR prior forecasts,2026,1,2026-04-13,2026-04-13,46473709
2026-01-20,desktop,APR prior forecasts,2026,1,2026-04-13,2026-04-13,47334469
2026-01-21,desktop,APR prior forecasts,2026,1,2026-04-13,2026-04-13,47776396
2026-01-22,desktop,APR prior forecasts,2026,1,2026-04-13,2026-04-13,48458426
2026-01-23,desktop,APR prior forecasts,2026,1,2026-04-13,2026-04-13,48899366
2026-01-24,desktop,APR prior forecasts,2026,1,2026-04-13,2026-04-13,49141808
2026-01-25,desktop,APR prior forecasts,2026,1,2026-04-13,2026-04-13,49362596
2026-01-26,desktop,APR prior forecasts,2026,1,2026-04-13,2026-04-13,49665395
2026-01-27,desktop,APR prior forecasts,2026,1,2026-04-13,2026-04-13,50014779
2026-01-28,desktop,APR prior forecasts,2026,1,2026-04-13,2026-04-13,50473323
2026-01-29,desktop,APR prior forecasts,2026,1,2026-04-13,2026-04-13,51045597
2026-01-30,desktop,APR prior forecasts,2026,1,2026-04-13,2026-04-13,51293145
2026-01-31,desktop,APR prior forecasts,2026,1,2026-04-13,2026-04-13,
2026-02-01,desktop,APR prior forecasts,2026,1,2026-04-13,2026-04-13,50575226
2026-02-02,desktop,APR prior forecasts,2026,1,2026-04-13,2026-04-13,50678442
2026-02-03,desktop,APR prior forecasts,2026,1,2026-04-13,2026-04-13,50858835
2026-02-04,desktop,APR prior forecasts,2026,1,2026-04-13,2026-04-13,50966620
2026-02-05,desktop,APR prior forecasts,2026,1,2026-04-13,2026-04-13,51053648
2026-02-06,desktop,APR prior forecasts,2026,1,2026-04-13,2026-04-13,51124187
2026-02-07,desktop,APR prior forecasts,2026,1,2026-04-13,2026-04-13,51184885
2026-02-08,desktop,APR prior forecasts,2026,1,2026-04-13,2026-04-13,51249650
2026-02-09,desktop,APR prior forecasts,2026,1,2026-04-13,2026-04-13,51313102
2026-02-10,desktop,APR prior forecasts,2026,1,2026-04-13,2026-04-13,51354569
2026-02-11,desktop,APR prior forecasts,2026,1,2026-04-13,2026-04-13,51384895
2026-02-12,desktop,APR prior forecasts,2026,1,2026-04-13,2026-04-13,51414392
2026-02-13,desktop,APR prior forecasts,2026,1,2026-04-13,2026-04-13,51449284
2026-02-14,desktop,APR prior forecasts,2026,1,2026-04-13,2026-04-13,51463641
2026-02-15,desktop,APR prior forecasts,2026,1,2026-04-13,2026-04-13,51448035
2026-02-16,desktop,APR prior forecasts,2026,1,2026-04-13,2026-04-13,51337111
2026-02-17,desktop,APR prior forecasts,2026,1,2026-04-13,2026-04-13,51247334
2026-02-18,desktop,APR prior forecasts,2026,1,2026-04-13,2026-04-13,51220618
2026-02-19,desktop,APR prior forecasts,2026,1,2026-04-13,2026-04-13,51213319
2026-02-20,desktop,APR prior forecasts,2026,1,2026-04-13,2026-04-13,51173216
2026-02-21,desktop,APR prior forecasts,2026,1,2026-04-13,2026-04-13,51135342
2026-02-22,desktop,APR prior forecasts,2026,1,2026-04-13,2026-04-13,51110747
2026-02-23,desktop,APR prior forecasts,2026,1,2026-04-13,2026-04-13,51080672
2026-02-24,desktop,APR prior forecasts,2026,1,2026-04-13,2026-04-13,51050385
2026-02-25,desktop,APR prior forecasts,2026,1,2026-04-13,2026-04-13,51025927
2026-02-26,desktop,APR prior forecasts,2026,1,2026-04-13,2026-04-13,51009826
2026-02-27,desktop,APR prior forecasts,2026,1,2026-04-13,2026-04-13,50995639
2026-02-28,desktop,APR prior forecasts,2026,1,2026-04-13,2026-04-13,
2026-03-01,desktop,APR prior forecasts,2026,1,2026-04-13,2026-04-13,50500544
2026-03-02,desktop,APR prior forecasts,2026,1,2026-04-13,2026-04-13,50463614
2026-03-03,desktop,APR prior forecasts,2026,1,2026-04-13,2026-04-13,50466231
2026-03-04,desktop,APR prior forecasts,2026,1,2026-04-13,2026-04-13,50484616
2026-03-05,desktop,APR prior forecasts,2026,1,2026-04-13,2026-04-13,50520748
2026-03-06,desktop,APR prior forecasts,2026,1,2026-04-13,2026-04-13,50537439
2026-03-07,desktop,APR prior forecasts,2026,1,2026-04-13,2026-04-13,50470411
2026-03-08,desktop,APR prior forecasts,2026,1,2026-04-13,2026-04-13,50404551
2026-03-09,desktop,APR prior forecasts,2026,1,2026-04-13,2026-04-13,50462109
2026-03-10,desktop,APR prior forecasts,2026,1,2026-04-13,2026-04-13,50515025
2026-03-11,desktop,APR prior forecasts,2026,1,2026-04-13,2026-04-13,50610041
2026-03-12,desktop,APR prior forecasts,2026,1,2026-04-13,2026-04-13,50685986
2026-03-13,desktop,APR prior forecasts,2026,1,2026-04-13,2026-04-13,50744642
2026-03-14,desktop,APR prior forecasts,2026,1,2026-04-13,2026-04-13,50730529
2026-03-15,desktop,APR prior forecasts,2026,1,2026-04-13,2026-04-13,50725363
2026-03-16,desktop,APR prior forecasts,2026,1,2026-04-13,2026-04-13,50958016
2026-03-17,desktop,APR prior forecasts,2026,1,2026-04-13,2026-04-13,51220676
2026-03-18,desktop,APR prior forecasts,2026,1,2026-04-13,2026-04-13,51347064
2026-03-19,desktop,APR prior forecasts,2026,1,2026-04-13,2026-04-13,51426104
2026-03-20,desktop,APR prior forecasts,2026,1,2026-04-13,2026-04-13,51431277
2026-03-21,desktop,APR prior forecasts,2026,1,2026-04-13,2026-04-13,51341032
2026-03-22,desktop,APR prior forecasts,2026,1,2026-04-13,2026-04-13,51261043
2026-03-23,desktop,APR prior forecasts,2026,1,2026-04-13,2026-04-13,51340359
2026-03-24,desktop,APR prior forecasts,2026,1,2026-04-13,2026-04-13,51365096
2026-03-25,desktop,APR prior forecasts,2026,1,2026-04-13,2026-04-13,51383630
2026-03-26,desktop,APR prior forecasts,2026,1,2026-04-13,2026-04-13,51401284
2026-03-27,desktop,APR prior forecasts,2026,1,2026-04-13,2026-04-13,51377807
2026-03-28,desktop,APR prior forecasts,2026,1,2026-04-13,2026-04-13,51354092
2026-03-29,desktop,APR prior forecasts,2026,1,2026-04-13,2026-04-13,51316576
2026-03-30,desktop,APR prior forecasts,2026,1,2026-04-13,2026-04-13,51236829
2026-03-31,desktop,APR prior forecasts,2026,1,2026-04-13,2026-04-13,
2026-01-01,mobile,APR prior forecasts,2026,1,2026-04-13,2026-04-13,15552901
2026-01-02,mobile,APR prior forecasts,2026,1,2026-04-13,2026-04-13,15541705
2026-01-03,mobile,APR prior forecasts,2026,1,2026-04-13,2026-04-13,15537893
2026-01-04,mobile,APR prior forecasts,2026,1,2026-04-13,2026-04-13,15537341
2026-01-05,mobile,APR prior forecasts,2026,1,2026-04-13,2026-04-13,15531877
2026-01-06,mobile,APR prior forecasts,2026,1,2026-04-13,2026-04-13,15524093
2026-01-07,mobile,APR prior forecasts,2026,1,2026-04-13,2026-04-13,15516583
2026-01-08,mobile,APR prior forecasts,2026,1,2026-04-13,2026-04-13,15511757
2026-01-09,mobile,APR prior forecasts,2026,1,2026-04-13,2026-04-13,15509316
2026-01-10,mobile,APR prior forecasts,2026,1,2026-04-13,2026-04-13,15512447
2026-01-11,mobile,APR prior forecasts,2026,1,2026-04-13,2026-04-13,15517619
2026-01-12,mobile,APR prior forecasts,2026,1,2026-04-13,2026-04-13,15523002
2026-01-13,mobile,APR prior forecasts,2026,1,2026-04-13,2026-04-13,15529179
2026-01-14,mobile,APR prior forecasts,2026,1,2026-04-13,2026-04-13,15536596
2026-01-15,mobile,APR prior forecasts,2026,1,2026-04-13,2026-04-13,15544991
2026-01-16,mobile,APR prior forecasts,2026,1,2026-04-13,2026-04-13,15551536
2026-01-17,mobile,APR prior forecasts,2026,1,2026-04-13,2026-04-13,15561708
2026-01-18,mobile,APR prior forecasts,2026,1,2026-04-13,2026-04-13,15572490
2026-01-19,mobile,APR prior forecasts,2026,1,2026-04-13,2026-04-13,15584475
2026-01-20,mobile,APR prior forecasts,2026,1,2026-04-13,2026-04-13,15599792
2026-01-21,mobile,APR prior forecasts,2026,1,2026-04-13,2026-04-13,15622278
2026-01-22,mobile,APR prior forecasts,2026,1,2026-04-13,2026-04-13,15658338
2026-01-23,mobile,APR prior forecasts,2026,1,2026-04-13,2026-04-13,15676879
2026-01-24,mobile,APR prior forecasts,2026,1,2026-04-13,2026-04-13,15691706
2026-01-25,mobile,APR prior forecasts,2026,1,2026-04-13,2026-04-13,15705828
2026-01-26,mobile,APR prior forecasts,2026,1,2026-04-13,2026-04-13,15718124
2026-01-27,mobile,APR prior forecasts,2026,1,2026-04-13,2026-04-13,15733296
2026-01-28,mobile,APR prior forecasts,2026,1,2026-04-13,2026-04-13,15751955
2026-01-29,mobile,APR prior forecasts,2026,1,2026-04-13,2026-04-13,15772581
2026-01-30,mobile,APR prior forecasts,2026,1,2026-04-13,2026-04-13,15787185
2026-01-31,mobile,APR prior forecasts,2026,1,2026-04-13,2026-04-13,
2026-02-01,mobile,APR prior forecasts,2026,1,2026-04-13,2026-04-13,15508646
2026-02-02,mobile,APR prior forecasts,2026,1,2026-04-13,2026-04-13,15500735
2026-02-03,mobile,APR prior forecasts,2026,1,2026-04-13,2026-04-13,15513630
2026-02-04,mobile,APR prior forecasts,2026,1,2026-04-13,2026-04-13,15528623
2026-02-05,mobile,APR prior forecasts,2026,1,2026-04-13,2026-04-13,15556923
2026-02-06,mobile,APR prior forecasts,2026,1,2026-04-13,2026-04-13,15583924
2026-02-07,mobile,APR prior forecasts,2026,1,2026-04-13,2026-04-13,15612552
2026-02-08,mobile,APR prior forecasts,2026,1,2026-04-13,2026-04-13,15641457
2026-02-09,mobile,APR prior forecasts,2026,1,2026-04-13,2026-04-13,15670228
2026-02-10,mobile,APR prior forecasts,2026,1,2026-04-13,2026-04-13,15697343
2026-02-11,mobile,APR prior forecasts,2026,1,2026-04-13,2026-04-13,15721369
2026-02-12,mobile,APR prior forecasts,2026,1,2026-04-13,2026-04-13,15744423
2026-02-13,mobile,APR prior forecasts,2026,1,2026-04-13,2026-04-13,15763999
2026-02-14,mobile,APR prior forecasts,2026,1,2026-04-13,2026-04-13,15790314
2026-02-15,mobile,APR prior forecasts,2026,1,2026-04-13,2026-04-13,15814911
2026-02-16,mobile,APR prior forecasts,2026,1,2026-04-13,2026-04-13,15838402
2026-02-17,mobile,APR prior forecasts,2026,1,2026-04-13,2026-04-13,15862538
2026-02-18,mobile,APR prior forecasts,2026,1,2026-04-13,2026-04-13,15883983
2026-02-19,mobile,APR prior forecasts,2026,1,2026-04-13,2026-04-13,15903660
2026-02-20,mobile,APR prior forecasts,2026,1,2026-04-13,2026-04-13,15900163
2026-02-21,mobile,APR prior forecasts,2026,1,2026-04-13,2026-04-13,15906669
2026-02-22,mobile,APR prior forecasts,2026,1,2026-04-13,2026-04-13,15913347
2026-02-23,mobile,APR prior forecasts,2026,1,2026-04-13,2026-04-13,15921890
2026-02-24,mobile,APR prior forecasts,2026,1,2026-04-13,2026-04-13,15928267
2026-02-25,mobile,APR prior forecasts,2026,1,2026-04-13,2026-04-13,15934413
2026-02-26,mobile,APR prior forecasts,2026,1,2026-04-13,2026-04-13,15939934
2026-02-27,mobile,APR prior forecasts,2026,1,2026-04-13,2026-04-13,15945364
2026-02-28,mobile,APR prior forecasts,2026,1,2026-04-13,2026-04-13,
2026-03-01,mobile,APR prior forecasts,2026,1,2026-04-13,2026-04-13,15843992
2026-03-02,mobile,APR prior forecasts,2026,1,2026-04-13,2026-04-13,15844468
2026-03-03,mobile,APR prior forecasts,2026,1,2026-04-13,2026-04-13,15843509
2026-03-04,mobile,APR prior forecasts,2026,1,2026-04-13,2026-04-13,15841108
2026-03-05,mobile,APR prior forecasts,2026,1,2026-04-13,2026-04-13,15838995
2026-03-06,mobile,APR prior forecasts,2026,1,2026-04-13,2026-04-13,15838346
2026-03-07,mobile,APR prior forecasts,2026,1,2026-04-13,2026-04-13,15841902
2026-03-08,mobile,APR prior forecasts,2026,1,2026-04-13,2026-04-13,15846744
2026-03-09,mobile,APR prior forecasts,2026,1,2026-04-13,2026-04-13,15844840
2026-03-10,mobile,APR prior forecasts,2026,1,2026-04-13,2026-04-13,15840826
2026-03-11,mobile,APR prior forecasts,2026,1,2026-04-13,2026-04-13,15840137
2026-03-12,mobile,APR prior forecasts,2026,1,2026-04-13,2026-04-13,15838734
2026-03-13,mobile,APR prior forecasts,2026,1,2026-04-13,2026-04-13,15839292
2026-03-14,mobile,APR prior forecasts,2026,1,2026-04-13,2026-04-13,15845405
2026-03-15,mobile,APR prior forecasts,2026,1,2026-04-13,2026-04-13,15855662
2026-03-16,mobile,APR prior forecasts,2026,1,2026-04-13,2026-04-13,15861523
2026-03-17,mobile,APR prior forecasts,2026,1,2026-04-13,2026-04-13,15869021
2026-03-18,mobile,APR prior forecasts,2026,1,2026-04-13,2026-04-13,15872583
2026-03-19,mobile,APR prior forecasts,2026,1,2026-04-13,2026-04-13,15875019
2026-03-20,mobile,APR prior forecasts,2026,1,2026-04-13,2026-04-13,15871096
2026-03-21,mobile,APR prior forecasts,2026,1,2026-04-13,2026-04-13,15870017
2026-03-22,mobile,APR prior forecasts,2026,1,2026-04-13,2026-04-13,15871479
2026-03-23,mobile,APR prior forecasts,2026,1,2026-04-13,2026-04-13,15867608
2026-03-24,mobile,APR prior forecasts,2026,1,2026-04-13,2026-04-13,15863725
2026-03-25,mobile,APR prior forecasts,2026,1,2026-04-13,2026-04-13,15861779
2026-03-26,mobile,APR prior forecasts,2026,1,2026-04-13,2026-04-13,15858770
2026-03-27,mobile,APR prior forecasts,2026,1,2026-04-13,2026-04-13,15854189
2026-03-28,mobile,APR prior forecasts,2026,1,2026-04-13,2026-04-13,15849951
2026-03-29,mobile,APR prior forecasts,2026,1,2026-04-13,2026-04-13,15845945
2026-03-30,mobile,APR prior forecasts,2026,1,2026-04-13,2026-04-13,15840448
2026-03-31,mobile,APR prior forecasts,2026,1,2026-04-13,2026-04-13,
2026-04-01,desktop,APR forecast,2026,1,2026-04-13,2026-04-13,50155406
2026-04-02,desktop,APR forecast,2026,1,2026-04-13,2026-04-13,49892858
2026-04-03,desktop,APR forecast,2026,1,2026-04-13,2026-04-13,49387882
2026-04-04,desktop,APR forecast,2026,1,2026-04-13,2026-04-13,49367128
2026-04-05,desktop,APR forecast,2026,1,2026-04-13,2026-04-13,49332122
2026-04-06,desktop,APR forecast,2026,1,2026-04-13,2026-04-13,48893433
2026-04-07,desktop,APR forecast,2026,1,2026-04-13,2026-04-13,48774672
2026-04-08,desktop,APR forecast,2026,1,2026-04-13,2026-04-13,48655589
2026-04-09,desktop,APR forecast,2026,1,2026-04-13,2026-04-13,48546184
2026-04-10,desktop,APR forecast,2026,1,2026-04-13,2026-04-13,48470272
2026-04-11,desktop,APR forecast,2026,1,2026-04-13,2026-04-13,48560943
2026-04-12,desktop,APR forecast,2026,1,2026-04-13,2026-04-13,48679038
2026-04-13,desktop,APR forecast,2026,1,2026-04-13,2026-04-13,48621703
2026-04-14,desktop,APR forecast,2026,1,2026-04-13,2026-04-13,48574783
2026-04-15,desktop,APR forecast,2026,1,2026-04-13,2026-04-13,48565289
2026-04-16,desktop,APR forecast,2026,1,2026-04-13,2026-04-13,48621088
2026-04-17,desktop,APR forecast,2026,1,2026-04-13,2026-04-13,48713025
2026-04-18,desktop,APR forecast,2026,1,2026-04-13,2026-04-13,48910331
2026-04-19,desktop,APR forecast,2026,1,2026-04-13,2026-04-13,49094844
2026-04-20,desktop,APR forecast,2026,1,2026-04-13,2026-04-13,49133788
2026-04-21,desktop,APR forecast,2026,1,2026-04-13,2026-04-13,49100264
2026-04-22,desktop,APR forecast,2026,1,2026-04-13,2026-04-13,49044135
2026-04-23,desktop,APR forecast,2026,1,2026-04-13,2026-04-13,48984202
2026-04-24,desktop,APR forecast,2026,1,2026-04-13,2026-04-13,48933318
2026-04-25,desktop,APR forecast,2026,1,2026-04-13,2026-04-13,49005962
2026-04-26,desktop,APR forecast,2026,1,2026-04-13,2026-04-13,49114101
2026-04-27,desktop,APR forecast,2026,1,2026-04-13,2026-04-13,49049186
2026-04-28,desktop,APR forecast,2026,1,2026-04-13,2026-04-13,48980471
2026-04-29,desktop,APR forecast,2026,1,2026-04-13,2026-04-13,48995094
2026-04-30,desktop,APR forecast,2026,1,2026-04-13,2026-04-13,49104965
2026-05-01,desktop,APR forecast,2026,1,2026-04-13,2026-04-13,49121897
2026-05-02,desktop,APR forecast,2026,1,2026-04-13,2026-04-13,49131219
2026-05-03,desktop,APR forecast,2026,1,2026-04-13,2026-04-13,49202669
2026-05-04,desktop,APR forecast,2026,1,2026-04-13,2026-04-13,49519592
2026-05-05,desktop,APR forecast,2026,1,2026-04-13,2026-04-13,49489120
2026-05-06,desktop,APR forecast,2026,1,2026-04-13,2026-04-13,49452488
2026-05-07,desktop,APR forecast,2026,1,2026-04-13,2026-04-13,49423838
2026-05-08,desktop,APR forecast,2026,1,2026-04-13,2026-04-13,49370297
2026-05-09,desktop,APR forecast,2026,1,2026-04-13,2026-04-13,49326150
2026-05-10,desktop,APR forecast,2026,1,2026-04-13,2026-04-13,49272470
2026-05-11,desktop,APR forecast,2026,1,2026-04-13,2026-04-13,49223940
2026-05-12,desktop,APR forecast,2026,1,2026-04-13,2026-04-13,49193713
2026-05-13,desktop,APR forecast,2026,1,2026-04-13,2026-04-13,49139002
2026-05-14,desktop,APR forecast,2026,1,2026-04-13,2026-04-13,48876304
2026-05-15,desktop,APR forecast,2026,1,2026-04-13,2026-04-13,48733810
2026-05-16,desktop,APR forecast,2026,1,2026-04-13,2026-04-13,48689450
2026-05-17,desktop,APR forecast,2026,1,2026-04-13,2026-04-13,48647951
2026-05-18,desktop,APR forecast,2026,1,2026-04-13,2026-04-13,48588861
2026-05-19,desktop,APR forecast,2026,1,2026-04-13,2026-04-13,48589825
2026-05-20,desktop,APR forecast,2026,1,2026-04-13,2026-04-13,48568822
2026-05-21,desktop,APR forecast,2026,1,2026-04-13,2026-04-13,48539934
2026-05-22,desktop,APR forecast,2026,1,2026-04-13,2026-04-13,48502594
2026-05-23,desktop,APR forecast,2026,1,2026-04-13,2026-04-13,48475368
2026-05-24,desktop,APR forecast,2026,1,2026-04-13,2026-04-13,48395850
2026-05-25,desktop,APR forecast,2026,1,2026-04-13,2026-04-13,48110582
2026-05-26,desktop,APR forecast,2026,1,2026-04-13,2026-04-13,48065324
2026-05-27,desktop,APR forecast,2026,1,2026-04-13,2026-04-13,47992048
2026-05-28,desktop,APR forecast,2026,1,2026-04-13,2026-04-13,47982496
2026-05-29,desktop,APR forecast,2026,1,2026-04-13,2026-04-13,48342475
2026-05-30,desktop,APR forecast,2026,1,2026-04-13,2026-04-13,48365329
2026-05-31,desktop,APR forecast,2026,1,2026-04-13,2026-04-13,48354557
2026-06-01,desktop,APR forecast,2026,1,2026-04-13,2026-04-13,48317742
2026-06-02,desktop,APR forecast,2026,1,2026-04-13,2026-04-13,48290616
2026-06-03,desktop,APR forecast,2026,1,2026-04-13,2026-04-13,48266007
2026-06-04,desktop,APR forecast,2026,1,2026-04-13,2026-04-13,48071285
2026-06-05,desktop,APR forecast,2026,1,2026-04-13,2026-04-13,47982023
2026-06-06,desktop,APR forecast,2026,1,2026-04-13,2026-04-13,47924084
2026-06-07,desktop,APR forecast,2026,1,2026-04-13,2026-04-13,47880901
2026-06-08,desktop,APR forecast,2026,1,2026-04-13,2026-04-13,47852148
2026-06-09,desktop,APR forecast,2026,1,2026-04-13,2026-04-13,47799027
2026-06-10,desktop,APR forecast,2026,1,2026-04-13,2026-04-13,47767534
2026-06-11,desktop,APR forecast,2026,1,2026-04-13,2026-04-13,47946280
2026-06-12,desktop,APR forecast,2026,1,2026-04-13,2026-04-13,47985527
2026-06-13,desktop,APR forecast,2026,1,2026-04-13,2026-04-13,47938416
2026-06-14,desktop,APR forecast,2026,1,2026-04-13,2026-04-13,47884363
2026-06-15,desktop,APR forecast,2026,1,2026-04-13,2026-04-13,47846964
2026-06-16,desktop,APR forecast,2026,1,2026-04-13,2026-04-13,47763088
2026-06-17,desktop,APR forecast,2026,1,2026-04-13,2026-04-13,47688014
2026-06-18,desktop,APR forecast,2026,1,2026-04-13,2026-04-13,47621350
2026-06-19,desktop,APR forecast,2026,1,2026-04-13,2026-04-13,47532238
2026-06-20,desktop,APR forecast,2026,1,2026-04-13,2026-04-13,47469284
2026-06-21,desktop,APR forecast,2026,1,2026-04-13,2026-04-13,47445889
2026-06-22,desktop,APR forecast,2026,1,2026-04-13,2026-04-13,47632902
2026-06-23,desktop,APR forecast,2026,1,2026-04-13,2026-04-13,47581430
2026-06-24,desktop,APR forecast,2026,1,2026-04-13,2026-04-13,47542086
2026-06-25,desktop,APR forecast,2026,1,2026-04-13,2026-04-13,47462704
2026-06-26,desktop,APR forecast,2026,1,2026-04-13,2026-04-13,47393557
2026-06-27,desktop,APR forecast,2026,1,2026-04-13,2026-04-13,47326706
2026-06-28,desktop,APR forecast,2026,1,2026-04-13,2026-04-13,47271949
2026-06-29,desktop,APR forecast,2026,1,2026-04-13,2026-04-13,47225499
2026-06-30,desktop,APR forecast,2026,1,2026-04-13,2026-04-13,47154698
2026-07-01,desktop,APR forecast,2026,1,2026-04-13,2026-04-13,47071467
2026-07-02,desktop,APR forecast,2026,1,2026-04-13,2026-04-13,47150932
2026-07-03,desktop,APR forecast,2026,1,2026-04-13,2026-04-13,47072177
2026-07-04,desktop,APR forecast,2026,1,2026-04-13,2026-04-13,46944736
2026-07-05,desktop,APR forecast,2026,1,2026-04-13,2026-04-13,46837992
2026-07-06,desktop,APR forecast,2026,1,2026-04-13,2026-04-13,46732213
2026-07-07,desktop,APR forecast,2026,1,2026-04-13,2026-04-13,46624353
2026-07-08,desktop,APR forecast,2026,1,2026-04-13,2026-04-13,46511517
2026-07-09,desktop,APR forecast,2026,1,2026-04-13,2026-04-13,46387584
2026-07-10,desktop,APR forecast,2026,1,2026-04-13,2026-04-13,46289803
2026-07-11,desktop,APR forecast,2026,1,2026-04-13,2026-04-13,46175710
2026-07-12,desktop,APR forecast,2026,1,2026-04-13,2026-04-13,46064530
2026-07-13,desktop,APR forecast,2026,1,2026-04-13,2026-04-13,45934029
2026-07-14,desktop,APR forecast,2026,1,2026-04-13,2026-04-13,45809704
2026-07-15,desktop,APR forecast,2026,1,2026-04-13,2026-04-13,45703873
2026-07-16,desktop,APR forecast,2026,1,2026-04-13,2026-04-13,45583740
2026-07-17,desktop,APR forecast,2026,1,2026-04-13,2026-04-13,45492310
2026-07-18,desktop,APR forecast,2026,1,2026-04-13,2026-04-13,45377902
2026-07-19,desktop,APR forecast,2026,1,2026-04-13,2026-04-13,45267285
2026-07-20,desktop,APR forecast,2026,1,2026-04-13,2026-04-13,45151828
2026-07-21,desktop,APR forecast,2026,1,2026-04-13,2026-04-13,45049653
2026-07-22,desktop,APR forecast,2026,1,2026-04-13,2026-04-13,44970418
2026-07-23,desktop,APR forecast,2026,1,2026-04-13,2026-04-13,44889643
2026-07-24,desktop,APR forecast,2026,1,2026-04-13,2026-04-13,44786334
2026-07-25,desktop,APR forecast,2026,1,2026-04-13,2026-04-13,44682250
2026-07-26,desktop,APR forecast,2026,1,2026-04-13,2026-04-13,44580747
2026-07-27,desktop,APR forecast,2026,1,2026-04-13,2026-04-13,44484646
2026-07-28,desktop,APR forecast,2026,1,2026-04-13,2026-04-13,44392460
2026-07-29,desktop,APR forecast,2026,1,2026-04-13,2026-04-13,44300071
2026-07-30,desktop,APR forecast,2026,1,2026-04-13,2026-04-13,44204778
2026-07-31,desktop,APR forecast,2026,1,2026-04-13,2026-04-13,44177062
2026-08-01,desktop,APR forecast,2026,1,2026-04-13,2026-04-13,44133609
2026-08-02,desktop,APR forecast,2026,1,2026-04-13,2026-04-13,44055587
2026-08-03,desktop,APR forecast,2026,1,2026-04-13,2026-04-13,43940670
2026-08-04,desktop,APR forecast,2026,1,2026-04-13,2026-04-13,43851751
2026-08-05,desktop,APR forecast,2026,1,2026-04-13,2026-04-13,43762213
2026-08-06,desktop,APR forecast,2026,1,2026-04-13,2026-04-13,43690588
2026-08-07,desktop,APR forecast,2026,1,2026-04-13,2026-04-13,43609434
2026-08-08,desktop,APR forecast,2026,1,2026-04-13,2026-04-13,43533818
2026-08-09,desktop,APR forecast,2026,1,2026-04-13,2026-04-13,43459797
2026-08-10,desktop,APR forecast,2026,1,2026-04-13,2026-04-13,43378600
2026-08-11,desktop,APR forecast,2026,1,2026-04-13,2026-04-13,43292039
2026-08-12,desktop,APR forecast,2026,1,2026-04-13,2026-04-13,43188053
2026-08-13,desktop,APR forecast,2026,1,2026-04-13,2026-04-13,43087339
2026-08-14,desktop,APR forecast,2026,1,2026-04-13,2026-04-13,42980757
2026-08-15,desktop,APR forecast,2026,1,2026-04-13,2026-04-13,42800549
2026-08-16,desktop,APR forecast,2026,1,2026-04-13,2026-04-13,42733732
2026-08-17,desktop,APR forecast,2026,1,2026-04-13,2026-04-13,42646617
2026-08-18,desktop,APR forecast,2026,1,2026-04-13,2026-04-13,42586524
2026-08-19,desktop,APR forecast,2026,1,2026-04-13,2026-04-13,42544920
2026-08-20,desktop,APR forecast,2026,1,2026-04-13,2026-04-13,42508074
2026-08-21,desktop,APR forecast,2026,1,2026-04-13,2026-04-13,42482835
2026-08-22,desktop,APR forecast,2026,1,2026-04-13,2026-04-13,42480595
2026-08-23,desktop,APR forecast,2026,1,2026-04-13,2026-04-13,42487312
2026-08-24,desktop,APR forecast,2026,1,2026-04-13,2026-04-13,42493042
2026-08-25,desktop,APR forecast,2026,1,2026-04-13,2026-04-13,42484574
2026-08-26,desktop,APR forecast,2026,1,2026-04-13,2026-04-13,42511905
2026-08-27,desktop,APR forecast,2026,1,2026-04-13,2026-04-13,42552129
2026-08-28,desktop,APR forecast,2026,1,2026-04-13,2026-04-13,42585414
2026-08-29,desktop,APR forecast,2026,1,2026-04-13,2026-04-13,42647406
2026-08-30,desktop,APR forecast,2026,1,2026-04-13,2026-04-13,42706066
2026-08-31,desktop,APR forecast,2026,1,2026-04-13,2026-04-13,42816715
2026-09-01,desktop,APR forecast,2026,1,2026-04-13,2026-04-13,42904778
2026-09-02,desktop,APR forecast,2026,1,2026-04-13,2026-04-13,43009337
2026-09-03,desktop,APR forecast,2026,1,2026-04-13,2026-04-13,43110485
2026-09-04,desktop,APR forecast,2026,1,2026-04-13,2026-04-13,43206742
2026-09-05,desktop,APR forecast,2026,1,2026-04-13,2026-04-13,43321646
2026-09-06,desktop,APR forecast,2026,1,2026-04-13,2026-04-13,43435289
2026-09-07,desktop,APR forecast,2026,1,2026-04-13,2026-04-13,43447161
2026-09-08,desktop,APR forecast,2026,1,2026-04-13,2026-04-13,43606468
2026-09-09,desktop,APR forecast,2026,1,2026-04-13,2026-04-13,43781718
2026-09-10,desktop,APR forecast,2026,1,2026-04-13,2026-04-13,43964513
2026-09-11,desktop,APR forecast,2026,1,2026-04-13,2026-04-13,44163490
2026-09-12,desktop,APR forecast,2026,1,2026-04-13,2026-04-13,44439442
2026-09-13,desktop,APR forecast,2026,1,2026-04-13,2026-04-13,44600025
2026-09-14,desktop,APR forecast,2026,1,2026-04-13,2026-04-13,44766352
2026-09-15,desktop,APR forecast,2026,1,2026-04-13,2026-04-13,44919863
2026-09-16,desktop,APR forecast,2026,1,2026-04-13,2026-04-13,45054223
2026-09-17,desktop,APR forecast,2026,1,2026-04-13,2026-04-13,45190812
2026-09-18,desktop,APR forecast,2026,1,2026-04-13,2026-04-13,45333435
2026-09-19,desktop,APR forecast,2026,1,2026-04-13,2026-04-13,45454638
2026-09-20,desktop,APR forecast,2026,1,2026-04-13,2026-04-13,45572544
2026-09-21,desktop,APR forecast,2026,1,2026-04-13,2026-04-13,45685252
2026-09-22,desktop,APR forecast,2026,1,2026-04-13,2026-04-13,45830325
2026-09-23,desktop,APR forecast,2026,1,2026-04-13,2026-04-13,45941446
2026-09-24,desktop,APR forecast,2026,1,2026-04-13,2026-04-13,46048562
2026-09-25,desktop,APR forecast,2026,1,2026-04-13,2026-04-13,46159895
2026-09-26,desktop,APR forecast,2026,1,2026-04-13,2026-04-13,46256028
2026-09-27,desktop,APR forecast,2026,1,2026-04-13,2026-04-13,46360658
2026-09-28,desktop,APR forecast,2026,1,2026-04-13,2026-04-13,46439428
2026-09-29,desktop,APR forecast,2026,1,2026-04-13,2026-04-13,46509760
2026-09-30,desktop,APR forecast,2026,1,2026-04-13,2026-04-13,46571611
2026-10-01,desktop,APR forecast,2026,1,2026-04-13,2026-04-13,46627700
2026-10-02,desktop,APR forecast,2026,1,2026-04-13,2026-04-13,46654152
2026-10-03,desktop,APR forecast,2026,1,2026-04-13,2026-04-13,46683378
2026-10-04,desktop,APR forecast,2026,1,2026-04-13,2026-04-13,46735223
2026-10-05,desktop,APR forecast,2026,1,2026-04-13,2026-04-13,46909177
2026-10-06,desktop,APR forecast,2026,1,2026-04-13,2026-04-13,46949231
2026-10-07,desktop,APR forecast,2026,1,2026-04-13,2026-04-13,46968344
2026-10-08,desktop,APR forecast,2026,1,2026-04-13,2026-04-13,46994284
2026-10-09,desktop,APR forecast,2026,1,2026-04-13,2026-04-13,47024460
2026-10-10,desktop,APR forecast,2026,1,2026-04-13,2026-04-13,47050309
2026-10-11,desktop,APR forecast,2026,1,2026-04-13,2026-04-13,47073154
2026-10-12,desktop,APR forecast,2026,1,2026-04-13,2026-04-13,47038374
2026-10-13,desktop,APR forecast,2026,1,2026-04-13,2026-04-13,47050305
2026-10-14,desktop,APR forecast,2026,1,2026-04-13,2026-04-13,47081354
2026-10-15,desktop,APR forecast,2026,1,2026-04-13,2026-04-13,47106289
2026-10-16,desktop,APR forecast,2026,1,2026-04-13,2026-04-13,47120736
2026-10-17,desktop,APR forecast,2026,1,2026-04-13,2026-04-13,47133131
2026-10-18,desktop,APR forecast,2026,1,2026-04-13,2026-04-13,47139442
2026-10-19,desktop,APR forecast,2026,1,2026-04-13,2026-04-13,47136861
2026-10-20,desktop,APR forecast,2026,1,2026-04-13,2026-04-13,47104019
2026-10-21,desktop,APR forecast,2026,1,2026-04-13,2026-04-13,47104977
2026-10-22,desktop,APR forecast,2026,1,2026-04-13,2026-04-13,47103989
2026-10-23,desktop,APR forecast,2026,1,2026-04-13,2026-04-13,47113207
2026-10-24,desktop,APR forecast,2026,1,2026-04-13,2026-04-13,47112431
2026-10-25,desktop,APR forecast,2026,1,2026-04-13,2026-04-13,47104953
2026-10-26,desktop,APR forecast,2026,1,2026-04-13,2026-04-13,47102110
2026-10-27,desktop,APR forecast,2026,1,2026-04-13,2026-04-13,47102743
2026-10-28,desktop,APR forecast,2026,1,2026-04-13,2026-04-13,47101225
2026-10-29,desktop,APR forecast,2026,1,2026-04-13,2026-04-13,47107365
2026-10-30,desktop,APR forecast,2026,1,2026-04-13,2026-04-13,47142256
2026-10-31,desktop,APR forecast,2026,1,2026-04-13,2026-04-13,47143927
2026-11-01,desktop,APR forecast,2026,1,2026-04-13,2026-04-13,47025818
2026-11-02,desktop,APR forecast,2026,1,2026-04-13,2026-04-13,47002209
2026-11-03,desktop,APR forecast,2026,1,2026-04-13,2026-04-13,47012446
2026-11-04,desktop,APR forecast,2026,1,2026-04-13,2026-04-13,47023067
2026-11-05,desktop,APR forecast,2026,1,2026-04-13,2026-04-13,47042953
2026-11-06,desktop,APR forecast,2026,1,2026-04-13,2026-04-13,47045997
2026-11-07,desktop,APR forecast,2026,1,2026-04-13,2026-04-13,47049436
2026-11-08,desktop,APR forecast,2026,1,2026-04-13,2026-04-13,47039428
2026-11-09,desktop,APR forecast,2026,1,2026-04-13,2026-04-13,47102048
2026-11-10,desktop,APR forecast,2026,1,2026-04-13,2026-04-13,47103152
2026-11-11,desktop,APR forecast,2026,1,2026-04-13,2026-04-13,47055480
2026-11-12,desktop,APR forecast,2026,1,2026-04-13,2026-04-13,47071385
2026-11-13,desktop,APR forecast,2026,1,2026-04-13,2026-04-13,47083942
2026-11-14,desktop,APR forecast,2026,1,2026-04-13,2026-04-13,47107592
2026-11-15,desktop,APR forecast,2026,1,2026-04-13,2026-04-13,47123889
2026-11-16,desktop,APR forecast,2026,1,2026-04-13,2026-04-13,47158138
2026-11-17,desktop,APR forecast,2026,1,2026-04-13,2026-04-13,47224130
2026-11-18,desktop,APR forecast,2026,1,2026-04-13,2026-04-13,47269074
2026-11-19,desktop,APR forecast,2026,1,2026-04-13,2026-04-13,47309964
2026-11-20,desktop,APR forecast,2026,1,2026-04-13,2026-04-13,47304449
2026-11-21,desktop,APR forecast,2026,1,2026-04-13,2026-04-13,47338692
2026-11-22,desktop,APR forecast,2026,1,2026-04-13,2026-04-13,47377552
2026-11-23,desktop,APR forecast,2026,1,2026-04-13,2026-04-13,47397688
2026-11-24,desktop,APR forecast,2026,1,2026-04-13,2026-04-13,47438119
2026-11-25,desktop,APR forecast,2026,1,2026-04-13,2026-04-13,47459324
2026-11-26,desktop,APR forecast,2026,1,2026-04-13,2026-04-13,47399484
2026-11-27,desktop,APR forecast,2026,1,2026-04-13,2026-04-13,47342503
2026-11-28,desktop,APR forecast,2026,1,2026-04-13,2026-04-13,47377816
2026-11-29,desktop,APR forecast,2026,1,2026-04-13,2026-04-13,47537288
2026-11-30,desktop,APR forecast,2026,1,2026-04-13,2026-04-13,47610639
2026-12-01,desktop,APR forecast,2026,1,2026-04-13,2026-04-13,47652083
2026-12-02,desktop,APR forecast,2026,1,2026-04-13,2026-04-13,47688044
2026-12-03,desktop,APR forecast,2026,1,2026-04-13,2026-04-13,47710028
2026-12-04,desktop,APR forecast,2026,1,2026-04-13,2026-04-13,47736055
2026-12-05,desktop,APR forecast,2026,1,2026-04-13,2026-04-13,47756518
2026-12-06,desktop,APR forecast,2026,1,2026-04-13,2026-04-13,47796613
2026-12-07,desktop,APR forecast,2026,1,2026-04-13,2026-04-13,47826737
2026-12-08,desktop,APR forecast,2026,1,2026-04-13,2026-04-13,47832766
2026-12-09,desktop,APR forecast,2026,1,2026-04-13,2026-04-13,47895306
2026-12-10,desktop,APR forecast,2026,1,2026-04-13,2026-04-13,47892910
2026-12-11,desktop,APR forecast,2026,1,2026-04-13,2026-04-13,47888398
2026-12-12,desktop,APR forecast,2026,1,2026-04-13,2026-04-13,47871164
2026-12-13,desktop,APR forecast,2026,1,2026-04-13,2026-04-13,47871867
2026-12-14,desktop,APR forecast,2026,1,2026-04-13,2026-04-13,47857670
2026-12-15,desktop,APR forecast,2026,1,2026-04-13,2026-04-13,47832386
2026-12-16,desktop,APR forecast,2026,1,2026-04-13,2026-04-13,47788760
2026-12-17,desktop,APR forecast,2026,1,2026-04-13,2026-04-13,47739353
2026-12-18,desktop,APR forecast,2026,1,2026-04-13,2026-04-13,47731111
2026-12-19,desktop,APR forecast,2026,1,2026-04-13,2026-04-13,47671969
2026-12-20,desktop,APR forecast,2026,1,2026-04-13,2026-04-13,47597581
2026-12-21,desktop,APR forecast,2026,1,2026-04-13,2026-04-13,47448872
2026-12-22,desktop,APR forecast,2026,1,2026-04-13,2026-04-13,47252819
2026-12-23,desktop,APR forecast,2026,1,2026-04-13,2026-04-13,47011337
2026-12-24,desktop,APR forecast,2026,1,2026-04-13,2026-04-13,46554334
2026-12-25,desktop,APR forecast,2026,1,2026-04-13,2026-04-13,45806230
2026-12-26,desktop,APR forecast,2026,1,2026-04-13,2026-04-13,45404709
2026-12-27,desktop,APR forecast,2026,1,2026-04-13,2026-04-13,45105537
2026-12-28,desktop,APR forecast,2026,1,2026-04-13,2026-04-13,44681850
2026-12-29,desktop,APR forecast,2026,1,2026-04-13,2026-04-13,44344724
2026-12-30,desktop,APR forecast,2026,1,2026-04-13,2026-04-13,43961044
2026-12-31,desktop,APR forecast,2026,1,2026-04-13,2026-04-13,43314669
2026-04-01,mobile,APR forecast,2026,1,2026-04-13,2026-04-13,15791144
2026-04-02,mobile,APR forecast,2026,1,2026-04-13,2026-04-13,15784109
2026-04-03,mobile,APR forecast,2026,1,2026-04-13,2026-04-13,15773620
2026-04-04,mobile,APR forecast,2026,1,2026-04-13,2026-04-13,15772703
2026-04-05,mobile,APR forecast,2026,1,2026-04-13,2026-04-13,15766338
2026-04-06,mobile,APR forecast,2026,1,2026-04-13,2026-04-13,15764425
2026-04-07,mobile,APR forecast,2026,1,2026-04-13,2026-04-13,15765369
2026-04-08,mobile,APR forecast,2026,1,2026-04-13,2026-04-13,15763993
2026-04-09,mobile,APR forecast,2026,1,2026-04-13,2026-04-13,15763957
2026-04-10,mobile,APR forecast,2026,1,2026-04-13,2026-04-13,15765046
2026-04-11,mobile,APR forecast,2026,1,2026-04-13,2026-04-13,15766321
2026-04-12,mobile,APR forecast,2026,1,2026-04-13,2026-04-13,15768509
2026-04-13,mobile,APR forecast,2026,1,2026-04-13,2026-04-13,15769219
2026-04-14,mobile,APR forecast,2026,1,2026-04-13,2026-04-13,15770939
2026-04-15,mobile,APR forecast,2026,1,2026-04-13,2026-04-13,15777380
2026-04-16,mobile,APR forecast,2026,1,2026-04-13,2026-04-13,15786112
2026-04-17,mobile,APR forecast,2026,1,2026-04-13,2026-04-13,15797077
2026-04-18,mobile,APR forecast,2026,1,2026-04-13,2026-04-13,15811381
2026-04-19,mobile,APR forecast,2026,1,2026-04-13,2026-04-13,15821384
2026-04-20,mobile,APR forecast,2026,1,2026-04-13,2026-04-13,15829401
2026-04-21,mobile,APR forecast,2026,1,2026-04-13,2026-04-13,15833747
2026-04-22,mobile,APR forecast,2026,1,2026-04-13,2026-04-13,15835240
2026-04-23,mobile,APR forecast,2026,1,2026-04-13,2026-04-13,15837023
2026-04-24,mobile,APR forecast,2026,1,2026-04-13,2026-04-13,15838596
2026-04-25,mobile,APR forecast,2026,1,2026-04-13,2026-04-13,15841629
2026-04-26,mobile,APR forecast,2026,1,2026-04-13,2026-04-13,15847844
2026-04-27,mobile,APR forecast,2026,1,2026-04-13,2026-04-13,15850762
2026-04-28,mobile,APR forecast,2026,1,2026-04-13,2026-04-13,15851624
2026-04-29,mobile,APR forecast,2026,1,2026-04-13,2026-04-13,15855485
2026-04-30,mobile,APR forecast,2026,1,2026-04-13,2026-04-13,15865203
2026-05-01,mobile,APR forecast,2026,1,2026-04-13,2026-04-13,15874846
2026-05-02,mobile,APR forecast,2026,1,2026-04-13,2026-04-13,15879357
2026-05-03,mobile,APR forecast,2026,1,2026-04-13,2026-04-13,15889405
2026-05-04,mobile,APR forecast,2026,1,2026-04-13,2026-04-13,15895477
2026-05-05,mobile,APR forecast,2026,1,2026-04-13,2026-04-13,15899876
2026-05-06,mobile,APR forecast,2026,1,2026-04-13,2026-04-13,15901314
2026-05-07,mobile,APR forecast,2026,1,2026-04-13,2026-04-13,15902211
2026-05-08,mobile,APR forecast,2026,1,2026-04-13,2026-04-13,15902274
2026-05-09,mobile,APR forecast,2026,1,2026-04-13,2026-04-13,15903788
2026-05-10,mobile,APR forecast,2026,1,2026-04-13,2026-04-13,15903420
2026-05-11,mobile,APR forecast,2026,1,2026-04-13,2026-04-13,15905758
2026-05-12,mobile,APR forecast,2026,1,2026-04-13,2026-04-13,15907630
2026-05-13,mobile,APR forecast,2026,1,2026-04-13,2026-04-13,15907833
2026-05-14,mobile,APR forecast,2026,1,2026-04-13,2026-04-13,15901431
2026-05-15,mobile,APR forecast,2026,1,2026-04-13,2026-04-13,15899700
2026-05-16,mobile,APR forecast,2026,1,2026-04-13,2026-04-13,15901558
2026-05-17,mobile,APR forecast,2026,1,2026-04-13,2026-04-13,15903657
2026-05-18,mobile,APR forecast,2026,1,2026-04-13,2026-04-13,15904492
2026-05-19,mobile,APR forecast,2026,1,2026-04-13,2026-04-13,15907243
2026-05-20,mobile,APR forecast,2026,1,2026-04-13,2026-04-13,15909507
2026-05-21,mobile,APR forecast,2026,1,2026-04-13,2026-04-13,15911462
2026-05-22,mobile,APR forecast,2026,1,2026-04-13,2026-04-13,15912389
2026-05-23,mobile,APR forecast,2026,1,2026-04-13,2026-04-13,15914880
2026-05-24,mobile,APR forecast,2026,1,2026-04-13,2026-04-13,15914357
2026-05-25,mobile,APR forecast,2026,1,2026-04-13,2026-04-13,15909460
2026-05-26,mobile,APR forecast,2026,1,2026-04-13,2026-04-13,15911093
2026-05-27,mobile,APR forecast,2026,1,2026-04-13,2026-04-13,15909200
2026-05-28,mobile,APR forecast,2026,1,2026-04-13,2026-04-13,15912022
2026-05-29,mobile,APR forecast,2026,1,2026-04-13,2026-04-13,15918986
2026-05-30,mobile,APR forecast,2026,1,2026-04-13,2026-04-13,15922417
2026-05-31,mobile,APR forecast,2026,1,2026-04-13,2026-04-13,15925556
2026-06-01,mobile,APR forecast,2026,1,2026-04-13,2026-04-13,15926013
2026-06-02,mobile,APR forecast,2026,1,2026-04-13,2026-04-13,15927757
2026-06-03,mobile,APR forecast,2026,1,2026-04-13,2026-04-13,15929811
2026-06-04,mobile,APR forecast,2026,1,2026-04-13,2026-04-13,15925682
2026-06-05,mobile,APR forecast,2026,1,2026-04-13,2026-04-13,15925898
2026-06-06,mobile,APR forecast,2026,1,2026-04-13,2026-04-13,15927467
2026-06-07,mobile,APR forecast,2026,1,2026-04-13,2026-04-13,15931238
2026-06-08,mobile,APR forecast,2026,1,2026-04-13,2026-04-13,15933541
2026-06-09,mobile,APR forecast,2026,1,2026-04-13,2026-04-13,15935442
2026-06-10,mobile,APR forecast,2026,1,2026-04-13,2026-04-13,15939414
2026-06-11,mobile,APR forecast,2026,1,2026-04-13,2026-04-13,15950666
2026-06-12,mobile,APR forecast,2026,1,2026-04-13,2026-04-13,15956537
2026-06-13,mobile,APR forecast,2026,1,2026-04-13,2026-04-13,15959579
2026-06-14,mobile,APR forecast,2026,1,2026-04-13,2026-04-13,15961922
2026-06-15,mobile,APR forecast,2026,1,2026-04-13,2026-04-13,15965792
2026-06-16,mobile,APR forecast,2026,1,2026-04-13,2026-04-13,15969110
2026-06-17,mobile,APR forecast,2026,1,2026-04-13,2026-04-13,15973246
2026-06-18,mobile,APR forecast,2026,1,2026-04-13,2026-04-13,15976887
2026-06-19,mobile,APR forecast,2026,1,2026-04-13,2026-04-13,15980773
2026-06-20,mobile,APR forecast,2026,1,2026-04-13,2026-04-13,15984073
2026-06-21,mobile,APR forecast,2026,1,2026-04-13,2026-04-13,15989514
2026-06-22,mobile,APR forecast,2026,1,2026-04-13,2026-04-13,15998782
2026-06-23,mobile,APR forecast,2026,1,2026-04-13,2026-04-13,16002500
2026-06-24,mobile,APR forecast,2026,1,2026-04-13,2026-04-13,16007186
2026-06-25,mobile,APR forecast,2026,1,2026-04-13,2026-04-13,16007693
2026-06-26,mobile,APR forecast,2026,1,2026-04-13,2026-04-13,16010985
2026-06-27,mobile,APR forecast,2026,1,2026-04-13,2026-04-13,16015246
2026-06-28,mobile,APR forecast,2026,1,2026-04-13,2026-04-13,16017837
2026-06-29,mobile,APR forecast,2026,1,2026-04-13,2026-04-13,16021901
2026-06-30,mobile,APR forecast,2026,1,2026-04-13,2026-04-13,16024996
2026-07-01,mobile,APR forecast,2026,1,2026-04-13,2026-04-13,16028641
2026-07-02,mobile,APR forecast,2026,1,2026-04-13,2026-04-13,16038524
2026-07-03,mobile,APR forecast,2026,1,2026-04-13,2026-04-13,16042328
2026-07-04,mobile,APR forecast,2026,1,2026-04-13,2026-04-13,16044383
2026-07-05,mobile,APR forecast,2026,1,2026-04-13,2026-04-13,16046296
2026-07-06,mobile,APR forecast,2026,1,2026-04-13,2026-04-13,16048258
2026-07-07,mobile,APR forecast,2026,1,2026-04-13,2026-04-13,16050581
2026-07-08,mobile,APR forecast,2026,1,2026-04-13,2026-04-13,16052059
2026-07-09,mobile,APR forecast,2026,1,2026-04-13,2026-04-13,16053253
2026-07-10,mobile,APR forecast,2026,1,2026-04-13,2026-04-13,16055742
2026-07-11,mobile,APR forecast,2026,1,2026-04-13,2026-04-13,16057093
2026-07-12,mobile,APR forecast,2026,1,2026-04-13,2026-04-13,16058718
2026-07-13,mobile,APR forecast,2026,1,2026-04-13,2026-04-13,16059488
2026-07-14,mobile,APR forecast,2026,1,2026-04-13,2026-04-13,16059634
2026-07-15,mobile,APR forecast,2026,1,2026-04-13,2026-04-13,16060235
2026-07-16,mobile,APR forecast,2026,1,2026-04-13,2026-04-13,16060404
2026-07-17,mobile,APR forecast,2026,1,2026-04-13,2026-04-13,16061163
2026-07-18,mobile,APR forecast,2026,1,2026-04-13,2026-04-13,16062063
2026-07-19,mobile,APR forecast,2026,1,2026-04-13,2026-04-13,16063687
2026-07-20,mobile,APR forecast,2026,1,2026-04-13,2026-04-13,16065063
2026-07-21,mobile,APR forecast,2026,1,2026-04-13,2026-04-13,16066954
2026-07-22,mobile,APR forecast,2026,1,2026-04-13,2026-04-13,16071132
2026-07-23,mobile,APR forecast,2026,1,2026-04-13,2026-04-13,16075598
2026-07-24,mobile,APR forecast,2026,1,2026-04-13,2026-04-13,16076527
2026-07-25,mobile,APR forecast,2026,1,2026-04-13,2026-04-13,16077016
2026-07-26,mobile,APR forecast,2026,1,2026-04-13,2026-04-13,16078773
2026-07-27,mobile,APR forecast,2026,1,2026-04-13,2026-04-13,16079849
2026-07-28,mobile,APR forecast,2026,1,2026-04-13,2026-04-13,16081192
2026-07-29,mobile,APR forecast,2026,1,2026-04-13,2026-04-13,16081645
2026-07-30,mobile,APR forecast,2026,1,2026-04-13,2026-04-13,16081319
2026-07-31,mobile,APR forecast,2026,1,2026-04-13,2026-04-13,16083300
2026-08-01,mobile,APR forecast,2026,1,2026-04-13,2026-04-13,16084680
2026-08-02,mobile,APR forecast,2026,1,2026-04-13,2026-04-13,16085166
2026-08-03,mobile,APR forecast,2026,1,2026-04-13,2026-04-13,16084103
2026-08-04,mobile,APR forecast,2026,1,2026-04-13,2026-04-13,16085208
2026-08-05,mobile,APR forecast,2026,1,2026-04-13,2026-04-13,16085709
2026-08-06,mobile,APR forecast,2026,1,2026-04-13,2026-04-13,16086835
2026-08-07,mobile,APR forecast,2026,1,2026-04-13,2026-04-13,16087329
2026-08-08,mobile,APR forecast,2026,1,2026-04-13,2026-04-13,16088573
2026-08-09,mobile,APR forecast,2026,1,2026-04-13,2026-04-13,16090723
2026-08-10,mobile,APR forecast,2026,1,2026-04-13,2026-04-13,16093090
2026-08-11,mobile,APR forecast,2026,1,2026-04-13,2026-04-13,16093578
2026-08-12,mobile,APR forecast,2026,1,2026-04-13,2026-04-13,16094973
2026-08-13,mobile,APR forecast,2026,1,2026-04-13,2026-04-13,16095298
2026-08-14,mobile,APR forecast,2026,1,2026-04-13,2026-04-13,16097548
2026-08-15,mobile,APR forecast,2026,1,2026-04-13,2026-04-13,16097084
2026-08-16,mobile,APR forecast,2026,1,2026-04-13,2026-04-13,16099682
2026-08-17,mobile,APR forecast,2026,1,2026-04-13,2026-04-13,16102749
2026-08-18,mobile,APR forecast,2026,1,2026-04-13,2026-04-13,16105929
2026-08-19,mobile,APR forecast,2026,1,2026-04-13,2026-04-13,16110462
2026-08-20,mobile,APR forecast,2026,1,2026-04-13,2026-04-13,16115527
2026-08-21,mobile,APR forecast,2026,1,2026-04-13,2026-04-13,16119198
2026-08-22,mobile,APR forecast,2026,1,2026-04-13,2026-04-13,16124222
2026-08-23,mobile,APR forecast,2026,1,2026-04-13,2026-04-13,16129862
2026-08-24,mobile,APR forecast,2026,1,2026-04-13,2026-04-13,16135809
2026-08-25,mobile,APR forecast,2026,1,2026-04-13,2026-04-13,16141906
2026-08-26,mobile,APR forecast,2026,1,2026-04-13,2026-04-13,16148890
2026-08-27,mobile,APR forecast,2026,1,2026-04-13,2026-04-13,16155949
2026-08-28,mobile,APR forecast,2026,1,2026-04-13,2026-04-13,16161356
2026-08-29,mobile,APR forecast,2026,1,2026-04-13,2026-04-13,16169422
2026-08-30,mobile,APR forecast,2026,1,2026-04-13,2026-04-13,16175643
2026-08-31,mobile,APR forecast,2026,1,2026-04-13,2026-04-13,16185022
2026-09-01,mobile,APR forecast,2026,1,2026-04-13,2026-04-13,16192718
2026-09-02,mobile,APR forecast,2026,1,2026-04-13,2026-04-13,16201952
2026-09-03,mobile,APR forecast,2026,1,2026-04-13,2026-04-13,16210754
2026-09-04,mobile,APR forecast,2026,1,2026-04-13,2026-04-13,16219444
2026-09-05,mobile,APR forecast,2026,1,2026-04-13,2026-04-13,16229394
2026-09-06,mobile,APR forecast,2026,1,2026-04-13,2026-04-13,16238026
2026-09-07,mobile,APR forecast,2026,1,2026-04-13,2026-04-13,16246011
2026-09-08,mobile,APR forecast,2026,1,2026-04-13,2026-04-13,16258494
2026-09-09,mobile,APR forecast,2026,1,2026-04-13,2026-04-13,16269204
2026-09-10,mobile,APR forecast,2026,1,2026-04-13,2026-04-13,16282193
2026-09-11,mobile,APR forecast,2026,1,2026-04-13,2026-04-13,16293216
2026-09-12,mobile,APR forecast,2026,1,2026-04-13,2026-04-13,16307396
2026-09-13,mobile,APR forecast,2026,1,2026-04-13,2026-04-13,16318036
2026-09-14,mobile,APR forecast,2026,1,2026-04-13,2026-04-13,16326734
2026-09-15,mobile,APR forecast,2026,1,2026-04-13,2026-04-13,16338038
2026-09-16,mobile,APR forecast,2026,1,2026-04-13,2026-04-13,16347508
2026-09-17,mobile,APR forecast,2026,1,2026-04-13,2026-04-13,16357069
2026-09-18,mobile,APR forecast,2026,1,2026-04-13,2026-04-13,16369033
2026-09-19,mobile,APR forecast,2026,1,2026-04-13,2026-04-13,16378653
2026-09-20,mobile,APR forecast,2026,1,2026-04-13,2026-04-13,16388695
2026-09-21,mobile,APR forecast,2026,1,2026-04-13,2026-04-13,16398168
2026-09-22,mobile,APR forecast,2026,1,2026-04-13,2026-04-13,16407831
2026-09-23,mobile,APR forecast,2026,1,2026-04-13,2026-04-13,16417098
2026-09-24,mobile,APR forecast,2026,1,2026-04-13,2026-04-13,16426682
2026-09-25,mobile,APR forecast,2026,1,2026-04-13,2026-04-13,16437578
2026-09-26,mobile,APR forecast,2026,1,2026-04-13,2026-04-13,16446206
2026-09-27,mobile,APR forecast,2026,1,2026-04-13,2026-04-13,16456904
2026-09-28,mobile,APR forecast,2026,1,2026-04-13,2026-04-13,16465739
2026-09-29,mobile,APR forecast,2026,1,2026-04-13,2026-04-13,16473364
2026-09-30,mobile,APR forecast,2026,1,2026-04-13,2026-04-13,16479600
2026-10-01,mobile,APR forecast,2026,1,2026-04-13,2026-04-13,16484566
2026-10-02,mobile,APR forecast,2026,1,2026-04-13,2026-04-13,16489935
2026-10-03,mobile,APR forecast,2026,1,2026-04-13,2026-04-13,16493838
2026-10-04,mobile,APR forecast,2026,1,2026-04-13,2026-04-13,16499284
2026-10-05,mobile,APR forecast,2026,1,2026-04-13,2026-04-13,16505794
2026-10-06,mobile,APR forecast,2026,1,2026-04-13,2026-04-13,16509677
2026-10-07,mobile,APR forecast,2026,1,2026-04-13,2026-04-13,16513701
2026-10-08,mobile,APR forecast,2026,1,2026-04-13,2026-04-13,16518535
2026-10-09,mobile,APR forecast,2026,1,2026-04-13,2026-04-13,16523853
2026-10-10,mobile,APR forecast,2026,1,2026-04-13,2026-04-13,16528766
2026-10-11,mobile,APR forecast,2026,1,2026-04-13,2026-04-13,16533676
2026-10-12,mobile,APR forecast,2026,1,2026-04-13,2026-04-13,16539528
2026-10-13,mobile,APR forecast,2026,1,2026-04-13,2026-04-13,16543513
2026-10-14,mobile,APR forecast,2026,1,2026-04-13,2026-04-13,16548882
2026-10-15,mobile,APR forecast,2026,1,2026-04-13,2026-04-13,16553673
2026-10-16,mobile,APR forecast,2026,1,2026-04-13,2026-04-13,16558226
2026-10-17,mobile,APR forecast,2026,1,2026-04-13,2026-04-13,16563580
2026-10-18,mobile,APR forecast,2026,1,2026-04-13,2026-04-13,16566668
2026-10-19,mobile,APR forecast,2026,1,2026-04-13,2026-04-13,16569415
2026-10-20,mobile,APR forecast,2026,1,2026-04-13,2026-04-13,16571424
2026-10-21,mobile,APR forecast,2026,1,2026-04-13,2026-04-13,16576682
2026-10-22,mobile,APR forecast,2026,1,2026-04-13,2026-04-13,16581670
2026-10-23,mobile,APR forecast,2026,1,2026-04-13,2026-04-13,16587303
2026-10-24,mobile,APR forecast,2026,1,2026-04-13,2026-04-13,16592894
2026-10-25,mobile,APR forecast,2026,1,2026-04-13,2026-04-13,16597547
2026-10-26,mobile,APR forecast,2026,1,2026-04-13,2026-04-13,16603623
2026-10-27,mobile,APR forecast,2026,1,2026-04-13,2026-04-13,16609694
2026-10-28,mobile,APR forecast,2026,1,2026-04-13,2026-04-13,16616579
2026-10-29,mobile,APR forecast,2026,1,2026-04-13,2026-04-13,16624846
2026-10-30,mobile,APR forecast,2026,1,2026-04-13,2026-04-13,16632604
2026-10-31,mobile,APR forecast,2026,1,2026-04-13,2026-04-13,16639510
2026-11-01,mobile,APR forecast,2026,1,2026-04-13,2026-04-13,16643583
2026-11-02,mobile,APR forecast,2026,1,2026-04-13,2026-04-13,16649084
2026-11-03,mobile,APR forecast,2026,1,2026-04-13,2026-04-13,16656274
2026-11-04,mobile,APR forecast,2026,1,2026-04-13,2026-04-13,16662740
2026-11-05,mobile,APR forecast,2026,1,2026-04-13,2026-04-13,16668581
2026-11-06,mobile,APR forecast,2026,1,2026-04-13,2026-04-13,16673008
2026-11-07,mobile,APR forecast,2026,1,2026-04-13,2026-04-13,16676697
2026-11-08,mobile,APR forecast,2026,1,2026-04-13,2026-04-13,16677940
2026-11-09,mobile,APR forecast,2026,1,2026-04-13,2026-04-13,16681368
2026-11-10,mobile,APR forecast,2026,1,2026-04-13,2026-04-13,16685669
2026-11-11,mobile,APR forecast,2026,1,2026-04-13,2026-04-13,16689518
2026-11-12,mobile,APR forecast,2026,1,2026-04-13,2026-04-13,16695216
2026-11-13,mobile,APR forecast,2026,1,2026-04-13,2026-04-13,16699832
2026-11-14,mobile,APR forecast,2026,1,2026-04-13,2026-04-13,16705175
2026-11-15,mobile,APR forecast,2026,1,2026-04-13,2026-04-13,16712242
2026-11-16,mobile,APR forecast,2026,1,2026-04-13,2026-04-13,16721351
2026-11-17,mobile,APR forecast,2026,1,2026-04-13,2026-04-13,16730315
2026-11-18,mobile,APR forecast,2026,1,2026-04-13,2026-04-13,16737094
2026-11-19,mobile,APR forecast,2026,1,2026-04-13,2026-04-13,16744524
2026-11-20,mobile,APR forecast,2026,1,2026-04-13,2026-04-13,16750585
2026-11-21,mobile,APR forecast,2026,1,2026-04-13,2026-04-13,16758525
2026-11-22,mobile,APR forecast,2026,1,2026-04-13,2026-04-13,16767343
2026-11-23,mobile,APR forecast,2026,1,2026-04-13,2026-04-13,16774748
2026-11-24,mobile,APR forecast,2026,1,2026-04-13,2026-04-13,16783680
2026-11-25,mobile,APR forecast,2026,1,2026-04-13,2026-04-13,16792942
2026-11-26,mobile,APR forecast,2026,1,2026-04-13,2026-04-13,16797251
2026-11-27,mobile,APR forecast,2026,1,2026-04-13,2026-04-13,16806708
2026-11-28,mobile,APR forecast,2026,1,2026-04-13,2026-04-13,16818254
2026-11-29,mobile,APR forecast,2026,1,2026-04-13,2026-04-13,16831643
2026-11-30,mobile,APR forecast,2026,1,2026-04-13,2026-04-13,16843044
2026-12-01,mobile,APR forecast,2026,1,2026-04-13,2026-04-13,16854501
2026-12-02,mobile,APR forecast,2026,1,2026-04-13,2026-04-13,16865664
2026-12-03,mobile,APR forecast,2026,1,2026-04-13,2026-04-13,16876333
2026-12-04,mobile,APR forecast,2026,1,2026-04-13,2026-04-13,16888559
2026-12-05,mobile,APR forecast,2026,1,2026-04-13,2026-04-13,16900442
2026-12-06,mobile,APR forecast,2026,1,2026-04-13,2026-04-13,16915222
2026-12-07,mobile,APR forecast,2026,1,2026-04-13,2026-04-13,16927815
2026-12-08,mobile,APR forecast,2026,1,2026-04-13,2026-04-13,16938449
2026-12-09,mobile,APR forecast,2026,1,2026-04-13,2026-04-13,16950098
2026-12-10,mobile,APR forecast,2026,1,2026-04-13,2026-04-13,16958566
2026-12-11,mobile,APR forecast,2026,1,2026-04-13,2026-04-13,16966900
2026-12-12,mobile,APR forecast,2026,1,2026-04-13,2026-04-13,16974560
2026-12-13,mobile,APR forecast,2026,1,2026-04-13,2026-04-13,16981481
2026-12-14,mobile,APR forecast,2026,1,2026-04-13,2026-04-13,16986391
2026-12-15,mobile,APR forecast,2026,1,2026-04-13,2026-04-13,16991373
2026-12-16,mobile,APR forecast,2026,1,2026-04-13,2026-04-13,16994455
2026-12-17,mobile,APR forecast,2026,1,2026-04-13,2026-04-13,16995838
2026-12-18,mobile,APR forecast,2026,1,2026-04-13,2026-04-13,16997508
2026-12-19,mobile,APR forecast,2026,1,2026-04-13,2026-04-13,16996745
2026-12-20,mobile,APR forecast,2026,1,2026-04-13,2026-04-13,16994790
2026-12-21,mobile,APR forecast,2026,1,2026-04-13,2026-04-13,16991304
2026-12-22,mobile,APR forecast,2026,1,2026-04-13,2026-04-13,16983999
2026-12-23,mobile,APR forecast,2026,1,2026-04-13,2026-04-13,16976593
2026-12-24,mobile,APR forecast,2026,1,2026-04-13,2026-04-13,16950723
2026-12-25,mobile,APR forecast,2026,1,2026-04-13,2026-04-13,16906621
2026-12-26,mobile,APR forecast,2026,1,2026-04-13,2026-04-13,16889799
2026-12-27,mobile,APR forecast,2026,1,2026-04-13,2026-04-13,16880382
2026-12-28,mobile,APR forecast,2026,1,2026-04-13,2026-04-13,16872898
2026-12-29,mobile,APR forecast,2026,1,2026-04-13,2026-04-13,16863335
2026-12-30,mobile,APR forecast,2026,1,2026-04-13,2026-04-13,16854160
2026-12-31,mobile,APR forecast,2026,1,2026-04-13,2026-04-13,16830538
2026-04-01,desktop,APR z forecast ex-Iran,2026,1,2026-04-13,2026-04-13,49455864
2026-04-02,desktop,APR z forecast ex-Iran,2026,1,2026-04-13,2026-04-13,49210543
2026-04-03,desktop,APR z forecast ex-Iran,2026,1,2026-04-13,2026-04-13,48708671
2026-04-04,desktop,APR z forecast ex-Iran,2026,1,2026-04-13,2026-04-13,48688849
2026-04-05,desktop,APR z forecast ex-Iran,2026,1,2026-04-13,2026-04-13,48654294
2026-04-06,desktop,APR z forecast ex-Iran,2026,1,2026-04-13,2026-04-13,48215586
2026-04-07,desktop,APR z forecast ex-Iran,2026,1,2026-04-13,2026-04-13,48084628
2026-04-08,desktop,APR z forecast ex-Iran,2026,1,2026-04-13,2026-04-13,47965968
2026-04-09,desktop,APR z forecast ex-Iran,2026,1,2026-04-13,2026-04-13,47856827
2026-04-10,desktop,APR z forecast ex-Iran,2026,1,2026-04-13,2026-04-13,47781227
2026-04-11,desktop,APR z forecast ex-Iran,2026,1,2026-04-13,2026-04-13,47872000
2026-04-12,desktop,APR z forecast ex-Iran,2026,1,2026-04-13,2026-04-13,47990953
2026-04-13,desktop,APR z forecast ex-Iran,2026,1,2026-04-13,2026-04-13,47944682
2026-04-14,desktop,APR z forecast ex-Iran,2026,1,2026-04-13,2026-04-13,47895234
2026-04-15,desktop,APR z forecast ex-Iran,2026,1,2026-04-13,2026-04-13,47880124
2026-04-16,desktop,APR z forecast ex-Iran,2026,1,2026-04-13,2026-04-13,47924916
2026-04-17,desktop,APR z forecast ex-Iran,2026,1,2026-04-13,2026-04-13,48002764
2026-04-18,desktop,APR z forecast ex-Iran,2026,1,2026-04-13,2026-04-13,48180289
2026-04-19,desktop,APR z forecast ex-Iran,2026,1,2026-04-13,2026-04-13,48345115
2026-04-20,desktop,APR z forecast ex-Iran,2026,1,2026-04-13,2026-04-13,48364893
2026-04-21,desktop,APR z forecast ex-Iran,2026,1,2026-04-13,2026-04-13,48313203
2026-04-22,desktop,APR z forecast ex-Iran,2026,1,2026-04-13,2026-04-13,48244429
2026-04-23,desktop,APR z forecast ex-Iran,2026,1,2026-04-13,2026-04-13,48173948
2026-04-24,desktop,APR z forecast ex-Iran,2026,1,2026-04-13,2026-04-13,48116018
2026-04-25,desktop,APR z forecast ex-Iran,2026,1,2026-04-13,2026-04-13,48179665
2026-04-26,desktop,APR z forecast ex-Iran,2026,1,2026-04-13,2026-04-13,48277220
2026-04-27,desktop,APR z forecast ex-Iran,2026,1,2026-04-13,2026-04-13,48203347
2026-04-28,desktop,APR z forecast ex-Iran,2026,1,2026-04-13,2026-04-13,48122892
2026-04-29,desktop,APR z forecast ex-Iran,2026,1,2026-04-13,2026-04-13,48119526
2026-04-30,desktop,APR z forecast ex-Iran,2026,1,2026-04-13,2026-04-13,48212115
2026-05-01,desktop,APR z forecast ex-Iran,2026,1,2026-04-13,2026-04-13,48225982
2026-05-02,desktop,APR z forecast ex-Iran,2026,1,2026-04-13,2026-04-13,48234906
2026-05-03,desktop,APR z forecast ex-Iran,2026,1,2026-04-13,2026-04-13,48305468
2026-05-04,desktop,APR z forecast ex-Iran,2026,1,2026-04-13,2026-04-13,48621548
2026-05-05,desktop,APR z forecast ex-Iran,2026,1,2026-04-13,2026-04-13,48590212
2026-05-06,desktop,APR z forecast ex-Iran,2026,1,2026-04-13,2026-04-13,48553145
2026-05-07,desktop,APR z forecast ex-Iran,2026,1,2026-04-13,2026-04-13,48524447
2026-05-08,desktop,APR z forecast ex-Iran,2026,1,2026-04-13,2026-04-13,48470511
2026-05-09,desktop,APR z forecast ex-Iran,2026,1,2026-04-13,2026-04-13,48425727
2026-05-10,desktop,APR z forecast ex-Iran,2026,1,2026-04-13,2026-04-13,48370166
2026-05-11,desktop,APR z forecast ex-Iran,2026,1,2026-04-13,2026-04-13,48309259
2026-05-12,desktop,APR z forecast ex-Iran,2026,1,2026-04-13,2026-04-13,48278274
2026-05-13,desktop,APR z forecast ex-Iran,2026,1,2026-04-13,2026-04-13,48223255
2026-05-14,desktop,APR z forecast ex-Iran,2026,1,2026-04-13,2026-04-13,47960413
2026-05-15,desktop,APR z forecast ex-Iran,2026,1,2026-04-13,2026-04-13,47817868
2026-05-16,desktop,APR z forecast ex-Iran,2026,1,2026-04-13,2026-04-13,47773646
2026-05-17,desktop,APR z forecast ex-Iran,2026,1,2026-04-13,2026-04-13,47732184
2026-05-18,desktop,APR z forecast ex-Iran,2026,1,2026-04-13,2026-04-13,47673082
2026-05-19,desktop,APR z forecast ex-Iran,2026,1,2026-04-13,2026-04-13,47674175
2026-05-20,desktop,APR z forecast ex-Iran,2026,1,2026-04-13,2026-04-13,47653148
2026-05-21,desktop,APR z forecast ex-Iran,2026,1,2026-04-13,2026-04-13,47624221
2026-05-22,desktop,APR z forecast ex-Iran,2026,1,2026-04-13,2026-04-13,47587061
2026-05-23,desktop,APR z forecast ex-Iran,2026,1,2026-04-13,2026-04-13,47560436
2026-05-24,desktop,APR z forecast ex-Iran,2026,1,2026-04-13,2026-04-13,47481142
2026-05-25,desktop,APR z forecast ex-Iran,2026,1,2026-04-13,2026-04-13,47197206
2026-05-26,desktop,APR z forecast ex-Iran,2026,1,2026-04-13,2026-04-13,47154728
2026-05-27,desktop,APR z forecast ex-Iran,2026,1,2026-04-13,2026-04-13,47094831
2026-05-28,desktop,APR z forecast ex-Iran,2026,1,2026-04-13,2026-04-13,47086679
2026-05-29,desktop,APR z forecast ex-Iran,2026,1,2026-04-13,2026-04-13,47446647
2026-05-30,desktop,APR z forecast ex-Iran,2026,1,2026-04-13,2026-04-13,47470691
2026-05-31,desktop,APR z forecast ex-Iran,2026,1,2026-04-13,2026-04-13,47460732
2026-06-01,desktop,APR z forecast ex-Iran,2026,1,2026-04-13,2026-04-13,47425311
2026-06-02,desktop,APR z forecast ex-Iran,2026,1,2026-04-13,2026-04-13,47400145
2026-06-03,desktop,APR z forecast ex-Iran,2026,1,2026-04-13,2026-04-13,47379887
2026-06-04,desktop,APR z forecast ex-Iran,2026,1,2026-04-13,2026-04-13,47202353
2026-06-05,desktop,APR z forecast ex-Iran,2026,1,2026-04-13,2026-04-13,47124417
2026-06-06,desktop,APR z forecast ex-Iran,2026,1,2026-04-13,2026-04-13,47070427
2026-06-07,desktop,APR z forecast ex-Iran,2026,1,2026-04-13,2026-04-13,47028357
2026-06-08,desktop,APR z forecast ex-Iran,2026,1,2026-04-13,2026-04-13,47000498
2026-06-09,desktop,APR z forecast ex-Iran,2026,1,2026-04-13,2026-04-13,46948061
2026-06-10,desktop,APR z forecast ex-Iran,2026,1,2026-04-13,2026-04-13,46916879
2026-06-11,desktop,APR z forecast ex-Iran,2026,1,2026-04-13,2026-04-13,47095717
2026-06-12,desktop,APR z forecast ex-Iran,2026,1,2026-04-13,2026-04-13,47135036
2026-06-13,desktop,APR z forecast ex-Iran,2026,1,2026-04-13,2026-04-13,47088012
2026-06-14,desktop,APR z forecast ex-Iran,2026,1,2026-04-13,2026-04-13,47034332
2026-06-15,desktop,APR z forecast ex-Iran,2026,1,2026-04-13,2026-04-13,46997083
2026-06-16,desktop,APR z forecast ex-Iran,2026,1,2026-04-13,2026-04-13,46913309
2026-06-17,desktop,APR z forecast ex-Iran,2026,1,2026-04-13,2026-04-13,46838522
2026-06-18,desktop,APR z forecast ex-Iran,2026,1,2026-04-13,2026-04-13,46772121
2026-06-19,desktop,APR z forecast ex-Iran,2026,1,2026-04-13,2026-04-13,46683029
2026-06-20,desktop,APR z forecast ex-Iran,2026,1,2026-04-13,2026-04-13,46620408
2026-06-21,desktop,APR z forecast ex-Iran,2026,1,2026-04-13,2026-04-13,46597796
2026-06-22,desktop,APR z forecast ex-Iran,2026,1,2026-04-13,2026-04-13,46786296
2026-06-23,desktop,APR z forecast ex-Iran,2026,1,2026-04-13,2026-04-13,46738366
2026-06-24,desktop,APR z forecast ex-Iran,2026,1,2026-04-13,2026-04-13,46707116
2026-06-25,desktop,APR z forecast ex-Iran,2026,1,2026-04-13,2026-04-13,46643707
2026-06-26,desktop,APR z forecast ex-Iran,2026,1,2026-04-13,2026-04-13,46576009
2026-06-27,desktop,APR z forecast ex-Iran,2026,1,2026-04-13,2026-04-13,46509968
2026-06-28,desktop,APR z forecast ex-Iran,2026,1,2026-04-13,2026-04-13,46455351
2026-06-29,desktop,APR z forecast ex-Iran,2026,1,2026-04-13,2026-04-13,46408761
2026-06-30,desktop,APR z forecast ex-Iran,2026,1,2026-04-13,2026-04-13,46338754
2026-07-01,desktop,APR z forecast ex-Iran,2026,1,2026-04-13,2026-04-13,46251958
2026-07-02,desktop,APR z forecast ex-Iran,2026,1,2026-04-13,2026-04-13,46314905
2026-07-03,desktop,APR z forecast ex-Iran,2026,1,2026-04-13,2026-04-13,46225423
2026-07-04,desktop,APR z forecast ex-Iran,2026,1,2026-04-13,2026-04-13,46095542
2026-07-05,desktop,APR z forecast ex-Iran,2026,1,2026-04-13,2026-04-13,45989213
2026-07-06,desktop,APR z forecast ex-Iran,2026,1,2026-04-13,2026-04-13,45883569
2026-07-07,desktop,APR z forecast ex-Iran,2026,1,2026-04-13,2026-04-13,45776244
2026-07-08,desktop,APR z forecast ex-Iran,2026,1,2026-04-13,2026-04-13,45664173
2026-07-09,desktop,APR z forecast ex-Iran,2026,1,2026-04-13,2026-04-13,45540886
2026-07-10,desktop,APR z forecast ex-Iran,2026,1,2026-04-13,2026-04-13,45443672
2026-07-11,desktop,APR z forecast ex-Iran,2026,1,2026-04-13,2026-04-13,45330878
2026-07-12,desktop,APR z forecast ex-Iran,2026,1,2026-04-13,2026-04-13,45221256
2026-07-13,desktop,APR z forecast ex-Iran,2026,1,2026-04-13,2026-04-13,45091980
2026-07-14,desktop,APR z forecast ex-Iran,2026,1,2026-04-13,2026-04-13,44969050
2026-07-15,desktop,APR z forecast ex-Iran,2026,1,2026-04-13,2026-04-13,44864406
2026-07-16,desktop,APR z forecast ex-Iran,2026,1,2026-04-13,2026-04-13,44745356
2026-07-17,desktop,APR z forecast ex-Iran,2026,1,2026-04-13,2026-04-13,44654798
2026-07-18,desktop,APR z forecast ex-Iran,2026,1,2026-04-13,2026-04-13,44541768
2026-07-19,desktop,APR z forecast ex-Iran,2026,1,2026-04-13,2026-04-13,44432616
2026-07-20,desktop,APR z forecast ex-Iran,2026,1,2026-04-13,2026-04-13,44316180
2026-07-21,desktop,APR z forecast ex-Iran,2026,1,2026-04-13,2026-04-13,44209758
2026-07-22,desktop,APR z forecast ex-Iran,2026,1,2026-04-13,2026-04-13,44111173
2026-07-23,desktop,APR z forecast ex-Iran,2026,1,2026-04-13,2026-04-13,44014766
2026-07-24,desktop,APR z forecast ex-Iran,2026,1,2026-04-13,2026-04-13,43911379
2026-07-25,desktop,APR z forecast ex-Iran,2026,1,2026-04-13,2026-04-13,43807985
2026-07-26,desktop,APR z forecast ex-Iran,2026,1,2026-04-13,2026-04-13,43708295
2026-07-27,desktop,APR z forecast ex-Iran,2026,1,2026-04-13,2026-04-13,43613634
2026-07-28,desktop,APR z forecast ex-Iran,2026,1,2026-04-13,2026-04-13,43521216
2026-07-29,desktop,APR z forecast ex-Iran,2026,1,2026-04-13,2026-04-13,43430563
2026-07-30,desktop,APR z forecast ex-Iran,2026,1,2026-04-13,2026-04-13,43336518
2026-07-31,desktop,APR z forecast ex-Iran,2026,1,2026-04-13,2026-04-13,43310211
2026-08-01,desktop,APR z forecast ex-Iran,2026,1,2026-04-13,2026-04-13,43268744
2026-08-02,desktop,APR z forecast ex-Iran,2026,1,2026-04-13,2026-04-13,43194005
2026-08-03,desktop,APR z forecast ex-Iran,2026,1,2026-04-13,2026-04-13,43096083
2026-08-04,desktop,APR z forecast ex-Iran,2026,1,2026-04-13,2026-04-13,43009246
2026-08-05,desktop,APR z forecast ex-Iran,2026,1,2026-04-13,2026-04-13,42921004
2026-08-06,desktop,APR z forecast ex-Iran,2026,1,2026-04-13,2026-04-13,42850525
2026-08-07,desktop,APR z forecast ex-Iran,2026,1,2026-04-13,2026-04-13,42770642
2026-08-08,desktop,APR z forecast ex-Iran,2026,1,2026-04-13,2026-04-13,42697265
2026-08-09,desktop,APR z forecast ex-Iran,2026,1,2026-04-13,2026-04-13,42625419
2026-08-10,desktop,APR z forecast ex-Iran,2026,1,2026-04-13,2026-04-13,42546341
2026-08-11,desktop,APR z forecast ex-Iran,2026,1,2026-04-13,2026-04-13,42472304
2026-08-12,desktop,APR z forecast ex-Iran,2026,1,2026-04-13,2026-04-13,42374466
2026-08-13,desktop,APR z forecast ex-Iran,2026,1,2026-04-13,2026-04-13,42288995
2026-08-14,desktop,APR z forecast ex-Iran,2026,1,2026-04-13,2026-04-13,42183842
2026-08-15,desktop,APR z forecast ex-Iran,2026,1,2026-04-13,2026-04-13,42005513
2026-08-16,desktop,APR z forecast ex-Iran,2026,1,2026-04-13,2026-04-13,41939945
2026-08-17,desktop,APR z forecast ex-Iran,2026,1,2026-04-13,2026-04-13,41853517
2026-08-18,desktop,APR z forecast ex-Iran,2026,1,2026-04-13,2026-04-13,41793980
2026-08-19,desktop,APR z forecast ex-Iran,2026,1,2026-04-13,2026-04-13,41752882
2026-08-20,desktop,APR z forecast ex-Iran,2026,1,2026-04-13,2026-04-13,41716849
2026-08-21,desktop,APR z forecast ex-Iran,2026,1,2026-04-13,2026-04-13,41700605
2026-08-22,desktop,APR z forecast ex-Iran,2026,1,2026-04-13,2026-04-13,41699086
2026-08-23,desktop,APR z forecast ex-Iran,2026,1,2026-04-13,2026-04-13,41705815
2026-08-24,desktop,APR z forecast ex-Iran,2026,1,2026-04-13,2026-04-13,41711281
2026-08-25,desktop,APR z forecast ex-Iran,2026,1,2026-04-13,2026-04-13,41702238
2026-08-26,desktop,APR z forecast ex-Iran,2026,1,2026-04-13,2026-04-13,41728522
2026-08-27,desktop,APR z forecast ex-Iran,2026,1,2026-04-13,2026-04-13,41768046
2026-08-28,desktop,APR z forecast ex-Iran,2026,1,2026-04-13,2026-04-13,41800851
2026-08-29,desktop,APR z forecast ex-Iran,2026,1,2026-04-13,2026-04-13,41863229
2026-08-30,desktop,APR z forecast ex-Iran,2026,1,2026-04-13,2026-04-13,41934473
2026-08-31,desktop,APR z forecast ex-Iran,2026,1,2026-04-13,2026-04-13,42029637
2026-09-01,desktop,APR z forecast ex-Iran,2026,1,2026-04-13,2026-04-13,42116108
2026-09-02,desktop,APR z forecast ex-Iran,2026,1,2026-04-13,2026-04-13,42220095
2026-09-03,desktop,APR z forecast ex-Iran,2026,1,2026-04-13,2026-04-13,42320472
2026-09-04,desktop,APR z forecast ex-Iran,2026,1,2026-04-13,2026-04-13,42415720
2026-09-05,desktop,APR z forecast ex-Iran,2026,1,2026-04-13,2026-04-13,42528624
2026-09-06,desktop,APR z forecast ex-Iran,2026,1,2026-04-13,2026-04-13,42639910
2026-09-07,desktop,APR z forecast ex-Iran,2026,1,2026-04-13,2026-04-13,42649801
2026-09-08,desktop,APR z forecast ex-Iran,2026,1,2026-04-13,2026-04-13,42796448
2026-09-09,desktop,APR z forecast ex-Iran,2026,1,2026-04-13,2026-04-13,42965588
2026-09-10,desktop,APR z forecast ex-Iran,2026,1,2026-04-13,2026-04-13,43132635
2026-09-11,desktop,APR z forecast ex-Iran,2026,1,2026-04-13,2026-04-13,43330091
2026-09-12,desktop,APR z forecast ex-Iran,2026,1,2026-04-13,2026-04-13,43603540
2026-09-13,desktop,APR z forecast ex-Iran,2026,1,2026-04-13,2026-04-13,43761932
2026-09-14,desktop,APR z forecast ex-Iran,2026,1,2026-04-13,2026-04-13,43927084
2026-09-15,desktop,APR z forecast ex-Iran,2026,1,2026-04-13,2026-04-13,44079272
2026-09-16,desktop,APR z forecast ex-Iran,2026,1,2026-04-13,2026-04-13,44212233
2026-09-17,desktop,APR z forecast ex-Iran,2026,1,2026-04-13,2026-04-13,44347255
2026-09-18,desktop,APR z forecast ex-Iran,2026,1,2026-04-13,2026-04-13,44479926
2026-09-19,desktop,APR z forecast ex-Iran,2026,1,2026-04-13,2026-04-13,44598974
2026-09-20,desktop,APR z forecast ex-Iran,2026,1,2026-04-13,2026-04-13,44715387
2026-09-21,desktop,APR z forecast ex-Iran,2026,1,2026-04-13,2026-04-13,44826991
2026-09-22,desktop,APR z forecast ex-Iran,2026,1,2026-04-13,2026-04-13,44971220
2026-09-23,desktop,APR z forecast ex-Iran,2026,1,2026-04-13,2026-04-13,45081563
2026-09-24,desktop,APR z forecast ex-Iran,2026,1,2026-04-13,2026-04-13,45188064
2026-09-25,desktop,APR z forecast ex-Iran,2026,1,2026-04-13,2026-04-13,45298265
2026-09-26,desktop,APR z forecast ex-Iran,2026,1,2026-04-13,2026-04-13,45391792
2026-09-27,desktop,APR z forecast ex-Iran,2026,1,2026-04-13,2026-04-13,45480311
2026-09-28,desktop,APR z forecast ex-Iran,2026,1,2026-04-13,2026-04-13,45557315
2026-09-29,desktop,APR z forecast ex-Iran,2026,1,2026-04-13,2026-04-13,45626771
2026-09-30,desktop,APR z forecast ex-Iran,2026,1,2026-04-13,2026-04-13,45687453
2026-10-01,desktop,APR z forecast ex-Iran,2026,1,2026-04-13,2026-04-13,45742734
2026-10-02,desktop,APR z forecast ex-Iran,2026,1,2026-04-13,2026-04-13,45768554
2026-10-03,desktop,APR z forecast ex-Iran,2026,1,2026-04-13,2026-04-13,45796835
2026-10-04,desktop,APR z forecast ex-Iran,2026,1,2026-04-13,2026-04-13,45847861
2026-10-05,desktop,APR z forecast ex-Iran,2026,1,2026-04-13,2026-04-13,46020807
2026-10-06,desktop,APR z forecast ex-Iran,2026,1,2026-04-13,2026-04-13,46060078
2026-10-07,desktop,APR z forecast ex-Iran,2026,1,2026-04-13,2026-04-13,46078411
2026-10-08,desktop,APR z forecast ex-Iran,2026,1,2026-04-13,2026-04-13,46103717
2026-10-09,desktop,APR z forecast ex-Iran,2026,1,2026-04-13,2026-04-13,46132926
2026-10-10,desktop,APR z forecast ex-Iran,2026,1,2026-04-13,2026-04-13,46157813
2026-10-11,desktop,APR z forecast ex-Iran,2026,1,2026-04-13,2026-04-13,46180080
2026-10-12,desktop,APR z forecast ex-Iran,2026,1,2026-04-13,2026-04-13,46144571
2026-10-13,desktop,APR z forecast ex-Iran,2026,1,2026-04-13,2026-04-13,46155808
2026-10-14,desktop,APR z forecast ex-Iran,2026,1,2026-04-13,2026-04-13,46186413
2026-10-15,desktop,APR z forecast ex-Iran,2026,1,2026-04-13,2026-04-13,46210512
2026-10-16,desktop,APR z forecast ex-Iran,2026,1,2026-04-13,2026-04-13,46224371
2026-10-17,desktop,APR z forecast ex-Iran,2026,1,2026-04-13,2026-04-13,46235961
2026-10-18,desktop,APR z forecast ex-Iran,2026,1,2026-04-13,2026-04-13,46241808
2026-10-19,desktop,APR z forecast ex-Iran,2026,1,2026-04-13,2026-04-13,46238546
2026-10-20,desktop,APR z forecast ex-Iran,2026,1,2026-04-13,2026-04-13,46205131
2026-10-21,desktop,APR z forecast ex-Iran,2026,1,2026-04-13,2026-04-13,46205583
2026-10-22,desktop,APR z forecast ex-Iran,2026,1,2026-04-13,2026-04-13,46204043
2026-10-23,desktop,APR z forecast ex-Iran,2026,1,2026-04-13,2026-04-13,46212954
2026-10-24,desktop,APR z forecast ex-Iran,2026,1,2026-04-13,2026-04-13,46211606
2026-10-25,desktop,APR z forecast ex-Iran,2026,1,2026-04-13,2026-04-13,46203467
2026-10-26,desktop,APR z forecast ex-Iran,2026,1,2026-04-13,2026-04-13,46199881
2026-10-27,desktop,APR z forecast ex-Iran,2026,1,2026-04-13,2026-04-13,46199993
2026-10-28,desktop,APR z forecast ex-Iran,2026,1,2026-04-13,2026-04-13,46198061
2026-10-29,desktop,APR z forecast ex-Iran,2026,1,2026-04-13,2026-04-13,46203688
2026-10-30,desktop,APR z forecast ex-Iran,2026,1,2026-04-13,2026-04-13,46237946
2026-10-31,desktop,APR z forecast ex-Iran,2026,1,2026-04-13,2026-04-13,46239223
2026-11-01,desktop,APR z forecast ex-Iran,2026,1,2026-04-13,2026-04-13,46120848
2026-11-02,desktop,APR z forecast ex-Iran,2026,1,2026-04-13,2026-04-13,46096582
2026-11-03,desktop,APR z forecast ex-Iran,2026,1,2026-04-13,2026-04-13,46105961
2026-11-04,desktop,APR z forecast ex-Iran,2026,1,2026-04-13,2026-04-13,46115908
2026-11-05,desktop,APR z forecast ex-Iran,2026,1,2026-04-13,2026-04-13,46135359
2026-11-06,desktop,APR z forecast ex-Iran,2026,1,2026-04-13,2026-04-13,46137668
2026-11-07,desktop,APR z forecast ex-Iran,2026,1,2026-04-13,2026-04-13,46140503
2026-11-08,desktop,APR z forecast ex-Iran,2026,1,2026-04-13,2026-04-13,46129795
2026-11-09,desktop,APR z forecast ex-Iran,2026,1,2026-04-13,2026-04-13,46191544
2026-11-10,desktop,APR z forecast ex-Iran,2026,1,2026-04-13,2026-04-13,46191881
2026-11-11,desktop,APR z forecast ex-Iran,2026,1,2026-04-13,2026-04-13,46143613
2026-11-12,desktop,APR z forecast ex-Iran,2026,1,2026-04-13,2026-04-13,46160017
2026-11-13,desktop,APR z forecast ex-Iran,2026,1,2026-04-13,2026-04-13,46181461
2026-11-14,desktop,APR z forecast ex-Iran,2026,1,2026-04-13,2026-04-13,46204680
2026-11-15,desktop,APR z forecast ex-Iran,2026,1,2026-04-13,2026-04-13,46220205
2026-11-16,desktop,APR z forecast ex-Iran,2026,1,2026-04-13,2026-04-13,46253901
2026-11-17,desktop,APR z forecast ex-Iran,2026,1,2026-04-13,2026-04-13,46319532
2026-11-18,desktop,APR z forecast ex-Iran,2026,1,2026-04-13,2026-04-13,46363636
2026-11-19,desktop,APR z forecast ex-Iran,2026,1,2026-04-13,2026-04-13,46403553
2026-11-20,desktop,APR z forecast ex-Iran,2026,1,2026-04-13,2026-04-13,46397083
2026-11-21,desktop,APR z forecast ex-Iran,2026,1,2026-04-13,2026-04-13,46430451
2026-11-22,desktop,APR z forecast ex-Iran,2026,1,2026-04-13,2026-04-13,46468397
2026-11-23,desktop,APR z forecast ex-Iran,2026,1,2026-04-13,2026-04-13,46487867
2026-11-24,desktop,APR z forecast ex-Iran,2026,1,2026-04-13,2026-04-13,46527142
2026-11-25,desktop,APR z forecast ex-Iran,2026,1,2026-04-13,2026-04-13,46547425
2026-11-26,desktop,APR z forecast ex-Iran,2026,1,2026-04-13,2026-04-13,46486778
2026-11-27,desktop,APR z forecast ex-Iran,2026,1,2026-04-13,2026-04-13,46429074
2026-11-28,desktop,APR z forecast ex-Iran,2026,1,2026-04-13,2026-04-13,46463350
2026-11-29,desktop,APR z forecast ex-Iran,2026,1,2026-04-13,2026-04-13,46621726
2026-11-30,desktop,APR z forecast ex-Iran,2026,1,2026-04-13,2026-04-13,46694125
2026-12-01,desktop,APR z forecast ex-Iran,2026,1,2026-04-13,2026-04-13,46734964
2026-12-02,desktop,APR z forecast ex-Iran,2026,1,2026-04-13,2026-04-13,46769933
2026-12-03,desktop,APR z forecast ex-Iran,2026,1,2026-04-13,2026-04-13,46790963
2026-12-04,desktop,APR z forecast ex-Iran,2026,1,2026-04-13,2026-04-13,46816287
2026-12-05,desktop,APR z forecast ex-Iran,2026,1,2026-04-13,2026-04-13,46835965
2026-12-06,desktop,APR z forecast ex-Iran,2026,1,2026-04-13,2026-04-13,46875331
2026-12-07,desktop,APR z forecast ex-Iran,2026,1,2026-04-13,2026-04-13,46904793
2026-12-08,desktop,APR z forecast ex-Iran,2026,1,2026-04-13,2026-04-13,46909875
2026-12-09,desktop,APR z forecast ex-Iran,2026,1,2026-04-13,2026-04-13,46971392
2026-12-10,desktop,APR z forecast ex-Iran,2026,1,2026-04-13,2026-04-13,46966982
2026-12-11,desktop,APR z forecast ex-Iran,2026,1,2026-04-13,2026-04-13,46951898
2026-12-12,desktop,APR z forecast ex-Iran,2026,1,2026-04-13,2026-04-13,46933589
2026-12-13,desktop,APR z forecast ex-Iran,2026,1,2026-04-13,2026-04-13,46933209
2026-12-14,desktop,APR z forecast ex-Iran,2026,1,2026-04-13,2026-04-13,46917828
2026-12-15,desktop,APR z forecast ex-Iran,2026,1,2026-04-13,2026-04-13,46891136
2026-12-16,desktop,APR z forecast ex-Iran,2026,1,2026-04-13,2026-04-13,46847700
2026-12-17,desktop,APR z forecast ex-Iran,2026,1,2026-04-13,2026-04-13,46799361
2026-12-18,desktop,APR z forecast ex-Iran,2026,1,2026-04-13,2026-04-13,46790925
2026-12-19,desktop,APR z forecast ex-Iran,2026,1,2026-04-13,2026-04-13,46732202
2026-12-20,desktop,APR z forecast ex-Iran,2026,1,2026-04-13,2026-04-13,46658336
2026-12-21,desktop,APR z forecast ex-Iran,2026,1,2026-04-13,2026-04-13,46513409
2026-12-22,desktop,APR z forecast ex-Iran,2026,1,2026-04-13,2026-04-13,46331741
2026-12-23,desktop,APR z forecast ex-Iran,2026,1,2026-04-13,2026-04-13,46091361
2026-12-24,desktop,APR z forecast ex-Iran,2026,1,2026-04-13,2026-04-13,45634022
2026-12-25,desktop,APR z forecast ex-Iran,2026,1,2026-04-13,2026-04-13,44885962
2026-12-26,desktop,APR z forecast ex-Iran,2026,1,2026-04-13,2026-04-13,44485821
2026-12-27,desktop,APR z forecast ex-Iran,2026,1,2026-04-13,2026-04-13,44188337
2026-12-28,desktop,APR z forecast ex-Iran,2026,1,2026-04-13,2026-04-13,43765337
2026-12-29,desktop,APR z forecast ex-Iran,2026,1,2026-04-13,2026-04-13,43428794
2026-12-30,desktop,APR z forecast ex-Iran,2026,1,2026-04-13,2026-04-13,43045418
2026-12-31,desktop,APR z forecast ex-Iran,2026,1,2026-04-13,2026-04-13,42400446
2026-04-01,mobile,APR z forecast ex-Iran,2026,1,2026-04-13,2026-04-13,15306361
2026-04-02,mobile,APR z forecast ex-Iran,2026,1,2026-04-13,2026-04-13,15303505
2026-04-03,mobile,APR z forecast ex-Iran,2026,1,2026-04-13,2026-04-13,15293512
2026-04-04,mobile,APR z forecast ex-Iran,2026,1,2026-04-13,2026-04-13,15292267
2026-04-05,mobile,APR z forecast ex-Iran,2026,1,2026-04-13,2026-04-13,15285569
2026-04-06,mobile,APR z forecast ex-Iran,2026,1,2026-04-13,2026-04-13,15283810
2026-04-07,mobile,APR z forecast ex-Iran,2026,1,2026-04-13,2026-04-13,15281748
2026-04-08,mobile,APR z forecast ex-Iran,2026,1,2026-04-13,2026-04-13,15279949
2026-04-09,mobile,APR z forecast ex-Iran,2026,1,2026-04-13,2026-04-13,15280266
2026-04-10,mobile,APR z forecast ex-Iran,2026,1,2026-04-13,2026-04-13,15282056
2026-04-11,mobile,APR z forecast ex-Iran,2026,1,2026-04-13,2026-04-13,15283371
2026-04-12,mobile,APR z forecast ex-Iran,2026,1,2026-04-13,2026-04-13,15286029
2026-04-13,mobile,APR z forecast ex-Iran,2026,1,2026-04-13,2026-04-13,15288522
2026-04-14,mobile,APR z forecast ex-Iran,2026,1,2026-04-13,2026-04-13,15290213
2026-04-15,mobile,APR z forecast ex-Iran,2026,1,2026-04-13,2026-04-13,15296205
2026-04-16,mobile,APR z forecast ex-Iran,2026,1,2026-04-13,2026-04-13,15303629
2026-04-17,mobile,APR z forecast ex-Iran,2026,1,2026-04-13,2026-04-13,15309048
2026-04-18,mobile,APR z forecast ex-Iran,2026,1,2026-04-13,2026-04-13,15316906
2026-04-19,mobile,APR z forecast ex-Iran,2026,1,2026-04-13,2026-04-13,15321557
2026-04-20,mobile,APR z forecast ex-Iran,2026,1,2026-04-13,2026-04-13,15325579
2026-04-21,mobile,APR z forecast ex-Iran,2026,1,2026-04-13,2026-04-13,15326116
2026-04-22,mobile,APR z forecast ex-Iran,2026,1,2026-04-13,2026-04-13,15324832
2026-04-23,mobile,APR z forecast ex-Iran,2026,1,2026-04-13,2026-04-13,15324041
2026-04-24,mobile,APR z forecast ex-Iran,2026,1,2026-04-13,2026-04-13,15323691
2026-04-25,mobile,APR z forecast ex-Iran,2026,1,2026-04-13,2026-04-13,15324816
2026-04-26,mobile,APR z forecast ex-Iran,2026,1,2026-04-13,2026-04-13,15329020
2026-04-27,mobile,APR z forecast ex-Iran,2026,1,2026-04-13,2026-04-13,15330047
2026-04-28,mobile,APR z forecast ex-Iran,2026,1,2026-04-13,2026-04-13,15328480
2026-04-29,mobile,APR z forecast ex-Iran,2026,1,2026-04-13,2026-04-13,15329730
2026-04-30,mobile,APR z forecast ex-Iran,2026,1,2026-04-13,2026-04-13,15334847
2026-05-01,mobile,APR z forecast ex-Iran,2026,1,2026-04-13,2026-04-13,15343657
2026-05-02,mobile,APR z forecast ex-Iran,2026,1,2026-04-13,2026-04-13,15348099
2026-05-03,mobile,APR z forecast ex-Iran,2026,1,2026-04-13,2026-04-13,15357992
2026-05-04,mobile,APR z forecast ex-Iran,2026,1,2026-04-13,2026-04-13,15363820
2026-05-05,mobile,APR z forecast ex-Iran,2026,1,2026-04-13,2026-04-13,15368378
2026-05-06,mobile,APR z forecast ex-Iran,2026,1,2026-04-13,2026-04-13,15370834
2026-05-07,mobile,APR z forecast ex-Iran,2026,1,2026-04-13,2026-04-13,15372489
2026-05-08,mobile,APR z forecast ex-Iran,2026,1,2026-04-13,2026-04-13,15372875
2026-05-09,mobile,APR z forecast ex-Iran,2026,1,2026-04-13,2026-04-13,15374766
2026-05-10,mobile,APR z forecast ex-Iran,2026,1,2026-04-13,2026-04-13,15374366
2026-05-11,mobile,APR z forecast ex-Iran,2026,1,2026-04-13,2026-04-13,15375416
2026-05-12,mobile,APR z forecast ex-Iran,2026,1,2026-04-13,2026-04-13,15377308
2026-05-13,mobile,APR z forecast ex-Iran,2026,1,2026-04-13,2026-04-13,15377551
2026-05-14,mobile,APR z forecast ex-Iran,2026,1,2026-04-13,2026-04-13,15371069
2026-05-15,mobile,APR z forecast ex-Iran,2026,1,2026-04-13,2026-04-13,15369057
2026-05-16,mobile,APR z forecast ex-Iran,2026,1,2026-04-13,2026-04-13,15370835
2026-05-17,mobile,APR z forecast ex-Iran,2026,1,2026-04-13,2026-04-13,15372778
2026-05-18,mobile,APR z forecast ex-Iran,2026,1,2026-04-13,2026-04-13,15373507
2026-05-19,mobile,APR z forecast ex-Iran,2026,1,2026-04-13,2026-04-13,15376111
2026-05-20,mobile,APR z forecast ex-Iran,2026,1,2026-04-13,2026-04-13,15378116
2026-05-21,mobile,APR z forecast ex-Iran,2026,1,2026-04-13,2026-04-13,15379952
2026-05-22,mobile,APR z forecast ex-Iran,2026,1,2026-04-13,2026-04-13,15380872
2026-05-23,mobile,APR z forecast ex-Iran,2026,1,2026-04-13,2026-04-13,15383439
2026-05-24,mobile,APR z forecast ex-Iran,2026,1,2026-04-13,2026-04-13,15382889
2026-05-25,mobile,APR z forecast ex-Iran,2026,1,2026-04-13,2026-04-13,15378199
2026-05-26,mobile,APR z forecast ex-Iran,2026,1,2026-04-13,2026-04-13,15380272
2026-05-27,mobile,APR z forecast ex-Iran,2026,1,2026-04-13,2026-04-13,15380626
2026-05-28,mobile,APR z forecast ex-Iran,2026,1,2026-04-13,2026-04-13,15384136
2026-05-29,mobile,APR z forecast ex-Iran,2026,1,2026-04-13,2026-04-13,15391220
2026-05-30,mobile,APR z forecast ex-Iran,2026,1,2026-04-13,2026-04-13,15395148
2026-05-31,mobile,APR z forecast ex-Iran,2026,1,2026-04-13,2026-04-13,15399011
2026-06-01,mobile,APR z forecast ex-Iran,2026,1,2026-04-13,2026-04-13,15400672
2026-06-02,mobile,APR z forecast ex-Iran,2026,1,2026-04-13,2026-04-13,15403773
2026-06-03,mobile,APR z forecast ex-Iran,2026,1,2026-04-13,2026-04-13,15407706
2026-06-04,mobile,APR z forecast ex-Iran,2026,1,2026-04-13,2026-04-13,15408530
2026-06-05,mobile,APR z forecast ex-Iran,2026,1,2026-04-13,2026-04-13,15412373
2026-06-06,mobile,APR z forecast ex-Iran,2026,1,2026-04-13,2026-04-13,15415911
2026-06-07,mobile,APR z forecast ex-Iran,2026,1,2026-04-13,2026-04-13,15420955
2026-06-08,mobile,APR z forecast ex-Iran,2026,1,2026-04-13,2026-04-13,15425062
2026-06-09,mobile,APR z forecast ex-Iran,2026,1,2026-04-13,2026-04-13,15428507
2026-06-10,mobile,APR z forecast ex-Iran,2026,1,2026-04-13,2026-04-13,15433332
2026-06-11,mobile,APR z forecast ex-Iran,2026,1,2026-04-13,2026-04-13,15445385
2026-06-12,mobile,APR z forecast ex-Iran,2026,1,2026-04-13,2026-04-13,15452079
2026-06-13,mobile,APR z forecast ex-Iran,2026,1,2026-04-13,2026-04-13,15455792
2026-06-14,mobile,APR z forecast ex-Iran,2026,1,2026-04-13,2026-04-13,15458887
2026-06-15,mobile,APR z forecast ex-Iran,2026,1,2026-04-13,2026-04-13,15463452
2026-06-16,mobile,APR z forecast ex-Iran,2026,1,2026-04-13,2026-04-13,15467460
2026-06-17,mobile,APR z forecast ex-Iran,2026,1,2026-04-13,2026-04-13,15472330
2026-06-18,mobile,APR z forecast ex-Iran,2026,1,2026-04-13,2026-04-13,15476630
2026-06-19,mobile,APR z forecast ex-Iran,2026,1,2026-04-13,2026-04-13,15480959
2026-06-20,mobile,APR z forecast ex-Iran,2026,1,2026-04-13,2026-04-13,15484747
2026-06-21,mobile,APR z forecast ex-Iran,2026,1,2026-04-13,2026-04-13,15491215
2026-06-22,mobile,APR z forecast ex-Iran,2026,1,2026-04-13,2026-04-13,15501382
2026-06-23,mobile,APR z forecast ex-Iran,2026,1,2026-04-13,2026-04-13,15506580
2026-06-24,mobile,APR z forecast ex-Iran,2026,1,2026-04-13,2026-04-13,15513551
2026-06-25,mobile,APR z forecast ex-Iran,2026,1,2026-04-13,2026-04-13,15517291
2026-06-26,mobile,APR z forecast ex-Iran,2026,1,2026-04-13,2026-04-13,15521617
2026-06-27,mobile,APR z forecast ex-Iran,2026,1,2026-04-13,2026-04-13,15526055
2026-06-28,mobile,APR z forecast ex-Iran,2026,1,2026-04-13,2026-04-13,15529532
2026-06-29,mobile,APR z forecast ex-Iran,2026,1,2026-04-13,2026-04-13,15533414
2026-06-30,mobile,APR z forecast ex-Iran,2026,1,2026-04-13,2026-04-13,15536237
2026-07-01,mobile,APR z forecast ex-Iran,2026,1,2026-04-13,2026-04-13,15538455
2026-07-02,mobile,APR z forecast ex-Iran,2026,1,2026-04-13,2026-04-13,15544031
2026-07-03,mobile,APR z forecast ex-Iran,2026,1,2026-04-13,2026-04-13,15544847
2026-07-04,mobile,APR z forecast ex-Iran,2026,1,2026-04-13,2026-04-13,15545597
2026-07-05,mobile,APR z forecast ex-Iran,2026,1,2026-04-13,2026-04-13,15546841
2026-07-06,mobile,APR z forecast ex-Iran,2026,1,2026-04-13,2026-04-13,15547674
2026-07-07,mobile,APR z forecast ex-Iran,2026,1,2026-04-13,2026-04-13,15549170
2026-07-08,mobile,APR z forecast ex-Iran,2026,1,2026-04-13,2026-04-13,15550592
2026-07-09,mobile,APR z forecast ex-Iran,2026,1,2026-04-13,2026-04-13,15551712
2026-07-10,mobile,APR z forecast ex-Iran,2026,1,2026-04-13,2026-04-13,15554085
2026-07-11,mobile,APR z forecast ex-Iran,2026,1,2026-04-13,2026-04-13,15555317
2026-07-12,mobile,APR z forecast ex-Iran,2026,1,2026-04-13,2026-04-13,15557011
2026-07-13,mobile,APR z forecast ex-Iran,2026,1,2026-04-13,2026-04-13,15557888
2026-07-14,mobile,APR z forecast ex-Iran,2026,1,2026-04-13,2026-04-13,15558285
2026-07-15,mobile,APR z forecast ex-Iran,2026,1,2026-04-13,2026-04-13,15559010
2026-07-16,mobile,APR z forecast ex-Iran,2026,1,2026-04-13,2026-04-13,15559393
2026-07-17,mobile,APR z forecast ex-Iran,2026,1,2026-04-13,2026-04-13,15560514
2026-07-18,mobile,APR z forecast ex-Iran,2026,1,2026-04-13,2026-04-13,15561513
2026-07-19,mobile,APR z forecast ex-Iran,2026,1,2026-04-13,2026-04-13,15562834
2026-07-20,mobile,APR z forecast ex-Iran,2026,1,2026-04-13,2026-04-13,15563776
2026-07-21,mobile,APR z forecast ex-Iran,2026,1,2026-04-13,2026-04-13,15564455
2026-07-22,mobile,APR z forecast ex-Iran,2026,1,2026-04-13,2026-04-13,15564937
2026-07-23,mobile,APR z forecast ex-Iran,2026,1,2026-04-13,2026-04-13,15566328
2026-07-24,mobile,APR z forecast ex-Iran,2026,1,2026-04-13,2026-04-13,15566939
2026-07-25,mobile,APR z forecast ex-Iran,2026,1,2026-04-13,2026-04-13,15567611
2026-07-26,mobile,APR z forecast ex-Iran,2026,1,2026-04-13,2026-04-13,15568607
2026-07-27,mobile,APR z forecast ex-Iran,2026,1,2026-04-13,2026-04-13,15569880
2026-07-28,mobile,APR z forecast ex-Iran,2026,1,2026-04-13,2026-04-13,15571236
2026-07-29,mobile,APR z forecast ex-Iran,2026,1,2026-04-13,2026-04-13,15572487
2026-07-30,mobile,APR z forecast ex-Iran,2026,1,2026-04-13,2026-04-13,15572960
2026-07-31,mobile,APR z forecast ex-Iran,2026,1,2026-04-13,2026-04-13,15576011
2026-08-01,mobile,APR z forecast ex-Iran,2026,1,2026-04-13,2026-04-13,15578509
2026-08-02,mobile,APR z forecast ex-Iran,2026,1,2026-04-13,2026-04-13,15580303
2026-08-03,mobile,APR z forecast ex-Iran,2026,1,2026-04-13,2026-04-13,15581976
2026-08-04,mobile,APR z forecast ex-Iran,2026,1,2026-04-13,2026-04-13,15583818
2026-08-05,mobile,APR z forecast ex-Iran,2026,1,2026-04-13,2026-04-13,15584863
2026-08-06,mobile,APR z forecast ex-Iran,2026,1,2026-04-13,2026-04-13,15586828
2026-08-07,mobile,APR z forecast ex-Iran,2026,1,2026-04-13,2026-04-13,15588427
2026-08-08,mobile,APR z forecast ex-Iran,2026,1,2026-04-13,2026-04-13,15590694
2026-08-09,mobile,APR z forecast ex-Iran,2026,1,2026-04-13,2026-04-13,15593300
2026-08-10,mobile,APR z forecast ex-Iran,2026,1,2026-04-13,2026-04-13,15596186
2026-08-11,mobile,APR z forecast ex-Iran,2026,1,2026-04-13,2026-04-13,15599056
2026-08-12,mobile,APR z forecast ex-Iran,2026,1,2026-04-13,2026-04-13,15601433
2026-08-13,mobile,APR z forecast ex-Iran,2026,1,2026-04-13,2026-04-13,15604544
2026-08-14,mobile,APR z forecast ex-Iran,2026,1,2026-04-13,2026-04-13,15607817
2026-08-15,mobile,APR z forecast ex-Iran,2026,1,2026-04-13,2026-04-13,15608307
2026-08-16,mobile,APR z forecast ex-Iran,2026,1,2026-04-13,2026-04-13,15611541
2026-08-17,mobile,APR z forecast ex-Iran,2026,1,2026-04-13,2026-04-13,15615108
2026-08-18,mobile,APR z forecast ex-Iran,2026,1,2026-04-13,2026-04-13,15618662
2026-08-19,mobile,APR z forecast ex-Iran,2026,1,2026-04-13,2026-04-13,15623789
2026-08-20,mobile,APR z forecast ex-Iran,2026,1,2026-04-13,2026-04-13,15629037
2026-08-21,mobile,APR z forecast ex-Iran,2026,1,2026-04-13,2026-04-13,15634127
2026-08-22,mobile,APR z forecast ex-Iran,2026,1,2026-04-13,2026-04-13,15639932
2026-08-23,mobile,APR z forecast ex-Iran,2026,1,2026-04-13,2026-04-13,15645399
2026-08-24,mobile,APR z forecast ex-Iran,2026,1,2026-04-13,2026-04-13,15651542
2026-08-25,mobile,APR z forecast ex-Iran,2026,1,2026-04-13,2026-04-13,15657468
2026-08-26,mobile,APR z forecast ex-Iran,2026,1,2026-04-13,2026-04-13,15663987
2026-08-27,mobile,APR z forecast ex-Iran,2026,1,2026-04-13,2026-04-13,15670537
2026-08-28,mobile,APR z forecast ex-Iran,2026,1,2026-04-13,2026-04-13,15676207
2026-08-29,mobile,APR z forecast ex-Iran,2026,1,2026-04-13,2026-04-13,15684072
2026-08-30,mobile,APR z forecast ex-Iran,2026,1,2026-04-13,2026-04-13,15691702
2026-08-31,mobile,APR z forecast ex-Iran,2026,1,2026-04-13,2026-04-13,15699508
2026-09-01,mobile,APR z forecast ex-Iran,2026,1,2026-04-13,2026-04-13,15707008
2026-09-02,mobile,APR z forecast ex-Iran,2026,1,2026-04-13,2026-04-13,15716232
2026-09-03,mobile,APR z forecast ex-Iran,2026,1,2026-04-13,2026-04-13,15724642
2026-09-04,mobile,APR z forecast ex-Iran,2026,1,2026-04-13,2026-04-13,15732772
2026-09-05,mobile,APR z forecast ex-Iran,2026,1,2026-04-13,2026-04-13,15742079
2026-09-06,mobile,APR z forecast ex-Iran,2026,1,2026-04-13,2026-04-13,15750525
2026-09-07,mobile,APR z forecast ex-Iran,2026,1,2026-04-13,2026-04-13,15758229
2026-09-08,mobile,APR z forecast ex-Iran,2026,1,2026-04-13,2026-04-13,15768308
2026-09-09,mobile,APR z forecast ex-Iran,2026,1,2026-04-13,2026-04-13,15778287
2026-09-10,mobile,APR z forecast ex-Iran,2026,1,2026-04-13,2026-04-13,15788627
2026-09-11,mobile,APR z forecast ex-Iran,2026,1,2026-04-13,2026-04-13,15798882
2026-09-12,mobile,APR z forecast ex-Iran,2026,1,2026-04-13,2026-04-13,15812117
2026-09-13,mobile,APR z forecast ex-Iran,2026,1,2026-04-13,2026-04-13,15822066
2026-09-14,mobile,APR z forecast ex-Iran,2026,1,2026-04-13,2026-04-13,15830297
2026-09-15,mobile,APR z forecast ex-Iran,2026,1,2026-04-13,2026-04-13,15841054
2026-09-16,mobile,APR z forecast ex-Iran,2026,1,2026-04-13,2026-04-13,15849715
2026-09-17,mobile,APR z forecast ex-Iran,2026,1,2026-04-13,2026-04-13,15858843
2026-09-18,mobile,APR z forecast ex-Iran,2026,1,2026-04-13,2026-04-13,15869125
2026-09-19,mobile,APR z forecast ex-Iran,2026,1,2026-04-13,2026-04-13,15877561
2026-09-20,mobile,APR z forecast ex-Iran,2026,1,2026-04-13,2026-04-13,15887301
2026-09-21,mobile,APR z forecast ex-Iran,2026,1,2026-04-13,2026-04-13,15895953
2026-09-22,mobile,APR z forecast ex-Iran,2026,1,2026-04-13,2026-04-13,15905041
2026-09-23,mobile,APR z forecast ex-Iran,2026,1,2026-04-13,2026-04-13,15913667
2026-09-24,mobile,APR z forecast ex-Iran,2026,1,2026-04-13,2026-04-13,15922589
2026-09-25,mobile,APR z forecast ex-Iran,2026,1,2026-04-13,2026-04-13,15931929
2026-09-26,mobile,APR z forecast ex-Iran,2026,1,2026-04-13,2026-04-13,15939318
2026-09-27,mobile,APR z forecast ex-Iran,2026,1,2026-04-13,2026-04-13,15946835
2026-09-28,mobile,APR z forecast ex-Iran,2026,1,2026-04-13,2026-04-13,15953883
2026-09-29,mobile,APR z forecast ex-Iran,2026,1,2026-04-13,2026-04-13,15960164
2026-09-30,mobile,APR z forecast ex-Iran,2026,1,2026-04-13,2026-04-13,15964971
2026-10-01,mobile,APR z forecast ex-Iran,2026,1,2026-04-13,2026-04-13,15968673
2026-10-02,mobile,APR z forecast ex-Iran,2026,1,2026-04-13,2026-04-13,15972643
2026-10-03,mobile,APR z forecast ex-Iran,2026,1,2026-04-13,2026-04-13,15975178
2026-10-04,mobile,APR z forecast ex-Iran,2026,1,2026-04-13,2026-04-13,15979165
2026-10-05,mobile,APR z forecast ex-Iran,2026,1,2026-04-13,2026-04-13,15984101
2026-10-06,mobile,APR z forecast ex-Iran,2026,1,2026-04-13,2026-04-13,15986524
2026-10-07,mobile,APR z forecast ex-Iran,2026,1,2026-04-13,2026-04-13,15988789
2026-10-08,mobile,APR z forecast ex-Iran,2026,1,2026-04-13,2026-04-13,15991832
2026-10-09,mobile,APR z forecast ex-Iran,2026,1,2026-04-13,2026-04-13,15995048
2026-10-10,mobile,APR z forecast ex-Iran,2026,1,2026-04-13,2026-04-13,15997969
2026-10-11,mobile,APR z forecast ex-Iran,2026,1,2026-04-13,2026-04-13,16000881
2026-10-12,mobile,APR z forecast ex-Iran,2026,1,2026-04-13,2026-04-13,16004691
2026-10-13,mobile,APR z forecast ex-Iran,2026,1,2026-04-13,2026-04-13,16006642
2026-10-14,mobile,APR z forecast ex-Iran,2026,1,2026-04-13,2026-04-13,16010033
2026-10-15,mobile,APR z forecast ex-Iran,2026,1,2026-04-13,2026-04-13,16012755
2026-10-16,mobile,APR z forecast ex-Iran,2026,1,2026-04-13,2026-04-13,16015121
2026-10-17,mobile,APR z forecast ex-Iran,2026,1,2026-04-13,2026-04-13,16018248
2026-10-18,mobile,APR z forecast ex-Iran,2026,1,2026-04-13,2026-04-13,16019392
2026-10-19,mobile,APR z forecast ex-Iran,2026,1,2026-04-13,2026-04-13,16020011
2026-10-20,mobile,APR z forecast ex-Iran,2026,1,2026-04-13,2026-04-13,16020039
2026-10-21,mobile,APR z forecast ex-Iran,2026,1,2026-04-13,2026-04-13,16023327
2026-10-22,mobile,APR z forecast ex-Iran,2026,1,2026-04-13,2026-04-13,16026425
2026-10-23,mobile,APR z forecast ex-Iran,2026,1,2026-04-13,2026-04-13,16030141
2026-10-24,mobile,APR z forecast ex-Iran,2026,1,2026-04-13,2026-04-13,16033838
2026-10-25,mobile,APR z forecast ex-Iran,2026,1,2026-04-13,2026-04-13,16036580
2026-10-26,mobile,APR z forecast ex-Iran,2026,1,2026-04-13,2026-04-13,16040940
2026-10-27,mobile,APR z forecast ex-Iran,2026,1,2026-04-13,2026-04-13,16045363
2026-10-28,mobile,APR z forecast ex-Iran,2026,1,2026-04-13,2026-04-13,16050773
2026-10-29,mobile,APR z forecast ex-Iran,2026,1,2026-04-13,2026-04-13,16057611
2026-10-30,mobile,APR z forecast ex-Iran,2026,1,2026-04-13,2026-04-13,16063996
2026-10-31,mobile,APR z forecast ex-Iran,2026,1,2026-04-13,2026-04-13,16069561
2026-11-01,mobile,APR z forecast ex-Iran,2026,1,2026-04-13,2026-04-13,16072464
2026-11-02,mobile,APR z forecast ex-Iran,2026,1,2026-04-13,2026-04-13,16076711
2026-11-03,mobile,APR z forecast ex-Iran,2026,1,2026-04-13,2026-04-13,16082602
2026-11-04,mobile,APR z forecast ex-Iran,2026,1,2026-04-13,2026-04-13,16088018
2026-11-05,mobile,APR z forecast ex-Iran,2026,1,2026-04-13,2026-04-13,16092946
2026-11-06,mobile,APR z forecast ex-Iran,2026,1,2026-04-13,2026-04-13,16096428
2026-11-07,mobile,APR z forecast ex-Iran,2026,1,2026-04-13,2026-04-13,16099177
2026-11-08,mobile,APR z forecast ex-Iran,2026,1,2026-04-13,2026-04-13,16099558
2026-11-09,mobile,APR z forecast ex-Iran,2026,1,2026-04-13,2026-04-13,16102153
2026-11-10,mobile,APR z forecast ex-Iran,2026,1,2026-04-13,2026-04-13,16105878
2026-11-11,mobile,APR z forecast ex-Iran,2026,1,2026-04-13,2026-04-13,16109155
2026-11-12,mobile,APR z forecast ex-Iran,2026,1,2026-04-13,2026-04-13,16114504
2026-11-13,mobile,APR z forecast ex-Iran,2026,1,2026-04-13,2026-04-13,16119780
2026-11-14,mobile,APR z forecast ex-Iran,2026,1,2026-04-13,2026-04-13,16124920
2026-11-15,mobile,APR z forecast ex-Iran,2026,1,2026-04-13,2026-04-13,16131137
2026-11-16,mobile,APR z forecast ex-Iran,2026,1,2026-04-13,2026-04-13,16139870
2026-11-17,mobile,APR z forecast ex-Iran,2026,1,2026-04-13,2026-04-13,16148473
2026-11-18,mobile,APR z forecast ex-Iran,2026,1,2026-04-13,2026-04-13,16154815
2026-11-19,mobile,APR z forecast ex-Iran,2026,1,2026-04-13,2026-04-13,16161601
2026-11-20,mobile,APR z forecast ex-Iran,2026,1,2026-04-13,2026-04-13,16167049
2026-11-21,mobile,APR z forecast ex-Iran,2026,1,2026-04-13,2026-04-13,16174444
2026-11-22,mobile,APR z forecast ex-Iran,2026,1,2026-04-13,2026-04-13,16182939
2026-11-23,mobile,APR z forecast ex-Iran,2026,1,2026-04-13,2026-04-13,16189890
2026-11-24,mobile,APR z forecast ex-Iran,2026,1,2026-04-13,2026-04-13,16198193
2026-11-25,mobile,APR z forecast ex-Iran,2026,1,2026-04-13,2026-04-13,16206791
2026-11-26,mobile,APR z forecast ex-Iran,2026,1,2026-04-13,2026-04-13,16210594
2026-11-27,mobile,APR z forecast ex-Iran,2026,1,2026-04-13,2026-04-13,16219534
2026-11-28,mobile,APR z forecast ex-Iran,2026,1,2026-04-13,2026-04-13,16230464
2026-11-29,mobile,APR z forecast ex-Iran,2026,1,2026-04-13,2026-04-13,16243247
2026-11-30,mobile,APR z forecast ex-Iran,2026,1,2026-04-13,2026-04-13,16254049
2026-12-01,mobile,APR z forecast ex-Iran,2026,1,2026-04-13,2026-04-13,16265150
2026-12-02,mobile,APR z forecast ex-Iran,2026,1,2026-04-13,2026-04-13,16275624
2026-12-03,mobile,APR z forecast ex-Iran,2026,1,2026-04-13,2026-04-13,16285711
2026-12-04,mobile,APR z forecast ex-Iran,2026,1,2026-04-13,2026-04-13,16297402
2026-12-05,mobile,APR z forecast ex-Iran,2026,1,2026-04-13,2026-04-13,16308875
2026-12-06,mobile,APR z forecast ex-Iran,2026,1,2026-04-13,2026-04-13,16323046
2026-12-07,mobile,APR z forecast ex-Iran,2026,1,2026-04-13,2026-04-13,16335147
2026-12-08,mobile,APR z forecast ex-Iran,2026,1,2026-04-13,2026-04-13,16344858
2026-12-09,mobile,APR z forecast ex-Iran,2026,1,2026-04-13,2026-04-13,16355621
2026-12-10,mobile,APR z forecast ex-Iran,2026,1,2026-04-13,2026-04-13,16363065
2026-12-11,mobile,APR z forecast ex-Iran,2026,1,2026-04-13,2026-04-13,16369276
2026-12-12,mobile,APR z forecast ex-Iran,2026,1,2026-04-13,2026-04-13,16375757
2026-12-13,mobile,APR z forecast ex-Iran,2026,1,2026-04-13,2026-04-13,16381998
2026-12-14,mobile,APR z forecast ex-Iran,2026,1,2026-04-13,2026-04-13,16385833
2026-12-15,mobile,APR z forecast ex-Iran,2026,1,2026-04-13,2026-04-13,16389749
2026-12-16,mobile,APR z forecast ex-Iran,2026,1,2026-04-13,2026-04-13,16391994
2026-12-17,mobile,APR z forecast ex-Iran,2026,1,2026-04-13,2026-04-13,16393283
2026-12-18,mobile,APR z forecast ex-Iran,2026,1,2026-04-13,2026-04-13,16394841
2026-12-19,mobile,APR z forecast ex-Iran,2026,1,2026-04-13,2026-04-13,16393879
2026-12-20,mobile,APR z forecast ex-Iran,2026,1,2026-04-13,2026-04-13,16392151
2026-12-21,mobile,APR z forecast ex-Iran,2026,1,2026-04-13,2026-04-13,16388855
2026-12-22,mobile,APR z forecast ex-Iran,2026,1,2026-04-13,2026-04-13,16383839
2026-12-23,mobile,APR z forecast ex-Iran,2026,1,2026-04-13,2026-04-13,16375916
2026-12-24,mobile,APR z forecast ex-Iran,2026,1,2026-04-13,2026-04-13,16349599
2026-12-25,mobile,APR z forecast ex-Iran,2026,1,2026-04-13,2026-04-13,16304800
2026-12-26,mobile,APR z forecast ex-Iran,2026,1,2026-04-13,2026-04-13,16287613
2026-12-27,mobile,APR z forecast ex-Iran,2026,1,2026-04-13,2026-04-13,16278382
2026-12-28,mobile,APR z forecast ex-Iran,2026,1,2026-04-13,2026-04-13,16270306
2026-12-29,mobile,APR z forecast ex-Iran,2026,1,2026-04-13,2026-04-13,16260177
2026-12-30,mobile,APR z forecast ex-Iran,2026,1,2026-04-13,2026-04-13,16250422
2026-12-31,mobile,APR z forecast ex-Iran,2026,1,2026-04-13,2026-04-13,16226605
2026-01-01,desktop,JUN prior forecasts,2026,1,2026-06-09,2026-06-09,46372491
2026-01-02,desktop,JUN prior forecasts,2026,1,2026-06-09,2026-06-09,46203053
2026-01-03,desktop,JUN prior forecasts,2026,1,2026-06-09,2026-06-09,46054939
2026-01-04,desktop,JUN prior forecasts,2026,1,2026-06-09,2026-06-09,45938235
2026-01-05,desktop,JUN prior forecasts,2026,1,2026-06-09,2026-06-09,45970240
2026-01-06,desktop,JUN prior forecasts,2026,1,2026-06-09,2026-06-09,45890491
2026-01-07,desktop,JUN prior forecasts,2026,1,2026-06-09,2026-06-09,45870175
2026-01-08,desktop,JUN prior forecasts,2026,1,2026-06-09,2026-06-09,45878879
2026-01-09,desktop,JUN prior forecasts,2026,1,2026-06-09,2026-06-09,45890815
2026-01-10,desktop,JUN prior forecasts,2026,1,2026-06-09,2026-06-09,45843441
2026-01-11,desktop,JUN prior forecasts,2026,1,2026-06-09,2026-06-09,45798644
2026-01-12,desktop,JUN prior forecasts,2026,1,2026-06-09,2026-06-09,45829117
2026-01-13,desktop,JUN prior forecasts,2026,1,2026-06-09,2026-06-09,45873885
2026-01-14,desktop,JUN prior forecasts,2026,1,2026-06-09,2026-06-09,45933096
2026-01-15,desktop,JUN prior forecasts,2026,1,2026-06-09,2026-06-09,45998626
2026-01-16,desktop,JUN prior forecasts,2026,1,2026-06-09,2026-06-09,46047274
2026-01-17,desktop,JUN prior forecasts,2026,1,2026-06-09,2026-06-09,46145492
2026-01-18,desktop,JUN prior forecasts,2026,1,2026-06-09,2026-06-09,46271564
2026-01-19,desktop,JUN prior forecasts,2026,1,2026-06-09,2026-06-09,46473709
2026-01-20,desktop,JUN prior forecasts,2026,1,2026-06-09,2026-06-09,47334469
2026-01-21,desktop,JUN prior forecasts,2026,1,2026-06-09,2026-06-09,47776396
2026-01-22,desktop,JUN prior forecasts,2026,1,2026-06-09,2026-06-09,48458426
2026-01-23,desktop,JUN prior forecasts,2026,1,2026-06-09,2026-06-09,48899366
2026-01-24,desktop,JUN prior forecasts,2026,1,2026-06-09,2026-06-09,49141808
2026-01-25,desktop,JUN prior forecasts,2026,1,2026-06-09,2026-06-09,49362596
2026-01-26,desktop,JUN prior forecasts,2026,1,2026-06-09,2026-06-09,49665395
2026-01-27,desktop,JUN prior forecasts,2026,1,2026-06-09,2026-06-09,50014779
2026-01-28,desktop,JUN prior forecasts,2026,1,2026-06-09,2026-06-09,50473323
2026-01-29,desktop,JUN prior forecasts,2026,1,2026-06-09,2026-06-09,51045597
2026-01-30,desktop,JUN prior forecasts,2026,1,2026-06-09,2026-06-09,51293145
2026-01-31,desktop,JUN prior forecasts,2026,1,2026-06-09,2026-06-09,
2026-02-01,desktop,JUN prior forecasts,2026,1,2026-06-09,2026-06-09,50575226
2026-02-02,desktop,JUN prior forecasts,2026,1,2026-06-09,2026-06-09,50678442
2026-02-03,desktop,JUN prior forecasts,2026,1,2026-06-09,2026-06-09,50858835
2026-02-04,desktop,JUN prior forecasts,2026,1,2026-06-09,2026-06-09,50966620
2026-02-05,desktop,JUN prior forecasts,2026,1,2026-06-09,2026-06-09,51053648
2026-02-06,desktop,JUN prior forecasts,2026,1,2026-06-09,2026-06-09,51124187
2026-02-07,desktop,JUN prior forecasts,2026,1,2026-06-09,2026-06-09,51184885
2026-02-08,desktop,JUN prior forecasts,2026,1,2026-06-09,2026-06-09,51249650
2026-02-09,desktop,JUN prior forecasts,2026,1,2026-06-09,2026-06-09,51313102
2026-02-10,desktop,JUN prior forecasts,2026,1,2026-06-09,2026-06-09,51354569
2026-02-11,desktop,JUN prior forecasts,2026,1,2026-06-09,2026-06-09,51384895
2026-02-12,desktop,JUN prior forecasts,2026,1,2026-06-09,2026-06-09,51414392
2026-02-13,desktop,JUN prior forecasts,2026,1,2026-06-09,2026-06-09,51449284
2026-02-14,desktop,JUN prior forecasts,2026,1,2026-06-09,2026-06-09,51463641
2026-02-15,desktop,JUN prior forecasts,2026,1,2026-06-09,2026-06-09,51448035
2026-02-16,desktop,JUN prior forecasts,2026,1,2026-06-09,2026-06-09,51337111
2026-02-17,desktop,JUN prior forecasts,2026,1,2026-06-09,2026-06-09,51247334
2026-02-18,desktop,JUN prior forecasts,2026,1,2026-06-09,2026-06-09,51220618
2026-02-19,desktop,JUN prior forecasts,2026,1,2026-06-09,2026-06-09,51213319
2026-02-20,desktop,JUN prior forecasts,2026,1,2026-06-09,2026-06-09,51173216
2026-02-21,desktop,JUN prior forecasts,2026,1,2026-06-09,2026-06-09,51135342
2026-02-22,desktop,JUN prior forecasts,2026,1,2026-06-09,2026-06-09,51110747
2026-02-23,desktop,JUN prior forecasts,2026,1,2026-06-09,2026-06-09,51080672
2026-02-24,desktop,JUN prior forecasts,2026,1,2026-06-09,2026-06-09,51050385
2026-02-25,desktop,JUN prior forecasts,2026,1,2026-06-09,2026-06-09,51025927
2026-02-26,desktop,JUN prior forecasts,2026,1,2026-06-09,2026-06-09,51009826
2026-02-27,desktop,JUN prior forecasts,2026,1,2026-06-09,2026-06-09,50995639
2026-02-28,desktop,JUN prior forecasts,2026,1,2026-06-09,2026-06-09,
2026-03-01,desktop,JUN prior forecasts,2026,1,2026-06-09,2026-06-09,50500544
2026-03-02,desktop,JUN prior forecasts,2026,1,2026-06-09,2026-06-09,50463614
2026-03-03,desktop,JUN prior forecasts,2026,1,2026-06-09,2026-06-09,50466231
2026-03-04,desktop,JUN prior forecasts,2026,1,2026-06-09,2026-06-09,50484616
2026-03-05,desktop,JUN prior forecasts,2026,1,2026-06-09,2026-06-09,50520748
2026-03-06,desktop,JUN prior forecasts,2026,1,2026-06-09,2026-06-09,50537439
2026-03-07,desktop,JUN prior forecasts,2026,1,2026-06-09,2026-06-09,50470411
2026-03-08,desktop,JUN prior forecasts,2026,1,2026-06-09,2026-06-09,50404551
2026-03-09,desktop,JUN prior forecasts,2026,1,2026-06-09,2026-06-09,50462109
2026-03-10,desktop,JUN prior forecasts,2026,1,2026-06-09,2026-06-09,50515025
2026-03-11,desktop,JUN prior forecasts,2026,1,2026-06-09,2026-06-09,50610041
2026-03-12,desktop,JUN prior forecasts,2026,1,2026-06-09,2026-06-09,50685986
2026-03-13,desktop,JUN prior forecasts,2026,1,2026-06-09,2026-06-09,50744642
2026-03-14,desktop,JUN prior forecasts,2026,1,2026-06-09,2026-06-09,50730529
2026-03-15,desktop,JUN prior forecasts,2026,1,2026-06-09,2026-06-09,50725363
2026-03-16,desktop,JUN prior forecasts,2026,1,2026-06-09,2026-06-09,50958016
2026-03-17,desktop,JUN prior forecasts,2026,1,2026-06-09,2026-06-09,51220676
2026-03-18,desktop,JUN prior forecasts,2026,1,2026-06-09,2026-06-09,51347064
2026-03-19,desktop,JUN prior forecasts,2026,1,2026-06-09,2026-06-09,51426104
2026-03-20,desktop,JUN prior forecasts,2026,1,2026-06-09,2026-06-09,51431277
2026-03-21,desktop,JUN prior forecasts,2026,1,2026-06-09,2026-06-09,51341032
2026-03-22,desktop,JUN prior forecasts,2026,1,2026-06-09,2026-06-09,51261043
2026-03-23,desktop,JUN prior forecasts,2026,1,2026-06-09,2026-06-09,51340359
2026-03-24,desktop,JUN prior forecasts,2026,1,2026-06-09,2026-06-09,51365096
2026-03-25,desktop,JUN prior forecasts,2026,1,2026-06-09,2026-06-09,51383630
2026-03-26,desktop,JUN prior forecasts,2026,1,2026-06-09,2026-06-09,51401284
2026-03-27,desktop,JUN prior forecasts,2026,1,2026-06-09,2026-06-09,51377807
2026-03-28,desktop,JUN prior forecasts,2026,1,2026-06-09,2026-06-09,51354092
2026-03-29,desktop,JUN prior forecasts,2026,1,2026-06-09,2026-06-09,51316576
2026-03-30,desktop,JUN prior forecasts,2026,1,2026-06-09,2026-06-09,51236829
2026-03-31,desktop,JUN prior forecasts,2026,1,2026-06-09,2026-06-09,
2026-04-01,desktop,JUN prior forecasts,2026,1,2026-06-09,2026-06-09,50155406
2026-04-02,desktop,JUN prior forecasts,2026,1,2026-06-09,2026-06-09,49892858
2026-04-03,desktop,JUN prior forecasts,2026,1,2026-06-09,2026-06-09,49387882
2026-04-04,desktop,JUN prior forecasts,2026,1,2026-06-09,2026-06-09,49367128
2026-04-05,desktop,JUN prior forecasts,2026,1,2026-06-09,2026-06-09,49332122
2026-04-06,desktop,JUN prior forecasts,2026,1,2026-06-09,2026-06-09,48893433
2026-04-07,desktop,JUN prior forecasts,2026,1,2026-06-09,2026-06-09,48774672
2026-04-08,desktop,JUN prior forecasts,2026,1,2026-06-09,2026-06-09,48655589
2026-04-09,desktop,JUN prior forecasts,2026,1,2026-06-09,2026-06-09,48546184
2026-04-10,desktop,JUN prior forecasts,2026,1,2026-06-09,2026-06-09,48470272
2026-04-11,desktop,JUN prior forecasts,2026,1,2026-06-09,2026-06-09,48560943
2026-04-12,desktop,JUN prior forecasts,2026,1,2026-06-09,2026-06-09,48679038
2026-04-13,desktop,JUN prior forecasts,2026,1,2026-06-09,2026-06-09,48621703
2026-04-14,desktop,JUN prior forecasts,2026,1,2026-06-09,2026-06-09,48574783
2026-04-15,desktop,JUN prior forecasts,2026,1,2026-06-09,2026-06-09,48565289
2026-04-16,desktop,JUN prior forecasts,2026,1,2026-06-09,2026-06-09,48621088
2026-04-17,desktop,JUN prior forecasts,2026,1,2026-06-09,2026-06-09,48713025
2026-04-18,desktop,JUN prior forecasts,2026,1,2026-06-09,2026-06-09,48910331
2026-04-19,desktop,JUN prior forecasts,2026,1,2026-06-09,2026-06-09,49094844
2026-04-20,desktop,JUN prior forecasts,2026,1,2026-06-09,2026-06-09,49133788
2026-04-21,desktop,JUN prior forecasts,2026,1,2026-06-09,2026-06-09,49100264
2026-04-22,desktop,JUN prior forecasts,2026,1,2026-06-09,2026-06-09,49044135
2026-04-23,desktop,JUN prior forecasts,2026,1,2026-06-09,2026-06-09,48984202
2026-04-24,desktop,JUN prior forecasts,2026,1,2026-06-09,2026-06-09,48933318
2026-04-25,desktop,JUN prior forecasts,2026,1,2026-06-09,2026-06-09,49005962
2026-04-26,desktop,JUN prior forecasts,2026,1,2026-06-09,2026-06-09,49114101
2026-04-27,desktop,JUN prior forecasts,2026,1,2026-06-09,2026-06-09,49049186
2026-04-28,desktop,JUN prior forecasts,2026,1,2026-06-09,2026-06-09,48980471
2026-04-29,desktop,JUN prior forecasts,2026,1,2026-06-09,2026-06-09,48995094
2026-04-30,desktop,JUN prior forecasts,2026,1,2026-06-09,2026-06-09,49104965
2026-05-01,desktop,JUN prior forecasts,2026,1,2026-06-09,2026-06-09,49121897
2026-05-02,desktop,JUN prior forecasts,2026,1,2026-06-09,2026-06-09,49131219
2026-05-03,desktop,JUN prior forecasts,2026,1,2026-06-09,2026-06-09,49202669
2026-05-04,desktop,JUN prior forecasts,2026,1,2026-06-09,2026-06-09,49519592
2026-05-05,desktop,JUN prior forecasts,2026,1,2026-06-09,2026-06-09,49489120
2026-05-06,desktop,JUN prior forecasts,2026,1,2026-06-09,2026-06-09,49452488
2026-05-07,desktop,JUN prior forecasts,2026,1,2026-06-09,2026-06-09,49423838
2026-05-08,desktop,JUN prior forecasts,2026,1,2026-06-09,2026-06-09,49370297
2026-05-09,desktop,JUN prior forecasts,2026,1,2026-06-09,2026-06-09,49326150
2026-05-10,desktop,JUN prior forecasts,2026,1,2026-06-09,2026-06-09,49272470
2026-05-11,desktop,JUN prior forecasts,2026,1,2026-06-09,2026-06-09,49223940
2026-05-12,desktop,JUN prior forecasts,2026,1,2026-06-09,2026-06-09,49193713
2026-05-13,desktop,JUN prior forecasts,2026,1,2026-06-09,2026-06-09,49139002
2026-05-14,desktop,JUN prior forecasts,2026,1,2026-06-09,2026-06-09,48876304
2026-05-15,desktop,JUN prior forecasts,2026,1,2026-06-09,2026-06-09,48733810
2026-05-16,desktop,JUN prior forecasts,2026,1,2026-06-09,2026-06-09,48689450
2026-05-17,desktop,JUN prior forecasts,2026,1,2026-06-09,2026-06-09,48647951
2026-05-18,desktop,JUN prior forecasts,2026,1,2026-06-09,2026-06-09,48588861
2026-05-19,desktop,JUN prior forecasts,2026,1,2026-06-09,2026-06-09,48589825
2026-05-20,desktop,JUN prior forecasts,2026,1,2026-06-09,2026-06-09,48568822
2026-05-21,desktop,JUN prior forecasts,2026,1,2026-06-09,2026-06-09,48539934
2026-05-22,desktop,JUN prior forecasts,2026,1,2026-06-09,2026-06-09,48502594
2026-05-23,desktop,JUN prior forecasts,2026,1,2026-06-09,2026-06-09,48475368
2026-05-24,desktop,JUN prior forecasts,2026,1,2026-06-09,2026-06-09,48395850
2026-05-25,desktop,JUN prior forecasts,2026,1,2026-06-09,2026-06-09,48110582
2026-01-01,mobile,JUN prior forecasts,2026,1,2026-06-09,2026-06-09,15552901
2026-01-02,mobile,JUN prior forecasts,2026,1,2026-06-09,2026-06-09,15541705
2026-01-03,mobile,JUN prior forecasts,2026,1,2026-06-09,2026-06-09,15537893
2026-01-04,mobile,JUN prior forecasts,2026,1,2026-06-09,2026-06-09,15537341
2026-01-05,mobile,JUN prior forecasts,2026,1,2026-06-09,2026-06-09,15531877
2026-01-06,mobile,JUN prior forecasts,2026,1,2026-06-09,2026-06-09,15524093
2026-01-07,mobile,JUN prior forecasts,2026,1,2026-06-09,2026-06-09,15516583
2026-01-08,mobile,JUN prior forecasts,2026,1,2026-06-09,2026-06-09,15511757
2026-01-09,mobile,JUN prior forecasts,2026,1,2026-06-09,2026-06-09,15509316
2026-01-10,mobile,JUN prior forecasts,2026,1,2026-06-09,2026-06-09,15512447
2026-01-11,mobile,JUN prior forecasts,2026,1,2026-06-09,2026-06-09,15517619
2026-01-12,mobile,JUN prior forecasts,2026,1,2026-06-09,2026-06-09,15523002
2026-01-13,mobile,JUN prior forecasts,2026,1,2026-06-09,2026-06-09,15529179
2026-01-14,mobile,JUN prior forecasts,2026,1,2026-06-09,2026-06-09,15536596
2026-01-15,mobile,JUN prior forecasts,2026,1,2026-06-09,2026-06-09,15544991
2026-01-16,mobile,JUN prior forecasts,2026,1,2026-06-09,2026-06-09,15551536
2026-01-17,mobile,JUN prior forecasts,2026,1,2026-06-09,2026-06-09,15561708
2026-01-18,mobile,JUN prior forecasts,2026,1,2026-06-09,2026-06-09,15572490
2026-01-19,mobile,JUN prior forecasts,2026,1,2026-06-09,2026-06-09,15584475
2026-01-20,mobile,JUN prior forecasts,2026,1,2026-06-09,2026-06-09,15599792
2026-01-21,mobile,JUN prior forecasts,2026,1,2026-06-09,2026-06-09,15622278
2026-01-22,mobile,JUN prior forecasts,2026,1,2026-06-09,2026-06-09,15658338
2026-01-23,mobile,JUN prior forecasts,2026,1,2026-06-09,2026-06-09,15676879
2026-01-24,mobile,JUN prior forecasts,2026,1,2026-06-09,2026-06-09,15691706
2026-01-25,mobile,JUN prior forecasts,2026,1,2026-06-09,2026-06-09,15705828
2026-01-26,mobile,JUN prior forecasts,2026,1,2026-06-09,2026-06-09,15718124
2026-01-27,mobile,JUN prior forecasts,2026,1,2026-06-09,2026-06-09,15733296
2026-01-28,mobile,JUN prior forecasts,2026,1,2026-06-09,2026-06-09,15751955
2026-01-29,mobile,JUN prior forecasts,2026,1,2026-06-09,2026-06-09,15772581
2026-01-30,mobile,JUN prior forecasts,2026,1,2026-06-09,2026-06-09,15787185
2026-01-31,mobile,JUN prior forecasts,2026,1,2026-06-09,2026-06-09,
2026-02-01,mobile,JUN prior forecasts,2026,1,2026-06-09,2026-06-09,15508646
2026-02-02,mobile,JUN prior forecasts,2026,1,2026-06-09,2026-06-09,15500735
2026-02-03,mobile,JUN prior forecasts,2026,1,2026-06-09,2026-06-09,15513630
2026-02-04,mobile,JUN prior forecasts,2026,1,2026-06-09,2026-06-09,15528623
2026-02-05,mobile,JUN prior forecasts,2026,1,2026-06-09,2026-06-09,15556923
2026-02-06,mobile,JUN prior forecasts,2026,1,2026-06-09,2026-06-09,15583924
2026-02-07,mobile,JUN prior forecasts,2026,1,2026-06-09,2026-06-09,15612552
2026-02-08,mobile,JUN prior forecasts,2026,1,2026-06-09,2026-06-09,15641457
2026-02-09,mobile,JUN prior forecasts,2026,1,2026-06-09,2026-06-09,15670228
2026-02-10,mobile,JUN prior forecasts,2026,1,2026-06-09,2026-06-09,15697343
2026-02-11,mobile,JUN prior forecasts,2026,1,2026-06-09,2026-06-09,15721369
2026-02-12,mobile,JUN prior forecasts,2026,1,2026-06-09,2026-06-09,15744423
2026-02-13,mobile,JUN prior forecasts,2026,1,2026-06-09,2026-06-09,15763999
2026-02-14,mobile,JUN prior forecasts,2026,1,2026-06-09,2026-06-09,15790314
2026-02-15,mobile,JUN prior forecasts,2026,1,2026-06-09,2026-06-09,15814911
2026-02-16,mobile,JUN prior forecasts,2026,1,2026-06-09,2026-06-09,15838402
2026-02-17,mobile,JUN prior forecasts,2026,1,2026-06-09,2026-06-09,15862538
2026-02-18,mobile,JUN prior forecasts,2026,1,2026-06-09,2026-06-09,15883983
2026-02-19,mobile,JUN prior forecasts,2026,1,2026-06-09,2026-06-09,15903660
2026-02-20,mobile,JUN prior forecasts,2026,1,2026-06-09,2026-06-09,15900163
2026-02-21,mobile,JUN prior forecasts,2026,1,2026-06-09,2026-06-09,15906669
2026-02-22,mobile,JUN prior forecasts,2026,1,2026-06-09,2026-06-09,15913347
2026-02-23,mobile,JUN prior forecasts,2026,1,2026-06-09,2026-06-09,15921890
2026-02-24,mobile,JUN prior forecasts,2026,1,2026-06-09,2026-06-09,15928267
2026-02-25,mobile,JUN prior forecasts,2026,1,2026-06-09,2026-06-09,15934413
2026-02-26,mobile,JUN prior forecasts,2026,1,2026-06-09,2026-06-09,15939934
2026-02-27,mobile,JUN prior forecasts,2026,1,2026-06-09,2026-06-09,15945364
2026-02-28,mobile,JUN prior forecasts,2026,1,2026-06-09,2026-06-09,
2026-03-01,mobile,JUN prior forecasts,2026,1,2026-06-09,2026-06-09,15843992
2026-03-02,mobile,JUN prior forecasts,2026,1,2026-06-09,2026-06-09,15844468
2026-03-03,mobile,JUN prior forecasts,2026,1,2026-06-09,2026-06-09,15843509
2026-03-04,mobile,JUN prior forecasts,2026,1,2026-06-09,2026-06-09,15841108
2026-03-05,mobile,JUN prior forecasts,2026,1,2026-06-09,2026-06-09,15838995
2026-03-06,mobile,JUN prior forecasts,2026,1,2026-06-09,2026-06-09,15838346
2026-03-07,mobile,JUN prior forecasts,2026,1,2026-06-09,2026-06-09,15841902
2026-03-08,mobile,JUN prior forecasts,2026,1,2026-06-09,2026-06-09,15846744
2026-03-09,mobile,JUN prior forecasts,2026,1,2026-06-09,2026-06-09,15844840
2026-03-10,mobile,JUN prior forecasts,2026,1,2026-06-09,2026-06-09,15840826
2026-03-11,mobile,JUN prior forecasts,2026,1,2026-06-09,2026-06-09,15840137
2026-03-12,mobile,JUN prior forecasts,2026,1,2026-06-09,2026-06-09,15838734
2026-03-13,mobile,JUN prior forecasts,2026,1,2026-06-09,2026-06-09,15839292
2026-03-14,mobile,JUN prior forecasts,2026,1,2026-06-09,2026-06-09,15845405
2026-03-15,mobile,JUN prior forecasts,2026,1,2026-06-09,2026-06-09,15855662
2026-03-16,mobile,JUN prior forecasts,2026,1,2026-06-09,2026-06-09,15861523
2026-03-17,mobile,JUN prior forecasts,2026,1,2026-06-09,2026-06-09,15869021
2026-03-18,mobile,JUN prior forecasts,2026,1,2026-06-09,2026-06-09,15872583
2026-03-19,mobile,JUN prior forecasts,2026,1,2026-06-09,2026-06-09,15875019
2026-03-20,mobile,JUN prior forecasts,2026,1,2026-06-09,2026-06-09,15871096
2026-03-21,mobile,JUN prior forecasts,2026,1,2026-06-09,2026-06-09,15870017
2026-03-22,mobile,JUN prior forecasts,2026,1,2026-06-09,2026-06-09,15871479
2026-03-23,mobile,JUN prior forecasts,2026,1,2026-06-09,2026-06-09,15867608
2026-03-24,mobile,JUN prior forecasts,2026,1,2026-06-09,2026-06-09,15863725
2026-03-25,mobile,JUN prior forecasts,2026,1,2026-06-09,2026-06-09,15861779
2026-03-26,mobile,JUN prior forecasts,2026,1,2026-06-09,2026-06-09,15858770
2026-03-27,mobile,JUN prior forecasts,2026,1,2026-06-09,2026-06-09,15854189
2026-03-28,mobile,JUN prior forecasts,2026,1,2026-06-09,2026-06-09,15849951
2026-03-29,mobile,JUN prior forecasts,2026,1,2026-06-09,2026-06-09,15845945
2026-03-30,mobile,JUN prior forecasts,2026,1,2026-06-09,2026-06-09,15840448
2026-03-31,mobile,JUN prior forecasts,2026,1,2026-06-09,2026-06-09,
2026-04-01,mobile,JUN prior forecasts,2026,1,2026-06-09,2026-06-09,15791144
2026-04-02,mobile,JUN prior forecasts,2026,1,2026-06-09,2026-06-09,15784109
2026-04-03,mobile,JUN prior forecasts,2026,1,2026-06-09,2026-06-09,15773620
2026-04-04,mobile,JUN prior forecasts,2026,1,2026-06-09,2026-06-09,15772703
2026-04-05,mobile,JUN prior forecasts,2026,1,2026-06-09,2026-06-09,15766338
2026-04-06,mobile,JUN prior forecasts,2026,1,2026-06-09,2026-06-09,15764425
2026-04-07,mobile,JUN prior forecasts,2026,1,2026-06-09,2026-06-09,15765369
2026-04-08,mobile,JUN prior forecasts,2026,1,2026-06-09,2026-06-09,15763993
2026-04-09,mobile,JUN prior forecasts,2026,1,2026-06-09,2026-06-09,15763957
2026-04-10,mobile,JUN prior forecasts,2026,1,2026-06-09,2026-06-09,15765046
2026-04-11,mobile,JUN prior forecasts,2026,1,2026-06-09,2026-06-09,15766321
2026-04-12,mobile,JUN prior forecasts,2026,1,2026-06-09,2026-06-09,15768509
2026-04-13,mobile,JUN prior forecasts,2026,1,2026-06-09,2026-06-09,15769219
2026-04-14,mobile,JUN prior forecasts,2026,1,2026-06-09,2026-06-09,15770939
2026-04-15,mobile,JUN prior forecasts,2026,1,2026-06-09,2026-06-09,15777380
2026-04-16,mobile,JUN prior forecasts,2026,1,2026-06-09,2026-06-09,15786112
2026-04-17,mobile,JUN prior forecasts,2026,1,2026-06-09,2026-06-09,15797077
2026-04-18,mobile,JUN prior forecasts,2026,1,2026-06-09,2026-06-09,15811381
2026-04-19,mobile,JUN prior forecasts,2026,1,2026-06-09,2026-06-09,15821384
2026-04-20,mobile,JUN prior forecasts,2026,1,2026-06-09,2026-06-09,15829401
2026-04-21,mobile,JUN prior forecasts,2026,1,2026-06-09,2026-06-09,15833747
2026-04-22,mobile,JUN prior forecasts,2026,1,2026-06-09,2026-06-09,15835240
2026-04-23,mobile,JUN prior forecasts,2026,1,2026-06-09,2026-06-09,15837023
2026-04-24,mobile,JUN prior forecasts,2026,1,2026-06-09,2026-06-09,15838596
2026-04-25,mobile,JUN prior forecasts,2026,1,2026-06-09,2026-06-09,15841629
2026-04-26,mobile,JUN prior forecasts,2026,1,2026-06-09,2026-06-09,15847844
2026-04-27,mobile,JUN prior forecasts,2026,1,2026-06-09,2026-06-09,15850762
2026-04-28,mobile,JUN prior forecasts,2026,1,2026-06-09,2026-06-09,15851624
2026-04-29,mobile,JUN prior forecasts,2026,1,2026-06-09,2026-06-09,15855485
2026-04-30,mobile,JUN prior forecasts,2026,1,2026-06-09,2026-06-09,15865203
2026-05-01,mobile,JUN prior forecasts,2026,1,2026-06-09,2026-06-09,15874846
2026-05-02,mobile,JUN prior forecasts,2026,1,2026-06-09,2026-06-09,15879357
2026-05-03,mobile,JUN prior forecasts,2026,1,2026-06-09,2026-06-09,15889405
2026-05-04,mobile,JUN prior forecasts,2026,1,2026-06-09,2026-06-09,15895477
2026-05-05,mobile,JUN prior forecasts,2026,1,2026-06-09,2026-06-09,15899876
2026-05-06,mobile,JUN prior forecasts,2026,1,2026-06-09,2026-06-09,15901314
2026-05-07,mobile,JUN prior forecasts,2026,1,2026-06-09,2026-06-09,15902211
2026-05-08,mobile,JUN prior forecasts,2026,1,2026-06-09,2026-06-09,15902274
2026-05-09,mobile,JUN prior forecasts,2026,1,2026-06-09,2026-06-09,15903788
2026-05-10,mobile,JUN prior forecasts,2026,1,2026-06-09,2026-06-09,15903420
2026-05-11,mobile,JUN prior forecasts,2026,1,2026-06-09,2026-06-09,15905758
2026-05-12,mobile,JUN prior forecasts,2026,1,2026-06-09,2026-06-09,15907630
2026-05-13,mobile,JUN prior forecasts,2026,1,2026-06-09,2026-06-09,15907833
2026-05-14,mobile,JUN prior forecasts,2026,1,2026-06-09,2026-06-09,15901431
2026-05-15,mobile,JUN prior forecasts,2026,1,2026-06-09,2026-06-09,15899700
2026-05-16,mobile,JUN prior forecasts,2026,1,2026-06-09,2026-06-09,15901558
2026-05-17,mobile,JUN prior forecasts,2026,1,2026-06-09,2026-06-09,15903657
2026-05-18,mobile,JUN prior forecasts,2026,1,2026-06-09,2026-06-09,15904492
2026-05-19,mobile,JUN prior forecasts,2026,1,2026-06-09,2026-06-09,15907243
2026-05-20,mobile,JUN prior forecasts,2026,1,2026-06-09,2026-06-09,15909507
2026-05-21,mobile,JUN prior forecasts,2026,1,2026-06-09,2026-06-09,15911462
2026-05-22,mobile,JUN prior forecasts,2026,1,2026-06-09,2026-06-09,15912389
2026-05-23,mobile,JUN prior forecasts,2026,1,2026-06-09,2026-06-09,15914880
2026-05-24,mobile,JUN prior forecasts,2026,1,2026-06-09,2026-06-09,15914357
2026-05-25,mobile,JUN prior forecasts,2026,1,2026-06-09,2026-06-09,15909460
2026-05-26,desktop,JUN forecast,2026,1,2026-06-09,2026-06-09,48391048
2026-05-27,desktop,JUN forecast,2026,1,2026-06-09,2026-06-09,48399638
2026-05-28,desktop,JUN forecast,2026,1,2026-06-09,2026-06-09,48346247
2026-05-29,desktop,JUN forecast,2026,1,2026-06-09,2026-06-09,48773492
2026-05-30,desktop,JUN forecast,2026,1,2026-06-09,2026-06-09,48806682
2026-05-31,desktop,JUN forecast,2026,1,2026-06-09,2026-06-09,48788356
2026-06-01,desktop,JUN forecast,2026,1,2026-06-09,2026-06-09,48724178
2026-06-02,desktop,JUN forecast,2026,1,2026-06-09,2026-06-09,48648874
2026-06-03,desktop,JUN forecast,2026,1,2026-06-09,2026-06-09,48556419
2026-06-04,desktop,JUN forecast,2026,1,2026-06-09,2026-06-09,48450397
2026-06-05,desktop,JUN forecast,2026,1,2026-06-09,2026-06-09,48362928
2026-06-06,desktop,JUN forecast,2026,1,2026-06-09,2026-06-09,48326579
2026-06-07,desktop,JUN forecast,2026,1,2026-06-09,2026-06-09,48304983
2026-06-08,desktop,JUN forecast,2026,1,2026-06-09,2026-06-09,48248334
2026-06-09,desktop,JUN forecast,2026,1,2026-06-09,2026-06-09,48184700
2026-06-10,desktop,JUN forecast,2026,1,2026-06-09,2026-06-09,48165981
2026-06-11,desktop,JUN forecast,2026,1,2026-06-09,2026-06-09,48301608
2026-06-12,desktop,JUN forecast,2026,1,2026-06-09,2026-06-09,48299146
2026-06-13,desktop,JUN forecast,2026,1,2026-06-09,2026-06-09,48286469
2026-06-14,desktop,JUN forecast,2026,1,2026-06-09,2026-06-09,48272733
2026-06-15,desktop,JUN forecast,2026,1,2026-06-09,2026-06-09,48207976
2026-06-16,desktop,JUN forecast,2026,1,2026-06-09,2026-06-09,48142187
2026-06-17,desktop,JUN forecast,2026,1,2026-06-09,2026-06-09,48079001
2026-06-18,desktop,JUN forecast,2026,1,2026-06-09,2026-06-09,48006915
2026-06-19,desktop,JUN forecast,2026,1,2026-06-09,2026-06-09,47907061
2026-06-20,desktop,JUN forecast,2026,1,2026-06-09,2026-06-09,47916740
2026-06-21,desktop,JUN forecast,2026,1,2026-06-09,2026-06-09,47960670
2026-06-22,desktop,JUN forecast,2026,1,2026-06-09,2026-06-09,47937274
2026-06-23,desktop,JUN forecast,2026,1,2026-06-09,2026-06-09,47900414
2026-06-24,desktop,JUN forecast,2026,1,2026-06-09,2026-06-09,47881407
2026-06-25,desktop,JUN forecast,2026,1,2026-06-09,2026-06-09,47825240
2026-06-26,desktop,JUN forecast,2026,1,2026-06-09,2026-06-09,47778068
2026-06-27,desktop,JUN forecast,2026,1,2026-06-09,2026-06-09,47725512
2026-06-28,desktop,JUN forecast,2026,1,2026-06-09,2026-06-09,47687116
2026-06-29,desktop,JUN forecast,2026,1,2026-06-09,2026-06-09,47658762
2026-06-30,desktop,JUN forecast,2026,1,2026-06-09,2026-06-09,47598033
2026-07-01,desktop,JUN forecast,2026,1,2026-06-09,2026-06-09,47524832
2026-07-02,desktop,JUN forecast,2026,1,2026-06-09,2026-06-09,47595728
2026-07-03,desktop,JUN forecast,2026,1,2026-06-09,2026-06-09,47525201
2026-07-04,desktop,JUN forecast,2026,1,2026-06-09,2026-06-09,47386694
2026-07-05,desktop,JUN forecast,2026,1,2026-06-09,2026-06-09,47282814
2026-07-06,desktop,JUN forecast,2026,1,2026-06-09,2026-06-09,47183049
2026-07-07,desktop,JUN forecast,2026,1,2026-06-09,2026-06-09,47072417
2026-07-08,desktop,JUN forecast,2026,1,2026-06-09,2026-06-09,46961404
2026-07-09,desktop,JUN forecast,2026,1,2026-06-09,2026-06-09,46840804
2026-07-10,desktop,JUN forecast,2026,1,2026-06-09,2026-06-09,46737472
2026-07-11,desktop,JUN forecast,2026,1,2026-06-09,2026-06-09,46621246
2026-07-12,desktop,JUN forecast,2026,1,2026-06-09,2026-06-09,46505346
2026-07-13,desktop,JUN forecast,2026,1,2026-06-09,2026-06-09,46380646
2026-07-14,desktop,JUN forecast,2026,1,2026-06-09,2026-06-09,46262314
2026-07-15,desktop,JUN forecast,2026,1,2026-06-09,2026-06-09,46153096
2026-07-16,desktop,JUN forecast,2026,1,2026-06-09,2026-06-09,46039246
2026-07-17,desktop,JUN forecast,2026,1,2026-06-09,2026-06-09,45948590
2026-07-18,desktop,JUN forecast,2026,1,2026-06-09,2026-06-09,45835688
2026-07-19,desktop,JUN forecast,2026,1,2026-06-09,2026-06-09,45726139
2026-07-20,desktop,JUN forecast,2026,1,2026-06-09,2026-06-09,45610262
2026-07-21,desktop,JUN forecast,2026,1,2026-06-09,2026-06-09,45511220
2026-07-22,desktop,JUN forecast,2026,1,2026-06-09,2026-06-09,45432595
2026-07-23,desktop,JUN forecast,2026,1,2026-06-09,2026-06-09,45354995
2026-07-24,desktop,JUN forecast,2026,1,2026-06-09,2026-06-09,45254279
2026-07-25,desktop,JUN forecast,2026,1,2026-06-09,2026-06-09,45153825
2026-07-26,desktop,JUN forecast,2026,1,2026-06-09,2026-06-09,45061578
2026-07-27,desktop,JUN forecast,2026,1,2026-06-09,2026-06-09,44966678
2026-07-28,desktop,JUN forecast,2026,1,2026-06-09,2026-06-09,44868816
2026-07-29,desktop,JUN forecast,2026,1,2026-06-09,2026-06-09,44776646
2026-07-30,desktop,JUN forecast,2026,1,2026-06-09,2026-06-09,44691021
2026-07-31,desktop,JUN forecast,2026,1,2026-06-09,2026-06-09,44663596
2026-08-01,desktop,JUN forecast,2026,1,2026-06-09,2026-06-09,44628962
2026-08-02,desktop,JUN forecast,2026,1,2026-06-09,2026-06-09,44548810
2026-08-03,desktop,JUN forecast,2026,1,2026-06-09,2026-06-09,44438018
2026-08-04,desktop,JUN forecast,2026,1,2026-06-09,2026-06-09,44354835
2026-08-05,desktop,JUN forecast,2026,1,2026-06-09,2026-06-09,44265103
2026-08-06,desktop,JUN forecast,2026,1,2026-06-09,2026-06-09,44192276
2026-08-07,desktop,JUN forecast,2026,1,2026-06-09,2026-06-09,44116044
2026-08-08,desktop,JUN forecast,2026,1,2026-06-09,2026-06-09,44040831
2026-08-09,desktop,JUN forecast,2026,1,2026-06-09,2026-06-09,43966478
2026-08-10,desktop,JUN forecast,2026,1,2026-06-09,2026-06-09,43879680
2026-08-11,desktop,JUN forecast,2026,1,2026-06-09,2026-06-09,43786695
2026-08-12,desktop,JUN forecast,2026,1,2026-06-09,2026-06-09,43686872
2026-08-13,desktop,JUN forecast,2026,1,2026-06-09,2026-06-09,43586178
2026-08-14,desktop,JUN forecast,2026,1,2026-06-09,2026-06-09,43476688
2026-08-15,desktop,JUN forecast,2026,1,2026-06-09,2026-06-09,43300112
2026-08-16,desktop,JUN forecast,2026,1,2026-06-09,2026-06-09,43233784
2026-08-17,desktop,JUN forecast,2026,1,2026-06-09,2026-06-09,43148519
2026-08-18,desktop,JUN forecast,2026,1,2026-06-09,2026-06-09,43091775
2026-08-19,desktop,JUN forecast,2026,1,2026-06-09,2026-06-09,43047584
2026-08-20,desktop,JUN forecast,2026,1,2026-06-09,2026-06-09,43008681
2026-08-21,desktop,JUN forecast,2026,1,2026-06-09,2026-06-09,42982478
2026-08-22,desktop,JUN forecast,2026,1,2026-06-09,2026-06-09,42977750
2026-08-23,desktop,JUN forecast,2026,1,2026-06-09,2026-06-09,42979042
2026-08-24,desktop,JUN forecast,2026,1,2026-06-09,2026-06-09,42986360
2026-08-25,desktop,JUN forecast,2026,1,2026-06-09,2026-06-09,42980020
2026-08-26,desktop,JUN forecast,2026,1,2026-06-09,2026-06-09,43006571
2026-08-27,desktop,JUN forecast,2026,1,2026-06-09,2026-06-09,43049774
2026-08-28,desktop,JUN forecast,2026,1,2026-06-09,2026-06-09,43081683
2026-08-29,desktop,JUN forecast,2026,1,2026-06-09,2026-06-09,43142118
2026-08-30,desktop,JUN forecast,2026,1,2026-06-09,2026-06-09,43200767
2026-08-31,desktop,JUN forecast,2026,1,2026-06-09,2026-06-09,43309108
2026-09-01,desktop,JUN forecast,2026,1,2026-06-09,2026-06-09,43398014
2026-09-02,desktop,JUN forecast,2026,1,2026-06-09,2026-06-09,43503105
2026-09-03,desktop,JUN forecast,2026,1,2026-06-09,2026-06-09,43602774
2026-09-04,desktop,JUN forecast,2026,1,2026-06-09,2026-06-09,43695142
2026-09-05,desktop,JUN forecast,2026,1,2026-06-09,2026-06-09,43811693
2026-09-06,desktop,JUN forecast,2026,1,2026-06-09,2026-06-09,43930084
2026-09-07,desktop,JUN forecast,2026,1,2026-06-09,2026-06-09,43946690
2026-09-08,desktop,JUN forecast,2026,1,2026-06-09,2026-06-09,44109610
2026-09-09,desktop,JUN forecast,2026,1,2026-06-09,2026-06-09,44286631
2026-09-10,desktop,JUN forecast,2026,1,2026-06-09,2026-06-09,44472743
2026-09-11,desktop,JUN forecast,2026,1,2026-06-09,2026-06-09,44671109
2026-09-12,desktop,JUN forecast,2026,1,2026-06-09,2026-06-09,44941144
2026-09-13,desktop,JUN forecast,2026,1,2026-06-09,2026-06-09,45103888
2026-09-14,desktop,JUN forecast,2026,1,2026-06-09,2026-06-09,45269922
2026-09-15,desktop,JUN forecast,2026,1,2026-06-09,2026-06-09,45425817
2026-09-16,desktop,JUN forecast,2026,1,2026-06-09,2026-06-09,45555817
2026-09-17,desktop,JUN forecast,2026,1,2026-06-09,2026-06-09,45695357
2026-09-18,desktop,JUN forecast,2026,1,2026-06-09,2026-06-09,45833001
2026-09-19,desktop,JUN forecast,2026,1,2026-06-09,2026-06-09,45958470
2026-09-20,desktop,JUN forecast,2026,1,2026-06-09,2026-06-09,46080366
2026-09-21,desktop,JUN forecast,2026,1,2026-06-09,2026-06-09,46192516
2026-09-22,desktop,JUN forecast,2026,1,2026-06-09,2026-06-09,46333991
2026-09-23,desktop,JUN forecast,2026,1,2026-06-09,2026-06-09,46442295
2026-09-24,desktop,JUN forecast,2026,1,2026-06-09,2026-06-09,46540484
2026-09-25,desktop,JUN forecast,2026,1,2026-06-09,2026-06-09,46652925
2026-09-26,desktop,JUN forecast,2026,1,2026-06-09,2026-06-09,46746392
2026-09-27,desktop,JUN forecast,2026,1,2026-06-09,2026-06-09,46852298
2026-09-28,desktop,JUN forecast,2026,1,2026-06-09,2026-06-09,46929090
2026-09-29,desktop,JUN forecast,2026,1,2026-06-09,2026-06-09,46998377
2026-09-30,desktop,JUN forecast,2026,1,2026-06-09,2026-06-09,47061796
2026-10-01,desktop,JUN forecast,2026,1,2026-06-09,2026-06-09,47119895
2026-10-02,desktop,JUN forecast,2026,1,2026-06-09,2026-06-09,47142393
2026-10-03,desktop,JUN forecast,2026,1,2026-06-09,2026-06-09,47173384
2026-10-04,desktop,JUN forecast,2026,1,2026-06-09,2026-06-09,47223002
2026-10-05,desktop,JUN forecast,2026,1,2026-06-09,2026-06-09,47398695
2026-10-06,desktop,JUN forecast,2026,1,2026-06-09,2026-06-09,47440691
2026-10-07,desktop,JUN forecast,2026,1,2026-06-09,2026-06-09,47457987
2026-10-08,desktop,JUN forecast,2026,1,2026-06-09,2026-06-09,47481890
2026-10-09,desktop,JUN forecast,2026,1,2026-06-09,2026-06-09,47512317
2026-10-10,desktop,JUN forecast,2026,1,2026-06-09,2026-06-09,47536160
2026-10-11,desktop,JUN forecast,2026,1,2026-06-09,2026-06-09,47550582
2026-10-12,desktop,JUN forecast,2026,1,2026-06-09,2026-06-09,47517943
2026-10-13,desktop,JUN forecast,2026,1,2026-06-09,2026-06-09,47529797
2026-10-14,desktop,JUN forecast,2026,1,2026-06-09,2026-06-09,47566691
2026-10-15,desktop,JUN forecast,2026,1,2026-06-09,2026-06-09,47594182
2026-10-16,desktop,JUN forecast,2026,1,2026-06-09,2026-06-09,47608902
2026-10-17,desktop,JUN forecast,2026,1,2026-06-09,2026-06-09,47616750
2026-10-18,desktop,JUN forecast,2026,1,2026-06-09,2026-06-09,47621001
2026-10-19,desktop,JUN forecast,2026,1,2026-06-09,2026-06-09,47617108
2026-10-20,desktop,JUN forecast,2026,1,2026-06-09,2026-06-09,47590885
2026-10-21,desktop,JUN forecast,2026,1,2026-06-09,2026-06-09,47589473
2026-10-22,desktop,JUN forecast,2026,1,2026-06-09,2026-06-09,47588005
2026-10-23,desktop,JUN forecast,2026,1,2026-06-09,2026-06-09,47596178
2026-10-24,desktop,JUN forecast,2026,1,2026-06-09,2026-06-09,47596719
2026-10-25,desktop,JUN forecast,2026,1,2026-06-09,2026-06-09,47591590
2026-10-26,desktop,JUN forecast,2026,1,2026-06-09,2026-06-09,47590775
2026-10-27,desktop,JUN forecast,2026,1,2026-06-09,2026-06-09,47586525
2026-10-28,desktop,JUN forecast,2026,1,2026-06-09,2026-06-09,47579923
2026-10-29,desktop,JUN forecast,2026,1,2026-06-09,2026-06-09,47581218
2026-10-30,desktop,JUN forecast,2026,1,2026-06-09,2026-06-09,47622354
2026-10-31,desktop,JUN forecast,2026,1,2026-06-09,2026-06-09,47623713
2026-11-01,desktop,JUN forecast,2026,1,2026-06-09,2026-06-09,47508302
2026-11-02,desktop,JUN forecast,2026,1,2026-06-09,2026-06-09,47479340
2026-11-03,desktop,JUN forecast,2026,1,2026-06-09,2026-06-09,47487360
2026-11-04,desktop,JUN forecast,2026,1,2026-06-09,2026-06-09,47499527
2026-11-05,desktop,JUN forecast,2026,1,2026-06-09,2026-06-09,47516783
2026-11-06,desktop,JUN forecast,2026,1,2026-06-09,2026-06-09,47523807
2026-11-07,desktop,JUN forecast,2026,1,2026-06-09,2026-06-09,47532403
2026-11-08,desktop,JUN forecast,2026,1,2026-06-09,2026-06-09,47525507
2026-11-09,desktop,JUN forecast,2026,1,2026-06-09,2026-06-09,47587560
2026-11-10,desktop,JUN forecast,2026,1,2026-06-09,2026-06-09,47588308
2026-11-11,desktop,JUN forecast,2026,1,2026-06-09,2026-06-09,47542248
2026-11-12,desktop,JUN forecast,2026,1,2026-06-09,2026-06-09,47547069
2026-11-13,desktop,JUN forecast,2026,1,2026-06-09,2026-06-09,47564466
2026-11-14,desktop,JUN forecast,2026,1,2026-06-09,2026-06-09,47599483
2026-11-15,desktop,JUN forecast,2026,1,2026-06-09,2026-06-09,47616677
2026-11-16,desktop,JUN forecast,2026,1,2026-06-09,2026-06-09,47651729
2026-11-17,desktop,JUN forecast,2026,1,2026-06-09,2026-06-09,47714009
2026-11-18,desktop,JUN forecast,2026,1,2026-06-09,2026-06-09,47762869
2026-11-19,desktop,JUN forecast,2026,1,2026-06-09,2026-06-09,47809530
2026-11-20,desktop,JUN forecast,2026,1,2026-06-09,2026-06-09,47807853
2026-11-21,desktop,JUN forecast,2026,1,2026-06-09,2026-06-09,47845952
2026-11-22,desktop,JUN forecast,2026,1,2026-06-09,2026-06-09,47887339
2026-11-23,desktop,JUN forecast,2026,1,2026-06-09,2026-06-09,47910409
2026-11-24,desktop,JUN forecast,2026,1,2026-06-09,2026-06-09,47952769
2026-11-25,desktop,JUN forecast,2026,1,2026-06-09,2026-06-09,47979092
2026-11-26,desktop,JUN forecast,2026,1,2026-06-09,2026-06-09,47924696
2026-11-27,desktop,JUN forecast,2026,1,2026-06-09,2026-06-09,47869287
2026-11-28,desktop,JUN forecast,2026,1,2026-06-09,2026-06-09,47903843
2026-11-29,desktop,JUN forecast,2026,1,2026-06-09,2026-06-09,48059279
2026-11-30,desktop,JUN forecast,2026,1,2026-06-09,2026-06-09,48131387
2026-12-01,desktop,JUN forecast,2026,1,2026-06-09,2026-06-09,48169164
2026-12-02,desktop,JUN forecast,2026,1,2026-06-09,2026-06-09,48204748
2026-12-03,desktop,JUN forecast,2026,1,2026-06-09,2026-06-09,48225374
2026-12-04,desktop,JUN forecast,2026,1,2026-06-09,2026-06-09,48248168
2026-12-05,desktop,JUN forecast,2026,1,2026-06-09,2026-06-09,48271352
2026-12-06,desktop,JUN forecast,2026,1,2026-06-09,2026-06-09,48308602
2026-12-07,desktop,JUN forecast,2026,1,2026-06-09,2026-06-09,48338636
2026-12-08,desktop,JUN forecast,2026,1,2026-06-09,2026-06-09,48342964
2026-12-09,desktop,JUN forecast,2026,1,2026-06-09,2026-06-09,48401056
2026-12-10,desktop,JUN forecast,2026,1,2026-06-09,2026-06-09,48403426
2026-12-11,desktop,JUN forecast,2026,1,2026-06-09,2026-06-09,48401504
2026-12-12,desktop,JUN forecast,2026,1,2026-06-09,2026-06-09,48377738
2026-12-13,desktop,JUN forecast,2026,1,2026-06-09,2026-06-09,48368912
2026-12-14,desktop,JUN forecast,2026,1,2026-06-09,2026-06-09,48362894
2026-12-15,desktop,JUN forecast,2026,1,2026-06-09,2026-06-09,48334362
2026-12-16,desktop,JUN forecast,2026,1,2026-06-09,2026-06-09,48290350
2026-12-17,desktop,JUN forecast,2026,1,2026-06-09,2026-06-09,48237629
2026-12-18,desktop,JUN forecast,2026,1,2026-06-09,2026-06-09,48230634
2026-12-19,desktop,JUN forecast,2026,1,2026-06-09,2026-06-09,48171338
2026-12-20,desktop,JUN forecast,2026,1,2026-06-09,2026-06-09,48097273
2026-12-21,desktop,JUN forecast,2026,1,2026-06-09,2026-06-09,47944990
2026-12-22,desktop,JUN forecast,2026,1,2026-06-09,2026-06-09,47757308
2026-12-23,desktop,JUN forecast,2026,1,2026-06-09,2026-06-09,47518798
2026-12-24,desktop,JUN forecast,2026,1,2026-06-09,2026-06-09,47068383
2026-12-25,desktop,JUN forecast,2026,1,2026-06-09,2026-06-09,46309095
2026-12-26,desktop,JUN forecast,2026,1,2026-06-09,2026-06-09,45910368
2026-12-27,desktop,JUN forecast,2026,1,2026-06-09,2026-06-09,45620914
2026-12-28,desktop,JUN forecast,2026,1,2026-06-09,2026-06-09,45193061
2026-12-29,desktop,JUN forecast,2026,1,2026-06-09,2026-06-09,44867660
2026-12-30,desktop,JUN forecast,2026,1,2026-06-09,2026-06-09,44491974
2026-12-31,desktop,JUN forecast,2026,1,2026-06-09,2026-06-09,43857646
2026-05-26,mobile,JUN forecast,2026,1,2026-06-09,2026-06-09,16343403
2026-05-27,mobile,JUN forecast,2026,1,2026-06-09,2026-06-09,16356861
2026-05-28,mobile,JUN forecast,2026,1,2026-06-09,2026-06-09,16368496
2026-05-29,mobile,JUN forecast,2026,1,2026-06-09,2026-06-09,16395370
2026-05-30,mobile,JUN forecast,2026,1,2026-06-09,2026-06-09,16410093
2026-05-31,mobile,JUN forecast,2026,1,2026-06-09,2026-06-09,16420892
2026-06-01,mobile,JUN forecast,2026,1,2026-06-09,2026-06-09,16428534
2026-06-02,mobile,JUN forecast,2026,1,2026-06-09,2026-06-09,16433744
2026-06-03,mobile,JUN forecast,2026,1,2026-06-09,2026-06-09,16439305
2026-06-04,mobile,JUN forecast,2026,1,2026-06-09,2026-06-09,16446293
2026-06-05,mobile,JUN forecast,2026,1,2026-06-09,2026-06-09,16454406
2026-06-06,mobile,JUN forecast,2026,1,2026-06-09,2026-06-09,16464900
2026-06-07,mobile,JUN forecast,2026,1,2026-06-09,2026-06-09,16473733
2026-06-08,mobile,JUN forecast,2026,1,2026-06-09,2026-06-09,16481570
2026-06-09,mobile,JUN forecast,2026,1,2026-06-09,2026-06-09,16489945
2026-06-10,mobile,JUN forecast,2026,1,2026-06-09,2026-06-09,16501347
2026-06-11,mobile,JUN forecast,2026,1,2026-06-09,2026-06-09,16516347
2026-06-12,mobile,JUN forecast,2026,1,2026-06-09,2026-06-09,16526054
2026-06-13,mobile,JUN forecast,2026,1,2026-06-09,2026-06-09,16533892
2026-06-14,mobile,JUN forecast,2026,1,2026-06-09,2026-06-09,16542349
2026-06-15,mobile,JUN forecast,2026,1,2026-06-09,2026-06-09,16551030
2026-06-16,mobile,JUN forecast,2026,1,2026-06-09,2026-06-09,16559188
2026-06-17,mobile,JUN forecast,2026,1,2026-06-09,2026-06-09,16566886
2026-06-18,mobile,JUN forecast,2026,1,2026-06-09,2026-06-09,16574535
2026-06-19,mobile,JUN forecast,2026,1,2026-06-09,2026-06-09,16581528
2026-06-20,mobile,JUN forecast,2026,1,2026-06-09,2026-06-09,16592706
2026-06-21,mobile,JUN forecast,2026,1,2026-06-09,2026-06-09,16606430
2026-06-22,mobile,JUN forecast,2026,1,2026-06-09,2026-06-09,16616218
2026-06-23,mobile,JUN forecast,2026,1,2026-06-09,2026-06-09,16622778
2026-06-24,mobile,JUN forecast,2026,1,2026-06-09,2026-06-09,16630389
2026-06-25,mobile,JUN forecast,2026,1,2026-06-09,2026-06-09,16633311
2026-06-26,mobile,JUN forecast,2026,1,2026-06-09,2026-06-09,16638515
2026-06-27,mobile,JUN forecast,2026,1,2026-06-09,2026-06-09,16643147
2026-06-28,mobile,JUN forecast,2026,1,2026-06-09,2026-06-09,16645946
2026-06-29,mobile,JUN forecast,2026,1,2026-06-09,2026-06-09,16650085
2026-06-30,mobile,JUN forecast,2026,1,2026-06-09,2026-06-09,16653960
2026-07-01,mobile,JUN forecast,2026,1,2026-06-09,2026-06-09,16657934
2026-07-02,mobile,JUN forecast,2026,1,2026-06-09,2026-06-09,16666148
2026-07-03,mobile,JUN forecast,2026,1,2026-06-09,2026-06-09,16669191
2026-07-04,mobile,JUN forecast,2026,1,2026-06-09,2026-06-09,16667928
2026-07-05,mobile,JUN forecast,2026,1,2026-06-09,2026-06-09,16668432
2026-07-06,mobile,JUN forecast,2026,1,2026-06-09,2026-06-09,16668851
2026-07-07,mobile,JUN forecast,2026,1,2026-06-09,2026-06-09,16668335
2026-07-08,mobile,JUN forecast,2026,1,2026-06-09,2026-06-09,16667917
2026-07-09,mobile,JUN forecast,2026,1,2026-06-09,2026-06-09,16667052
2026-07-10,mobile,JUN forecast,2026,1,2026-06-09,2026-06-09,16666098
2026-07-11,mobile,JUN forecast,2026,1,2026-06-09,2026-06-09,16664752
2026-07-12,mobile,JUN forecast,2026,1,2026-06-09,2026-06-09,16663384
2026-07-13,mobile,JUN forecast,2026,1,2026-06-09,2026-06-09,16662261
2026-07-14,mobile,JUN forecast,2026,1,2026-06-09,2026-06-09,16659974
2026-07-15,mobile,JUN forecast,2026,1,2026-06-09,2026-06-09,16657342
2026-07-16,mobile,JUN forecast,2026,1,2026-06-09,2026-06-09,16654838
2026-07-17,mobile,JUN forecast,2026,1,2026-06-09,2026-06-09,16652157
2026-07-18,mobile,JUN forecast,2026,1,2026-06-09,2026-06-09,16649276
2026-07-19,mobile,JUN forecast,2026,1,2026-06-09,2026-06-09,16647111
2026-07-20,mobile,JUN forecast,2026,1,2026-06-09,2026-06-09,16644758
2026-07-21,mobile,JUN forecast,2026,1,2026-06-09,2026-06-09,16643253
2026-07-22,mobile,JUN forecast,2026,1,2026-06-09,2026-06-09,16643812
2026-07-23,mobile,JUN forecast,2026,1,2026-06-09,2026-06-09,16645384
2026-07-24,mobile,JUN forecast,2026,1,2026-06-09,2026-06-09,16643472
2026-07-25,mobile,JUN forecast,2026,1,2026-06-09,2026-06-09,16641752
2026-07-26,mobile,JUN forecast,2026,1,2026-06-09,2026-06-09,16641926
2026-07-27,mobile,JUN forecast,2026,1,2026-06-09,2026-06-09,16640905
2026-07-28,mobile,JUN forecast,2026,1,2026-06-09,2026-06-09,16639748
2026-07-29,mobile,JUN forecast,2026,1,2026-06-09,2026-06-09,16638515
2026-07-30,mobile,JUN forecast,2026,1,2026-06-09,2026-06-09,16637495
2026-07-31,mobile,JUN forecast,2026,1,2026-06-09,2026-06-09,16638189
2026-08-01,mobile,JUN forecast,2026,1,2026-06-09,2026-06-09,16639203
2026-08-02,mobile,JUN forecast,2026,1,2026-06-09,2026-06-09,16638180
2026-08-03,mobile,JUN forecast,2026,1,2026-06-09,2026-06-09,16636164
2026-08-04,mobile,JUN forecast,2026,1,2026-06-09,2026-06-09,16636555
2026-08-05,mobile,JUN forecast,2026,1,2026-06-09,2026-06-09,16635679
2026-08-06,mobile,JUN forecast,2026,1,2026-06-09,2026-06-09,16635961
2026-08-07,mobile,JUN forecast,2026,1,2026-06-09,2026-06-09,16635963
2026-08-08,mobile,JUN forecast,2026,1,2026-06-09,2026-06-09,16636127
2026-08-09,mobile,JUN forecast,2026,1,2026-06-09,2026-06-09,16637001
2026-08-10,mobile,JUN forecast,2026,1,2026-06-09,2026-06-09,16637807
2026-08-11,mobile,JUN forecast,2026,1,2026-06-09,2026-06-09,16636976
2026-08-12,mobile,JUN forecast,2026,1,2026-06-09,2026-06-09,16637668
2026-08-13,mobile,JUN forecast,2026,1,2026-06-09,2026-06-09,16637488
2026-08-14,mobile,JUN forecast,2026,1,2026-06-09,2026-06-09,16638821
2026-08-15,mobile,JUN forecast,2026,1,2026-06-09,2026-06-09,16637734
2026-08-16,mobile,JUN forecast,2026,1,2026-06-09,2026-06-09,16639797
2026-08-17,mobile,JUN forecast,2026,1,2026-06-09,2026-06-09,16641535
2026-08-18,mobile,JUN forecast,2026,1,2026-06-09,2026-06-09,16644269
2026-08-19,mobile,JUN forecast,2026,1,2026-06-09,2026-06-09,16647404
2026-08-20,mobile,JUN forecast,2026,1,2026-06-09,2026-06-09,16651012
2026-08-21,mobile,JUN forecast,2026,1,2026-06-09,2026-06-09,16653671
2026-08-22,mobile,JUN forecast,2026,1,2026-06-09,2026-06-09,16657418
2026-08-23,mobile,JUN forecast,2026,1,2026-06-09,2026-06-09,16662208
2026-08-24,mobile,JUN forecast,2026,1,2026-06-09,2026-06-09,16667714
2026-08-25,mobile,JUN forecast,2026,1,2026-06-09,2026-06-09,16672581
2026-08-26,mobile,JUN forecast,2026,1,2026-06-09,2026-06-09,16678499
2026-08-27,mobile,JUN forecast,2026,1,2026-06-09,2026-06-09,16685025
2026-08-28,mobile,JUN forecast,2026,1,2026-06-09,2026-06-09,16689475
2026-08-29,mobile,JUN forecast,2026,1,2026-06-09,2026-06-09,16696809
2026-08-30,mobile,JUN forecast,2026,1,2026-06-09,2026-06-09,16701782
2026-08-31,mobile,JUN forecast,2026,1,2026-06-09,2026-06-09,16710478
2026-09-01,mobile,JUN forecast,2026,1,2026-06-09,2026-06-09,16717908
2026-09-02,mobile,JUN forecast,2026,1,2026-06-09,2026-06-09,16726551
2026-09-03,mobile,JUN forecast,2026,1,2026-06-09,2026-06-09,16734074
2026-09-04,mobile,JUN forecast,2026,1,2026-06-09,2026-06-09,16741274
2026-09-05,mobile,JUN forecast,2026,1,2026-06-09,2026-06-09,16750380
2026-09-06,mobile,JUN forecast,2026,1,2026-06-09,2026-06-09,16758862
2026-09-07,mobile,JUN forecast,2026,1,2026-06-09,2026-06-09,16766841
2026-09-08,mobile,JUN forecast,2026,1,2026-06-09,2026-06-09,16778814
2026-09-09,mobile,JUN forecast,2026,1,2026-06-09,2026-06-09,16789183
2026-09-10,mobile,JUN forecast,2026,1,2026-06-09,2026-06-09,16801146
2026-09-11,mobile,JUN forecast,2026,1,2026-06-09,2026-06-09,16811030
2026-09-12,mobile,JUN forecast,2026,1,2026-06-09,2026-06-09,16824380
2026-09-13,mobile,JUN forecast,2026,1,2026-06-09,2026-06-09,16834907
2026-09-14,mobile,JUN forecast,2026,1,2026-06-09,2026-06-09,16843330
2026-09-15,mobile,JUN forecast,2026,1,2026-06-09,2026-06-09,16854284
2026-09-16,mobile,JUN forecast,2026,1,2026-06-09,2026-06-09,16863206
2026-09-17,mobile,JUN forecast,2026,1,2026-06-09,2026-06-09,16873012
2026-09-18,mobile,JUN forecast,2026,1,2026-06-09,2026-06-09,16884026
2026-09-19,mobile,JUN forecast,2026,1,2026-06-09,2026-06-09,16894511
2026-09-20,mobile,JUN forecast,2026,1,2026-06-09,2026-06-09,16904111
2026-09-21,mobile,JUN forecast,2026,1,2026-06-09,2026-06-09,16913360
2026-09-22,mobile,JUN forecast,2026,1,2026-06-09,2026-06-09,16923464
2026-09-23,mobile,JUN forecast,2026,1,2026-06-09,2026-06-09,16932688
2026-09-24,mobile,JUN forecast,2026,1,2026-06-09,2026-06-09,16940944
2026-09-25,mobile,JUN forecast,2026,1,2026-06-09,2026-06-09,16952084
2026-09-26,mobile,JUN forecast,2026,1,2026-06-09,2026-06-09,16960060
2026-09-27,mobile,JUN forecast,2026,1,2026-06-09,2026-06-09,16970829
2026-09-28,mobile,JUN forecast,2026,1,2026-06-09,2026-06-09,16979217
2026-09-29,mobile,JUN forecast,2026,1,2026-06-09,2026-06-09,16986027
2026-09-30,mobile,JUN forecast,2026,1,2026-06-09,2026-06-09,16992469
2026-10-01,mobile,JUN forecast,2026,1,2026-06-09,2026-06-09,16997413
2026-10-02,mobile,JUN forecast,2026,1,2026-06-09,2026-06-09,17003167
2026-10-03,mobile,JUN forecast,2026,1,2026-06-09,2026-06-09,17007686
2026-10-04,mobile,JUN forecast,2026,1,2026-06-09,2026-06-09,17013075
2026-10-05,mobile,JUN forecast,2026,1,2026-06-09,2026-06-09,17019748
2026-10-06,mobile,JUN forecast,2026,1,2026-06-09,2026-06-09,17024168
2026-10-07,mobile,JUN forecast,2026,1,2026-06-09,2026-06-09,17027941
2026-10-08,mobile,JUN forecast,2026,1,2026-06-09,2026-06-09,17032911
2026-10-09,mobile,JUN forecast,2026,1,2026-06-09,2026-06-09,17038690
2026-10-10,mobile,JUN forecast,2026,1,2026-06-09,2026-06-09,17043340
2026-10-11,mobile,JUN forecast,2026,1,2026-06-09,2026-06-09,17047312
2026-10-12,mobile,JUN forecast,2026,1,2026-06-09,2026-06-09,17053005
2026-10-13,mobile,JUN forecast,2026,1,2026-06-09,2026-06-09,17057137
2026-10-14,mobile,JUN forecast,2026,1,2026-06-09,2026-06-09,17063540
2026-10-15,mobile,JUN forecast,2026,1,2026-06-09,2026-06-09,17069313
2026-10-16,mobile,JUN forecast,2026,1,2026-06-09,2026-06-09,17074211
2026-10-17,mobile,JUN forecast,2026,1,2026-06-09,2026-06-09,17078278
2026-10-18,mobile,JUN forecast,2026,1,2026-06-09,2026-06-09,17081515
2026-10-19,mobile,JUN forecast,2026,1,2026-06-09,2026-06-09,17083794
2026-10-20,mobile,JUN forecast,2026,1,2026-06-09,2026-06-09,17085563
2026-10-21,mobile,JUN forecast,2026,1,2026-06-09,2026-06-09,17090233
2026-10-22,mobile,JUN forecast,2026,1,2026-06-09,2026-06-09,17095003
2026-10-23,mobile,JUN forecast,2026,1,2026-06-09,2026-06-09,17100526
2026-10-24,mobile,JUN forecast,2026,1,2026-06-09,2026-06-09,17106020
2026-10-25,mobile,JUN forecast,2026,1,2026-06-09,2026-06-09,17111237
2026-10-26,mobile,JUN forecast,2026,1,2026-06-09,2026-06-09,17116882
2026-10-27,mobile,JUN forecast,2026,1,2026-06-09,2026-06-09,17122779
2026-10-28,mobile,JUN forecast,2026,1,2026-06-09,2026-06-09,17128693
2026-10-29,mobile,JUN forecast,2026,1,2026-06-09,2026-06-09,17136919
2026-10-30,mobile,JUN forecast,2026,1,2026-06-09,2026-06-09,17144784
2026-10-31,mobile,JUN forecast,2026,1,2026-06-09,2026-06-09,17151772
2026-11-01,mobile,JUN forecast,2026,1,2026-06-09,2026-06-09,17156053
2026-11-02,mobile,JUN forecast,2026,1,2026-06-09,2026-06-09,17160602
2026-11-03,mobile,JUN forecast,2026,1,2026-06-09,2026-06-09,17167493
2026-11-04,mobile,JUN forecast,2026,1,2026-06-09,2026-06-09,17174567
2026-11-05,mobile,JUN forecast,2026,1,2026-06-09,2026-06-09,17180452
2026-11-06,mobile,JUN forecast,2026,1,2026-06-09,2026-06-09,17184796
2026-11-07,mobile,JUN forecast,2026,1,2026-06-09,2026-06-09,17189366
2026-11-08,mobile,JUN forecast,2026,1,2026-06-09,2026-06-09,17190875
2026-11-09,mobile,JUN forecast,2026,1,2026-06-09,2026-06-09,17195162
2026-11-10,mobile,JUN forecast,2026,1,2026-06-09,2026-06-09,17199424
2026-11-11,mobile,JUN forecast,2026,1,2026-06-09,2026-06-09,17203167
2026-11-12,mobile,JUN forecast,2026,1,2026-06-09,2026-06-09,17207450
2026-11-13,mobile,JUN forecast,2026,1,2026-06-09,2026-06-09,17212658
2026-11-14,mobile,JUN forecast,2026,1,2026-06-09,2026-06-09,17219563
2026-11-15,mobile,JUN forecast,2026,1,2026-06-09,2026-06-09,17227114
2026-11-16,mobile,JUN forecast,2026,1,2026-06-09,2026-06-09,17236549
2026-11-17,mobile,JUN forecast,2026,1,2026-06-09,2026-06-09,17246218
2026-11-18,mobile,JUN forecast,2026,1,2026-06-09,2026-06-09,17253334
2026-11-19,mobile,JUN forecast,2026,1,2026-06-09,2026-06-09,17261821
2026-11-20,mobile,JUN forecast,2026,1,2026-06-09,2026-06-09,17268485
2026-11-21,mobile,JUN forecast,2026,1,2026-06-09,2026-06-09,17277108
2026-11-22,mobile,JUN forecast,2026,1,2026-06-09,2026-06-09,17286074
2026-11-23,mobile,JUN forecast,2026,1,2026-06-09,2026-06-09,17294504
2026-11-24,mobile,JUN forecast,2026,1,2026-06-09,2026-06-09,17304301
2026-11-25,mobile,JUN forecast,2026,1,2026-06-09,2026-06-09,17314910
2026-11-26,mobile,JUN forecast,2026,1,2026-06-09,2026-06-09,17319558
2026-11-27,mobile,JUN forecast,2026,1,2026-06-09,2026-06-09,17330157
2026-11-28,mobile,JUN forecast,2026,1,2026-06-09,2026-06-09,17341215
2026-11-29,mobile,JUN forecast,2026,1,2026-06-09,2026-06-09,17354546
2026-11-30,mobile,JUN forecast,2026,1,2026-06-09,2026-06-09,17367045
2026-12-01,mobile,JUN forecast,2026,1,2026-06-09,2026-06-09,17377894
2026-12-02,mobile,JUN forecast,2026,1,2026-06-09,2026-06-09,17389193
2026-12-03,mobile,JUN forecast,2026,1,2026-06-09,2026-06-09,17399916
2026-12-04,mobile,JUN forecast,2026,1,2026-06-09,2026-06-09,17411687
2026-12-05,mobile,JUN forecast,2026,1,2026-06-09,2026-06-09,17424154
2026-12-06,mobile,JUN forecast,2026,1,2026-06-09,2026-06-09,17439355
2026-12-07,mobile,JUN forecast,2026,1,2026-06-09,2026-06-09,17451525
2026-12-08,mobile,JUN forecast,2026,1,2026-06-09,2026-06-09,17461801
2026-12-09,mobile,JUN forecast,2026,1,2026-06-09,2026-06-09,17471949
2026-12-10,mobile,JUN forecast,2026,1,2026-06-09,2026-06-09,17480675
2026-12-11,mobile,JUN forecast,2026,1,2026-06-09,2026-06-09,17489672
2026-12-12,mobile,JUN forecast,2026,1,2026-06-09,2026-06-09,17495910
2026-12-13,mobile,JUN forecast,2026,1,2026-06-09,2026-06-09,17501748
2026-12-14,mobile,JUN forecast,2026,1,2026-06-09,2026-06-09,17507196
2026-12-15,mobile,JUN forecast,2026,1,2026-06-09,2026-06-09,17511100
2026-12-16,mobile,JUN forecast,2026,1,2026-06-09,2026-06-09,17514437
2026-12-17,mobile,JUN forecast,2026,1,2026-06-09,2026-06-09,17515143
2026-12-18,mobile,JUN forecast,2026,1,2026-06-09,2026-06-09,17516085
2026-12-19,mobile,JUN forecast,2026,1,2026-06-09,2026-06-09,17515105
2026-12-20,mobile,JUN forecast,2026,1,2026-06-09,2026-06-09,17512126
2026-12-21,mobile,JUN forecast,2026,1,2026-06-09,2026-06-09,17508941
2026-12-22,mobile,JUN forecast,2026,1,2026-06-09,2026-06-09,17501247
2026-12-23,mobile,JUN forecast,2026,1,2026-06-09,2026-06-09,17493131
2026-12-24,mobile,JUN forecast,2026,1,2026-06-09,2026-06-09,17467551
2026-12-25,mobile,JUN forecast,2026,1,2026-06-09,2026-06-09,17419909
2026-12-26,mobile,JUN forecast,2026,1,2026-06-09,2026-06-09,17402842
2026-12-27,mobile,JUN forecast,2026,1,2026-06-09,2026-06-09,17393950
2026-12-28,mobile,JUN forecast,2026,1,2026-06-09,2026-06-09,17384776
2026-12-29,mobile,JUN forecast,2026,1,2026-06-09,2026-06-09,17375801
2026-12-30,mobile,JUN forecast,2026,1,2026-06-09,2026-06-09,17365603
2026-12-31,mobile,JUN forecast,2026,1,2026-06-09,2026-06-09,17342037
2026-01-01,desktop,AUG prior forecasts,2026,1,2026-07-06,2026-07-06,46372491
2026-01-02,desktop,AUG prior forecasts,2026,1,2026-07-06,2026-07-06,46203053
2026-01-03,desktop,AUG prior forecasts,2026,1,2026-07-06,2026-07-06,46054939
2026-01-04,desktop,AUG prior forecasts,2026,1,2026-07-06,2026-07-06,45938235
2026-01-05,desktop,AUG prior forecasts,2026,1,2026-07-06,2026-07-06,45970240
2026-01-06,desktop,AUG prior forecasts,2026,1,2026-07-06,2026-07-06,45890491
2026-01-07,desktop,AUG prior forecasts,2026,1,2026-07-06,2026-07-06,45870175
2026-01-08,desktop,AUG prior forecasts,2026,1,2026-07-06,2026-07-06,45878879
2026-01-09,desktop,AUG prior forecasts,2026,1,2026-07-06,2026-07-06,45890815
2026-01-10,desktop,AUG prior forecasts,2026,1,2026-07-06,2026-07-06,45843441
2026-01-11,desktop,AUG prior forecasts,2026,1,2026-07-06,2026-07-06,45798644
2026-01-12,desktop,AUG prior forecasts,2026,1,2026-07-06,2026-07-06,45829117
2026-01-13,desktop,AUG prior forecasts,2026,1,2026-07-06,2026-07-06,45873885
2026-01-14,desktop,AUG prior forecasts,2026,1,2026-07-06,2026-07-06,45933096
2026-01-15,desktop,AUG prior forecasts,2026,1,2026-07-06,2026-07-06,45998626
2026-01-16,desktop,AUG prior forecasts,2026,1,2026-07-06,2026-07-06,46047274
2026-01-17,desktop,AUG prior forecasts,2026,1,2026-07-06,2026-07-06,46145492
2026-01-18,desktop,AUG prior forecasts,2026,1,2026-07-06,2026-07-06,46271564
2026-01-19,desktop,AUG prior forecasts,2026,1,2026-07-06,2026-07-06,46473709
2026-01-20,desktop,AUG prior forecasts,2026,1,2026-07-06,2026-07-06,47334469
2026-01-21,desktop,AUG prior forecasts,2026,1,2026-07-06,2026-07-06,47776396
2026-01-22,desktop,AUG prior forecasts,2026,1,2026-07-06,2026-07-06,48458426
2026-01-23,desktop,AUG prior forecasts,2026,1,2026-07-06,2026-07-06,48899366
2026-01-24,desktop,AUG prior forecasts,2026,1,2026-07-06,2026-07-06,49141808
2026-01-25,desktop,AUG prior forecasts,2026,1,2026-07-06,2026-07-06,49362596
2026-01-26,desktop,AUG prior forecasts,2026,1,2026-07-06,2026-07-06,49665395
2026-01-27,desktop,AUG prior forecasts,2026,1,2026-07-06,2026-07-06,50014779
2026-01-28,desktop,AUG prior forecasts,2026,1,2026-07-06,2026-07-06,50473323
2026-01-29,desktop,AUG prior forecasts,2026,1,2026-07-06,2026-07-06,51045597
2026-01-30,desktop,AUG prior forecasts,2026,1,2026-07-06,2026-07-06,51293145
2026-01-31,desktop,AUG prior forecasts,2026,1,2026-07-06,2026-07-06,
2026-02-01,desktop,AUG prior forecasts,2026,1,2026-07-06,2026-07-06,50575226
2026-02-02,desktop,AUG prior forecasts,2026,1,2026-07-06,2026-07-06,50678442
2026-02-03,desktop,AUG prior forecasts,2026,1,2026-07-06,2026-07-06,50858835
2026-02-04,desktop,AUG prior forecasts,2026,1,2026-07-06,2026-07-06,50966620
2026-02-05,desktop,AUG prior forecasts,2026,1,2026-07-06,2026-07-06,51053648
2026-02-06,desktop,AUG prior forecasts,2026,1,2026-07-06,2026-07-06,51124187
2026-02-07,desktop,AUG prior forecasts,2026,1,2026-07-06,2026-07-06,51184885
2026-02-08,desktop,AUG prior forecasts,2026,1,2026-07-06,2026-07-06,51249650
2026-02-09,desktop,AUG prior forecasts,2026,1,2026-07-06,2026-07-06,51313102
2026-02-10,desktop,AUG prior forecasts,2026,1,2026-07-06,2026-07-06,51354569
2026-02-11,desktop,AUG prior forecasts,2026,1,2026-07-06,2026-07-06,51384895
2026-02-12,desktop,AUG prior forecasts,2026,1,2026-07-06,2026-07-06,51414392
2026-02-13,desktop,AUG prior forecasts,2026,1,2026-07-06,2026-07-06,51449284
2026-02-14,desktop,AUG prior forecasts,2026,1,2026-07-06,2026-07-06,51463641
2026-02-15,desktop,AUG prior forecasts,2026,1,2026-07-06,2026-07-06,51448035
2026-02-16,desktop,AUG prior forecasts,2026,1,2026-07-06,2026-07-06,51337111
2026-02-17,desktop,AUG prior forecasts,2026,1,2026-07-06,2026-07-06,51247334
2026-02-18,desktop,AUG prior forecasts,2026,1,2026-07-06,2026-07-06,51220618
2026-02-19,desktop,AUG prior forecasts,2026,1,2026-07-06,2026-07-06,51213319
2026-02-20,desktop,AUG prior forecasts,2026,1,2026-07-06,2026-07-06,51173216
2026-02-21,desktop,AUG prior forecasts,2026,1,2026-07-06,2026-07-06,51135342
2026-02-22,desktop,AUG prior forecasts,2026,1,2026-07-06,2026-07-06,51110747
2026-02-23,desktop,AUG prior forecasts,2026,1,2026-07-06,2026-07-06,51080672
2026-02-24,desktop,AUG prior forecasts,2026,1,2026-07-06,2026-07-06,51050385
2026-02-25,desktop,AUG prior forecasts,2026,1,2026-07-06,2026-07-06,51025927
2026-02-26,desktop,AUG prior forecasts,2026,1,2026-07-06,2026-07-06,51009826
2026-02-27,desktop,AUG prior forecasts,2026,1,2026-07-06,2026-07-06,50995639
2026-02-28,desktop,AUG prior forecasts,2026,1,2026-07-06,2026-07-06,
2026-03-01,desktop,AUG prior forecasts,2026,1,2026-07-06,2026-07-06,50500544
2026-03-02,desktop,AUG prior forecasts,2026,1,2026-07-06,2026-07-06,50463614
2026-03-03,desktop,AUG prior forecasts,2026,1,2026-07-06,2026-07-06,50466231
2026-03-04,desktop,AUG prior forecasts,2026,1,2026-07-06,2026-07-06,50484616
2026-03-05,desktop,AUG prior forecasts,2026,1,2026-07-06,2026-07-06,50520748
2026-03-06,desktop,AUG prior forecasts,2026,1,2026-07-06,2026-07-06,50537439
2026-03-07,desktop,AUG prior forecasts,2026,1,2026-07-06,2026-07-06,50470411
2026-03-08,desktop,AUG prior forecasts,2026,1,2026-07-06,2026-07-06,50404551
2026-03-09,desktop,AUG prior forecasts,2026,1,2026-07-06,2026-07-06,50462109
2026-03-10,desktop,AUG prior forecasts,2026,1,2026-07-06,2026-07-06,50515025
2026-03-11,desktop,AUG prior forecasts,2026,1,2026-07-06,2026-07-06,50610041
2026-03-12,desktop,AUG prior forecasts,2026,1,2026-07-06,2026-07-06,50685986
2026-03-13,desktop,AUG prior forecasts,2026,1,2026-07-06,2026-07-06,50744642
2026-03-14,desktop,AUG prior forecasts,2026,1,2026-07-06,2026-07-06,50730529
2026-03-15,desktop,AUG prior forecasts,2026,1,2026-07-06,2026-07-06,50725363
2026-03-16,desktop,AUG prior forecasts,2026,1,2026-07-06,2026-07-06,50958016
2026-03-17,desktop,AUG prior forecasts,2026,1,2026-07-06,2026-07-06,51220676
2026-03-18,desktop,AUG prior forecasts,2026,1,2026-07-06,2026-07-06,51347064
2026-03-19,desktop,AUG prior forecasts,2026,1,2026-07-06,2026-07-06,51426104
2026-03-20,desktop,AUG prior forecasts,2026,1,2026-07-06,2026-07-06,51431277
2026-03-21,desktop,AUG prior forecasts,2026,1,2026-07-06,2026-07-06,51341032
2026-03-22,desktop,AUG prior forecasts,2026,1,2026-07-06,2026-07-06,51261043
2026-03-23,desktop,AUG prior forecasts,2026,1,2026-07-06,2026-07-06,51340359
2026-03-24,desktop,AUG prior forecasts,2026,1,2026-07-06,2026-07-06,51365096
2026-03-25,desktop,AUG prior forecasts,2026,1,2026-07-06,2026-07-06,51383630
2026-03-26,desktop,AUG prior forecasts,2026,1,2026-07-06,2026-07-06,51401284
2026-03-27,desktop,AUG prior forecasts,2026,1,2026-07-06,2026-07-06,51377807
2026-03-28,desktop,AUG prior forecasts,2026,1,2026-07-06,2026-07-06,51354092
2026-03-29,desktop,AUG prior forecasts,2026,1,2026-07-06,2026-07-06,51316576
2026-03-30,desktop,AUG prior forecasts,2026,1,2026-07-06,2026-07-06,51236829
2026-03-31,desktop,AUG prior forecasts,2026,1,2026-07-06,2026-07-06,
2026-04-01,desktop,AUG prior forecasts,2026,1,2026-07-06,2026-07-06,50155406
2026-04-02,desktop,AUG prior forecasts,2026,1,2026-07-06,2026-07-06,49892858
2026-04-03,desktop,AUG prior forecasts,2026,1,2026-07-06,2026-07-06,49387882
2026-04-04,desktop,AUG prior forecasts,2026,1,2026-07-06,2026-07-06,49367128
2026-04-05,desktop,AUG prior forecasts,2026,1,2026-07-06,2026-07-06,49332122
2026-04-06,desktop,AUG prior forecasts,2026,1,2026-07-06,2026-07-06,48893433
2026-04-07,desktop,AUG prior forecasts,2026,1,2026-07-06,2026-07-06,48774672
2026-04-08,desktop,AUG prior forecasts,2026,1,2026-07-06,2026-07-06,48655589
2026-04-09,desktop,AUG prior forecasts,2026,1,2026-07-06,2026-07-06,48546184
2026-04-10,desktop,AUG prior forecasts,2026,1,2026-07-06,2026-07-06,48470272
2026-04-11,desktop,AUG prior forecasts,2026,1,2026-07-06,2026-07-06,48560943
2026-04-12,desktop,AUG prior forecasts,2026,1,2026-07-06,2026-07-06,48679038
2026-04-13,desktop,AUG prior forecasts,2026,1,2026-07-06,2026-07-06,48621703
2026-04-14,desktop,AUG prior forecasts,2026,1,2026-07-06,2026-07-06,48574783
2026-04-15,desktop,AUG prior forecasts,2026,1,2026-07-06,2026-07-06,48565289
2026-04-16,desktop,AUG prior forecasts,2026,1,2026-07-06,2026-07-06,48621088
2026-04-17,desktop,AUG prior forecasts,2026,1,2026-07-06,2026-07-06,48713025
2026-04-18,desktop,AUG prior forecasts,2026,1,2026-07-06,2026-07-06,48910331
2026-04-19,desktop,AUG prior forecasts,2026,1,2026-07-06,2026-07-06,49094844
2026-04-20,desktop,AUG prior forecasts,2026,1,2026-07-06,2026-07-06,49133788
2026-04-21,desktop,AUG prior forecasts,2026,1,2026-07-06,2026-07-06,49100264
2026-04-22,desktop,AUG prior forecasts,2026,1,2026-07-06,2026-07-06,49044135
2026-04-23,desktop,AUG prior forecasts,2026,1,2026-07-06,2026-07-06,48984202
2026-04-24,desktop,AUG prior forecasts,2026,1,2026-07-06,2026-07-06,48933318
2026-04-25,desktop,AUG prior forecasts,2026,1,2026-07-06,2026-07-06,49005962
2026-04-26,desktop,AUG prior forecasts,2026,1,2026-07-06,2026-07-06,49114101
2026-04-27,desktop,AUG prior forecasts,2026,1,2026-07-06,2026-07-06,49049186
2026-04-28,desktop,AUG prior forecasts,2026,1,2026-07-06,2026-07-06,48980471
2026-04-29,desktop,AUG prior forecasts,2026,1,2026-07-06,2026-07-06,48995094
2026-04-30,desktop,AUG prior forecasts,2026,1,2026-07-06,2026-07-06,49104965
2026-05-01,desktop,AUG prior forecasts,2026,1,2026-07-06,2026-07-06,49121897
2026-05-02,desktop,AUG prior forecasts,2026,1,2026-07-06,2026-07-06,49131219
2026-05-03,desktop,AUG prior forecasts,2026,1,2026-07-06,2026-07-06,49202669
2026-05-04,desktop,AUG prior forecasts,2026,1,2026-07-06,2026-07-06,49519592
2026-05-05,desktop,AUG prior forecasts,2026,1,2026-07-06,2026-07-06,49489120
2026-05-06,desktop,AUG prior forecasts,2026,1,2026-07-06,2026-07-06,49452488
2026-05-07,desktop,AUG prior forecasts,2026,1,2026-07-06,2026-07-06,49423838
2026-05-08,desktop,AUG prior forecasts,2026,1,2026-07-06,2026-07-06,49370297
2026-05-09,desktop,AUG prior forecasts,2026,1,2026-07-06,2026-07-06,49326150
2026-05-10,desktop,AUG prior forecasts,2026,1,2026-07-06,2026-07-06,49272470
2026-05-11,desktop,AUG prior forecasts,2026,1,2026-07-06,2026-07-06,49223940
2026-05-12,desktop,AUG prior forecasts,2026,1,2026-07-06,2026-07-06,49193713
2026-05-13,desktop,AUG prior forecasts,2026,1,2026-07-06,2026-07-06,49139002
2026-05-14,desktop,AUG prior forecasts,2026,1,2026-07-06,2026-07-06,48876304
2026-05-15,desktop,AUG prior forecasts,2026,1,2026-07-06,2026-07-06,48733810
2026-05-16,desktop,AUG prior forecasts,2026,1,2026-07-06,2026-07-06,48689450
2026-05-17,desktop,AUG prior forecasts,2026,1,2026-07-06,2026-07-06,48647951
2026-05-18,desktop,AUG prior forecasts,2026,1,2026-07-06,2026-07-06,48588861
2026-05-19,desktop,AUG prior forecasts,2026,1,2026-07-06,2026-07-06,48589825
2026-05-20,desktop,AUG prior forecasts,2026,1,2026-07-06,2026-07-06,48568822
2026-05-21,desktop,AUG prior forecasts,2026,1,2026-07-06,2026-07-06,48539934
2026-05-22,desktop,AUG prior forecasts,2026,1,2026-07-06,2026-07-06,48502594
2026-05-23,desktop,AUG prior forecasts,2026,1,2026-07-06,2026-07-06,48475368
2026-05-24,desktop,AUG prior forecasts,2026,1,2026-07-06,2026-07-06,48395850
2026-05-25,desktop,AUG prior forecasts,2026,1,2026-07-06,2026-07-06,
2026-05-26,desktop,AUG prior forecasts,2026,1,2026-07-06,2026-07-06,48391048
2026-05-27,desktop,AUG prior forecasts,2026,1,2026-07-06,2026-07-06,48399638
2026-05-28,desktop,AUG prior forecasts,2026,1,2026-07-06,2026-07-06,48346247
2026-05-29,desktop,AUG prior forecasts,2026,1,2026-07-06,2026-07-06,48773492
2026-05-30,desktop,AUG prior forecasts,2026,1,2026-07-06,2026-07-06,48806682
2026-05-31,desktop,AUG prior forecasts,2026,1,2026-07-06,2026-07-06,48788356
2026-06-01,desktop,AUG prior forecasts,2026,1,2026-07-06,2026-07-06,48724178
2026-06-02,desktop,AUG prior forecasts,2026,1,2026-07-06,2026-07-06,48648874
2026-06-03,desktop,AUG prior forecasts,2026,1,2026-07-06,2026-07-06,48556419
2026-06-04,desktop,AUG prior forecasts,2026,1,2026-07-06,2026-07-06,48450397
2026-06-05,desktop,AUG prior forecasts,2026,1,2026-07-06,2026-07-06,48362928
2026-06-06,desktop,AUG prior forecasts,2026,1,2026-07-06,2026-07-06,48326579
2026-06-07,desktop,AUG prior forecasts,2026,1,2026-07-06,2026-07-06,48304983
2026-06-08,desktop,AUG prior forecasts,2026,1,2026-07-06,2026-07-06,48248334
2026-06-09,desktop,AUG prior forecasts,2026,1,2026-07-06,2026-07-06,48184700
2026-06-10,desktop,AUG prior forecasts,2026,1,2026-07-06,2026-07-06,48165981
2026-06-11,desktop,AUG prior forecasts,2026,1,2026-07-06,2026-07-06,48301608
2026-06-12,desktop,AUG prior forecasts,2026,1,2026-07-06,2026-07-06,48299146
2026-06-13,desktop,AUG prior forecasts,2026,1,2026-07-06,2026-07-06,48286469
2026-06-14,desktop,AUG prior forecasts,2026,1,2026-07-06,2026-07-06,48272733
2026-06-15,desktop,AUG prior forecasts,2026,1,2026-07-06,2026-07-06,48207976
2026-06-16,desktop,AUG prior forecasts,2026,1,2026-07-06,2026-07-06,48142187
2026-06-17,desktop,AUG prior forecasts,2026,1,2026-07-06,2026-07-06,48079001
2026-06-18,desktop,AUG prior forecasts,2026,1,2026-07-06,2026-07-06,48006915
2026-06-19,desktop,AUG prior forecasts,2026,1,2026-07-06,2026-07-06,47907061
2026-06-20,desktop,AUG prior forecasts,2026,1,2026-07-06,2026-07-06,47916740
2026-06-21,desktop,AUG prior forecasts,2026,1,2026-07-06,2026-07-06,47960670
2026-06-22,desktop,AUG prior forecasts,2026,1,2026-07-06,2026-07-06,47937274
2026-06-23,desktop,AUG prior forecasts,2026,1,2026-07-06,2026-07-06,47900414
2026-06-24,desktop,AUG prior forecasts,2026,1,2026-07-06,2026-07-06,47881407
2026-06-25,desktop,AUG prior forecasts,2026,1,2026-07-06,2026-07-06,47825240
2026-06-26,desktop,AUG prior forecasts,2026,1,2026-07-06,2026-07-06,47778068
2026-06-27,desktop,AUG prior forecasts,2026,1,2026-07-06,2026-07-06,47725512
2026-06-28,desktop,AUG prior forecasts,2026,1,2026-07-06,2026-07-06,47687116
2026-06-29,desktop,AUG prior forecasts,2026,1,2026-07-06,2026-07-06,47658762
2026-06-30,desktop,AUG prior forecasts,2026,1,2026-07-06,2026-07-06,47598033
2026-07-01,desktop,AUG prior forecasts,2026,1,2026-07-06,2026-07-06,47524832
2026-07-02,desktop,AUG prior forecasts,2026,1,2026-07-06,2026-07-06,47595728
2026-07-03,desktop,AUG prior forecasts,2026,1,2026-07-06,2026-07-06,47525201
2026-07-04,desktop,AUG prior forecasts,2026,1,2026-07-06,2026-07-06,47386694
2026-07-05,desktop,AUG prior forecasts,2026,1,2026-07-06,2026-07-06,47282814
2026-01-01,mobile,AUG prior forecasts,2026,1,2026-07-06,2026-07-06,15552901
2026-01-02,mobile,AUG prior forecasts,2026,1,2026-07-06,2026-07-06,15541705
2026-01-03,mobile,AUG prior forecasts,2026,1,2026-07-06,2026-07-06,15537893
2026-01-04,mobile,AUG prior forecasts,2026,1,2026-07-06,2026-07-06,15537341
2026-01-05,mobile,AUG prior forecasts,2026,1,2026-07-06,2026-07-06,15531877
2026-01-06,mobile,AUG prior forecasts,2026,1,2026-07-06,2026-07-06,15524093
2026-01-07,mobile,AUG prior forecasts,2026,1,2026-07-06,2026-07-06,15516583
2026-01-08,mobile,AUG prior forecasts,2026,1,2026-07-06,2026-07-06,15511757
2026-01-09,mobile,AUG prior forecasts,2026,1,2026-07-06,2026-07-06,15509316
2026-01-10,mobile,AUG prior forecasts,2026,1,2026-07-06,2026-07-06,15512447
2026-01-11,mobile,AUG prior forecasts,2026,1,2026-07-06,2026-07-06,15517619
2026-01-12,mobile,AUG prior forecasts,2026,1,2026-07-06,2026-07-06,15523002
2026-01-13,mobile,AUG prior forecasts,2026,1,2026-07-06,2026-07-06,15529179
2026-01-14,mobile,AUG prior forecasts,2026,1,2026-07-06,2026-07-06,15536596
2026-01-15,mobile,AUG prior forecasts,2026,1,2026-07-06,2026-07-06,15544991
2026-01-16,mobile,AUG prior forecasts,2026,1,2026-07-06,2026-07-06,15551536
2026-01-17,mobile,AUG prior forecasts,2026,1,2026-07-06,2026-07-06,15561708
2026-01-18,mobile,AUG prior forecasts,2026,1,2026-07-06,2026-07-06,15572490
2026-01-19,mobile,AUG prior forecasts,2026,1,2026-07-06,2026-07-06,15584475
2026-01-20,mobile,AUG prior forecasts,2026,1,2026-07-06,2026-07-06,15599792
2026-01-21,mobile,AUG prior forecasts,2026,1,2026-07-06,2026-07-06,15622278
2026-01-22,mobile,AUG prior forecasts,2026,1,2026-07-06,2026-07-06,15658338
2026-01-23,mobile,AUG prior forecasts,2026,1,2026-07-06,2026-07-06,15676879
2026-01-24,mobile,AUG prior forecasts,2026,1,2026-07-06,2026-07-06,15691706
2026-01-25,mobile,AUG prior forecasts,2026,1,2026-07-06,2026-07-06,15705828
2026-01-26,mobile,AUG prior forecasts,2026,1,2026-07-06,2026-07-06,15718124
2026-01-27,mobile,AUG prior forecasts,2026,1,2026-07-06,2026-07-06,15733296
2026-01-28,mobile,AUG prior forecasts,2026,1,2026-07-06,2026-07-06,15751955
2026-01-29,mobile,AUG prior forecasts,2026,1,2026-07-06,2026-07-06,15772581
2026-01-30,mobile,AUG prior forecasts,2026,1,2026-07-06,2026-07-06,15787185
2026-01-31,mobile,AUG prior forecasts,2026,1,2026-07-06,2026-07-06,
2026-02-01,mobile,AUG prior forecasts,2026,1,2026-07-06,2026-07-06,15508646
2026-02-02,mobile,AUG prior forecasts,2026,1,2026-07-06,2026-07-06,15500735
2026-02-03,mobile,AUG prior forecasts,2026,1,2026-07-06,2026-07-06,15513630
2026-02-04,mobile,AUG prior forecasts,2026,1,2026-07-06,2026-07-06,15528623
2026-02-05,mobile,AUG prior forecasts,2026,1,2026-07-06,2026-07-06,15556923
2026-02-06,mobile,AUG prior forecasts,2026,1,2026-07-06,2026-07-06,15583924
2026-02-07,mobile,AUG prior forecasts,2026,1,2026-07-06,2026-07-06,15612552
2026-02-08,mobile,AUG prior forecasts,2026,1,2026-07-06,2026-07-06,15641457
2026-02-09,mobile,AUG prior forecasts,2026,1,2026-07-06,2026-07-06,15670228
2026-02-10,mobile,AUG prior forecasts,2026,1,2026-07-06,2026-07-06,15697343
2026-02-11,mobile,AUG prior forecasts,2026,1,2026-07-06,2026-07-06,15721369
2026-02-12,mobile,AUG prior forecasts,2026,1,2026-07-06,2026-07-06,15744423
2026-02-13,mobile,AUG prior forecasts,2026,1,2026-07-06,2026-07-06,15763999
2026-02-14,mobile,AUG prior forecasts,2026,1,2026-07-06,2026-07-06,15790314
2026-02-15,mobile,AUG prior forecasts,2026,1,2026-07-06,2026-07-06,15814911
2026-02-16,mobile,AUG prior forecasts,2026,1,2026-07-06,2026-07-06,15838402
2026-02-17,mobile,AUG prior forecasts,2026,1,2026-07-06,2026-07-06,15862538
2026-02-18,mobile,AUG prior forecasts,2026,1,2026-07-06,2026-07-06,15883983
2026-02-19,mobile,AUG prior forecasts,2026,1,2026-07-06,2026-07-06,15903660
2026-02-20,mobile,AUG prior forecasts,2026,1,2026-07-06,2026-07-06,15900163
2026-02-21,mobile,AUG prior forecasts,2026,1,2026-07-06,2026-07-06,15906669
2026-02-22,mobile,AUG prior forecasts,2026,1,2026-07-06,2026-07-06,15913347
2026-02-23,mobile,AUG prior forecasts,2026,1,2026-07-06,2026-07-06,15921890
2026-02-24,mobile,AUG prior forecasts,2026,1,2026-07-06,2026-07-06,15928267
2026-02-25,mobile,AUG prior forecasts,2026,1,2026-07-06,2026-07-06,15934413
2026-02-26,mobile,AUG prior forecasts,2026,1,2026-07-06,2026-07-06,15939934
2026-02-27,mobile,AUG prior forecasts,2026,1,2026-07-06,2026-07-06,15945364
2026-02-28,mobile,AUG prior forecasts,2026,1,2026-07-06,2026-07-06,
2026-03-01,mobile,AUG prior forecasts,2026,1,2026-07-06,2026-07-06,15843992
2026-03-02,mobile,AUG prior forecasts,2026,1,2026-07-06,2026-07-06,15844468
2026-03-03,mobile,AUG prior forecasts,2026,1,2026-07-06,2026-07-06,15843509
2026-03-04,mobile,AUG prior forecasts,2026,1,2026-07-06,2026-07-06,15841108
2026-03-05,mobile,AUG prior forecasts,2026,1,2026-07-06,2026-07-06,15838995
2026-03-06,mobile,AUG prior forecasts,2026,1,2026-07-06,2026-07-06,15838346
2026-03-07,mobile,AUG prior forecasts,2026,1,2026-07-06,2026-07-06,15841902
2026-03-08,mobile,AUG prior forecasts,2026,1,2026-07-06,2026-07-06,15846744
2026-03-09,mobile,AUG prior forecasts,2026,1,2026-07-06,2026-07-06,15844840
2026-03-10,mobile,AUG prior forecasts,2026,1,2026-07-06,2026-07-06,15840826
2026-03-11,mobile,AUG prior forecasts,2026,1,2026-07-06,2026-07-06,15840137
2026-03-12,mobile,AUG prior forecasts,2026,1,2026-07-06,2026-07-06,15838734
2026-03-13,mobile,AUG prior forecasts,2026,1,2026-07-06,2026-07-06,15839292
2026-03-14,mobile,AUG prior forecasts,2026,1,2026-07-06,2026-07-06,15845405
2026-03-15,mobile,AUG prior forecasts,2026,1,2026-07-06,2026-07-06,15855662
2026-03-16,mobile,AUG prior forecasts,2026,1,2026-07-06,2026-07-06,15861523
2026-03-17,mobile,AUG prior forecasts,2026,1,2026-07-06,2026-07-06,15869021
2026-03-18,mobile,AUG prior forecasts,2026,1,2026-07-06,2026-07-06,15872583
2026-03-19,mobile,AUG prior forecasts,2026,1,2026-07-06,2026-07-06,15875019
2026-03-20,mobile,AUG prior forecasts,2026,1,2026-07-06,2026-07-06,15871096
2026-03-21,mobile,AUG prior forecasts,2026,1,2026-07-06,2026-07-06,15870017
2026-03-22,mobile,AUG prior forecasts,2026,1,2026-07-06,2026-07-06,15871479
2026-03-23,mobile,AUG prior forecasts,2026,1,2026-07-06,2026-07-06,15867608
2026-03-24,mobile,AUG prior forecasts,2026,1,2026-07-06,2026-07-06,15863725
2026-03-25,mobile,AUG prior forecasts,2026,1,2026-07-06,2026-07-06,15861779
2026-03-26,mobile,AUG prior forecasts,2026,1,2026-07-06,2026-07-06,15858770
2026-03-27,mobile,AUG prior forecasts,2026,1,2026-07-06,2026-07-06,15854189
2026-03-28,mobile,AUG prior forecasts,2026,1,2026-07-06,2026-07-06,15849951
2026-03-29,mobile,AUG prior forecasts,2026,1,2026-07-06,2026-07-06,15845945
2026-03-30,mobile,AUG prior forecasts,2026,1,2026-07-06,2026-07-06,15840448
2026-03-31,mobile,AUG prior forecasts,2026,1,2026-07-06,2026-07-06,
2026-04-01,mobile,AUG prior forecasts,2026,1,2026-07-06,2026-07-06,15791144
2026-04-02,mobile,AUG prior forecasts,2026,1,2026-07-06,2026-07-06,15784109
2026-04-03,mobile,AUG prior forecasts,2026,1,2026-07-06,2026-07-06,15773620
2026-04-04,mobile,AUG prior forecasts,2026,1,2026-07-06,2026-07-06,15772703
2026-04-05,mobile,AUG prior forecasts,2026,1,2026-07-06,2026-07-06,15766338
2026-04-06,mobile,AUG prior forecasts,2026,1,2026-07-06,2026-07-06,15764425
2026-04-07,mobile,AUG prior forecasts,2026,1,2026-07-06,2026-07-06,15765369
2026-04-08,mobile,AUG prior forecasts,2026,1,2026-07-06,2026-07-06,15763993
2026-04-09,mobile,AUG prior forecasts,2026,1,2026-07-06,2026-07-06,15763957
2026-04-10,mobile,AUG prior forecasts,2026,1,2026-07-06,2026-07-06,15765046
2026-04-11,mobile,AUG prior forecasts,2026,1,2026-07-06,2026-07-06,15766321
2026-04-12,mobile,AUG prior forecasts,2026,1,2026-07-06,2026-07-06,15768509
2026-04-13,mobile,AUG prior forecasts,2026,1,2026-07-06,2026-07-06,15769219
2026-04-14,mobile,AUG prior forecasts,2026,1,2026-07-06,2026-07-06,15770939
2026-04-15,mobile,AUG prior forecasts,2026,1,2026-07-06,2026-07-06,15777380
2026-04-16,mobile,AUG prior forecasts,2026,1,2026-07-06,2026-07-06,15786112
2026-04-17,mobile,AUG prior forecasts,2026,1,2026-07-06,2026-07-06,15797077
2026-04-18,mobile,AUG prior forecasts,2026,1,2026-07-06,2026-07-06,15811381
2026-04-19,mobile,AUG prior forecasts,2026,1,2026-07-06,2026-07-06,15821384
2026-04-20,mobile,AUG prior forecasts,2026,1,2026-07-06,2026-07-06,15829401
2026-04-21,mobile,AUG prior forecasts,2026,1,2026-07-06,2026-07-06,15833747
2026-04-22,mobile,AUG prior forecasts,2026,1,2026-07-06,2026-07-06,15835240
2026-04-23,mobile,AUG prior forecasts,2026,1,2026-07-06,2026-07-06,15837023
2026-04-24,mobile,AUG prior forecasts,2026,1,2026-07-06,2026-07-06,15838596
2026-04-25,mobile,AUG prior forecasts,2026,1,2026-07-06,2026-07-06,15841629
2026-04-26,mobile,AUG prior forecasts,2026,1,2026-07-06,2026-07-06,15847844
2026-04-27,mobile,AUG prior forecasts,2026,1,2026-07-06,2026-07-06,15850762
2026-04-28,mobile,AUG prior forecasts,2026,1,2026-07-06,2026-07-06,15851624
2026-04-29,mobile,AUG prior forecasts,2026,1,2026-07-06,2026-07-06,15855485
2026-04-30,mobile,AUG prior forecasts,2026,1,2026-07-06,2026-07-06,15865203
2026-05-01,mobile,AUG prior forecasts,2026,1,2026-07-06,2026-07-06,15874846
2026-05-02,mobile,AUG prior forecasts,2026,1,2026-07-06,2026-07-06,15879357
2026-05-03,mobile,AUG prior forecasts,2026,1,2026-07-06,2026-07-06,15889405
2026-05-04,mobile,AUG prior forecasts,2026,1,2026-07-06,2026-07-06,15895477
2026-05-05,mobile,AUG prior forecasts,2026,1,2026-07-06,2026-07-06,15899876
2026-05-06,mobile,AUG prior forecasts,2026,1,2026-07-06,2026-07-06,15901314
2026-05-07,mobile,AUG prior forecasts,2026,1,2026-07-06,2026-07-06,15902211
2026-05-08,mobile,AUG prior forecasts,2026,1,2026-07-06,2026-07-06,15902274
2026-05-09,mobile,AUG prior forecasts,2026,1,2026-07-06,2026-07-06,15903788
2026-05-10,mobile,AUG prior forecasts,2026,1,2026-07-06,2026-07-06,15903420
2026-05-11,mobile,AUG prior forecasts,2026,1,2026-07-06,2026-07-06,15905758
2026-05-12,mobile,AUG prior forecasts,2026,1,2026-07-06,2026-07-06,15907630
2026-05-13,mobile,AUG prior forecasts,2026,1,2026-07-06,2026-07-06,15907833
2026-05-14,mobile,AUG prior forecasts,2026,1,2026-07-06,2026-07-06,15901431
2026-05-15,mobile,AUG prior forecasts,2026,1,2026-07-06,2026-07-06,15899700
2026-05-16,mobile,AUG prior forecasts,2026,1,2026-07-06,2026-07-06,15901558
2026-05-17,mobile,AUG prior forecasts,2026,1,2026-07-06,2026-07-06,15903657
2026-05-18,mobile,AUG prior forecasts,2026,1,2026-07-06,2026-07-06,15904492
2026-05-19,mobile,AUG prior forecasts,2026,1,2026-07-06,2026-07-06,15907243
2026-05-20,mobile,AUG prior forecasts,2026,1,2026-07-06,2026-07-06,15909507
2026-05-21,mobile,AUG prior forecasts,2026,1,2026-07-06,2026-07-06,15911462
2026-05-22,mobile,AUG prior forecasts,2026,1,2026-07-06,2026-07-06,15912389
2026-05-23,mobile,AUG prior forecasts,2026,1,2026-07-06,2026-07-06,15914880
2026-05-24,mobile,AUG prior forecasts,2026,1,2026-07-06,2026-07-06,15914357
2026-05-25,mobile,AUG prior forecasts,2026,1,2026-07-06,2026-07-06,
2026-05-26,mobile,AUG prior forecasts,2026,1,2026-07-06,2026-07-06,16343403
2026-05-27,mobile,AUG prior forecasts,2026,1,2026-07-06,2026-07-06,16356861
2026-05-28,mobile,AUG prior forecasts,2026,1,2026-07-06,2026-07-06,16368496
2026-05-29,mobile,AUG prior forecasts,2026,1,2026-07-06,2026-07-06,16395370
2026-05-30,mobile,AUG prior forecasts,2026,1,2026-07-06,2026-07-06,16410093
2026-05-31,mobile,AUG prior forecasts,2026,1,2026-07-06,2026-07-06,16420892
2026-06-01,mobile,AUG prior forecasts,2026,1,2026-07-06,2026-07-06,16428534
2026-06-02,mobile,AUG prior forecasts,2026,1,2026-07-06,2026-07-06,16433744
2026-06-03,mobile,AUG prior forecasts,2026,1,2026-07-06,2026-07-06,16439305
2026-06-04,mobile,AUG prior forecasts,2026,1,2026-07-06,2026-07-06,16446293
2026-06-05,mobile,AUG prior forecasts,2026,1,2026-07-06,2026-07-06,16454406
2026-06-06,mobile,AUG prior forecasts,2026,1,2026-07-06,2026-07-06,16464900
2026-06-07,mobile,AUG prior forecasts,2026,1,2026-07-06,2026-07-06,16473733
2026-06-08,mobile,AUG prior forecasts,2026,1,2026-07-06,2026-07-06,16481570
2026-06-09,mobile,AUG prior forecasts,2026,1,2026-07-06,2026-07-06,16489945
2026-06-10,mobile,AUG prior forecasts,2026,1,2026-07-06,2026-07-06,16501347
2026-06-11,mobile,AUG prior forecasts,2026,1,2026-07-06,2026-07-06,16516347
2026-06-12,mobile,AUG prior forecasts,2026,1,2026-07-06,2026-07-06,16526054
2026-06-13,mobile,AUG prior forecasts,2026,1,2026-07-06,2026-07-06,16533892
2026-06-14,mobile,AUG prior forecasts,2026,1,2026-07-06,2026-07-06,16542349
2026-06-15,mobile,AUG prior forecasts,2026,1,2026-07-06,2026-07-06,16551030
2026-06-16,mobile,AUG prior forecasts,2026,1,2026-07-06,2026-07-06,16559188
2026-06-17,mobile,AUG prior forecasts,2026,1,2026-07-06,2026-07-06,16566886
2026-06-18,mobile,AUG prior forecasts,2026,1,2026-07-06,2026-07-06,16574535
2026-06-19,mobile,AUG prior forecasts,2026,1,2026-07-06,2026-07-06,16581528
2026-06-20,mobile,AUG prior forecasts,2026,1,2026-07-06,2026-07-06,16592706
2026-06-21,mobile,AUG prior forecasts,2026,1,2026-07-06,2026-07-06,16606430
2026-06-22,mobile,AUG prior forecasts,2026,1,2026-07-06,2026-07-06,16616218
2026-06-23,mobile,AUG prior forecasts,2026,1,2026-07-06,2026-07-06,16622778
2026-06-24,mobile,AUG prior forecasts,2026,1,2026-07-06,2026-07-06,16630389
2026-06-25,mobile,AUG prior forecasts,2026,1,2026-07-06,2026-07-06,16633311
2026-06-26,mobile,AUG prior forecasts,2026,1,2026-07-06,2026-07-06,16638515
2026-06-27,mobile,AUG prior forecasts,2026,1,2026-07-06,2026-07-06,16643147
2026-06-28,mobile,AUG prior forecasts,2026,1,2026-07-06,2026-07-06,16645946
2026-06-29,mobile,AUG prior forecasts,2026,1,2026-07-06,2026-07-06,16650085
2026-06-30,mobile,AUG prior forecasts,2026,1,2026-07-06,2026-07-06,16653960
2026-07-01,mobile,AUG prior forecasts,2026,1,2026-07-06,2026-07-06,16657934
2026-07-02,mobile,AUG prior forecasts,2026,1,2026-07-06,2026-07-06,16666148
2026-07-03,mobile,AUG prior forecasts,2026,1,2026-07-06,2026-07-06,16669191
2026-07-04,mobile,AUG prior forecasts,2026,1,2026-07-06,2026-07-06,16667928
2026-07-05,mobile,AUG prior forecasts,2026,1,2026-07-06,2026-07-06,16668432
2026-07-06,desktop,AUG forecast,2026,1,2026-07-06,2026-07-06,48282535
2026-07-07,desktop,AUG forecast,2026,1,2026-07-06,2026-07-06,48293134
2026-07-08,desktop,AUG forecast,2026,1,2026-07-06,2026-07-06,48222486
2026-07-09,desktop,AUG forecast,2026,1,2026-07-06,2026-07-06,48070645
2026-07-10,desktop,AUG forecast,2026,1,2026-07-06,2026-07-06,47908499
2026-07-11,desktop,AUG forecast,2026,1,2026-07-06,2026-07-06,47808524
2026-07-12,desktop,AUG forecast,2026,1,2026-07-06,2026-07-06,47707608
2026-07-13,desktop,AUG forecast,2026,1,2026-07-06,2026-07-06,47506083
2026-07-14,desktop,AUG forecast,2026,1,2026-07-06,2026-07-06,47370668
2026-07-15,desktop,AUG forecast,2026,1,2026-07-06,2026-07-06,47215051
2026-07-16,desktop,AUG forecast,2026,1,2026-07-06,2026-07-06,47048334
2026-07-17,desktop,AUG forecast,2026,1,2026-07-06,2026-07-06,46930080
2026-07-18,desktop,AUG forecast,2026,1,2026-07-06,2026-07-06,46839794
2026-07-19,desktop,AUG forecast,2026,1,2026-07-06,2026-07-06,46760104
2026-07-20,desktop,AUG forecast,2026,1,2026-07-06,2026-07-06,46557878
2026-07-21,desktop,AUG forecast,2026,1,2026-07-06,2026-07-06,46407174
2026-07-22,desktop,AUG forecast,2026,1,2026-07-06,2026-07-06,46309186
2026-07-23,desktop,AUG forecast,2026,1,2026-07-06,2026-07-06,46167180
2026-07-24,desktop,AUG forecast,2026,1,2026-07-06,2026-07-06,46039534
2026-07-25,desktop,AUG forecast,2026,1,2026-07-06,2026-07-06,45930334
2026-07-26,desktop,AUG forecast,2026,1,2026-07-06,2026-07-06,45835624
2026-07-27,desktop,AUG forecast,2026,1,2026-07-06,2026-07-06,45660766
2026-07-28,desktop,AUG forecast,2026,1,2026-07-06,2026-07-06,45485301
2026-07-29,desktop,AUG forecast,2026,1,2026-07-06,2026-07-06,45322421
2026-07-30,desktop,AUG forecast,2026,1,2026-07-06,2026-07-06,45159404
2026-07-31,desktop,AUG forecast,2026,1,2026-07-06,2026-07-06,45002731
2026-08-01,desktop,AUG forecast,2026,1,2026-07-06,2026-07-06,44910189
2026-08-02,desktop,AUG forecast,2026,1,2026-07-06,2026-07-06,44837989
2026-08-03,desktop,AUG forecast,2026,1,2026-07-06,2026-07-06,44749986
2026-08-04,desktop,AUG forecast,2026,1,2026-07-06,2026-07-06,44663866
2026-08-05,desktop,AUG forecast,2026,1,2026-07-06,2026-07-06,44581067
2026-08-06,desktop,AUG forecast,2026,1,2026-07-06,2026-07-06,44506335
2026-08-07,desktop,AUG forecast,2026,1,2026-07-06,2026-07-06,44420415
2026-08-08,desktop,AUG forecast,2026,1,2026-07-06,2026-07-06,44337109
2026-08-09,desktop,AUG forecast,2026,1,2026-07-06,2026-07-06,44259812
2026-08-10,desktop,AUG forecast,2026,1,2026-07-06,2026-07-06,44169347
2026-08-11,desktop,AUG forecast,2026,1,2026-07-06,2026-07-06,44072161
2026-08-12,desktop,AUG forecast,2026,1,2026-07-06,2026-07-06,43966438
2026-08-13,desktop,AUG forecast,2026,1,2026-07-06,2026-07-06,43858365
2026-08-14,desktop,AUG forecast,2026,1,2026-07-06,2026-07-06,43739019
2026-08-15,desktop,AUG forecast,2026,1,2026-07-06,2026-07-06,43559656
2026-08-16,desktop,AUG forecast,2026,1,2026-07-06,2026-07-06,43492066
2026-08-17,desktop,AUG forecast,2026,1,2026-07-06,2026-07-06,43412932
2026-08-18,desktop,AUG forecast,2026,1,2026-07-06,2026-07-06,43360808
2026-08-19,desktop,AUG forecast,2026,1,2026-07-06,2026-07-06,43312640
2026-08-20,desktop,AUG forecast,2026,1,2026-07-06,2026-07-06,43278651
2026-08-21,desktop,AUG forecast,2026,1,2026-07-06,2026-07-06,43253844
2026-08-22,desktop,AUG forecast,2026,1,2026-07-06,2026-07-06,43246576
2026-08-23,desktop,AUG forecast,2026,1,2026-07-06,2026-07-06,43255400
2026-08-24,desktop,AUG forecast,2026,1,2026-07-06,2026-07-06,43265742
2026-08-25,desktop,AUG forecast,2026,1,2026-07-06,2026-07-06,43261424
2026-08-26,desktop,AUG forecast,2026,1,2026-07-06,2026-07-06,43289107
2026-08-27,desktop,AUG forecast,2026,1,2026-07-06,2026-07-06,43332100
2026-08-28,desktop,AUG forecast,2026,1,2026-07-06,2026-07-06,43358344
2026-08-29,desktop,AUG forecast,2026,1,2026-07-06,2026-07-06,43421128
2026-08-30,desktop,AUG forecast,2026,1,2026-07-06,2026-07-06,43488321
2026-08-31,desktop,AUG forecast,2026,1,2026-07-06,2026-07-06,43595653
2026-09-01,desktop,AUG forecast,2026,1,2026-07-06,2026-07-06,43691655
2026-09-02,desktop,AUG forecast,2026,1,2026-07-06,2026-07-06,43787872
2026-09-03,desktop,AUG forecast,2026,1,2026-07-06,2026-07-06,43885930
2026-09-04,desktop,AUG forecast,2026,1,2026-07-06,2026-07-06,43980195
2026-09-05,desktop,AUG forecast,2026,1,2026-07-06,2026-07-06,44096095
2026-09-06,desktop,AUG forecast,2026,1,2026-07-06,2026-07-06,44208455
2026-09-07,desktop,AUG forecast,2026,1,2026-07-06,2026-07-06,44212760
2026-09-08,desktop,AUG forecast,2026,1,2026-07-06,2026-07-06,44372840
2026-09-09,desktop,AUG forecast,2026,1,2026-07-06,2026-07-06,44548052
2026-09-10,desktop,AUG forecast,2026,1,2026-07-06,2026-07-06,44737751
2026-09-11,desktop,AUG forecast,2026,1,2026-07-06,2026-07-06,44942235
2026-09-12,desktop,AUG forecast,2026,1,2026-07-06,2026-07-06,45208539
2026-09-13,desktop,AUG forecast,2026,1,2026-07-06,2026-07-06,45367691
2026-09-14,desktop,AUG forecast,2026,1,2026-07-06,2026-07-06,45533379
2026-09-15,desktop,AUG forecast,2026,1,2026-07-06,2026-07-06,45679737
2026-09-16,desktop,AUG forecast,2026,1,2026-07-06,2026-07-06,45814485
2026-09-17,desktop,AUG forecast,2026,1,2026-07-06,2026-07-06,45954965
2026-09-18,desktop,AUG forecast,2026,1,2026-07-06,2026-07-06,46090478
2026-09-19,desktop,AUG forecast,2026,1,2026-07-06,2026-07-06,46218294
2026-09-20,desktop,AUG forecast,2026,1,2026-07-06,2026-07-06,46334841
2026-09-21,desktop,AUG forecast,2026,1,2026-07-06,2026-07-06,46444468
2026-09-22,desktop,AUG forecast,2026,1,2026-07-06,2026-07-06,46582957
2026-09-23,desktop,AUG forecast,2026,1,2026-07-06,2026-07-06,46694787
2026-09-24,desktop,AUG forecast,2026,1,2026-07-06,2026-07-06,46792265
2026-09-25,desktop,AUG forecast,2026,1,2026-07-06,2026-07-06,46892958
2026-09-26,desktop,AUG forecast,2026,1,2026-07-06,2026-07-06,46993092
2026-09-27,desktop,AUG forecast,2026,1,2026-07-06,2026-07-06,47092902
2026-09-28,desktop,AUG forecast,2026,1,2026-07-06,2026-07-06,47169363
2026-09-29,desktop,AUG forecast,2026,1,2026-07-06,2026-07-06,47239722
2026-09-30,desktop,AUG forecast,2026,1,2026-07-06,2026-07-06,47303742
2026-10-01,desktop,AUG forecast,2026,1,2026-07-06,2026-07-06,47346893
2026-10-02,desktop,AUG forecast,2026,1,2026-07-06,2026-07-06,47359235
2026-10-03,desktop,AUG forecast,2026,1,2026-07-06,2026-07-06,47382067
2026-10-04,desktop,AUG forecast,2026,1,2026-07-06,2026-07-06,47445128
2026-10-05,desktop,AUG forecast,2026,1,2026-07-06,2026-07-06,47635546
2026-10-06,desktop,AUG forecast,2026,1,2026-07-06,2026-07-06,47687953
2026-10-07,desktop,AUG forecast,2026,1,2026-07-06,2026-07-06,47716072
2026-10-08,desktop,AUG forecast,2026,1,2026-07-06,2026-07-06,47743056
2026-10-09,desktop,AUG forecast,2026,1,2026-07-06,2026-07-06,47774889
2026-10-10,desktop,AUG forecast,2026,1,2026-07-06,2026-07-06,47805065
2026-10-11,desktop,AUG forecast,2026,1,2026-07-06,2026-07-06,47829973
2026-10-12,desktop,AUG forecast,2026,1,2026-07-06,2026-07-06,47779924
2026-10-13,desktop,AUG forecast,2026,1,2026-07-06,2026-07-06,47799183
2026-10-14,desktop,AUG forecast,2026,1,2026-07-06,2026-07-06,47831536
2026-10-15,desktop,AUG forecast,2026,1,2026-07-06,2026-07-06,47852445
2026-10-16,desktop,AUG forecast,2026,1,2026-07-06,2026-07-06,47876215
2026-10-17,desktop,AUG forecast,2026,1,2026-07-06,2026-07-06,47887328
2026-10-18,desktop,AUG forecast,2026,1,2026-07-06,2026-07-06,47892643
2026-10-19,desktop,AUG forecast,2026,1,2026-07-06,2026-07-06,47892898
2026-10-20,desktop,AUG forecast,2026,1,2026-07-06,2026-07-06,47873217
2026-10-21,desktop,AUG forecast,2026,1,2026-07-06,2026-07-06,47873710
2026-10-22,desktop,AUG forecast,2026,1,2026-07-06,2026-07-06,47876419
2026-10-23,desktop,AUG forecast,2026,1,2026-07-06,2026-07-06,47892845
2026-10-24,desktop,AUG forecast,2026,1,2026-07-06,2026-07-06,47888276
2026-10-25,desktop,AUG forecast,2026,1,2026-07-06,2026-07-06,47883151
2026-10-26,desktop,AUG forecast,2026,1,2026-07-06,2026-07-06,47881069
2026-10-27,desktop,AUG forecast,2026,1,2026-07-06,2026-07-06,47874207
2026-10-28,desktop,AUG forecast,2026,1,2026-07-06,2026-07-06,47865782
2026-10-29,desktop,AUG forecast,2026,1,2026-07-06,2026-07-06,47885803
2026-10-30,desktop,AUG forecast,2026,1,2026-07-06,2026-07-06,47934414
2026-10-31,desktop,AUG forecast,2026,1,2026-07-06,2026-07-06,47944305
2026-11-01,desktop,AUG forecast,2026,1,2026-07-06,2026-07-06,47823840
2026-11-02,desktop,AUG forecast,2026,1,2026-07-06,2026-07-06,47797357
2026-11-03,desktop,AUG forecast,2026,1,2026-07-06,2026-07-06,47797234
2026-11-04,desktop,AUG forecast,2026,1,2026-07-06,2026-07-06,47801709
2026-11-05,desktop,AUG forecast,2026,1,2026-07-06,2026-07-06,47814940
2026-11-06,desktop,AUG forecast,2026,1,2026-07-06,2026-07-06,47820256
2026-11-07,desktop,AUG forecast,2026,1,2026-07-06,2026-07-06,47824412
2026-11-08,desktop,AUG forecast,2026,1,2026-07-06,2026-07-06,47814781
2026-11-09,desktop,AUG forecast,2026,1,2026-07-06,2026-07-06,47891069
2026-11-10,desktop,AUG forecast,2026,1,2026-07-06,2026-07-06,47885168
2026-11-11,desktop,AUG forecast,2026,1,2026-07-06,2026-07-06,47840219
2026-11-12,desktop,AUG forecast,2026,1,2026-07-06,2026-07-06,47854036
2026-11-13,desktop,AUG forecast,2026,1,2026-07-06,2026-07-06,47863861
2026-11-14,desktop,AUG forecast,2026,1,2026-07-06,2026-07-06,47892989
2026-11-15,desktop,AUG forecast,2026,1,2026-07-06,2026-07-06,47909107
2026-11-16,desktop,AUG forecast,2026,1,2026-07-06,2026-07-06,47941963
2026-11-17,desktop,AUG forecast,2026,1,2026-07-06,2026-07-06,48007325
2026-11-18,desktop,AUG forecast,2026,1,2026-07-06,2026-07-06,48050278
2026-11-19,desktop,AUG forecast,2026,1,2026-07-06,2026-07-06,48093994
2026-11-20,desktop,AUG forecast,2026,1,2026-07-06,2026-07-06,48087101
2026-11-21,desktop,AUG forecast,2026,1,2026-07-06,2026-07-06,48122252
2026-11-22,desktop,AUG forecast,2026,1,2026-07-06,2026-07-06,48158254
2026-11-23,desktop,AUG forecast,2026,1,2026-07-06,2026-07-06,48170311
2026-11-24,desktop,AUG forecast,2026,1,2026-07-06,2026-07-06,48205031
2026-11-25,desktop,AUG forecast,2026,1,2026-07-06,2026-07-06,48234508
2026-11-26,desktop,AUG forecast,2026,1,2026-07-06,2026-07-06,48191284
2026-11-27,desktop,AUG forecast,2026,1,2026-07-06,2026-07-06,48140768
2026-11-28,desktop,AUG forecast,2026,1,2026-07-06,2026-07-06,48175953
2026-11-29,desktop,AUG forecast,2026,1,2026-07-06,2026-07-06,48325156
2026-11-30,desktop,AUG forecast,2026,1,2026-07-06,2026-07-06,48399981
2026-12-01,desktop,AUG forecast,2026,1,2026-07-06,2026-07-06,48438673
2026-12-02,desktop,AUG forecast,2026,1,2026-07-06,2026-07-06,48472782
2026-12-03,desktop,AUG forecast,2026,1,2026-07-06,2026-07-06,48492319
2026-12-04,desktop,AUG forecast,2026,1,2026-07-06,2026-07-06,48513296
2026-12-05,desktop,AUG forecast,2026,1,2026-07-06,2026-07-06,48533956
2026-12-06,desktop,AUG forecast,2026,1,2026-07-06,2026-07-06,48569853
2026-12-07,desktop,AUG forecast,2026,1,2026-07-06,2026-07-06,48596557
2026-12-08,desktop,AUG forecast,2026,1,2026-07-06,2026-07-06,48599968
2026-12-09,desktop,AUG forecast,2026,1,2026-07-06,2026-07-06,48658777
2026-12-10,desktop,AUG forecast,2026,1,2026-07-06,2026-07-06,48659314
2026-12-11,desktop,AUG forecast,2026,1,2026-07-06,2026-07-06,48657073
2026-12-12,desktop,AUG forecast,2026,1,2026-07-06,2026-07-06,48634335
2026-12-13,desktop,AUG forecast,2026,1,2026-07-06,2026-07-06,48632337
2026-12-14,desktop,AUG forecast,2026,1,2026-07-06,2026-07-06,48622042
2026-12-15,desktop,AUG forecast,2026,1,2026-07-06,2026-07-06,48585483
2026-12-16,desktop,AUG forecast,2026,1,2026-07-06,2026-07-06,48548159
2026-12-17,desktop,AUG forecast,2026,1,2026-07-06,2026-07-06,48504975
2026-12-18,desktop,AUG forecast,2026,1,2026-07-06,2026-07-06,48509941
2026-12-19,desktop,AUG forecast,2026,1,2026-07-06,2026-07-06,48446575
2026-12-20,desktop,AUG forecast,2026,1,2026-07-06,2026-07-06,48359526
2026-12-21,desktop,AUG forecast,2026,1,2026-07-06,2026-07-06,48184046
2026-12-22,desktop,AUG forecast,2026,1,2026-07-06,2026-07-06,48005847
2026-12-23,desktop,AUG forecast,2026,1,2026-07-06,2026-07-06,47772446
2026-12-24,desktop,AUG forecast,2026,1,2026-07-06,2026-07-06,47331691
2026-12-25,desktop,AUG forecast,2026,1,2026-07-06,2026-07-06,46605783
2026-12-26,desktop,AUG forecast,2026,1,2026-07-06,2026-07-06,46210182
2026-12-27,desktop,AUG forecast,2026,1,2026-07-06,2026-07-06,45902649
2026-12-28,desktop,AUG forecast,2026,1,2026-07-06,2026-07-06,45407167
2026-12-29,desktop,AUG forecast,2026,1,2026-07-06,2026-07-06,45074926
2026-12-30,desktop,AUG forecast,2026,1,2026-07-06,2026-07-06,44708127
2026-12-31,desktop,AUG forecast,2026,1,2026-07-06,2026-07-06,44093824
2026-07-06,mobile,AUG forecast,2026,1,2026-07-06,2026-07-06,17082311
2026-07-07,mobile,AUG forecast,2026,1,2026-07-06,2026-07-06,17092009
2026-07-08,mobile,AUG forecast,2026,1,2026-07-06,2026-07-06,17098448
2026-07-09,mobile,AUG forecast,2026,1,2026-07-06,2026-07-06,17095458
2026-07-10,mobile,AUG forecast,2026,1,2026-07-06,2026-07-06,17093652
2026-07-11,mobile,AUG forecast,2026,1,2026-07-06,2026-07-06,17093092
2026-07-12,mobile,AUG forecast,2026,1,2026-07-06,2026-07-06,17087848
2026-07-13,mobile,AUG forecast,2026,1,2026-07-06,2026-07-06,17079920
2026-07-14,mobile,AUG forecast,2026,1,2026-07-06,2026-07-06,17077518
2026-07-15,mobile,AUG forecast,2026,1,2026-07-06,2026-07-06,17073614
2026-07-16,mobile,AUG forecast,2026,1,2026-07-06,2026-07-06,17070415
2026-07-17,mobile,AUG forecast,2026,1,2026-07-06,2026-07-06,17068275
2026-07-18,mobile,AUG forecast,2026,1,2026-07-06,2026-07-06,17063183
2026-07-19,mobile,AUG forecast,2026,1,2026-07-06,2026-07-06,17058232
2026-07-20,mobile,AUG forecast,2026,1,2026-07-06,2026-07-06,17049336
2026-07-21,mobile,AUG forecast,2026,1,2026-07-06,2026-07-06,17043754
2026-07-22,mobile,AUG forecast,2026,1,2026-07-06,2026-07-06,17044236
2026-07-23,mobile,AUG forecast,2026,1,2026-07-06,2026-07-06,17042891
2026-07-24,mobile,AUG forecast,2026,1,2026-07-06,2026-07-06,17035404
2026-07-25,mobile,AUG forecast,2026,1,2026-07-06,2026-07-06,17025386
2026-07-26,mobile,AUG forecast,2026,1,2026-07-06,2026-07-06,17014669
2026-07-27,mobile,AUG forecast,2026,1,2026-07-06,2026-07-06,17004418
2026-07-28,mobile,AUG forecast,2026,1,2026-07-06,2026-07-06,16995686
2026-07-29,mobile,AUG forecast,2026,1,2026-07-06,2026-07-06,16987830
2026-07-30,mobile,AUG forecast,2026,1,2026-07-06,2026-07-06,16983445
2026-07-31,mobile,AUG forecast,2026,1,2026-07-06,2026-07-06,16980183
2026-08-01,mobile,AUG forecast,2026,1,2026-07-06,2026-07-06,16976759
2026-08-02,mobile,AUG forecast,2026,1,2026-07-06,2026-07-06,16976614
2026-08-03,mobile,AUG forecast,2026,1,2026-07-06,2026-07-06,16976545
2026-08-04,mobile,AUG forecast,2026,1,2026-07-06,2026-07-06,16978255
2026-08-05,mobile,AUG forecast,2026,1,2026-07-06,2026-07-06,16980259
2026-08-06,mobile,AUG forecast,2026,1,2026-07-06,2026-07-06,16982755
2026-08-07,mobile,AUG forecast,2026,1,2026-07-06,2026-07-06,16984577
2026-08-08,mobile,AUG forecast,2026,1,2026-07-06,2026-07-06,16986770
2026-08-09,mobile,AUG forecast,2026,1,2026-07-06,2026-07-06,16989470
2026-08-10,mobile,AUG forecast,2026,1,2026-07-06,2026-07-06,16993482
2026-08-11,mobile,AUG forecast,2026,1,2026-07-06,2026-07-06,16994931
2026-08-12,mobile,AUG forecast,2026,1,2026-07-06,2026-07-06,16998632
2026-08-13,mobile,AUG forecast,2026,1,2026-07-06,2026-07-06,17000780
2026-08-14,mobile,AUG forecast,2026,1,2026-07-06,2026-07-06,17004991
2026-08-15,mobile,AUG forecast,2026,1,2026-07-06,2026-07-06,17007665
2026-08-16,mobile,AUG forecast,2026,1,2026-07-06,2026-07-06,17012240
2026-08-17,mobile,AUG forecast,2026,1,2026-07-06,2026-07-06,17017766
2026-08-18,mobile,AUG forecast,2026,1,2026-07-06,2026-07-06,17023464
2026-08-19,mobile,AUG forecast,2026,1,2026-07-06,2026-07-06,17029119
2026-08-20,mobile,AUG forecast,2026,1,2026-07-06,2026-07-06,17035919
2026-08-21,mobile,AUG forecast,2026,1,2026-07-06,2026-07-06,17041427
2026-08-22,mobile,AUG forecast,2026,1,2026-07-06,2026-07-06,17047574
2026-08-23,mobile,AUG forecast,2026,1,2026-07-06,2026-07-06,17055298
2026-08-24,mobile,AUG forecast,2026,1,2026-07-06,2026-07-06,17062780
2026-08-25,mobile,AUG forecast,2026,1,2026-07-06,2026-07-06,17070602
2026-08-26,mobile,AUG forecast,2026,1,2026-07-06,2026-07-06,17078657
2026-08-27,mobile,AUG forecast,2026,1,2026-07-06,2026-07-06,17087557
2026-08-28,mobile,AUG forecast,2026,1,2026-07-06,2026-07-06,17093916
2026-08-29,mobile,AUG forecast,2026,1,2026-07-06,2026-07-06,17103506
2026-08-30,mobile,AUG forecast,2026,1,2026-07-06,2026-07-06,17111274
2026-08-31,mobile,AUG forecast,2026,1,2026-07-06,2026-07-06,17121556
2026-09-01,mobile,AUG forecast,2026,1,2026-07-06,2026-07-06,17131289
2026-09-02,mobile,AUG forecast,2026,1,2026-07-06,2026-07-06,17140547
2026-09-03,mobile,AUG forecast,2026,1,2026-07-06,2026-07-06,17149571
2026-09-04,mobile,AUG forecast,2026,1,2026-07-06,2026-07-06,17158726
2026-09-05,mobile,AUG forecast,2026,1,2026-07-06,2026-07-06,17168923
2026-09-06,mobile,AUG forecast,2026,1,2026-07-06,2026-07-06,17179176
2026-09-07,mobile,AUG forecast,2026,1,2026-07-06,2026-07-06,17188272
2026-09-08,mobile,AUG forecast,2026,1,2026-07-06,2026-07-06,17200166
2026-09-09,mobile,AUG forecast,2026,1,2026-07-06,2026-07-06,17210134
2026-09-10,mobile,AUG forecast,2026,1,2026-07-06,2026-07-06,17222482
2026-09-11,mobile,AUG forecast,2026,1,2026-07-06,2026-07-06,17233074
2026-09-12,mobile,AUG forecast,2026,1,2026-07-06,2026-07-06,17245206
2026-09-13,mobile,AUG forecast,2026,1,2026-07-06,2026-07-06,17255646
2026-09-14,mobile,AUG forecast,2026,1,2026-07-06,2026-07-06,17264048
2026-09-15,mobile,AUG forecast,2026,1,2026-07-06,2026-07-06,17274607
2026-09-16,mobile,AUG forecast,2026,1,2026-07-06,2026-07-06,17284712
2026-09-17,mobile,AUG forecast,2026,1,2026-07-06,2026-07-06,17294855
2026-09-18,mobile,AUG forecast,2026,1,2026-07-06,2026-07-06,17306021
2026-09-19,mobile,AUG forecast,2026,1,2026-07-06,2026-07-06,17316762
2026-09-20,mobile,AUG forecast,2026,1,2026-07-06,2026-07-06,17326406
2026-09-21,mobile,AUG forecast,2026,1,2026-07-06,2026-07-06,17336224
2026-09-22,mobile,AUG forecast,2026,1,2026-07-06,2026-07-06,17345938
2026-09-23,mobile,AUG forecast,2026,1,2026-07-06,2026-07-06,17355402
2026-09-24,mobile,AUG forecast,2026,1,2026-07-06,2026-07-06,17363738
2026-09-25,mobile,AUG forecast,2026,1,2026-07-06,2026-07-06,17374643
2026-09-26,mobile,AUG forecast,2026,1,2026-07-06,2026-07-06,17383148
2026-09-27,mobile,AUG forecast,2026,1,2026-07-06,2026-07-06,17393555
2026-09-28,mobile,AUG forecast,2026,1,2026-07-06,2026-07-06,17402275
2026-09-29,mobile,AUG forecast,2026,1,2026-07-06,2026-07-06,17409506
2026-09-30,mobile,AUG forecast,2026,1,2026-07-06,2026-07-06,17416167
2026-10-01,mobile,AUG forecast,2026,1,2026-07-06,2026-07-06,17422824
2026-10-02,mobile,AUG forecast,2026,1,2026-07-06,2026-07-06,17428550
2026-10-03,mobile,AUG forecast,2026,1,2026-07-06,2026-07-06,17434971
2026-10-04,mobile,AUG forecast,2026,1,2026-07-06,2026-07-06,17441378
2026-10-05,mobile,AUG forecast,2026,1,2026-07-06,2026-07-06,17447177
2026-10-06,mobile,AUG forecast,2026,1,2026-07-06,2026-07-06,17453327
2026-10-07,mobile,AUG forecast,2026,1,2026-07-06,2026-07-06,17458771
2026-10-08,mobile,AUG forecast,2026,1,2026-07-06,2026-07-06,17464089
2026-10-09,mobile,AUG forecast,2026,1,2026-07-06,2026-07-06,17469661
2026-10-10,mobile,AUG forecast,2026,1,2026-07-06,2026-07-06,17475523
2026-10-11,mobile,AUG forecast,2026,1,2026-07-06,2026-07-06,17480864
2026-10-12,mobile,AUG forecast,2026,1,2026-07-06,2026-07-06,17487008
2026-10-13,mobile,AUG forecast,2026,1,2026-07-06,2026-07-06,17492196
2026-10-14,mobile,AUG forecast,2026,1,2026-07-06,2026-07-06,17497733
2026-10-15,mobile,AUG forecast,2026,1,2026-07-06,2026-07-06,17503183
2026-10-16,mobile,AUG forecast,2026,1,2026-07-06,2026-07-06,17509275
2026-10-17,mobile,AUG forecast,2026,1,2026-07-06,2026-07-06,17513970
2026-10-18,mobile,AUG forecast,2026,1,2026-07-06,2026-07-06,17518074
2026-10-19,mobile,AUG forecast,2026,1,2026-07-06,2026-07-06,17520570
2026-10-20,mobile,AUG forecast,2026,1,2026-07-06,2026-07-06,17523176
2026-10-21,mobile,AUG forecast,2026,1,2026-07-06,2026-07-06,17529020
2026-10-22,mobile,AUG forecast,2026,1,2026-07-06,2026-07-06,17534402
2026-10-23,mobile,AUG forecast,2026,1,2026-07-06,2026-07-06,17539571
2026-10-24,mobile,AUG forecast,2026,1,2026-07-06,2026-07-06,17545303
2026-10-25,mobile,AUG forecast,2026,1,2026-07-06,2026-07-06,17550584
2026-10-26,mobile,AUG forecast,2026,1,2026-07-06,2026-07-06,17556223
2026-10-27,mobile,AUG forecast,2026,1,2026-07-06,2026-07-06,17562606
2026-10-28,mobile,AUG forecast,2026,1,2026-07-06,2026-07-06,17570039
2026-10-29,mobile,AUG forecast,2026,1,2026-07-06,2026-07-06,17577501
2026-10-30,mobile,AUG forecast,2026,1,2026-07-06,2026-07-06,17585455
2026-10-31,mobile,AUG forecast,2026,1,2026-07-06,2026-07-06,17592585
2026-11-01,mobile,AUG forecast,2026,1,2026-07-06,2026-07-06,17597818
2026-11-02,mobile,AUG forecast,2026,1,2026-07-06,2026-07-06,17603907
2026-11-03,mobile,AUG forecast,2026,1,2026-07-06,2026-07-06,17610642
2026-11-04,mobile,AUG forecast,2026,1,2026-07-06,2026-07-06,17618036
2026-11-05,mobile,AUG forecast,2026,1,2026-07-06,2026-07-06,17624382
2026-11-06,mobile,AUG forecast,2026,1,2026-07-06,2026-07-06,17630492
2026-11-07,mobile,AUG forecast,2026,1,2026-07-06,2026-07-06,17634809
2026-11-08,mobile,AUG forecast,2026,1,2026-07-06,2026-07-06,17635947
2026-11-09,mobile,AUG forecast,2026,1,2026-07-06,2026-07-06,17639304
2026-11-10,mobile,AUG forecast,2026,1,2026-07-06,2026-07-06,17642278
2026-11-11,mobile,AUG forecast,2026,1,2026-07-06,2026-07-06,17647941
2026-11-12,mobile,AUG forecast,2026,1,2026-07-06,2026-07-06,17654329
2026-11-13,mobile,AUG forecast,2026,1,2026-07-06,2026-07-06,17658987
2026-11-14,mobile,AUG forecast,2026,1,2026-07-06,2026-07-06,17665922
2026-11-15,mobile,AUG forecast,2026,1,2026-07-06,2026-07-06,17672632
2026-11-16,mobile,AUG forecast,2026,1,2026-07-06,2026-07-06,17682192
2026-11-17,mobile,AUG forecast,2026,1,2026-07-06,2026-07-06,17691756
2026-11-18,mobile,AUG forecast,2026,1,2026-07-06,2026-07-06,17698490
2026-11-19,mobile,AUG forecast,2026,1,2026-07-06,2026-07-06,17706798
2026-11-20,mobile,AUG forecast,2026,1,2026-07-06,2026-07-06,17713571
2026-11-21,mobile,AUG forecast,2026,1,2026-07-06,2026-07-06,17721262
2026-11-22,mobile,AUG forecast,2026,1,2026-07-06,2026-07-06,17729420
2026-11-23,mobile,AUG forecast,2026,1,2026-07-06,2026-07-06,17738032
2026-11-24,mobile,AUG forecast,2026,1,2026-07-06,2026-07-06,17747025
2026-11-25,mobile,AUG forecast,2026,1,2026-07-06,2026-07-06,17755949
2026-11-26,mobile,AUG forecast,2026,1,2026-07-06,2026-07-06,17764913
2026-11-27,mobile,AUG forecast,2026,1,2026-07-06,2026-07-06,17774926
2026-11-28,mobile,AUG forecast,2026,1,2026-07-06,2026-07-06,17784367
2026-11-29,mobile,AUG forecast,2026,1,2026-07-06,2026-07-06,17795128
2026-11-30,mobile,AUG forecast,2026,1,2026-07-06,2026-07-06,17806273
2026-12-01,mobile,AUG forecast,2026,1,2026-07-06,2026-07-06,17816090
2026-12-02,mobile,AUG forecast,2026,1,2026-07-06,2026-07-06,17825386
2026-12-03,mobile,AUG forecast,2026,1,2026-07-06,2026-07-06,17835184
2026-12-04,mobile,AUG forecast,2026,1,2026-07-06,2026-07-06,17844555
2026-12-05,mobile,AUG forecast,2026,1,2026-07-06,2026-07-06,17854782
2026-12-06,mobile,AUG forecast,2026,1,2026-07-06,2026-07-06,17868791
2026-12-07,mobile,AUG forecast,2026,1,2026-07-06,2026-07-06,17881040
2026-12-08,mobile,AUG forecast,2026,1,2026-07-06,2026-07-06,17890865
2026-12-09,mobile,AUG forecast,2026,1,2026-07-06,2026-07-06,17898520
2026-12-10,mobile,AUG forecast,2026,1,2026-07-06,2026-07-06,17904396
2026-12-11,mobile,AUG forecast,2026,1,2026-07-06,2026-07-06,17911017
2026-12-12,mobile,AUG forecast,2026,1,2026-07-06,2026-07-06,17915101
2026-12-13,mobile,AUG forecast,2026,1,2026-07-06,2026-07-06,17919546
2026-12-14,mobile,AUG forecast,2026,1,2026-07-06,2026-07-06,17922402
2026-12-15,mobile,AUG forecast,2026,1,2026-07-06,2026-07-06,17923869
2026-12-16,mobile,AUG forecast,2026,1,2026-07-06,2026-07-06,17924399
2026-12-17,mobile,AUG forecast,2026,1,2026-07-06,2026-07-06,17922231
2026-12-18,mobile,AUG forecast,2026,1,2026-07-06,2026-07-06,17921214
2026-12-19,mobile,AUG forecast,2026,1,2026-07-06,2026-07-06,17918027
2026-12-20,mobile,AUG forecast,2026,1,2026-07-06,2026-07-06,17912892
2026-12-21,mobile,AUG forecast,2026,1,2026-07-06,2026-07-06,17906012
2026-12-22,mobile,AUG forecast,2026,1,2026-07-06,2026-07-06,17895782
2026-12-23,mobile,AUG forecast,2026,1,2026-07-06,2026-07-06,17886176
2026-12-24,mobile,AUG forecast,2026,1,2026-07-06,2026-07-06,17864548
2026-12-25,mobile,AUG forecast,2026,1,2026-07-06,2026-07-06,17828444
2026-12-26,mobile,AUG forecast,2026,1,2026-07-06,2026-07-06,17815940
2026-12-27,mobile,AUG forecast,2026,1,2026-07-06,2026-07-06,17805499
2026-12-28,mobile,AUG forecast,2026,1,2026-07-06,2026-07-06,17795935
2026-12-29,mobile,AUG forecast,2026,1,2026-07-06,2026-07-06,17785420
2026-12-30,mobile,AUG forecast,2026,1,2026-07-06,2026-07-06,17773735
2026-12-31,mobile,AUG forecast,2026,1,2026-07-06,2026-07-06,17755762
2026-01-01,desktop,CURRENT prior forecasts,2026,1,2026-08-10,2026-08-10,46372491
2026-01-02,desktop,CURRENT prior forecasts,2026,1,2026-08-10,2026-08-10,46203053
2026-01-03,desktop,CURRENT prior forecasts,2026,1,2026-08-10,2026-08-10,46054939
2026-01-04,desktop,CURRENT prior forecasts,2026,1,2026-08-10,2026-08-10,45938235
2026-01-05,desktop,CURRENT prior forecasts,2026,1,2026-08-10,2026-08-10,45970240
2026-01-06,desktop,CURRENT prior forecasts,2026,1,2026-08-10,2026-08-10,45890491
2026-01-07,desktop,CURRENT prior forecasts,2026,1,2026-08-10,2026-08-10,45870175
2026-01-08,desktop,CURRENT prior forecasts,2026,1,2026-08-10,2026-08-10,45878879
2026-01-09,desktop,CURRENT prior forecasts,2026,1,2026-08-10,2026-08-10,45890815
2026-01-10,desktop,CURRENT prior forecasts,2026,1,2026-08-10,2026-08-10,45843441
2026-01-11,desktop,CURRENT prior forecasts,2026,1,2026-08-10,2026-08-10,45798644
2026-01-12,desktop,CURRENT prior forecasts,2026,1,2026-08-10,2026-08-10,45829117
2026-01-13,desktop,CURRENT prior forecasts,2026,1,2026-08-10,2026-08-10,45873885
2026-01-14,desktop,CURRENT prior forecasts,2026,1,2026-08-10,2026-08-10,45933096
2026-01-15,desktop,CURRENT prior forecasts,2026,1,2026-08-10,2026-08-10,45998626
2026-01-16,desktop,CURRENT prior forecasts,2026,1,2026-08-10,2026-08-10,46047274
2026-01-17,desktop,CURRENT prior forecasts,2026,1,2026-08-10,2026-08-10,46145492
2026-01-18,desktop,CURRENT prior forecasts,2026,1,2026-08-10,2026-08-10,46271564
2026-01-19,desktop,CURRENT prior forecasts,2026,1,2026-08-10,2026-08-10,46473709
2026-01-20,desktop,CURRENT prior forecasts,2026,1,2026-08-10,2026-08-10,47334469
2026-01-21,desktop,CURRENT prior forecasts,2026,1,2026-08-10,2026-08-10,47776396
2026-01-22,desktop,CURRENT prior forecasts,2026,1,2026-08-10,2026-08-10,48458426
2026-01-23,desktop,CURRENT prior forecasts,2026,1,2026-08-10,2026-08-10,48899366
2026-01-24,desktop,CURRENT prior forecasts,2026,1,2026-08-10,2026-08-10,49141808
2026-01-25,desktop,CURRENT prior forecasts,2026,1,2026-08-10,2026-08-10,49362596
2026-01-26,desktop,CURRENT prior forecasts,2026,1,2026-08-10,2026-08-10,49665395
2026-01-27,desktop,CURRENT prior forecasts,2026,1,2026-08-10,2026-08-10,50014779
2026-01-28,desktop,CURRENT prior forecasts,2026,1,2026-08-10,2026-08-10,50473323
2026-01-29,desktop,CURRENT prior forecasts,2026,1,2026-08-10,2026-08-10,51045597
2026-01-30,desktop,CURRENT prior forecasts,2026,1,2026-08-10,2026-08-10,51293145
2026-01-31,desktop,CURRENT prior forecasts,2026,1,2026-08-10,2026-08-10,
2026-02-01,desktop,CURRENT prior forecasts,2026,1,2026-08-10,2026-08-10,50575226
2026-02-02,desktop,CURRENT prior forecasts,2026,1,2026-08-10,2026-08-10,50678442
2026-02-03,desktop,CURRENT prior forecasts,2026,1,2026-08-10,2026-08-10,50858835
2026-02-04,desktop,CURRENT prior forecasts,2026,1,2026-08-10,2026-08-10,50966620
2026-02-05,desktop,CURRENT prior forecasts,2026,1,2026-08-10,2026-08-10,51053648
2026-02-06,desktop,CURRENT prior forecasts,2026,1,2026-08-10,2026-08-10,51124187
2026-02-07,desktop,CURRENT prior forecasts,2026,1,2026-08-10,2026-08-10,51184885
2026-02-08,desktop,CURRENT prior forecasts,2026,1,2026-08-10,2026-08-10,51249650
2026-02-09,desktop,CURRENT prior forecasts,2026,1,2026-08-10,2026-08-10,51313102
2026-02-10,desktop,CURRENT prior forecasts,2026,1,2026-08-10,2026-08-10,51354569
2026-02-11,desktop,CURRENT prior forecasts,2026,1,2026-08-10,2026-08-10,51384895
2026-02-12,desktop,CURRENT prior forecasts,2026,1,2026-08-10,2026-08-10,51414392
2026-02-13,desktop,CURRENT prior forecasts,2026,1,2026-08-10,2026-08-10,51449284
2026-02-14,desktop,CURRENT prior forecasts,2026,1,2026-08-10,2026-08-10,51463641
2026-02-15,desktop,CURRENT prior forecasts,2026,1,2026-08-10,2026-08-10,51448035
2026-02-16,desktop,CURRENT prior forecasts,2026,1,2026-08-10,2026-08-10,51337111
2026-02-17,desktop,CURRENT prior forecasts,2026,1,2026-08-10,2026-08-10,51247334
2026-02-18,desktop,CURRENT prior forecasts,2026,1,2026-08-10,2026-08-10,51220618
2026-02-19,desktop,CURRENT prior forecasts,2026,1,2026-08-10,2026-08-10,51213319
2026-02-20,desktop,CURRENT prior forecasts,2026,1,2026-08-10,2026-08-10,51173216
2026-02-21,desktop,CURRENT prior forecasts,2026,1,2026-08-10,2026-08-10,51135342
2026-02-22,desktop,CURRENT prior forecasts,2026,1,2026-08-10,2026-08-10,51110747
2026-02-23,desktop,CURRENT prior forecasts,2026,1,2026-08-10,2026-08-10,51080672
2026-02-24,desktop,CURRENT prior forecasts,2026,1,2026-08-10,2026-08-10,51050385
2026-02-25,desktop,CURRENT prior forecasts,2026,1,2026-08-10,2026-08-10,51025927
2026-02-26,desktop,CURRENT prior forecasts,2026,1,2026-08-10,2026-08-10,51009826
2026-02-27,desktop,CURRENT prior forecasts,2026,1,2026-08-10,2026-08-10,50995639
2026-02-28,desktop,CURRENT prior forecasts,2026,1,2026-08-10,2026-08-10,
2026-03-01,desktop,CURRENT prior forecasts,2026,1,2026-08-10,2026-08-10,50500544
2026-03-02,desktop,CURRENT prior forecasts,2026,1,2026-08-10,2026-08-10,50463614
2026-03-03,desktop,CURRENT prior forecasts,2026,1,2026-08-10,2026-08-10,50466231
2026-03-04,desktop,CURRENT prior forecasts,2026,1,2026-08-10,2026-08-10,50484616
2026-03-05,desktop,CURRENT prior forecasts,2026,1,2026-08-10,2026-08-10,50520748
2026-03-06,desktop,CURRENT prior forecasts,2026,1,2026-08-10,2026-08-10,50537439
2026-03-07,desktop,CURRENT prior forecasts,2026,1,2026-08-10,2026-08-10,50470411
2026-03-08,desktop,CURRENT prior forecasts,2026,1,2026-08-10,2026-08-10,50404551
2026-03-09,desktop,CURRENT prior forecasts,2026,1,2026-08-10,2026-08-10,50462109
2026-03-10,desktop,CURRENT prior forecasts,2026,1,2026-08-10,2026-08-10,50515025
2026-03-11,desktop,CURRENT prior forecasts,2026,1,2026-08-10,2026-08-10,50610041
2026-03-12,desktop,CURRENT prior forecasts,2026,1,2026-08-10,2026-08-10,50685986
2026-03-13,desktop,CURRENT prior forecasts,2026,1,2026-08-10,2026-08-10,50744642
2026-03-14,desktop,CURRENT prior forecasts,2026,1,2026-08-10,2026-08-10,50730529
2026-03-15,desktop,CURRENT prior forecasts,2026,1,2026-08-10,2026-08-10,50725363
2026-03-16,desktop,CURRENT prior forecasts,2026,1,2026-08-10,2026-08-10,50958016
2026-03-17,desktop,CURRENT prior forecasts,2026,1,2026-08-10,2026-08-10,51220676
2026-03-18,desktop,CURRENT prior forecasts,2026,1,2026-08-10,2026-08-10,51347064
2026-03-19,desktop,CURRENT prior forecasts,2026,1,2026-08-10,2026-08-10,51426104
2026-03-20,desktop,CURRENT prior forecasts,2026,1,2026-08-10,2026-08-10,51431277
2026-03-21,desktop,CURRENT prior forecasts,2026,1,2026-08-10,2026-08-10,51341032
2026-03-22,desktop,CURRENT prior forecasts,2026,1,2026-08-10,2026-08-10,51261043
2026-03-23,desktop,CURRENT prior forecasts,2026,1,2026-08-10,2026-08-10,51340359
2026-03-24,desktop,CURRENT prior forecasts,2026,1,2026-08-10,2026-08-10,51365096
2026-03-25,desktop,CURRENT prior forecasts,2026,1,2026-08-10,2026-08-10,51383630
2026-03-26,desktop,CURRENT prior forecasts,2026,1,2026-08-10,2026-08-10,51401284
2026-03-27,desktop,CURRENT prior forecasts,2026,1,2026-08-10,2026-08-10,51377807
2026-03-28,desktop,CURRENT prior forecasts,2026,1,2026-08-10,2026-08-10,51354092
2026-03-29,desktop,CURRENT prior forecasts,2026,1,2026-08-10,2026-08-10,51316576
2026-03-30,desktop,CURRENT prior forecasts,2026,1,2026-08-10,2026-08-10,51236829
2026-03-31,desktop,CURRENT prior forecasts,2026,1,2026-08-10,2026-08-10,
2026-04-01,desktop,CURRENT prior forecasts,2026,1,2026-08-10,2026-08-10,50155406
2026-04-02,desktop,CURRENT prior forecasts,2026,1,2026-08-10,2026-08-10,49892858
2026-04-03,desktop,CURRENT prior forecasts,2026,1,2026-08-10,2026-08-10,49387882
2026-04-04,desktop,CURRENT prior forecasts,2026,1,2026-08-10,2026-08-10,49367128
2026-04-05,desktop,CURRENT prior forecasts,2026,1,2026-08-10,2026-08-10,49332122
2026-04-06,desktop,CURRENT prior forecasts,2026,1,2026-08-10,2026-08-10,48893433
2026-04-07,desktop,CURRENT prior forecasts,2026,1,2026-08-10,2026-08-10,48774672
2026-04-08,desktop,CURRENT prior forecasts,2026,1,2026-08-10,2026-08-10,48655589
2026-04-09,desktop,CURRENT prior forecasts,2026,1,2026-08-10,2026-08-10,48546184
2026-04-10,desktop,CURRENT prior forecasts,2026,1,2026-08-10,2026-08-10,48470272
2026-04-11,desktop,CURRENT prior forecasts,2026,1,2026-08-10,2026-08-10,48560943
2026-04-12,desktop,CURRENT prior forecasts,2026,1,2026-08-10,2026-08-10,48679038
2026-04-13,desktop,CURRENT prior forecasts,2026,1,2026-08-10,2026-08-10,48621703
2026-04-14,desktop,CURRENT prior forecasts,2026,1,2026-08-10,2026-08-10,48574783
2026-04-15,desktop,CURRENT prior forecasts,2026,1,2026-08-10,2026-08-10,48565289
2026-04-16,desktop,CURRENT prior forecasts,2026,1,2026-08-10,2026-08-10,48621088
2026-04-17,desktop,CURRENT prior forecasts,2026,1,2026-08-10,2026-08-10,48713025
2026-04-18,desktop,CURRENT prior forecasts,2026,1,2026-08-10,2026-08-10,48910331
2026-04-19,desktop,CURRENT prior forecasts,2026,1,2026-08-10,2026-08-10,49094844
2026-04-20,desktop,CURRENT prior forecasts,2026,1,2026-08-10,2026-08-10,49133788
2026-04-21,desktop,CURRENT prior forecasts,2026,1,2026-08-10,2026-08-10,49100264
2026-04-22,desktop,CURRENT prior forecasts,2026,1,2026-08-10,2026-08-10,49044135
2026-04-23,desktop,CURRENT prior forecasts,2026,1,2026-08-10,2026-08-10,48984202
2026-04-24,desktop,CURRENT prior forecasts,2026,1,2026-08-10,2026-08-10,48933318
2026-04-25,desktop,CURRENT prior forecasts,2026,1,2026-08-10,2026-08-10,49005962
2026-04-26,desktop,CURRENT prior forecasts,2026,1,2026-08-10,2026-08-10,49114101
2026-04-27,desktop,CURRENT prior forecasts,2026,1,2026-08-10,2026-08-10,49049186
2026-04-28,desktop,CURRENT prior forecasts,2026,1,2026-08-10,2026-08-10,48980471
2026-04-29,desktop,CURRENT prior forecasts,2026,1,2026-08-10,2026-08-10,48995094
2026-04-30,desktop,CURRENT prior forecasts,2026,1,2026-08-10,2026-08-10,49104965
2026-05-01,desktop,CURRENT prior forecasts,2026,1,2026-08-10,2026-08-10,49121897
2026-05-02,desktop,CURRENT prior forecasts,2026,1,2026-08-10,2026-08-10,49131219
2026-05-03,desktop,CURRENT prior forecasts,2026,1,2026-08-10,2026-08-10,49202669
2026-05-04,desktop,CURRENT prior forecasts,2026,1,2026-08-10,2026-08-10,49519592
2026-05-05,desktop,CURRENT prior forecasts,2026,1,2026-08-10,2026-08-10,49489120
2026-05-06,desktop,CURRENT prior forecasts,2026,1,2026-08-10,2026-08-10,49452488
2026-05-07,desktop,CURRENT prior forecasts,2026,1,2026-08-10,2026-08-10,49423838
2026-05-08,desktop,CURRENT prior forecasts,2026,1,2026-08-10,2026-08-10,49370297
2026-05-09,desktop,CURRENT prior forecasts,2026,1,2026-08-10,2026-08-10,49326150
2026-05-10,desktop,CURRENT prior forecasts,2026,1,2026-08-10,2026-08-10,49272470
2026-05-11,desktop,CURRENT prior forecasts,2026,1,2026-08-10,2026-08-10,49223940
2026-05-12,desktop,CURRENT prior forecasts,2026,1,2026-08-10,2026-08-10,49193713
2026-05-13,desktop,CURRENT prior forecasts,2026,1,2026-08-10,2026-08-10,49139002
2026-05-14,desktop,CURRENT prior forecasts,2026,1,2026-08-10,2026-08-10,48876304
2026-05-15,desktop,CURRENT prior forecasts,2026,1,2026-08-10,2026-08-10,48733810
2026-05-16,desktop,CURRENT prior forecasts,2026,1,2026-08-10,2026-08-10,48689450
2026-05-17,desktop,CURRENT prior forecasts,2026,1,2026-08-10,2026-08-10,48647951
2026-05-18,desktop,CURRENT prior forecasts,2026,1,2026-08-10,2026-08-10,48588861
2026-05-19,desktop,CURRENT prior forecasts,2026,1,2026-08-10,2026-08-10,48589825
2026-05-20,desktop,CURRENT prior forecasts,2026,1,2026-08-10,2026-08-10,48568822
2026-05-21,desktop,CURRENT prior forecasts,2026,1,2026-08-10,2026-08-10,48539934
2026-05-22,desktop,CURRENT prior forecasts,2026,1,2026-08-10,2026-08-10,48502594
2026-05-23,desktop,CURRENT prior forecasts,2026,1,2026-08-10,2026-08-10,48475368
2026-05-24,desktop,CURRENT prior forecasts,2026,1,2026-08-10,2026-08-10,48395850
2026-05-25,desktop,CURRENT prior forecasts,2026,1,2026-08-10,2026-08-10,
2026-05-26,desktop,CURRENT prior forecasts,2026,1,2026-08-10,2026-08-10,48391048
2026-05-27,desktop,CURRENT prior forecasts,2026,1,2026-08-10,2026-08-10,48399638
2026-05-28,desktop,CURRENT prior forecasts,2026,1,2026-08-10,2026-08-10,48346247
2026-05-29,desktop,CURRENT prior forecasts,2026,1,2026-08-10,2026-08-10,48773492
2026-05-30,desktop,CURRENT prior forecasts,2026,1,2026-08-10,2026-08-10,48806682
2026-05-31,desktop,CURRENT prior forecasts,2026,1,2026-08-10,2026-08-10,48788356
2026-06-01,desktop,CURRENT prior forecasts,2026,1,2026-08-10,2026-08-10,48724178
2026-06-02,desktop,CURRENT prior forecasts,2026,1,2026-08-10,2026-08-10,48648874
2026-06-03,desktop,CURRENT prior forecasts,2026,1,2026-08-10,2026-08-10,48556419
2026-06-04,desktop,CURRENT prior forecasts,2026,1,2026-08-10,2026-08-10,48450397
2026-06-05,desktop,CURRENT prior forecasts,2026,1,2026-08-10,2026-08-10,48362928
2026-06-06,desktop,CURRENT prior forecasts,2026,1,2026-08-10,2026-08-10,48326579
2026-06-07,desktop,CURRENT prior forecasts,2026,1,2026-08-10,2026-08-10,48304983
2026-06-08,desktop,CURRENT prior forecasts,2026,1,2026-08-10,2026-08-10,48248334
2026-06-09,desktop,CURRENT prior forecasts,2026,1,2026-08-10,2026-08-10,48184700
2026-06-10,desktop,CURRENT prior forecasts,2026,1,2026-08-10,2026-08-10,48165981
2026-06-11,desktop,CURRENT prior forecasts,2026,1,2026-08-10,2026-08-10,48301608
2026-06-12,desktop,CURRENT prior forecasts,2026,1,2026-08-10,2026-08-10,48299146
2026-06-13,desktop,CURRENT prior forecasts,2026,1,2026-08-10,2026-08-10,48286469
2026-06-14,desktop,CURRENT prior forecasts,2026,1,2026-08-10,2026-08-10,48272733
2026-06-15,desktop,CURRENT prior forecasts,2026,1,2026-08-10,2026-08-10,48207976
2026-06-16,desktop,CURRENT prior forecasts,2026,1,2026-08-10,2026-08-10,48142187
2026-06-17,desktop,CURRENT prior forecasts,2026,1,2026-08-10,2026-08-10,48079001
2026-06-18,desktop,CURRENT prior forecasts,2026,1,2026-08-10,2026-08-10,48006915
2026-06-19,desktop,CURRENT prior forecasts,2026,1,2026-08-10,2026-08-10,47907061
2026-06-20,desktop,CURRENT prior forecasts,2026,1,2026-08-10,2026-08-10,47916740
2026-06-21,desktop,CURRENT prior forecasts,2026,1,2026-08-10,2026-08-10,47960670
2026-06-22,desktop,CURRENT prior forecasts,2026,1,2026-08-10,2026-08-10,47937274
2026-06-23,desktop,CURRENT prior forecasts,2026,1,2026-08-10,2026-08-10,47900414
2026-06-24,desktop,CURRENT prior forecasts,2026,1,2026-08-10,2026-08-10,47881407
2026-06-25,desktop,CURRENT prior forecasts,2026,1,2026-08-10,2026-08-10,47825240
2026-06-26,desktop,CURRENT prior forecasts,2026,1,2026-08-10,2026-08-10,47778068
2026-06-27,desktop,CURRENT prior forecasts,2026,1,2026-08-10,2026-08-10,47725512
2026-06-28,desktop,CURRENT prior forecasts,2026,1,2026-08-10,2026-08-10,47687116
2026-06-29,desktop,CURRENT prior forecasts,2026,1,2026-08-10,2026-08-10,47658762
2026-06-30,desktop,CURRENT prior forecasts,2026,1,2026-08-10,2026-08-10,47598033
2026-07-01,desktop,CURRENT prior forecasts,2026,1,2026-08-10,2026-08-10,47524832
2026-07-02,desktop,CURRENT prior forecasts,2026,1,2026-08-10,2026-08-10,47595728
2026-07-03,desktop,CURRENT prior forecasts,2026,1,2026-08-10,2026-08-10,47525201
2026-07-04,desktop,CURRENT prior forecasts,2026,1,2026-08-10,2026-08-10,47386694
2026-07-05,desktop,CURRENT prior forecasts,2026,1,2026-08-10,2026-08-10,
2026-07-06,desktop,CURRENT prior forecasts,2026,1,2026-08-10,2026-08-10,48282535
2026-07-07,desktop,CURRENT prior forecasts,2026,1,2026-08-10,2026-08-10,48293134
2026-07-08,desktop,CURRENT prior forecasts,2026,1,2026-08-10,2026-08-10,48222486
2026-07-09,desktop,CURRENT prior forecasts,2026,1,2026-08-10,2026-08-10,48070645
2026-07-10,desktop,CURRENT prior forecasts,2026,1,2026-08-10,2026-08-10,47908499
2026-07-11,desktop,CURRENT prior forecasts,2026,1,2026-08-10,2026-08-10,47808524
2026-07-12,desktop,CURRENT prior forecasts,2026,1,2026-08-10,2026-08-10,47707608
2026-07-13,desktop,CURRENT prior forecasts,2026,1,2026-08-10,2026-08-10,47506083
2026-07-14,desktop,CURRENT prior forecasts,2026,1,2026-08-10,2026-08-10,47370668
2026-07-15,desktop,CURRENT prior forecasts,2026,1,2026-08-10,2026-08-10,47215051
2026-07-16,desktop,CURRENT prior forecasts,2026,1,2026-08-10,2026-08-10,47048334
2026-07-17,desktop,CURRENT prior forecasts,2026,1,2026-08-10,2026-08-10,46930080
2026-07-18,desktop,CURRENT prior forecasts,2026,1,2026-08-10,2026-08-10,46839794
2026-07-19,desktop,CURRENT prior forecasts,2026,1,2026-08-10,2026-08-10,46760104
2026-07-20,desktop,CURRENT prior forecasts,2026,1,2026-08-10,2026-08-10,46557878
2026-07-21,desktop,CURRENT prior forecasts,2026,1,2026-08-10,2026-08-10,46407174
2026-07-22,desktop,CURRENT prior forecasts,2026,1,2026-08-10,2026-08-10,46309186
2026-07-23,desktop,CURRENT prior forecasts,2026,1,2026-08-10,2026-08-10,46167180
2026-07-24,desktop,CURRENT prior forecasts,2026,1,2026-08-10,2026-08-10,46039534
2026-07-25,desktop,CURRENT prior forecasts,2026,1,2026-08-10,2026-08-10,45930334
2026-07-26,desktop,CURRENT prior forecasts,2026,1,2026-08-10,2026-08-10,45835624
2026-07-27,desktop,CURRENT prior forecasts,2026,1,2026-08-10,2026-08-10,45660766
2026-07-28,desktop,CURRENT prior forecasts,2026,1,2026-08-10,2026-08-10,45485301
2026-07-29,desktop,CURRENT prior forecasts,2026,1,2026-08-10,2026-08-10,45322421
2026-07-30,desktop,CURRENT prior forecasts,2026,1,2026-08-10,2026-08-10,45159404
2026-07-31,desktop,CURRENT prior forecasts,2026,1,2026-08-10,2026-08-10,45002731
2026-08-01,desktop,CURRENT prior forecasts,2026,1,2026-08-10,2026-08-10,44910189
2026-01-01,mobile,CURRENT prior forecasts,2026,1,2026-08-10,2026-08-10,15552901
2026-01-02,mobile,CURRENT prior forecasts,2026,1,2026-08-10,2026-08-10,15541705
2026-01-03,mobile,CURRENT prior forecasts,2026,1,2026-08-10,2026-08-10,15537893
2026-01-04,mobile,CURRENT prior forecasts,2026,1,2026-08-10,2026-08-10,15537341
2026-01-05,mobile,CURRENT prior forecasts,2026,1,2026-08-10,2026-08-10,15531877
2026-01-06,mobile,CURRENT prior forecasts,2026,1,2026-08-10,2026-08-10,15524093
2026-01-07,mobile,CURRENT prior forecasts,2026,1,2026-08-10,2026-08-10,15516583
2026-01-08,mobile,CURRENT prior forecasts,2026,1,2026-08-10,2026-08-10,15511757
2026-01-09,mobile,CURRENT prior forecasts,2026,1,2026-08-10,2026-08-10,15509316
2026-01-10,mobile,CURRENT prior forecasts,2026,1,2026-08-10,2026-08-10,15512447
2026-01-11,mobile,CURRENT prior forecasts,2026,1,2026-08-10,2026-08-10,15517619
2026-01-12,mobile,CURRENT prior forecasts,2026,1,2026-08-10,2026-08-10,15523002
2026-01-13,mobile,CURRENT prior forecasts,2026,1,2026-08-10,2026-08-10,15529179
2026-01-14,mobile,CURRENT prior forecasts,2026,1,2026-08-10,2026-08-10,15536596
2026-01-15,mobile,CURRENT prior forecasts,2026,1,2026-08-10,2026-08-10,15544991
2026-01-16,mobile,CURRENT prior forecasts,2026,1,2026-08-10,2026-08-10,15551536
2026-01-17,mobile,CURRENT prior forecasts,2026,1,2026-08-10,2026-08-10,15561708
2026-01-18,mobile,CURRENT prior forecasts,2026,1,2026-08-10,2026-08-10,15572490
2026-01-19,mobile,CURRENT prior forecasts,2026,1,2026-08-10,2026-08-10,15584475
2026-01-20,mobile,CURRENT prior forecasts,2026,1,2026-08-10,2026-08-10,15599792
2026-01-21,mobile,CURRENT prior forecasts,2026,1,2026-08-10,2026-08-10,15622278
2026-01-22,mobile,CURRENT prior forecasts,2026,1,2026-08-10,2026-08-10,15658338
2026-01-23,mobile,CURRENT prior forecasts,2026,1,2026-08-10,2026-08-10,15676879
2026-01-24,mobile,CURRENT prior forecasts,2026,1,2026-08-10,2026-08-10,15691706
2026-01-25,mobile,CURRENT prior forecasts,2026,1,2026-08-10,2026-08-10,15705828
2026-01-26,mobile,CURRENT prior forecasts,2026,1,2026-08-10,2026-08-10,15718124
2026-01-27,mobile,CURRENT prior forecasts,2026,1,2026-08-10,2026-08-10,15733296
2026-01-28,mobile,CURRENT prior forecasts,2026,1,2026-08-10,2026-08-10,15751955
2026-01-29,mobile,CURRENT prior forecasts,2026,1,2026-08-10,2026-08-10,15772581
2026-01-30,mobile,CURRENT prior forecasts,2026,1,2026-08-10,2026-08-10,15787185
2026-01-31,mobile,CURRENT prior forecasts,2026,1,2026-08-10,2026-08-10,
2026-02-01,mobile,CURRENT prior forecasts,2026,1,2026-08-10,2026-08-10,15508646
2026-02-02,mobile,CURRENT prior forecasts,2026,1,2026-08-10,2026-08-10,15500735
2026-02-03,mobile,CURRENT prior forecasts,2026,1,2026-08-10,2026-08-10,15513630
2026-02-04,mobile,CURRENT prior forecasts,2026,1,2026-08-10,2026-08-10,15528623
2026-02-05,mobile,CURRENT prior forecasts,2026,1,2026-08-10,2026-08-10,15556923
2026-02-06,mobile,CURRENT prior forecasts,2026,1,2026-08-10,2026-08-10,15583924
2026-02-07,mobile,CURRENT prior forecasts,2026,1,2026-08-10,2026-08-10,15612552
2026-02-08,mobile,CURRENT prior forecasts,2026,1,2026-08-10,2026-08-10,15641457
2026-02-09,mobile,CURRENT prior forecasts,2026,1,2026-08-10,2026-08-10,15670228
2026-02-10,mobile,CURRENT prior forecasts,2026,1,2026-08-10,2026-08-10,15697343
2026-02-11,mobile,CURRENT prior forecasts,2026,1,2026-08-10,2026-08-10,15721369
2026-02-12,mobile,CURRENT prior forecasts,2026,1,2026-08-10,2026-08-10,15744423
2026-02-13,mobile,CURRENT prior forecasts,2026,1,2026-08-10,2026-08-10,15763999
2026-02-14,mobile,CURRENT prior forecasts,2026,1,2026-08-10,2026-08-10,15790314
2026-02-15,mobile,CURRENT prior forecasts,2026,1,2026-08-10,2026-08-10,15814911
2026-02-16,mobile,CURRENT prior forecasts,2026,1,2026-08-10,2026-08-10,15838402
2026-02-17,mobile,CURRENT prior forecasts,2026,1,2026-08-10,2026-08-10,15862538
2026-02-18,mobile,CURRENT prior forecasts,2026,1,2026-08-10,2026-08-10,15883983
2026-02-19,mobile,CURRENT prior forecasts,2026,1,2026-08-10,2026-08-10,15903660
2026-02-20,mobile,CURRENT prior forecasts,2026,1,2026-08-10,2026-08-10,15900163
2026-02-21,mobile,CURRENT prior forecasts,2026,1,2026-08-10,2026-08-10,15906669
2026-02-22,mobile,CURRENT prior forecasts,2026,1,2026-08-10,2026-08-10,15913347
2026-02-23,mobile,CURRENT prior forecasts,2026,1,2026-08-10,2026-08-10,15921890
2026-02-24,mobile,CURRENT prior forecasts,2026,1,2026-08-10,2026-08-10,15928267
2026-02-25,mobile,CURRENT prior forecasts,2026,1,2026-08-10,2026-08-10,15934413
2026-02-26,mobile,CURRENT prior forecasts,2026,1,2026-08-10,2026-08-10,15939934
2026-02-27,mobile,CURRENT prior forecasts,2026,1,2026-08-10,2026-08-10,15945364
2026-02-28,mobile,CURRENT prior forecasts,2026,1,2026-08-10,2026-08-10,
2026-03-01,mobile,CURRENT prior forecasts,2026,1,2026-08-10,2026-08-10,15843992
2026-03-02,mobile,CURRENT prior forecasts,2026,1,2026-08-10,2026-08-10,15844468
2026-03-03,mobile,CURRENT prior forecasts,2026,1,2026-08-10,2026-08-10,15843509
2026-03-04,mobile,CURRENT prior forecasts,2026,1,2026-08-10,2026-08-10,15841108
2026-03-05,mobile,CURRENT prior forecasts,2026,1,2026-08-10,2026-08-10,15838995
2026-03-06,mobile,CURRENT prior forecasts,2026,1,2026-08-10,2026-08-10,15838346
2026-03-07,mobile,CURRENT prior forecasts,2026,1,2026-08-10,2026-08-10,15841902
2026-03-08,mobile,CURRENT prior forecasts,2026,1,2026-08-10,2026-08-10,15846744
2026-03-09,mobile,CURRENT prior forecasts,2026,1,2026-08-10,2026-08-10,15844840
2026-03-10,mobile,CURRENT prior forecasts,2026,1,2026-08-10,2026-08-10,15840826
2026-03-11,mobile,CURRENT prior forecasts,2026,1,2026-08-10,2026-08-10,15840137
2026-03-12,mobile,CURRENT prior forecasts,2026,1,2026-08-10,2026-08-10,15838734
2026-03-13,mobile,CURRENT prior forecasts,2026,1,2026-08-10,2026-08-10,15839292
2026-03-14,mobile,CURRENT prior forecasts,2026,1,2026-08-10,2026-08-10,15845405
2026-03-15,mobile,CURRENT prior forecasts,2026,1,2026-08-10,2026-08-10,15855662
2026-03-16,mobile,CURRENT prior forecasts,2026,1,2026-08-10,2026-08-10,15861523
2026-03-17,mobile,CURRENT prior forecasts,2026,1,2026-08-10,2026-08-10,15869021
2026-03-18,mobile,CURRENT prior forecasts,2026,1,2026-08-10,2026-08-10,15872583
2026-03-19,mobile,CURRENT prior forecasts,2026,1,2026-08-10,2026-08-10,15875019
2026-03-20,mobile,CURRENT prior forecasts,2026,1,2026-08-10,2026-08-10,15871096
2026-03-21,mobile,CURRENT prior forecasts,2026,1,2026-08-10,2026-08-10,15870017
2026-03-22,mobile,CURRENT prior forecasts,2026,1,2026-08-10,2026-08-10,15871479
2026-03-23,mobile,CURRENT prior forecasts,2026,1,2026-08-10,2026-08-10,15867608
2026-03-24,mobile,CURRENT prior forecasts,2026,1,2026-08-10,2026-08-10,15863725
2026-03-25,mobile,CURRENT prior forecasts,2026,1,2026-08-10,2026-08-10,15861779
2026-03-26,mobile,CURRENT prior forecasts,2026,1,2026-08-10,2026-08-10,15858770
2026-03-27,mobile,CURRENT prior forecasts,2026,1,2026-08-10,2026-08-10,15854189
2026-03-28,mobile,CURRENT prior forecasts,2026,1,2026-08-10,2026-08-10,15849951
2026-03-29,mobile,CURRENT prior forecasts,2026,1,2026-08-10,2026-08-10,15845945
2026-03-30,mobile,CURRENT prior forecasts,2026,1,2026-08-10,2026-08-10,15840448
2026-03-31,mobile,CURRENT prior forecasts,2026,1,2026-08-10,2026-08-10,
2026-04-01,mobile,CURRENT prior forecasts,2026,1,2026-08-10,2026-08-10,15791144
2026-04-02,mobile,CURRENT prior forecasts,2026,1,2026-08-10,2026-08-10,15784109
2026-04-03,mobile,CURRENT prior forecasts,2026,1,2026-08-10,2026-08-10,15773620
2026-04-04,mobile,CURRENT prior forecasts,2026,1,2026-08-10,2026-08-10,15772703
2026-04-05,mobile,CURRENT prior forecasts,2026,1,2026-08-10,2026-08-10,15766338
2026-04-06,mobile,CURRENT prior forecasts,2026,1,2026-08-10,2026-08-10,15764425
2026-04-07,mobile,CURRENT prior forecasts,2026,1,2026-08-10,2026-08-10,15765369
2026-04-08,mobile,CURRENT prior forecasts,2026,1,2026-08-10,2026-08-10,15763993
2026-04-09,mobile,CURRENT prior forecasts,2026,1,2026-08-10,2026-08-10,15763957
2026-04-10,mobile,CURRENT prior forecasts,2026,1,2026-08-10,2026-08-10,15765046
2026-04-11,mobile,CURRENT prior forecasts,2026,1,2026-08-10,2026-08-10,15766321
2026-04-12,mobile,CURRENT prior forecasts,2026,1,2026-08-10,2026-08-10,15768509
2026-04-13,mobile,CURRENT prior forecasts,2026,1,2026-08-10,2026-08-10,15769219
2026-04-14,mobile,CURRENT prior forecasts,2026,1,2026-08-10,2026-08-10,15770939
2026-04-15,mobile,CURRENT prior forecasts,2026,1,2026-08-10,2026-08-10,15777380
2026-04-16,mobile,CURRENT prior forecasts,2026,1,2026-08-10,2026-08-10,15786112
2026-04-17,mobile,CURRENT prior forecasts,2026,1,2026-08-10,2026-08-10,15797077
2026-04-18,mobile,CURRENT prior forecasts,2026,1,2026-08-10,2026-08-10,15811381
2026-04-19,mobile,CURRENT prior forecasts,2026,1,2026-08-10,2026-08-10,15821384
2026-04-20,mobile,CURRENT prior forecasts,2026,1,2026-08-10,2026-08-10,15829401
2026-04-21,mobile,CURRENT prior forecasts,2026,1,2026-08-10,2026-08-10,15833747
2026-04-22,mobile,CURRENT prior forecasts,2026,1,2026-08-10,2026-08-10,15835240
2026-04-23,mobile,CURRENT prior forecasts,2026,1,2026-08-10,2026-08-10,15837023
2026-04-24,mobile,CURRENT prior forecasts,2026,1,2026-08-10,2026-08-10,15838596
2026-04-25,mobile,CURRENT prior forecasts,2026,1,2026-08-10,2026-08-10,15841629
2026-04-26,mobile,CURRENT prior forecasts,2026,1,2026-08-10,2026-08-10,15847844
2026-04-27,mobile,CURRENT prior forecasts,2026,1,2026-08-10,2026-08-10,15850762
2026-04-28,mobile,CURRENT prior forecasts,2026,1,2026-08-10,2026-08-10,15851624
2026-04-29,mobile,CURRENT prior forecasts,2026,1,2026-08-10,2026-08-10,15855485
2026-04-30,mobile,CURRENT prior forecasts,2026,1,2026-08-10,2026-08-10,15865203
2026-05-01,mobile,CURRENT prior forecasts,2026,1,2026-08-10,2026-08-10,15874846
2026-05-02,mobile,CURRENT prior forecasts,2026,1,2026-08-10,2026-08-10,15879357
2026-05-03,mobile,CURRENT prior forecasts,2026,1,2026-08-10,2026-08-10,15889405
2026-05-04,mobile,CURRENT prior forecasts,2026,1,2026-08-10,2026-08-10,15895477
2026-05-05,mobile,CURRENT prior forecasts,2026,1,2026-08-10,2026-08-10,15899876
2026-05-06,mobile,CURRENT prior forecasts,2026,1,2026-08-10,2026-08-10,15901314
2026-05-07,mobile,CURRENT prior forecasts,2026,1,2026-08-10,2026-08-10,15902211
2026-05-08,mobile,CURRENT prior forecasts,2026,1,2026-08-10,2026-08-10,15902274
2026-05-09,mobile,CURRENT prior forecasts,2026,1,2026-08-10,2026-08-10,15903788
2026-05-10,mobile,CURRENT prior forecasts,2026,1,2026-08-10,2026-08-10,15903420
2026-05-11,mobile,CURRENT prior forecasts,2026,1,2026-08-10,2026-08-10,15905758
2026-05-12,mobile,CURRENT prior forecasts,2026,1,2026-08-10,2026-08-10,15907630
2026-05-13,mobile,CURRENT prior forecasts,2026,1,2026-08-10,2026-08-10,15907833
2026-05-14,mobile,CURRENT prior forecasts,2026,1,2026-08-10,2026-08-10,15901431
2026-05-15,mobile,CURRENT prior forecasts,2026,1,2026-08-10,2026-08-10,15899700
2026-05-16,mobile,CURRENT prior forecasts,2026,1,2026-08-10,2026-08-10,15901558
2026-05-17,mobile,CURRENT prior forecasts,2026,1,2026-08-10,2026-08-10,15903657
2026-05-18,mobile,CURRENT prior forecasts,2026,1,2026-08-10,2026-08-10,15904492
2026-05-19,mobile,CURRENT prior forecasts,2026,1,2026-08-10,2026-08-10,15907243
2026-05-20,mobile,CURRENT prior forecasts,2026,1,2026-08-10,2026-08-10,15909507
2026-05-21,mobile,CURRENT prior forecasts,2026,1,2026-08-10,2026-08-10,15911462
2026-05-22,mobile,CURRENT prior forecasts,2026,1,2026-08-10,2026-08-10,15912389
2026-05-23,mobile,CURRENT prior forecasts,2026,1,2026-08-10,2026-08-10,15914880
2026-05-24,mobile,CURRENT prior forecasts,2026,1,2026-08-10,2026-08-10,15914357
2026-05-25,mobile,CURRENT prior forecasts,2026,1,2026-08-10,2026-08-10,
2026-05-26,mobile,CURRENT prior forecasts,2026,1,2026-08-10,2026-08-10,16343403
2026-05-27,mobile,CURRENT prior forecasts,2026,1,2026-08-10,2026-08-10,16356861
2026-05-28,mobile,CURRENT prior forecasts,2026,1,2026-08-10,2026-08-10,16368496
2026-05-29,mobile,CURRENT prior forecasts,2026,1,2026-08-10,2026-08-10,16395370
2026-05-30,mobile,CURRENT prior forecasts,2026,1,2026-08-10,2026-08-10,16410093
2026-05-31,mobile,CURRENT prior forecasts,2026,1,2026-08-10,2026-08-10,16420892
2026-06-01,mobile,CURRENT prior forecasts,2026,1,2026-08-10,2026-08-10,16428534
2026-06-02,mobile,CURRENT prior forecasts,2026,1,2026-08-10,2026-08-10,16433744
2026-06-03,mobile,CURRENT prior forecasts,2026,1,2026-08-10,2026-08-10,16439305
2026-06-04,mobile,CURRENT prior forecasts,2026,1,2026-08-10,2026-08-10,16446293
2026-06-05,mobile,CURRENT prior forecasts,2026,1,2026-08-10,2026-08-10,16454406
2026-06-06,mobile,CURRENT prior forecasts,2026,1,2026-08-10,2026-08-10,16464900
2026-06-07,mobile,CURRENT prior forecasts,2026,1,2026-08-10,2026-08-10,16473733
2026-06-08,mobile,CURRENT prior forecasts,2026,1,2026-08-10,2026-08-10,16481570
2026-06-09,mobile,CURRENT prior forecasts,2026,1,2026-08-10,2026-08-10,16489945
2026-06-10,mobile,CURRENT prior forecasts,2026,1,2026-08-10,2026-08-10,16501347
2026-06-11,mobile,CURRENT prior forecasts,2026,1,2026-08-10,2026-08-10,16516347
2026-06-12,mobile,CURRENT prior forecasts,2026,1,2026-08-10,2026-08-10,16526054
2026-06-13,mobile,CURRENT prior forecasts,2026,1,2026-08-10,2026-08-10,16533892
2026-06-14,mobile,CURRENT prior forecasts,2026,1,2026-08-10,2026-08-10,16542349
2026-06-15,mobile,CURRENT prior forecasts,2026,1,2026-08-10,2026-08-10,16551030
2026-06-16,mobile,CURRENT prior forecasts,2026,1,2026-08-10,2026-08-10,16559188
2026-06-17,mobile,CURRENT prior forecasts,2026,1,2026-08-10,2026-08-10,16566886
2026-06-18,mobile,CURRENT prior forecasts,2026,1,2026-08-10,2026-08-10,16574535
2026-06-19,mobile,CURRENT prior forecasts,2026,1,2026-08-10,2026-08-10,16581528
2026-06-20,mobile,CURRENT prior forecasts,2026,1,2026-08-10,2026-08-10,16592706
2026-06-21,mobile,CURRENT prior forecasts,2026,1,2026-08-10,2026-08-10,16606430
2026-06-22,mobile,CURRENT prior forecasts,2026,1,2026-08-10,2026-08-10,16616218
2026-06-23,mobile,CURRENT prior forecasts,2026,1,2026-08-10,2026-08-10,16622778
2026-06-24,mobile,CURRENT prior forecasts,2026,1,2026-08-10,2026-08-10,16630389
2026-06-25,mobile,CURRENT prior forecasts,2026,1,2026-08-10,2026-08-10,16633311
2026-06-26,mobile,CURRENT prior forecasts,2026,1,2026-08-10,2026-08-10,16638515
2026-06-27,mobile,CURRENT prior forecasts,2026,1,2026-08-10,2026-08-10,16643147
2026-06-28,mobile,CURRENT prior forecasts,2026,1,2026-08-10,2026-08-10,16645946
2026-06-29,mobile,CURRENT prior forecasts,2026,1,2026-08-10,2026-08-10,16650085
2026-06-30,mobile,CURRENT prior forecasts,2026,1,2026-08-10,2026-08-10,16653960
2026-07-01,mobile,CURRENT prior forecasts,2026,1,2026-08-10,2026-08-10,16657934
2026-07-02,mobile,CURRENT prior forecasts,2026,1,2026-08-10,2026-08-10,16666148
2026-07-03,mobile,CURRENT prior forecasts,2026,1,2026-08-10,2026-08-10,16669191
2026-07-04,mobile,CURRENT prior forecasts,2026,1,2026-08-10,2026-08-10,16667928
2026-07-05,mobile,CURRENT prior forecasts,2026,1,2026-08-10,2026-08-10,
2026-07-06,mobile,CURRENT prior forecasts,2026,1,2026-08-10,2026-08-10,17082311
2026-07-07,mobile,CURRENT prior forecasts,2026,1,2026-08-10,2026-08-10,17092009
2026-07-08,mobile,CURRENT prior forecasts,2026,1,2026-08-10,2026-08-10,17098448
2026-07-09,mobile,CURRENT prior forecasts,2026,1,2026-08-10,2026-08-10,17095458
2026-07-10,mobile,CURRENT prior forecasts,2026,1,2026-08-10,2026-08-10,17093652
2026-07-11,mobile,CURRENT prior forecasts,2026,1,2026-08-10,2026-08-10,17093092
2026-07-12,mobile,CURRENT prior forecasts,2026,1,2026-08-10,2026-08-10,17087848
2026-07-13,mobile,CURRENT prior forecasts,2026,1,2026-08-10,2026-08-10,17079920
2026-07-14,mobile,CURRENT prior forecasts,2026,1,2026-08-10,2026-08-10,17077518
2026-07-15,mobile,CURRENT prior forecasts,2026,1,2026-08-10,2026-08-10,17073614
2026-07-16,mobile,CURRENT prior forecasts,2026,1,2026-08-10,2026-08-10,17070415
2026-07-17,mobile,CURRENT prior forecasts,2026,1,2026-08-10,2026-08-10,17068275
2026-07-18,mobile,CURRENT prior forecasts,2026,1,2026-08-10,2026-08-10,17063183
2026-07-19,mobile,CURRENT prior forecasts,2026,1,2026-08-10,2026-08-10,17058232
2026-07-20,mobile,CURRENT prior forecasts,2026,1,2026-08-10,2026-08-10,17049336
2026-07-21,mobile,CURRENT prior forecasts,2026,1,2026-08-10,2026-08-10,17043754
2026-07-22,mobile,CURRENT prior forecasts,2026,1,2026-08-10,2026-08-10,17044236
2026-07-23,mobile,CURRENT prior forecasts,2026,1,2026-08-10,2026-08-10,17042891
2026-07-24,mobile,CURRENT prior forecasts,2026,1,2026-08-10,2026-08-10,17035404
2026-07-25,mobile,CURRENT prior forecasts,2026,1,2026-08-10,2026-08-10,17025386
2026-07-26,mobile,CURRENT prior forecasts,2026,1,2026-08-10,2026-08-10,17014669
2026-07-27,mobile,CURRENT prior forecasts,2026,1,2026-08-10,2026-08-10,17004418
2026-07-28,mobile,CURRENT prior forecasts,2026,1,2026-08-10,2026-08-10,16995686
2026-07-29,mobile,CURRENT prior forecasts,2026,1,2026-08-10,2026-08-10,16987830
2026-07-30,mobile,CURRENT prior forecasts,2026,1,2026-08-10,2026-08-10,16983445
2026-07-31,mobile,CURRENT prior forecasts,2026,1,2026-08-10,2026-08-10,16980183
2026-08-01,mobile,CURRENT prior forecasts,2026,1,2026-08-10,2026-08-10,16976759
2026-08-02,desktop,CURRENT forecast,2026,1,2026-08-10,2026-08-10,46865540
2026-08-03,desktop,CURRENT forecast,2026,1,2026-08-10,2026-08-10,46775617
2026-08-04,desktop,CURRENT forecast,2026,1,2026-08-10,2026-08-10,46688263
2026-08-05,desktop,CURRENT forecast,2026,1,2026-08-10,2026-08-10,46609669
2026-08-06,desktop,CURRENT forecast,2026,1,2026-08-10,2026-08-10,46520487
2026-08-07,desktop,CURRENT forecast,2026,1,2026-08-10,2026-08-10,46431850
2026-08-08,desktop,CURRENT forecast,2026,1,2026-08-10,2026-08-10,46366702
2026-08-09,desktop,CURRENT forecast,2026,1,2026-08-10,2026-08-10,46305060
2026-08-10,desktop,CURRENT forecast,2026,1,2026-08-10,2026-08-10,46219963
2026-08-11,desktop,CURRENT forecast,2026,1,2026-08-10,2026-08-10,46153076
2026-08-12,desktop,CURRENT forecast,2026,1,2026-08-10,2026-08-10,46039379
2026-08-13,desktop,CURRENT forecast,2026,1,2026-08-10,2026-08-10,45909997
2026-08-14,desktop,CURRENT forecast,2026,1,2026-08-10,2026-08-10,45782637
2026-08-15,desktop,CURRENT forecast,2026,1,2026-08-10,2026-08-10,45677228
2026-08-16,desktop,CURRENT forecast,2026,1,2026-08-10,2026-08-10,45591792
2026-08-17,desktop,CURRENT forecast,2026,1,2026-08-10,2026-08-10,45505870
2026-08-18,desktop,CURRENT forecast,2026,1,2026-08-10,2026-08-10,45437168
2026-08-19,desktop,CURRENT forecast,2026,1,2026-08-10,2026-08-10,45388109
2026-08-20,desktop,CURRENT forecast,2026,1,2026-08-10,2026-08-10,45328932
2026-08-21,desktop,CURRENT forecast,2026,1,2026-08-10,2026-08-10,45296832
2026-08-22,desktop,CURRENT forecast,2026,1,2026-08-10,2026-08-10,45269694
2026-08-23,desktop,CURRENT forecast,2026,1,2026-08-10,2026-08-10,45244522
2026-08-24,desktop,CURRENT forecast,2026,1,2026-08-10,2026-08-10,45220838
2026-08-25,desktop,CURRENT forecast,2026,1,2026-08-10,2026-08-10,45243149
2026-08-26,desktop,CURRENT forecast,2026,1,2026-08-10,2026-08-10,45284823
2026-08-27,desktop,CURRENT forecast,2026,1,2026-08-10,2026-08-10,45290191
2026-08-28,desktop,CURRENT forecast,2026,1,2026-08-10,2026-08-10,45295054
2026-08-29,desktop,CURRENT forecast,2026,1,2026-08-10,2026-08-10,45292463
2026-08-30,desktop,CURRENT forecast,2026,1,2026-08-10,2026-08-10,45312866
2026-08-31,desktop,CURRENT forecast,2026,1,2026-08-10,2026-08-10,45402407
2026-09-01,desktop,CURRENT forecast,2026,1,2026-08-10,2026-08-10,45479536
2026-09-02,desktop,CURRENT forecast,2026,1,2026-08-10,2026-08-10,45559272
2026-09-03,desktop,CURRENT forecast,2026,1,2026-08-10,2026-08-10,45643931
2026-09-04,desktop,CURRENT forecast,2026,1,2026-08-10,2026-08-10,45715445
2026-09-05,desktop,CURRENT forecast,2026,1,2026-08-10,2026-08-10,45776594
2026-09-06,desktop,CURRENT forecast,2026,1,2026-08-10,2026-08-10,45829571
2026-09-07,desktop,CURRENT forecast,2026,1,2026-08-10,2026-08-10,45816262
2026-09-08,desktop,CURRENT forecast,2026,1,2026-08-10,2026-08-10,45959299
2026-09-09,desktop,CURRENT forecast,2026,1,2026-08-10,2026-08-10,46118911
2026-09-10,desktop,CURRENT forecast,2026,1,2026-08-10,2026-08-10,46287172
2026-09-11,desktop,CURRENT forecast,2026,1,2026-08-10,2026-08-10,46472779
2026-09-12,desktop,CURRENT forecast,2026,1,2026-08-10,2026-08-10,46664643
2026-09-13,desktop,CURRENT forecast,2026,1,2026-08-10,2026-08-10,46758280
2026-09-14,desktop,CURRENT forecast,2026,1,2026-08-10,2026-08-10,46912641
2026-09-15,desktop,CURRENT forecast,2026,1,2026-08-10,2026-08-10,47050835
2026-09-16,desktop,CURRENT forecast,2026,1,2026-08-10,2026-08-10,47171354
2026-09-17,desktop,CURRENT forecast,2026,1,2026-08-10,2026-08-10,47296046
2026-09-18,desktop,CURRENT forecast,2026,1,2026-08-10,2026-08-10,47406274
2026-09-19,desktop,CURRENT forecast,2026,1,2026-08-10,2026-08-10,47478150
2026-09-20,desktop,CURRENT forecast,2026,1,2026-08-10,2026-08-10,47537441
2026-09-21,desktop,CURRENT forecast,2026,1,2026-08-10,2026-08-10,47630396
2026-09-22,desktop,CURRENT forecast,2026,1,2026-08-10,2026-08-10,47754665
2026-09-23,desktop,CURRENT forecast,2026,1,2026-08-10,2026-08-10,47852919
2026-09-24,desktop,CURRENT forecast,2026,1,2026-08-10,2026-08-10,47935557
2026-09-25,desktop,CURRENT forecast,2026,1,2026-08-10,2026-08-10,48009871
2026-09-26,desktop,CURRENT forecast,2026,1,2026-08-10,2026-08-10,48063426
2026-09-27,desktop,CURRENT forecast,2026,1,2026-08-10,2026-08-10,48123349
2026-09-28,desktop,CURRENT forecast,2026,1,2026-08-10,2026-08-10,48194217
2026-09-29,desktop,CURRENT forecast,2026,1,2026-08-10,2026-08-10,48250594
2026-09-30,desktop,CURRENT forecast,2026,1,2026-08-10,2026-08-10,48301485
2026-10-01,desktop,CURRENT forecast,2026,1,2026-08-10,2026-08-10,48329424
2026-10-02,desktop,CURRENT forecast,2026,1,2026-08-10,2026-08-10,48320349
2026-10-03,desktop,CURRENT forecast,2026,1,2026-08-10,2026-08-10,48307218
2026-10-04,desktop,CURRENT forecast,2026,1,2026-08-10,2026-08-10,48332477
2026-10-05,desktop,CURRENT forecast,2026,1,2026-08-10,2026-08-10,48512945
2026-10-06,desktop,CURRENT forecast,2026,1,2026-08-10,2026-08-10,48547794
2026-10-07,desktop,CURRENT forecast,2026,1,2026-08-10,2026-08-10,48560130
2026-10-08,desktop,CURRENT forecast,2026,1,2026-08-10,2026-08-10,48578622
2026-10-09,desktop,CURRENT forecast,2026,1,2026-08-10,2026-08-10,48593322
2026-10-10,desktop,CURRENT forecast,2026,1,2026-08-10,2026-08-10,48601177
2026-10-11,desktop,CURRENT forecast,2026,1,2026-08-10,2026-08-10,48603687
2026-10-12,desktop,CURRENT forecast,2026,1,2026-08-10,2026-08-10,48536485
2026-10-13,desktop,CURRENT forecast,2026,1,2026-08-10,2026-08-10,48538474
2026-10-14,desktop,CURRENT forecast,2026,1,2026-08-10,2026-08-10,48561562
2026-10-15,desktop,CURRENT forecast,2026,1,2026-08-10,2026-08-10,48574515
2026-10-16,desktop,CURRENT forecast,2026,1,2026-08-10,2026-08-10,48587658
2026-10-17,desktop,CURRENT forecast,2026,1,2026-08-10,2026-08-10,48586148
2026-10-18,desktop,CURRENT forecast,2026,1,2026-08-10,2026-08-10,48585088
2026-10-19,desktop,CURRENT forecast,2026,1,2026-08-10,2026-08-10,48575412
2026-10-20,desktop,CURRENT forecast,2026,1,2026-08-10,2026-08-10,48546492
2026-10-21,desktop,CURRENT forecast,2026,1,2026-08-10,2026-08-10,48538765
2026-10-22,desktop,CURRENT forecast,2026,1,2026-08-10,2026-08-10,48538419
2026-10-23,desktop,CURRENT forecast,2026,1,2026-08-10,2026-08-10,48557737
2026-10-24,desktop,CURRENT forecast,2026,1,2026-08-10,2026-08-10,48548955
2026-10-25,desktop,CURRENT forecast,2026,1,2026-08-10,2026-08-10,48539295
2026-10-26,desktop,CURRENT forecast,2026,1,2026-08-10,2026-08-10,48530081
2026-10-27,desktop,CURRENT forecast,2026,1,2026-08-10,2026-08-10,48522751
2026-10-28,desktop,CURRENT forecast,2026,1,2026-08-10,2026-08-10,48505006
2026-10-29,desktop,CURRENT forecast,2026,1,2026-08-10,2026-08-10,48514311
2026-10-30,desktop,CURRENT forecast,2026,1,2026-08-10,2026-08-10,48560454
2026-10-31,desktop,CURRENT forecast,2026,1,2026-08-10,2026-08-10,48566605
2026-11-01,desktop,CURRENT forecast,2026,1,2026-08-10,2026-08-10,48465965
2026-11-02,desktop,CURRENT forecast,2026,1,2026-08-10,2026-08-10,48428876
2026-11-03,desktop,CURRENT forecast,2026,1,2026-08-10,2026-08-10,48425347
2026-11-04,desktop,CURRENT forecast,2026,1,2026-08-10,2026-08-10,48424709
2026-11-05,desktop,CURRENT forecast,2026,1,2026-08-10,2026-08-10,48431918
2026-11-06,desktop,CURRENT forecast,2026,1,2026-08-10,2026-08-10,48431300
2026-11-07,desktop,CURRENT forecast,2026,1,2026-08-10,2026-08-10,48420877
2026-11-08,desktop,CURRENT forecast,2026,1,2026-08-10,2026-08-10,48404065
2026-11-09,desktop,CURRENT forecast,2026,1,2026-08-10,2026-08-10,48477716
2026-11-10,desktop,CURRENT forecast,2026,1,2026-08-10,2026-08-10,48467134
2026-11-11,desktop,CURRENT forecast,2026,1,2026-08-10,2026-08-10,48406049
2026-11-12,desktop,CURRENT forecast,2026,1,2026-08-10,2026-08-10,48408140
2026-11-13,desktop,CURRENT forecast,2026,1,2026-08-10,2026-08-10,48407315
2026-11-14,desktop,CURRENT forecast,2026,1,2026-08-10,2026-08-10,48414684
2026-11-15,desktop,CURRENT forecast,2026,1,2026-08-10,2026-08-10,48412229
2026-11-16,desktop,CURRENT forecast,2026,1,2026-08-10,2026-08-10,48433089
2026-11-17,desktop,CURRENT forecast,2026,1,2026-08-10,2026-08-10,48486275
2026-11-18,desktop,CURRENT forecast,2026,1,2026-08-10,2026-08-10,48521967
2026-11-19,desktop,CURRENT forecast,2026,1,2026-08-10,2026-08-10,48547983
2026-11-20,desktop,CURRENT forecast,2026,1,2026-08-10,2026-08-10,48522523
2026-11-21,desktop,CURRENT forecast,2026,1,2026-08-10,2026-08-10,48532621
2026-11-22,desktop,CURRENT forecast,2026,1,2026-08-10,2026-08-10,48544966
2026-11-23,desktop,CURRENT forecast,2026,1,2026-08-10,2026-08-10,48549373
2026-11-24,desktop,CURRENT forecast,2026,1,2026-08-10,2026-08-10,48568962
2026-11-25,desktop,CURRENT forecast,2026,1,2026-08-10,2026-08-10,48590663
2026-11-26,desktop,CURRENT forecast,2026,1,2026-08-10,2026-08-10,48544569
2026-11-27,desktop,CURRENT forecast,2026,1,2026-08-10,2026-08-10,48479166
2026-11-28,desktop,CURRENT forecast,2026,1,2026-08-10,2026-08-10,48494009
2026-11-29,desktop,CURRENT forecast,2026,1,2026-08-10,2026-08-10,48601761
2026-11-30,desktop,CURRENT forecast,2026,1,2026-08-10,2026-08-10,48670745
2026-12-01,desktop,CURRENT forecast,2026,1,2026-08-10,2026-08-10,48700654
2026-12-02,desktop,CURRENT forecast,2026,1,2026-08-10,2026-08-10,48726009
2026-12-03,desktop,CURRENT forecast,2026,1,2026-08-10,2026-08-10,48733760
2026-12-04,desktop,CURRENT forecast,2026,1,2026-08-10,2026-08-10,48739790
2026-12-05,desktop,CURRENT forecast,2026,1,2026-08-10,2026-08-10,48745861
2026-12-06,desktop,CURRENT forecast,2026,1,2026-08-10,2026-08-10,48760483
2026-12-07,desktop,CURRENT forecast,2026,1,2026-08-10,2026-08-10,48782018
2026-12-08,desktop,CURRENT forecast,2026,1,2026-08-10,2026-08-10,48776893
2026-12-09,desktop,CURRENT forecast,2026,1,2026-08-10,2026-08-10,48827541
2026-12-10,desktop,CURRENT forecast,2026,1,2026-08-10,2026-08-10,48819073
2026-12-11,desktop,CURRENT forecast,2026,1,2026-08-10,2026-08-10,48803955
2026-12-12,desktop,CURRENT forecast,2026,1,2026-08-10,2026-08-10,48779071
2026-12-13,desktop,CURRENT forecast,2026,1,2026-08-10,2026-08-10,48765209
2026-12-14,desktop,CURRENT forecast,2026,1,2026-08-10,2026-08-10,48749948
2026-12-15,desktop,CURRENT forecast,2026,1,2026-08-10,2026-08-10,48703443
2026-12-16,desktop,CURRENT forecast,2026,1,2026-08-10,2026-08-10,48652667
2026-12-17,desktop,CURRENT forecast,2026,1,2026-08-10,2026-08-10,48597871
2026-12-18,desktop,CURRENT forecast,2026,1,2026-08-10,2026-08-10,48597052
2026-12-19,desktop,CURRENT forecast,2026,1,2026-08-10,2026-08-10,48541183
2026-12-20,desktop,CURRENT forecast,2026,1,2026-08-10,2026-08-10,48467713
2026-12-21,desktop,CURRENT forecast,2026,1,2026-08-10,2026-08-10,48275195
2026-12-22,desktop,CURRENT forecast,2026,1,2026-08-10,2026-08-10,48080040
2026-12-23,desktop,CURRENT forecast,2026,1,2026-08-10,2026-08-10,47835802
2026-12-24,desktop,CURRENT forecast,2026,1,2026-08-10,2026-08-10,47368402
2026-12-25,desktop,CURRENT forecast,2026,1,2026-08-10,2026-08-10,46632027
2026-12-26,desktop,CURRENT forecast,2026,1,2026-08-10,2026-08-10,46305464
2026-12-27,desktop,CURRENT forecast,2026,1,2026-08-10,2026-08-10,46056830
2026-12-28,desktop,CURRENT forecast,2026,1,2026-08-10,2026-08-10,45542942
2026-12-29,desktop,CURRENT forecast,2026,1,2026-08-10,2026-08-10,45195589
2026-12-30,desktop,CURRENT forecast,2026,1,2026-08-10,2026-08-10,44813392
2026-12-31,desktop,CURRENT forecast,2026,1,2026-08-10,2026-08-10,44179606
2026-08-02,mobile,CURRENT forecast,2026,1,2026-08-10,2026-08-10,17079289
2026-08-03,mobile,CURRENT forecast,2026,1,2026-08-10,2026-08-10,17078005
2026-08-04,mobile,CURRENT forecast,2026,1,2026-08-10,2026-08-10,17077475
2026-08-05,mobile,CURRENT forecast,2026,1,2026-08-10,2026-08-10,17082715
2026-08-06,mobile,CURRENT forecast,2026,1,2026-08-10,2026-08-10,17082677
2026-08-07,mobile,CURRENT forecast,2026,1,2026-08-10,2026-08-10,17082326
2026-08-08,mobile,CURRENT forecast,2026,1,2026-08-10,2026-08-10,17080116
2026-08-09,mobile,CURRENT forecast,2026,1,2026-08-10,2026-08-10,17076548
2026-08-10,mobile,CURRENT forecast,2026,1,2026-08-10,2026-08-10,17077403
2026-08-11,mobile,CURRENT forecast,2026,1,2026-08-10,2026-08-10,17076501
2026-08-12,mobile,CURRENT forecast,2026,1,2026-08-10,2026-08-10,17073541
2026-08-13,mobile,CURRENT forecast,2026,1,2026-08-10,2026-08-10,17072947
2026-08-14,mobile,CURRENT forecast,2026,1,2026-08-10,2026-08-10,17073251
2026-08-15,mobile,CURRENT forecast,2026,1,2026-08-10,2026-08-10,17069662
2026-08-16,mobile,CURRENT forecast,2026,1,2026-08-10,2026-08-10,17063631
2026-08-17,mobile,CURRENT forecast,2026,1,2026-08-10,2026-08-10,17068427
2026-08-18,mobile,CURRENT forecast,2026,1,2026-08-10,2026-08-10,17077091
2026-08-19,mobile,CURRENT forecast,2026,1,2026-08-10,2026-08-10,17086063
2026-08-20,mobile,CURRENT forecast,2026,1,2026-08-10,2026-08-10,17092319
2026-08-21,mobile,CURRENT forecast,2026,1,2026-08-10,2026-08-10,17099421
2026-08-22,mobile,CURRENT forecast,2026,1,2026-08-10,2026-08-10,17105137
2026-08-23,mobile,CURRENT forecast,2026,1,2026-08-10,2026-08-10,17108061
2026-08-24,mobile,CURRENT forecast,2026,1,2026-08-10,2026-08-10,17111141
2026-08-25,mobile,CURRENT forecast,2026,1,2026-08-10,2026-08-10,17118344
2026-08-26,mobile,CURRENT forecast,2026,1,2026-08-10,2026-08-10,17126928
2026-08-27,mobile,CURRENT forecast,2026,1,2026-08-10,2026-08-10,17131162
2026-08-28,mobile,CURRENT forecast,2026,1,2026-08-10,2026-08-10,17134156
2026-08-29,mobile,CURRENT forecast,2026,1,2026-08-10,2026-08-10,17137918
2026-08-30,mobile,CURRENT forecast,2026,1,2026-08-10,2026-08-10,17145428
2026-08-31,mobile,CURRENT forecast,2026,1,2026-08-10,2026-08-10,17155752
2026-09-01,mobile,CURRENT forecast,2026,1,2026-08-10,2026-08-10,17165128
2026-09-02,mobile,CURRENT forecast,2026,1,2026-08-10,2026-08-10,17174252
2026-09-03,mobile,CURRENT forecast,2026,1,2026-08-10,2026-08-10,17184448
2026-09-04,mobile,CURRENT forecast,2026,1,2026-08-10,2026-08-10,17194815
2026-09-05,mobile,CURRENT forecast,2026,1,2026-08-10,2026-08-10,17205634
2026-09-06,mobile,CURRENT forecast,2026,1,2026-08-10,2026-08-10,17215942
2026-09-07,mobile,CURRENT forecast,2026,1,2026-08-10,2026-08-10,17226277
2026-09-08,mobile,CURRENT forecast,2026,1,2026-08-10,2026-08-10,17238678
2026-09-09,mobile,CURRENT forecast,2026,1,2026-08-10,2026-08-10,17249279
2026-09-10,mobile,CURRENT forecast,2026,1,2026-08-10,2026-08-10,17261681
2026-09-11,mobile,CURRENT forecast,2026,1,2026-08-10,2026-08-10,17273779
2026-09-12,mobile,CURRENT forecast,2026,1,2026-08-10,2026-08-10,17287347
2026-09-13,mobile,CURRENT forecast,2026,1,2026-08-10,2026-08-10,17298891
2026-09-14,mobile,CURRENT forecast,2026,1,2026-08-10,2026-08-10,17309356
2026-09-15,mobile,CURRENT forecast,2026,1,2026-08-10,2026-08-10,17321320
2026-09-16,mobile,CURRENT forecast,2026,1,2026-08-10,2026-08-10,17332150
2026-09-17,mobile,CURRENT forecast,2026,1,2026-08-10,2026-08-10,17343137
2026-09-18,mobile,CURRENT forecast,2026,1,2026-08-10,2026-08-10,17355043
2026-09-19,mobile,CURRENT forecast,2026,1,2026-08-10,2026-08-10,17366490
2026-09-20,mobile,CURRENT forecast,2026,1,2026-08-10,2026-08-10,17376666
2026-09-21,mobile,CURRENT forecast,2026,1,2026-08-10,2026-08-10,17387001
2026-09-22,mobile,CURRENT forecast,2026,1,2026-08-10,2026-08-10,17396661
2026-09-23,mobile,CURRENT forecast,2026,1,2026-08-10,2026-08-10,17407163
2026-09-24,mobile,CURRENT forecast,2026,1,2026-08-10,2026-08-10,17415846
2026-09-25,mobile,CURRENT forecast,2026,1,2026-08-10,2026-08-10,17426480
2026-09-26,mobile,CURRENT forecast,2026,1,2026-08-10,2026-08-10,17435415
2026-09-27,mobile,CURRENT forecast,2026,1,2026-08-10,2026-08-10,17446785
2026-09-28,mobile,CURRENT forecast,2026,1,2026-08-10,2026-08-10,17457201
2026-09-29,mobile,CURRENT forecast,2026,1,2026-08-10,2026-08-10,17464744
2026-09-30,mobile,CURRENT forecast,2026,1,2026-08-10,2026-08-10,17472000
2026-10-01,mobile,CURRENT forecast,2026,1,2026-08-10,2026-08-10,17478313
2026-10-02,mobile,CURRENT forecast,2026,1,2026-08-10,2026-08-10,17483829
2026-10-03,mobile,CURRENT forecast,2026,1,2026-08-10,2026-08-10,17488956
2026-10-04,mobile,CURRENT forecast,2026,1,2026-08-10,2026-08-10,17495215
2026-10-05,mobile,CURRENT forecast,2026,1,2026-08-10,2026-08-10,17501206
2026-10-06,mobile,CURRENT forecast,2026,1,2026-08-10,2026-08-10,17506147
2026-10-07,mobile,CURRENT forecast,2026,1,2026-08-10,2026-08-10,17510348
2026-10-08,mobile,CURRENT forecast,2026,1,2026-08-10,2026-08-10,17516191
2026-10-09,mobile,CURRENT forecast,2026,1,2026-08-10,2026-08-10,17520744
2026-10-10,mobile,CURRENT forecast,2026,1,2026-08-10,2026-08-10,17526127
2026-10-11,mobile,CURRENT forecast,2026,1,2026-08-10,2026-08-10,17531018
2026-10-12,mobile,CURRENT forecast,2026,1,2026-08-10,2026-08-10,17535937
2026-10-13,mobile,CURRENT forecast,2026,1,2026-08-10,2026-08-10,17539606
2026-10-14,mobile,CURRENT forecast,2026,1,2026-08-10,2026-08-10,17544682
2026-10-15,mobile,CURRENT forecast,2026,1,2026-08-10,2026-08-10,17549161
2026-10-16,mobile,CURRENT forecast,2026,1,2026-08-10,2026-08-10,17554176
2026-10-17,mobile,CURRENT forecast,2026,1,2026-08-10,2026-08-10,17557861
2026-10-18,mobile,CURRENT forecast,2026,1,2026-08-10,2026-08-10,17561909
2026-10-19,mobile,CURRENT forecast,2026,1,2026-08-10,2026-08-10,17563650
2026-10-20,mobile,CURRENT forecast,2026,1,2026-08-10,2026-08-10,17565743
2026-10-21,mobile,CURRENT forecast,2026,1,2026-08-10,2026-08-10,17569838
2026-10-22,mobile,CURRENT forecast,2026,1,2026-08-10,2026-08-10,17574509
2026-10-23,mobile,CURRENT forecast,2026,1,2026-08-10,2026-08-10,17579331
2026-10-24,mobile,CURRENT forecast,2026,1,2026-08-10,2026-08-10,17583861
2026-10-25,mobile,CURRENT forecast,2026,1,2026-08-10,2026-08-10,17588072
2026-10-26,mobile,CURRENT forecast,2026,1,2026-08-10,2026-08-10,17592168
2026-10-27,mobile,CURRENT forecast,2026,1,2026-08-10,2026-08-10,17597847
2026-10-28,mobile,CURRENT forecast,2026,1,2026-08-10,2026-08-10,17603030
2026-10-29,mobile,CURRENT forecast,2026,1,2026-08-10,2026-08-10,17609151
2026-10-30,mobile,CURRENT forecast,2026,1,2026-08-10,2026-08-10,17615606
2026-10-31,mobile,CURRENT forecast,2026,1,2026-08-10,2026-08-10,17621872
2026-11-01,mobile,CURRENT forecast,2026,1,2026-08-10,2026-08-10,17626429
2026-11-02,mobile,CURRENT forecast,2026,1,2026-08-10,2026-08-10,17630862
2026-11-03,mobile,CURRENT forecast,2026,1,2026-08-10,2026-08-10,17636857
2026-11-04,mobile,CURRENT forecast,2026,1,2026-08-10,2026-08-10,17643798
2026-11-05,mobile,CURRENT forecast,2026,1,2026-08-10,2026-08-10,17649528
2026-11-06,mobile,CURRENT forecast,2026,1,2026-08-10,2026-08-10,17655489
2026-11-07,mobile,CURRENT forecast,2026,1,2026-08-10,2026-08-10,17658963
2026-11-08,mobile,CURRENT forecast,2026,1,2026-08-10,2026-08-10,17659873
2026-11-09,mobile,CURRENT forecast,2026,1,2026-08-10,2026-08-10,17663513
2026-11-10,mobile,CURRENT forecast,2026,1,2026-08-10,2026-08-10,17667160
2026-11-11,mobile,CURRENT forecast,2026,1,2026-08-10,2026-08-10,17672112
2026-11-12,mobile,CURRENT forecast,2026,1,2026-08-10,2026-08-10,17678035
2026-11-13,mobile,CURRENT forecast,2026,1,2026-08-10,2026-08-10,17682363
2026-11-14,mobile,CURRENT forecast,2026,1,2026-08-10,2026-08-10,17688249
2026-11-15,mobile,CURRENT forecast,2026,1,2026-08-10,2026-08-10,17694273
2026-11-16,mobile,CURRENT forecast,2026,1,2026-08-10,2026-08-10,17702761
2026-11-17,mobile,CURRENT forecast,2026,1,2026-08-10,2026-08-10,17711618
2026-11-18,mobile,CURRENT forecast,2026,1,2026-08-10,2026-08-10,17718404
2026-11-19,mobile,CURRENT forecast,2026,1,2026-08-10,2026-08-10,17725241
2026-11-20,mobile,CURRENT forecast,2026,1,2026-08-10,2026-08-10,17731121
2026-11-21,mobile,CURRENT forecast,2026,1,2026-08-10,2026-08-10,17738373
2026-11-22,mobile,CURRENT forecast,2026,1,2026-08-10,2026-08-10,17746403
2026-11-23,mobile,CURRENT forecast,2026,1,2026-08-10,2026-08-10,17754749
2026-11-24,mobile,CURRENT forecast,2026,1,2026-08-10,2026-08-10,17762478
2026-11-25,mobile,CURRENT forecast,2026,1,2026-08-10,2026-08-10,17770659
2026-11-26,mobile,CURRENT forecast,2026,1,2026-08-10,2026-08-10,17779730
2026-11-27,mobile,CURRENT forecast,2026,1,2026-08-10,2026-08-10,17789403
2026-11-28,mobile,CURRENT forecast,2026,1,2026-08-10,2026-08-10,17798328
2026-11-29,mobile,CURRENT forecast,2026,1,2026-08-10,2026-08-10,17808347
2026-11-30,mobile,CURRENT forecast,2026,1,2026-08-10,2026-08-10,17819014
2026-12-01,mobile,CURRENT forecast,2026,1,2026-08-10,2026-08-10,17828345
2026-12-02,mobile,CURRENT forecast,2026,1,2026-08-10,2026-08-10,17836836
2026-12-03,mobile,CURRENT forecast,2026,1,2026-08-10,2026-08-10,17845029
2026-12-04,mobile,CURRENT forecast,2026,1,2026-08-10,2026-08-10,17853051
2026-12-05,mobile,CURRENT forecast,2026,1,2026-08-10,2026-08-10,17862699
2026-12-06,mobile,CURRENT forecast,2026,1,2026-08-10,2026-08-10,17874787
2026-12-07,mobile,CURRENT forecast,2026,1,2026-08-10,2026-08-10,17885365
2026-12-08,mobile,CURRENT forecast,2026,1,2026-08-10,2026-08-10,17893854
2026-12-09,mobile,CURRENT forecast,2026,1,2026-08-10,2026-08-10,17900577
2026-12-10,mobile,CURRENT forecast,2026,1,2026-08-10,2026-08-10,17906235
2026-12-11,mobile,CURRENT forecast,2026,1,2026-08-10,2026-08-10,17912183
2026-12-12,mobile,CURRENT forecast,2026,1,2026-08-10,2026-08-10,17916921
2026-12-13,mobile,CURRENT forecast,2026,1,2026-08-10,2026-08-10,17920216
2026-12-14,mobile,CURRENT forecast,2026,1,2026-08-10,2026-08-10,17923570
2026-12-15,mobile,CURRENT forecast,2026,1,2026-08-10,2026-08-10,17924562
2026-12-16,mobile,CURRENT forecast,2026,1,2026-08-10,2026-08-10,17925016
2026-12-17,mobile,CURRENT forecast,2026,1,2026-08-10,2026-08-10,17924150
2026-12-18,mobile,CURRENT forecast,2026,1,2026-08-10,2026-08-10,17923477
2026-12-19,mobile,CURRENT forecast,2026,1,2026-08-10,2026-08-10,17920568
2026-12-20,mobile,CURRENT forecast,2026,1,2026-08-10,2026-08-10,17915249
2026-12-21,mobile,CURRENT forecast,2026,1,2026-08-10,2026-08-10,17909536
2026-12-22,mobile,CURRENT forecast,2026,1,2026-08-10,2026-08-10,17901026
2026-12-23,mobile,CURRENT forecast,2026,1,2026-08-10,2026-08-10,17894174
2026-12-24,mobile,CURRENT forecast,2026,1,2026-08-10,2026-08-10,17874653
2026-12-25,mobile,CURRENT forecast,2026,1,2026-08-10,2026-08-10,17842054
2026-12-26,mobile,CURRENT forecast,2026,1,2026-08-10,2026-08-10,17831250
2026-12-27,mobile,CURRENT forecast,2026,1,2026-08-10,2026-08-10,17822806
2026-12-28,mobile,CURRENT forecast,2026,1,2026-08-10,2026-08-10,17814867
2026-12-29,mobile,CURRENT forecast,2026,1,2026-08-10,2026-08-10,17806231
2026-12-30,mobile,CURRENT forecast,2026,1,2026-08-10,2026-08-10,17796420
2026-12-31,mobile,CURRENT forecast,2026,1,2026-08-10,2026-08-10,17781956