cycle,platform,label,date,ma28_no_display_layer,ma28_with_display_layer
2026-08,desktop,raw,2026-08-02,46861200.286288045,46861200.286288045
2026-08,desktop,raw,2026-08-03,46773761.754727185,46764021.013986446
2026-08,desktop,raw,2026-08-04,46687961.38557203,46668479.904090546
2026-08,desktop,raw,2026-08-05,46610570.756988004,46581348.53476578
2026-08,desktop,raw,2026-08-06,46522487.038901106,46483524.07593814
2026-08,desktop,raw,2026-08-07,46435083.03906025,46386379.33535655
2026-08,desktop,raw,2026-08-08,46373190.217974655,46314745.77353021
2026-08,desktop,raw,2026-08-09,46315040.94468523,46246855.75950004
2026-08,desktop,raw,2026-08-10,46229942.19982003,46152016.2738941
2026-08,desktop,raw,2026-08-11,46162444.78075788,46074778.11409122
2026-08,desktop,raw,2026-08-12,46047824.46598765,45950417.05858024
2026-08,desktop,raw,2026-08-13,45917591.09560404,45810442.94745589
2026-08,desktop,raw,2026-08-14,45789777.029717304,45672888.140828416
2026-08,desktop,raw,2026-08-15,45686560.74935105,45559931.11972142
2026-08,desktop,raw,2026-08-16,45603813.57767419,45467443.207303815
2026-08,desktop,raw,2026-08-17,45516829.90419407,45370718.79308296
2026-08,desktop,raw,2026-08-18,45446616.85241062,45290765.00055877
2026-08,desktop,raw,2026-08-19,45396286.6697368,45230694.07714421
2026-08,desktop,raw,2026-08-20,45336196.22813529,45160862.89480195
2026-08,desktop,raw,2026-08-21,45303898.60772974,45118824.533655666
2026-08,desktop,raw,2026-08-22,45279430.542538665,45084615.72772385
2026-08,desktop,raw,2026-08-23,45257587.87943768,45053032.323882125
2026-08,desktop,raw,2026-08-24,45233498.45961329,45019202.163316995
2026-08,desktop,raw,2026-08-25,45255053.16852169,45031016.13148465
2026-08,desktop,raw,2026-08-26,45296049.43787318,45062271.6600954
2026-08,desktop,raw,2026-08-27,45301173.86258768,45057655.34406917
2026-08,desktop,raw,2026-08-28,45306552.00020431,45053292.74094505
2026-08,desktop,raw,2026-08-29,45307760.722416095,45044760.722416095
2026-08,desktop,raw,2026-08-30,45334992.915212505,45062252.174471766
2026-08,desktop,raw,2026-08-31,45430370.335026436,45147888.85354495
2026-08,desktop,raw,2026-09-01,45513536.60877503,45221314.3865528
2026-08,desktop,raw,2026-09-02,45598882.61632954,45296919.65336658
2026-08,desktop,raw,2026-09-03,45690625.74742011,45378922.04371641
2026-08,desktop,raw,2026-09-04,45769101.36462126,45447656.92017681
2026-08,desktop,raw,2026-09-05,45837608.86916882,45506423.68398363
2026-08,desktop,raw,2026-09-06,45897913.024493575,45556987.09856765
2026-08,desktop,raw,2026-09-07,45891210.765334494,45540544.09866783
2026-08,desktop,raw,2026-09-08,46041310.15651448,45680902.74910707
2026-08,desktop,raw,2026-09-09,46207466.981772885,45837318.833624735
2026-08,desktop,raw,2026-09-10,46383714.63747067,46003825.74858178
2026-08,desktop,raw,2026-09-11,46577832.8993604,46188203.26973078
2026-08,desktop,raw,2026-09-12,46778487.04176315,46379116.671392776
2026-08,desktop,raw,2026-09-13,46880121.91869898,46471010.80758787
2026-08,desktop,raw,2026-09-14,47043029.4173599,46624177.56550805
2026-08,desktop,raw,2026-09-15,47188653.47960996,46760060.88701737
2026-08,desktop,raw,2026-09-16,47316390.05767609,46878056.724342756
2026-08,desktop,raw,2026-09-17,47449808.024643734,47001733.95056966
2026-08,desktop,raw,2026-09-18,47567712.51819954,47109897.70338473
2026-08,desktop,raw,2026-09-19,47647346.529693134,47179790.97413758
2026-08,desktop,raw,2026-09-20,47714886.26709799,47237589.97080169
2026-08,desktop,raw,2026-09-21,47816373.79810294,47329336.7610659
2026-08,desktop,raw,2026-09-22,47949215.006908655,47452437.22913088
2026-08,desktop,raw,2026-09-23,48055906.995421864,47549388.47690335
2026-08,desktop,raw,2026-09-24,48145246.34680588,47628987.08754662
2026-08,desktop,raw,2026-09-25,48240255.851277545,47714255.851277545
2026-08,desktop,raw,2026-09-26,48302047.25990123,47766306.519160494
2026-08,desktop,raw,2026-09-27,48370987.20412874,47825505.72264726
2026-08,desktop,raw,2026-09-28,48449924.980826035,47894702.75860381
2026-08,desktop,raw,2026-09-29,48513410.268082276,47948447.30511931
2026-08,desktop,raw,2026-09-30,48571590.49328617,47996886.78958247
2026-08,desktop,raw,2026-10-01,48619035.418451734,48034590.974007286
2026-08,desktop,raw,2026-10-02,48629416.59288419,48035231.407699004
2026-08,desktop,raw,2026-10-03,48638640.30198542,48034714.376059495
2026-08,desktop,raw,2026-10-04,48671427.0908718,48057760.42420514
2026-08,desktop,raw,2026-10-05,48854422.63129438,48231015.22388697
2026-08,desktop,raw,2026-10-06,48892761.19716383,48259613.04901568
2026-08,desktop,raw,2026-10-07,48908646.91827308,48265758.02938419
2026-08,desktop,raw,2026-10-08,48931247.34439372,48278617.714764096
2026-08,desktop,raw,2026-10-09,48953335.54427563,48290965.17390525
2026-08,desktop,raw,2026-10-10,48969787.34891242,48297676.237801306
2026-08,desktop,raw,2026-10-11,48981313.92221091,48299462.07035906
2026-08,desktop,raw,2026-10-12,48923230.63150828,48231638.038915694
2026-08,desktop,raw,2026-10-13,48936484.25502486,48235150.92169152
2026-08,desktop,raw,2026-10-14,48970452.93211082,48259378.85803675
2026-08,desktop,raw,2026-10-15,48994312.47238887,48273497.65757406
2026-08,desktop,raw,2026-10-16,49018806.27353643,48288250.71798088
2026-08,desktop,raw,2026-10-17,49028605.87972108,48288309.583424784
2026-08,desktop,raw,2026-10-18,49039141.49869478,48289104.46165774
2026-08,desktop,raw,2026-10-19,49041538.39477362,48281760.61699584
2026-08,desktop,raw,2026-10-20,49025768.08885121,48256249.5703327
2026-08,desktop,raw,2026-10-21,49031387.19578846,48252127.9365292
2026-08,desktop,raw,2026-10-22,49045518.21092727,48256518.21092727
2026-08,desktop,raw,2026-10-23,49065028.65949662,48266287.91875588
2026-08,desktop,raw,2026-10-24,49069285.21404921,48260803.73256773
2026-08,desktop,raw,2026-10-25,49071355.20700442,48253132.9847822
2026-08,desktop,raw,2026-10-26,49077680.413022555,48249717.45005959
2026-08,desktop,raw,2026-10-27,49085653.748564936,48247950.044861235
2026-08,desktop,raw,2026-10-28,49084290.04921541,48236845.604770966
2026-08,desktop,raw,2026-10-29,49096600.19900642,48239415.01382124
2026-08,desktop,raw,2026-10-30,49145733.84948758,48278807.923561655
2026-08,desktop,raw,2026-10-31,49151759.80924432,48275093.142577656
2026-08,desktop,raw,2026-11-01,49065019.96927882,48178612.56187141
2026-08,desktop,raw,2026-11-02,49049074.20583502,48152926.05768687
2026-08,desktop,raw,2026-11-03,49067646.58707897,48161757.698190086
2026-08,desktop,raw,2026-11-04,49088336.52848138,48172706.89885175
2026-08,desktop,raw,2026-11-05,49114880.87879962,48189510.508429244
2026-08,desktop,raw,2026-11-06,49131168.03288011,48196056.921769
2026-08,desktop,raw,2026-11-07,49135249.25244368,48190397.40059183
2026-08,desktop,raw,2026-11-08,49133008.93295151,48178416.34035892
2026-08,desktop,raw,2026-11-09,49222483.06042739,48258149.727094054
2026-08,desktop,raw,2026-11-10,49226647.92422428,48252573.850150205
2026-08,desktop,raw,2026-11-11,49181788.217508435,48197973.40269362
2026-08,desktop,raw,2026-11-12,49197675.53268718,48204119.97713163
2026-08,desktop,raw,2026-11-13,49211204.745860286,48207908.44956399
2026-08,desktop,raw,2026-11-14,49231956.1991164,48218919.162079364
2026-08,desktop,raw,2026-11-15,49242090.21645862,48219312.43868084
2026-08,desktop,raw,2026-11-16,49275863.04896067,48243344.530442156
2026-08,desktop,raw,2026-11-17,49342923.4316517,48300664.172392435
2026-08,desktop,raw,2026-11-18,49392835.26405374,48340835.26405374
2026-08,desktop,raw,2026-11-19,49434051.30872486,48372310.56798412
2026-08,desktop,raw,2026-11-20,49422373.80009673,48350892.31861524
2026-08,desktop,raw,2026-11-21,49444791.949015185,48363569.72679296
2026-08,desktop,raw,2026-11-22,49469996.38197123,48379033.41900827
2026-08,desktop,raw,2026-11-23,49487121.92351986,48386418.219816156
2026-08,desktop,raw,2026-11-24,49520921.31144156,48410476.866997115
2026-08,desktop,raw,2026-11-25,49554569.454178326,48434384.26899314
2026-08,desktop,raw,2026-11-26,49520889.215165876,48390963.28923995
2026-08,desktop,raw,2026-11-27,49468999.395648465,48329332.7289818
2026-08,desktop,raw,2026-11-28,49496332.45555808,48346925.048150666
2026-08,desktop,raw,2026-11-29,49617406.7492118,48458258.601063654
2026-08,desktop,raw,2026-11-30,49700928.90097358,48532040.01208469
2026-08,desktop,raw,2026-12-01,49744450.58653552,48565820.956905894
2026-08,desktop,raw,2026-12-02,49783042.40963649,48594672.03926612
2026-08,desktop,raw,2026-12-03,49805973.69285822,48607862.58174711
2026-08,desktop,raw,2026-12-04,49825924.111892045,48618072.260040194
2026-08,desktop,raw,2026-12-05,49845201.988575324,48627609.395982735
2026-08,desktop,raw,2026-12-06,49871908.58429525,48644575.250961915
2026-08,desktop,raw,2026-12-07,49907495.41568539,48670421.34161132
2026-08,desktop,raw,2026-12-08,49914710.10469842,48667895.289883606
2026-08,desktop,raw,2026-12-09,49979008.28272311,48722452.727167554
2026-08,desktop,raw,2026-12-10,49983662.612625875,48717366.316329576
2026-08,desktop,raw,2026-12-11,49981078.238073476,48705041.20103644
2026-08,desktop,raw,2026-12-12,49969873.02408248,48684095.246304706
2026-08,desktop,raw,2026-12-13,49968370.38707765,48672851.86855914
2026-08,desktop,raw,2026-12-14,49967903.22386414,48662643.96460488
2026-08,desktop,raw,2026-12-15,49935359.298017725,48620359.298017725
2026-08,desktop,raw,2026-12-16,49896048.8366083,48571308.09586756
2026-08,desktop,raw,2026-12-17,49852288.39077591,48517806.90929443
2026-08,desktop,raw,2026-12-18,49863528.94813305,48519306.72591083
2026-08,desktop,raw,2026-12-19,49820079.38585214,48466116.42288918
2026-08,desktop,raw,2026-12-20,49757017.89610599,48393314.19240229
2026-08,desktop,raw,2026-12-21,49578046.59024551,48204602.14580106
2026-08,desktop,raw,2026-12-22,49395518.3647367,48012333.17955151
2026-08,desktop,raw,2026-12-23,49165807.13795508,47772881.21202915
2026-08,desktop,raw,2026-12-24,48709602.601618126,47306935.93495146
2026-08,desktop,raw,2026-12-25,47982872.14782846,46570464.74042105
2026-08,desktop,raw,2026-12-26,47666010.4307693,46243862.28262115
2026-08,desktop,raw,2026-12-27,47427646.98679686,45995758.097907975
2026-08,desktop,raw,2026-12-28,46923741.63149882,45482112.001869194
2026-08,desktop,raw,2026-12-29,46584500.44121723,45133130.070846856
2026-08,desktop,raw,2026-12-30,46213289.69582681,44752178.5847157
2026-08,desktop,raw,2026-12-31,45587441.9083608,44116590.05650895
2026-08,desktop,raw,2027-01-01,44632834.46339252,43152241.87079993
2026-08,desktop,raw,2027-01-02,44390194.32966783,42899860.99633449
2026-08,desktop,raw,2027-01-03,44249868.31828445,42749794.24421038
2026-08,desktop,raw,2027-01-04,44043768.00733771,42533953.1925229
2026-08,desktop,raw,2027-01-05,43915325.22546023,42395769.66990468
2026-08,desktop,raw,2027-01-06,43741081.42833002,42211785.13203372
2026-08,desktop,raw,2027-01-07,43657454.03935496,42118417.00231792
2026-08,desktop,raw,2027-01-08,43617231.81950835,42068454.041730575
2026-08,desktop,raw,2027-01-09,43603694.916784264,42045176.39826575
2026-08,desktop,raw,2027-01-10,43596902.56309081,42028643.30383155
2026-08,desktop,raw,2027-01-11,43574674.176698305,41996674.176698305
2026-08,desktop,raw,2027-01-12,43585401.298756234,41997660.558015496
2026-08,desktop,raw,2027-01-13,43597066.92486216,41999585.443380676
2026-08,desktop,raw,2027-01-14,43602616.44084372,41995394.2186215
2026-08,desktop,raw,2027-01-15,43610659.35708602,41993696.394123055
2026-08,desktop,raw,2027-01-16,43645337.72849506,42018634.02479136
2026-08,desktop,raw,2027-01-17,43700077.45690433,42063633.01245988
2026-08,desktop,raw,2027-01-18,43848147.368523516,42201962.18333833
2026-08,desktop,raw,2027-01-19,44034941.0825221,42379015.15659618
2026-08,desktop,raw,2027-01-20,44279831.06865967,42614164.40199301
2026-08,desktop,raw,2027-01-21,44812131.90073254,43136724.49332513
2026-08,desktop,raw,2027-01-22,45639103.942811206,43953955.79466306
2026-08,desktop,raw,2027-01-23,45965357.43661435,44270468.54772546
2026-08,desktop,raw,2027-01-24,46203527.839797325,44498898.2101677
2026-08,desktop,raw,2027-01-25,46701119.78898589,44986749.41861552
2026-08,desktop,raw,2027-01-26,47012934.73232357,45288823.62121246
2026-08,desktop,raw,2027-01-27,47384181.28387898,45650329.43202713
2026-08,desktop,raw,2027-01-28,48008085.48489286,46264492.89230027
2026-08,desktop,raw,2027-01-29,48969770.413598776,47216437.08026544
2026-08,desktop,raw,2027-01-30,49214699.0307314,47451624.95665733
2026-08,desktop,raw,2027-01-31,49357675.478121616,47584860.6633068
2026-08,desktop,raw,2027-02-01,49542107.47283537,47759551.91727982
2026-08,desktop,raw,2027-02-02,49672054.63965025,47879758.34335395
2026-08,desktop,raw,2027-02-03,49827624.51826907,48025587.48123203
2026-08,desktop,raw,2027-02-04,49856986.97856935,48045209.200791575
2026-08,desktop,raw,2027-02-05,49810439.45981084,47988920.94129232
2026-08,desktop,raw,2027-02-06,49751680.93886461,47920421.67960535
2026-08,desktop,raw,2027-02-07,49708242.37345547,47867242.37345547
2026-08,desktop,raw,2027-02-08,49549867.5763824,47699126.83564166
2026-08,desktop,raw,2027-02-09,49395059.062367015,47534577.58088553
2026-08,desktop,raw,2027-02-10,49291479.25899016,47421257.03676794
2026-08,desktop,raw,2027-02-11,49218305.08664111,47338342.12367815
2026-08,desktop,raw,2027-02-12,49166507.49081329,47276803.78710959
2026-08,desktop,raw,2027-02-13,49135337.245608486,47235892.80116404
2026-08,desktop,raw,2027-02-14,49100448.497309215,47191263.31212403
2026-08,desktop,raw,2027-02-15,49017608.481070496,47098682.55514457
2026-08,desktop,raw,2027-02-16,48939021.52699531,47010354.860328645
2026-08,desktop,raw,2027-02-17,48866019.62655186,46927612.21914445
2026-08,desktop,raw,2027-02-18,48807252.48736471,46859104.33921656
2026-08,desktop,raw,2027-02-19,48751659.71667427,46793770.82778538
2026-08,desktop,raw,2027-02-20,48730348.84869015,46762719.219060525
2026-08,desktop,raw,2027-02-21,48698207.216686435,46720836.84631606
2026-08,desktop,raw,2027-02-22,48645582.59243864,46658471.481327526
2026-08,desktop,raw,2027-02-23,48604475.25485017,46607623.40299832
2026-08,desktop,raw,2027-02-24,48556243.69085531,46549651.09826272
2026-08,desktop,raw,2027-02-25,48515361.75242072,46499028.41908739
2026-08,desktop,raw,2027-02-26,48478368.34392931,46452294.26985524
2026-08,desktop,raw,2027-02-27,48451112.00716007,46415297.192345254
2026-08,desktop,raw,2027-02-28,48412972.09586368,46367416.540308125
2026-08,desktop,raw,2027-03-01,48412592.13755683,46357295.84126053
2026-08,desktop,raw,2027-03-02,48409681.59436321,46344644.557326175
2026-08,desktop,raw,2027-03-03,48404584.21957249,46329806.441794716
2026-08,desktop,raw,2027-03-04,48428962.396204546,46344443.87768603
2026-08,desktop,raw,2027-03-05,48484191.02407755,46389931.76481829
2026-08,desktop,raw,2027-03-06,48514434.55956261,46410434.55956261
2026-08,desktop,raw,2027-03-07,48538800.69575473,46425059.95501399
2026-08,desktop,raw,2027-03-08,48635545.49422254,46512064.01274106
2026-08,desktop,raw,2027-03-09,48690861.10514589,46557638.88292366
2026-08,desktop,raw,2027-03-10,48721348.45217394,46578385.48921098
2026-08,desktop,raw,2027-03-11,48739993.816127576,46587290.112423874
2026-08,desktop,raw,2027-03-12,48739510.52789354,46577066.083449095
2026-08,desktop,raw,2027-03-13,48737699.72602703,46565514.54084184
2026-08,desktop,raw,2027-03-14,48737723.32538664,46555797.39946072
2026-08,desktop,raw,2027-03-15,48788187.661857374,46596520.99519071
2026-08,desktop,raw,2027-03-16,48806117.33481483,46604709.92740742
2026-08,desktop,raw,2027-03-17,48822631.326446824,46611483.178298675
2026-08,desktop,raw,2027-03-18,48820540.42023891,46599651.531350024
2026-08,desktop,raw,2027-03-19,48812063.861753695,46581434.23212407
2026-08,desktop,raw,2027-03-20,48781336.70314025,46540966.33276988
2026-08,desktop,raw,2027-03-21,48728020.1701266,46477909.05901549
2026-08,desktop,raw,2027-03-22,48586424.15633123,46326572.30447938
2026-08,desktop,raw,2027-03-23,48519928.37281511,46250335.78022252
2026-08,desktop,raw,2027-03-24,48412559.356162705,46133226.02282937
2026-08,desktop,raw,2027-03-25,48213984.12294816,45924910.04887409
2026-08,desktop,raw,2027-03-26,47741209.69360072,45442394.87878591
2026-08,desktop,raw,2027-03-27,47618725.91675602,45310170.36120047
2026-08,desktop,raw,2027-03-28,47475731.4726953,45157435.176399
2026-08,desktop,raw,2027-03-29,46990873.070351064,44662836.03331403
2026-08,desktop,raw,2027-03-30,46911913.85401783,44574136.076240055
2026-08,desktop,raw,2027-03-31,46845228.6082293,44497710.08971079
2026-08,desktop,raw,2027-04-01,46782599.55751781,44425340.29825855
2026-08,desktop,raw,2027-04-02,46726261.16388117,44359261.16388117
2026-08,desktop,raw,2027-04-03,46729011.209298395,44352270.468557656
2026-08,desktop,raw,2027-04-04,46726282.6234896,44339801.142008126
2026-08,desktop,raw,2027-04-05,46761795.358086005,44365573.13586378
2026-08,desktop,raw,2027-04-06,46816336.68692135,44410373.72395839
2026-08,desktop,raw,2027-04-07,46841400.57371243,44425696.87000873
2026-08,desktop,raw,2027-04-08,46864404.37897862,44438959.93453417
2026-08,desktop,raw,2027-04-09,46881078.206949614,44445893.02176443
2026-08,desktop,raw,2027-04-10,46879947.87467349,44435021.94874757
2026-08,desktop,raw,2027-04-11,46878254.438228965,44423587.7715623
2026-08,desktop,raw,2027-04-12,46890510.318002656,44426102.910595246
2026-08,desktop,raw,2027-04-13,46880413.56239063,44406265.41424248
2026-08,desktop,raw,2027-04-14,46869792.02369773,44385903.13480884
2026-08,desktop,raw,2027-04-15,46862442.18149412,44368812.55186449
2026-08,desktop,raw,2027-04-16,46856091.503614984,44352721.13324461
2026-08,desktop,raw,2027-04-17,46867407.769865096,44354296.65875398
2026-08,desktop,raw,2027-04-18,46897060.3994171,44374208.54756525
2026-08,desktop,raw,2027-04-19,47012722.62249254,44480130.02989995
2026-08,desktop,raw,2027-04-20,47061414.906546585,44519081.57321325
2026-08,desktop,raw,2027-04-21,47105331.65757452,44553257.583500445
2026-08,desktop,raw,2027-04-22,47262372.63240427,44700557.817589454
2026-08,desktop,raw,2027-04-23,47691750.50669723,45120194.95114168
2026-08,desktop,raw,2027-04-24,47781125.152302705,45199828.856006406
2026-08,desktop,raw,2027-04-25,47901650.06457291,45310613.02753587
2026-08,desktop,raw,2027-04-26,48314096.361354135,45713318.58357636
2026-08,desktop,raw,2027-04-27,48328947.78914807,45718429.270629555
2026-08,desktop,raw,2027-04-28,48316063.90955065,45695804.65029139
2026-08,desktop,raw,2027-04-29,48295135.810791425,45665135.810791425
2026-08,desktop,raw,2027-04-30,48203670.294298,45563929.55355726
2026-08,desktop,raw,2027-05-01,47768577.82524928,45119096.34376779
2026-08,desktop,raw,2027-05-02,47632411.180013,44973188.95779078
2026-08,desktop,raw,2027-05-03,47404140.79467494,44735177.83171198
2026-08,desktop,raw,2027-05-04,47294783.567207225,44616079.86350352
2026-08,desktop,raw,2027-05-05,47173755.634054475,44485311.18961003
2026-08,desktop,raw,2027-05-06,46853331.94975876,44155146.764573574
2026-08,desktop,raw,2027-05-07,46677356.06404624,43969430.138120316
2026-08,desktop,raw,2027-05-08,46610792.191064134,43893125.52439747
2026-08,desktop,raw,2027-05-09,46561513.64476812,43834106.23736071
2026-08,desktop,raw,2027-05-10,46463461.68741302,43726313.53926487
2026-08,desktop,raw,2027-05-11,46405048.31857039,43658159.4296815
2026-08,desktop,raw,2027-05-12,46354518.61670726,43597888.98707763
2026-08,desktop,raw,2027-05-13,46306489.65847734,43540119.28810697
2026-08,desktop,raw,2027-05-14,46239999.42454231,43463888.313431196
2026-08,desktop,raw,2027-05-15,46173580.9843152,43387729.13246335
2026-08,desktop,raw,2027-05-16,46038213.15126157,43242620.55866898
2026-08,desktop,raw,2027-05-17,45687073.294619,42881739.961285666
2026-08,desktop,raw,2027-05-18,45650389.51574415,42835315.441670075
2026-08,desktop,raw,2027-05-19,45635956.20821239,42811141.39339758
2026-08,desktop,raw,2027-05-20,45566986.03013186,42732430.47457631
2026-08,desktop,raw,2027-05-21,45532505.227970995,42688208.9316747
2026-08,desktop,raw,2027-05-22,45508994.06682924,42654957.029792204
2026-08,desktop,raw,2027-05-23,45485419.01031577,42621641.23253799
2026-08,desktop,raw,2027-05-24,45434640.65850065,42561122.139982134
2026-08,desktop,raw,2027-05-25,45430866.33459891,42547607.075339645
2026-08,desktop,raw,2027-05-26,45435642.77977401,42542642.77977401
2026-08,desktop,raw,2027-05-27,45294442.6278737,42391701.88713296
2026-08,desktop,raw,2027-05-28,45310124.29180727,42397642.81032579
2026-08,desktop,raw,2027-05-29,45709081.80816318,42786859.58594096
2026-08,desktop,raw,2027-05-30,45798156.77768876,42866193.814725794
2026-08,desktop,raw,2027-05-31,45856439.806190595,42914736.10248689
2026-08,desktop,raw,2027-06-01,45904847.91553598,42953403.47109153
2026-08,desktop,raw,2027-06-02,45966787.38014231,43005602.19495712
2026-08,desktop,raw,2027-06-03,46247761.42377834,43276835.497852415
2026-08,desktop,raw,2027-06-04,46391149.63973088,43410482.973064214
2026-08,desktop,raw,2027-06-05,46418295.561623685,43427888.154216275
2026-08,desktop,raw,2027-06-06,46432675.44804358,43432527.29989543
2026-08,desktop,raw,2027-06-07,46491900.58110047,43482011.69221158
2026-08,desktop,raw,2027-06-08,46512693.77191251,43493064.14228288
2026-08,desktop,raw,2027-06-09,46500289.48141191,43470919.11104154
2026-08,desktop,raw,2027-06-10,46507311.51044381,43468200.399332695
2026-08,desktop,raw,2027-06-11,46534009.58309188,43485157.73124003
2026-08,desktop,raw,2027-06-12,46569849.77155132,43511257.17895873
2026-08,desktop,raw,2027-06-13,46681728.35336608,43613395.02003274
2026-08,desktop,raw,2027-06-14,46971289.701313265,43893215.62723919
2026-08,desktop,raw,2027-06-15,46947921.81727984,43860107.002465025
2026-08,desktop,raw,2027-06-16,46930160.89058135,43832605.335025795
2026-08,desktop,raw,2027-06-17,46944536.173636265,43837239.87733997
2026-08,desktop,raw,2027-06-18,46906863.98824115,43789826.95120411
2026-08,desktop,raw,2027-06-19,46888234.054080375,43761456.2763026
2026-08,desktop,raw,2027-06-20,46875556.28278309,43739037.76426457
2026-08,desktop,raw,2027-06-21,46877930.396533236,43731671.137273975
2026-08,desktop,raw,2027-06-22,46846261.717183955,43690261.717183955
2026-08,desktop,raw,2027-06-23,46809375.42974266,43643634.68900192
2026-08,desktop,raw,2027-06-24,46925243.318815045,43749761.83733356
2026-08,desktop,raw,2027-06-25,46979752.04223327,43794529.82001105
2026-08,desktop,raw,2027-06-26,46976758.94400324,43781795.98104028
2026-08,desktop,raw,2027-06-27,46974199.498422645,43769495.79471894
2026-08,desktop,raw,2027-06-28,47067269.1534878,43852824.709043354
2026-08,desktop,raw,2027-06-29,47035354.12808828,43811168.942903094
2026-08,desktop,raw,2027-06-30,46992543.73416866,43758617.80824274
2026-08,desktop,raw,2027-07-01,46916350.963439986,43672684.29677332
2026-08,desktop,raw,2027-07-02,46851332.734486245,43597925.327078834
2026-08,desktop,raw,2027-07-03,46814895.11237991,43551746.96423176
2026-08,desktop,raw,2027-07-04,46748881.19169854,43475992.30280965
2026-08,desktop,raw,2027-07-05,46556812.65822395,43274183.02859432
2026-08,desktop,raw,2027-07-06,46448343.26777653,43155972.89740615
2026-08,desktop,raw,2027-07-07,46372421.1100316,43070309.998920485
2026-08,desktop,raw,2027-07-08,46283842.0166402,42971990.16478835
2026-08,desktop,raw,2027-07-09,46191841.28734605,42870248.69475346
2026-08,desktop,raw,2027-07-10,46142449.50785834,42811116.17452501
2026-08,desktop,raw,2027-07-11,46084401.893632166,42743327.81955809
2026-08,desktop,raw,2027-07-12,46006371.58684059,42655556.77202578
2026-08,desktop,raw,2027-07-13,45928632.99344621,42568077.43789066
2026-08,desktop,raw,2027-07-14,45834498.329804175,42464202.033507876
2026-08,desktop,raw,2027-07-15,45757463.624566495,42377426.58752946
2026-08,desktop,raw,2027-07-16,45699502.578387134,42309724.80060936
2026-08,desktop,raw,2027-07-17,45654922.47763682,42255403.95911831
2026-08,desktop,raw,2027-07-18,45611657.13087666,42202397.8716174
2026-08,desktop,raw,2027-07-19,45536403.48509254,42117403.48509254
2026-08,desktop,raw,2027-07-20,45440907.61277973,42012166.87203899
2026-08,desktop,raw,2027-07-21,45369181.834573984,41930700.35309251
2026-08,desktop,raw,2027-07-22,45296046.80524967,41847824.583027445
2026-08,desktop,raw,2027-07-23,45211508.44855158,41753545.48558862
2026-08,desktop,raw,2027-07-24,45133392.993191384,41665689.28948768
2026-08,desktop,raw,2027-07-25,45081861.103932254,41604416.659487806
2026-08,desktop,raw,2027-07-26,44994242.064927116,41507056.87974193
2026-08,desktop,raw,2027-07-27,44904068.15841266,41407142.23248673
2026-08,desktop,raw,2027-07-28,44826249.96588345,41319583.299216785
2026-08,desktop,raw,2027-07-29,44763879.27611991,41247471.8687125
2026-08,desktop,raw,2027-07-30,44690071.45114295,41163923.3029948
2026-08,desktop,raw,2027-07-31,44639222.78295791,41103333.89406902
2026-08,desktop,raw,2027-08-01,44608691.176755175,41063061.54712555
2026-08,desktop,raw,2027-08-02,44621414.78961482,41066044.419244446
2026-08,desktop,raw,2027-08-03,44559591.622113965,40994480.51100285
2026-08,desktop,raw,2027-08-04,44502666.48265373,40927814.63080188
2026-08,desktop,raw,2027-08-05,44430353.38002563,40845760.78743304
2026-08,desktop,raw,2027-08-06,44386313.39413424,40791980.0608009
2026-08,desktop,raw,2027-08-07,44338424.07570306,40734350.00162899
2026-08,desktop,raw,2027-08-08,44304729.825684376,40690915.01086956
2026-08,desktop,raw,2027-08-09,44251642.63788186,40628087.08232631
2026-08,desktop,raw,2027-08-10,44150452.766681544,40517156.470385246
2026-08,desktop,raw,2027-08-11,44071728.61344521,40428691.57640817
2026-08,desktop,raw,2027-08-12,43968080.696364395,40315302.91858662
2026-08,desktop,raw,2027-08-13,43863413.494990624,40200894.97647211
2026-08,desktop,raw,2027-08-14,43771079.35661087,40098820.09735161
2026-08,desktop,raw,2027-08-15,43642483.75888679,39960483.75888679
2026-08,desktop,raw,2027-08-16,43563189.6613276,39871448.92058686
2026-08,desktop,raw,2027-08-17,43486002.527563356,39784521.04608187
2026-08,desktop,raw,2027-08-18,43421072.95145459,39709850.72923236
2026-08,desktop,raw,2027-08-19,43361956.28940786,39640993.326444894
2026-08,desktop,raw,2027-08-20,43326994.45765097,39596290.753947265
2026-08,desktop,raw,2027-08-21,43330395.76120133,39589951.31675688
2026-08,desktop,raw,2027-08-22,43326559.00252622,39576373.81734104
2026-08,desktop,raw,2027-08-23,43331901.92225106,39571975.996325135
2026-08,desktop,raw,2027-08-24,43340042.99806956,39570376.3314029
2026-08,desktop,raw,2027-08-25,43349514.37626274,39570106.96885533
2026-08,desktop,raw,2027-08-26,43372821.915843785,39583673.767695636
2026-08,desktop,raw,2027-08-27,43400959.03970189,39602070.150813
2026-08,desktop,raw,2027-08-28,43424747.65238957,39616118.022759944
2026-08,desktop,raw,2027-08-29,43467935.3091976,39649564.938827224
2026-08,desktop,raw,2027-08-30,43557860.08286893,39729748.97175782
2026-08,desktop,raw,2027-08-31,43629543.309808746,39791691.457956895
2026-08,desktop,raw,2027-09-01,43695101.92443019,39847509.3318376
2026-08,desktop,raw,2027-09-02,43786519.51367939,39929186.18034606
2026-08,desktop,raw,2027-09-03,43860776.296391115,39993702.22231704
2026-08,desktop,raw,2027-09-04,43906019.30903671,40029204.494221896
2026-08,desktop,raw,2027-09-05,43957173.23467774,40070617.67912219
2026-08,desktop,raw,2027-09-06,43935849.29357468,40039552.997278385
2026-08,desktop,raw,2027-09-07,44041351.30883877,40135314.27180173
2026-08,desktop,raw,2027-09-08,44189770.79026621,40273993.01248843
2026-08,desktop,raw,2027-09-09,44355187.145805,40429668.62728648
2026-08,desktop,raw,2027-09-10,44525175.18623917,40589915.92697991
2026-08,desktop,raw,2027-09-11,44669190.65351442,40724190.65351442
2026-08,desktop,raw,2027-09-12,44845013.21992106,40890272.47918032
2026-08,desktop,raw,2027-09-13,45006634.63505804,41042153.15357655
2026-08,desktop,raw,2027-09-14,45159781.238066636,41185559.01584441
2026-08,desktop,raw,2027-09-15,45274354.73067951,41290391.76771655
2026-08,desktop,raw,2027-09-16,45412213.5258255,41418509.8221218
2026-08,desktop,raw,2027-09-17,45516740.5370236,41513296.09257915
2026-08,desktop,raw,2027-09-18,45593124.33444638,41579939.14926119
2026-08,desktop,raw,2027-09-19,45655039.41889526,41632113.492969334
2026-08,desktop,raw,2027-09-20,45744858.26710952,41712191.60044286
2026-08,desktop,raw,2027-09-21,45844545.0934221,41802137.68601469
2026-08,desktop,raw,2027-09-22,45943958.244018786,41891810.09587064
2026-08,desktop,raw,2027-09-23,46031769.96745741,41969881.078568526
2026-08,desktop,raw,2027-09-24,46114148.45470097,42042518.82507134
2026-08,desktop,raw,2027-09-25,46177270.53801449,42095900.16764411
2026-08,desktop,raw,2027-09-26,46231448.9773409,42140337.86622979
2026-08,desktop,raw,2027-09-27,46293667.620061025,42192815.768209174
2026-08,desktop,raw,2027-09-28,46373948.06813814,42263355.47554555
2026-08,desktop,raw,2027-09-29,46431285.78416865,42310952.45083532
2026-08,desktop,raw,2027-09-30,46460107.83567656,42330033.76160248
2026-08,desktop,raw,2027-10-01,46465935.706363,42326120.89154819
2026-08,desktop,raw,2027-10-02,46465719.879754916,42316164.32419936
2026-08,desktop,raw,2027-10-03,46453385.47281568,42294089.17651938
2026-08,desktop,raw,2027-10-04,46545316.45846016,42376279.42142312
2026-08,desktop,raw,2027-10-05,46554470.10277995,42375692.32500217
2026-08,desktop,raw,2027-10-06,46513991.42684674,42325472.90832822
2026-08,desktop,raw,2027-10-07,46456349.84215419,42258090.58289493
2026-08,desktop,raw,2027-10-08,46382665.17275519,42174665.17275519
2026-08,desktop,raw,2027-10-09,46345286.57053427,42127545.82979353
2026-08,desktop,raw,2027-10-10,46333306.60360707,42105825.122125596
2026-08,desktop,raw,2027-10-11,46219418.14137882,41982195.919156596
2026-08,desktop,raw,2027-10-12,46156787.279459074,41909824.31649611
2026-08,desktop,raw,2027-10-13,46146992.625316255,41890288.92161255
2026-08,desktop,raw,2027-10-14,46143677.60480654,41877233.160362095
2026-08,desktop,raw,2027-10-15,46153975.22212654,41877790.03694136
2026-08,desktop,raw,2027-10-16,46159284.358954854,41873358.43302893
2026-08,desktop,raw,2027-10-17,46165068.4826196,41869401.815952934
2026-08,desktop,raw,2027-10-18,46174072.59290092,41868665.18549351
2026-08,desktop,raw,2027-10-19,46197210.20656569,41882062.058417544
2026-08,desktop,raw,2027-10-20,46215499.61032582,41890610.72143693
2026-08,desktop,raw,2027-10-21,46221248.04664956,41886618.41701993
2026-08,desktop,raw,2027-10-22,46235273.18052675,41890902.810156375
2026-08,desktop,raw,2027-10-23,46234914.24300418,41880803.13189307
2026-08,desktop,raw,2027-10-24,46231774.27384824,41867922.42199639
2026-08,desktop,raw,2027-10-25,46229919.939374916,41856327.34678233
2026-08,desktop,raw,2027-10-26,46222167.16897134,41838833.835638
2026-08,desktop,raw,2027-10-27,46228743.6642564,41835669.59018233
2026-08,desktop,raw,2027-10-28,46226128.85979368,41823314.044978864
2026-08,desktop,raw,2027-10-29,46207518.45474138,41794962.89918582
2026-08,desktop,raw,2027-10-30,46231312.35130837,41809016.05501207
2026-08,desktop,raw,2027-10-31,46243038.3779387,41811001.340901665
2026-08,desktop,raw,2027-11-01,46116418.67691956,41674640.89914178
2026-08,desktop,raw,2027-11-02,46141271.48272953,41689752.96421102
2026-08,desktop,raw,2027-11-03,46208109.296334796,41746850.037075534
2026-08,desktop,raw,2027-11-04,46287796.94469593,41816796.94469593
2026-08,desktop,raw,2027-11-05,46401144.8318425,41920404.09110176
2026-08,desktop,raw,2027-11-06,46469180.01792015,41978698.536438674
2026-08,desktop,raw,2027-11-07,46510913.14520509,42010690.922982864
2026-08,desktop,raw,2027-11-08,46672150.975906715,42162188.01294375
2026-08,desktop,raw,2027-11-09,46792493.91112805,42272790.20742435
2026-08,desktop,raw,2027-11-10,46864514.526397355,42335070.081952915
2026-08,desktop,raw,2027-11-11,46851175.37209229,42311990.186907105
2026-08,desktop,raw,2027-11-12,46885075.303186536,42336149.37726061
2026-08,desktop,raw,2027-11-13,46908825.172639236,42350158.50597257
2026-08,desktop,raw,2027-11-14,46928118.03353994,42359710.62613253
2026-08,desktop,raw,2027-11-15,46927861.67339784,42349713.52524969
2026-08,desktop,raw,2027-11-16,46938028.78612454,42350139.897235654
2026-08,desktop,raw,2027-11-17,46972935.699152134,42375306.06952251
2026-08,desktop,raw,2027-11-18,47019410.15382325,42412039.783452876
2026-08,desktop,raw,2027-11-19,47055356.01813059,42438244.90701948
2026-08,desktop,raw,2027-11-20,47063724.39694275,42436872.5450909
2026-08,desktop,raw,2027-11-21,47090974.200802386,42454381.608209796
2026-08,desktop,raw,2027-11-22,47129471.89687087,42483138.56353753
2026-08,desktop,raw,2027-11-23,47162169.02841477,42506094.9543407
2026-08,desktop,raw,2027-11-24,47191311.91067676,42525497.09586195
2026-08,desktop,raw,2027-11-25,47185374.84636677,42509819.29081121
2026-08,desktop,raw,2027-11-26,47191888.09516539,42506591.79886909
2026-08,desktop,raw,2027-11-27,47224681.31869876,42529644.28166172
2026-08,desktop,raw,2027-11-28,47291098.41857064,42586320.64079286
2026-08,desktop,raw,2027-11-29,47535552.38849266,42821033.86997414
2026-08,desktop,raw,2027-11-30,47634956.28884649,42910697.02958723
2026-08,desktop,raw,2027-12-01,47702030.850891545,42968030.850891545
2026-08,desktop,raw,2027-12-02,47748382.38624321,43004641.64550247
2026-08,desktop,raw,2027-12-03,47765253.87147032,43011772.38998884
2026-08,desktop,raw,2027-12-04,47778212.40455105,43014990.18232883
2026-08,desktop,raw,2027-12-05,47790545.804594405,43017582.84163144
2026-08,desktop,raw,2027-12-06,47801528.22857561,43018824.52487191
2026-08,desktop,raw,2027-12-07,47806359.43592895,43013914.99148451
2026-08,desktop,raw,2027-12-08,47801430.66385274,42999245.47866755
2026-08,desktop,raw,2027-12-09,47861532.76879641,43049606.84287048
2026-08,desktop,raw,2027-12-10,47868978.44572034,43047311.77905367
2026-08,desktop,raw,2027-12-11,47850693.10251769,43019285.69511028
2026-08,desktop,raw,2027-12-12,47848529.04374414,43007380.89559599
2026-08,desktop,raw,2027-12-13,47864873.66669846,43013984.777809575
2026-08,desktop,raw,2027-12-14,47849527.47517286,42988897.845543236
2026-08,desktop,raw,2027-12-15,47824579.87520713,42954209.50483676
2026-08,desktop,raw,2027-12-16,47788403.05351744,42908291.94240633
2026-08,desktop,raw,2027-12-17,47745791.19097338,42855939.33912153
2026-08,desktop,raw,2027-12-18,47736816.03191716,42837223.43932457
2026-08,desktop,raw,2027-12-19,47685838.86209539,42776505.52876206
2026-08,desktop,raw,2027-12-20,47554446.6528735,42635372.57879943
2026-08,desktop,raw,2027-12-21,47416633.05610395,42487818.24128914
2026-08,desktop,raw,2027-12-22,47222226.81428863,42283671.25873308
2026-08,desktop,raw,2027-12-23,46952976.95458551,42004680.65828921
2026-08,desktop,raw,2027-12-24,46319388.91551393,41361351.878476895
2026-08,desktop,raw,2027-12-25,45853530.09983755,40885752.32205977
2026-08,desktop,raw,2027-12-26,45532311.36516564,40554792.84664713
2026-08,desktop,raw,2027-12-27,45068247.15078427,40080987.89152501
2026-08,desktop,raw,2027-12-28,44822457.89719158,39825457.89719158
2026-08,desktop,raw,2027-12-29,44548336.413118385,39541595.672377646
2026-08,desktop,raw,2027-12-30,44251876.45728826,39235394.97580677
2026-08,desktop,raw,2027-12-31,43740590.98614587,38714368.763923645
2026-08,desktop,l,2026-08-02,46863052.85982274,46863052.85982274
2026-08,desktop,l,2026-08-03,46778590.42186696,46768849.68112622
2026-08,desktop,l,2026-08-04,46695974.75489018,46676493.273408696
2026-08,desktop,l,2026-08-05,46621843.963551484,46592621.74132926
2026-08,desktop,l,2026-08-06,46537034.97725316,46498072.0142902
2026-08,desktop,l,2026-08-07,46452836.752681226,46404133.048977524
2026-08,desktop,l,2026-08-08,46393367.009482495,46334922.56503805
2026-08,desktop,l,2026-08-09,46337540.42980492,46269355.244619735
2026-08,desktop,l,2026-08-10,46256051.37341361,46178125.44748768
2026-08,desktop,l,2026-08-11,46192426.757079355,46104760.09041269
2026-08,desktop,l,2026-08-12,46081834.675788656,45984427.268381245
2026-08,desktop,l,2026-08-13,45955588.920319065,45848440.772170916
2026-08,desktop,l,2026-08-14,45831603.51705249,45714714.6281636
2026-08,desktop,l,2026-08-15,45731225.39213017,45604595.76250054
2026-08,desktop,l,2026-08-16,45651143.5192177,45514773.14884733
2026-08,desktop,l,2026-08-17,45568238.7842669,45422127.673155785
2026-08,desktop,l,2026-08-18,45502218.49653074,45346366.64467889
2026-08,desktop,l,2026-08-19,45455896.6197559,45290304.02716331
2026-08,desktop,l,2026-08-20,45399644.60705867,45224311.27372533
2026-08,desktop,l,2026-08-21,45370918.93814748,45185844.8640734
2026-08,desktop,l,2026-08-22,45348966.84975496,45154152.034940146
2026-08,desktop,l,2026-08-23,45329357.742459044,45124802.18690349
2026-08,desktop,l,2026-08-24,45308814.36720673,45094518.07091043
2026-08,desktop,l,2026-08-25,45334000.27311795,45109963.236080915
2026-08,desktop,l,2026-08-26,45378565.6964833,45144787.91870552
2026-08,desktop,l,2026-08-27,45387069.95923279,45143551.44071428
2026-08,desktop,l,2026-08-28,45395536.179862216,45142276.920602955
2026-08,desktop,l,2026-08-29,45398662.93525307,45135662.93525307
2026-08,desktop,l,2026-08-30,45426553.66352453,45153812.92278379
2026-08,desktop,l,2026-08-31,45523094.335898824,45240612.85441734
2026-08,desktop,l,2026-09-01,45607193.394063465,45314971.17184124
2026-08,desktop,l,2026-09-02,45693536.125458874,45391573.16249591
2026-08,desktop,l,2026-09-03,45786120.50214774,45474416.79844404
2026-08,desktop,l,2026-09-04,45865353.37510974,45543908.93066529
2026-08,desktop,l,2026-09-05,45934282.65858554,45603097.473400354
2026-08,desktop,l,2026-09-06,45994846.10573418,45653920.17980825
2026-08,desktop,l,2026-09-07,45989180.54800118,45638513.88133451
2026-08,desktop,l,2026-09-08,46139921.05861176,45779513.65120435
2026-08,desktop,l,2026-09-09,46306791.291622445,45936643.143474296
2026-08,desktop,l,2026-09-10,46483216.0134222,46103327.12453331
2026-08,desktop,l,2026-09-11,46677268.93622113,46287639.3065915
2026-08,desktop,l,2026-09-12,46877551.1891851,46478180.818814725
2026-08,desktop,l,2026-09-13,46979262.4663272,46570151.355216086
2026-08,desktop,l,2026-09-14,47142452.00873662,46723600.15688477
2026-08,desktop,l,2026-09-15,47288515.11455451,46859922.52196192
2026-08,desktop,l,2026-09-16,47416337.96688294,46978004.6335496
2026-08,desktop,l,2026-09-17,47549872.69416007,47101798.62008599
2026-08,desktop,l,2026-09-18,47668174.11974869,47210359.304933876
2026-08,desktop,l,2026-09-19,47748042.26394719,47280486.70839164
2026-08,desktop,l,2026-09-20,47815745.01591203,47338448.719615735
2026-08,desktop,l,2026-09-21,47917722.20949478,47430685.17245774
2026-08,desktop,l,2026-09-22,48050806.13814796,47554028.36037018
2026-08,desktop,l,2026-09-23,48157912.67590861,47651394.157390095
2026-08,desktop,l,2026-09-24,48247937.041336276,47731677.782077014
2026-08,desktop,l,2026-09-25,48343392.96707018,47817392.96707018
2026-08,desktop,l,2026-09-26,48405429.217327125,47869688.47658639
2026-08,desktop,l,2026-09-27,48474205.39617294,47928723.914691456
2026-08,desktop,l,2026-09-28,48553385.54167614,47998163.31945392
2026-08,desktop,l,2026-09-29,48617373.66780352,48052410.704840556
2026-08,desktop,l,2026-09-30,48675613.947076455,48100910.24337275
2026-08,desktop,l,2026-10-01,48722825.98647346,48138381.542029016
2026-08,desktop,l,2026-10-02,48733223.34271282,48139038.15752763
2026-08,desktop,l,2026-10-03,48742575.45221126,48138649.526285335
2026-08,desktop,l,2026-10-04,48775545.58012198,48161878.913455315
2026-08,desktop,l,2026-10-05,48957907.817690864,48334500.410283454
2026-08,desktop,l,2026-10-06,48996157.857964315,48363009.709816165
2026-08,desktop,l,2026-10-07,49011765.73518293,48368876.846294045
2026-08,desktop,l,2026-10-08,49034353.47571181,48381723.84608218
2026-08,desktop,l,2026-10-09,49056091.20066954,48393720.83029917
2026-08,desktop,l,2026-10-10,49072723.64121432,48400612.53010321
2026-08,desktop,l,2026-10-11,49084185.19608015,48402333.3442283
2026-08,desktop,l,2026-10-12,49025995.90871192,48334403.31611933
2026-08,desktop,l,2026-10-13,49039212.78574407,48337879.452410735
2026-08,desktop,l,2026-10-14,49073222.2664698,48362148.192395724
2026-08,desktop,l,2026-10-15,49096929.692259446,48376114.87744463
2026-08,desktop,l,2026-10-16,49120988.33329786,48390432.77774231
2026-08,desktop,l,2026-10-17,49130668.07672018,48390371.78042388
2026-08,desktop,l,2026-10-18,49140829.91570675,48390792.87866971
2026-08,desktop,l,2026-10-19,49142243.24574701,48382465.46796923
2026-08,desktop,l,2026-10-20,49125852.224328406,48356333.70580989
2026-08,desktop,l,2026-10-21,49130900.952754974,48351641.69349571
2026-08,desktop,l,2026-10-22,49143975.492073365,48354975.492073365
2026-08,desktop,l,2026-10-23,49162644.14214092,48363903.40140018
2026-08,desktop,l,2026-10-24,49166372.68924935,48357891.20776787
2026-08,desktop,l,2026-10-25,49168150.57501083,48349928.352788605
2026-08,desktop,l,2026-10-26,49173133.41783578,48345170.45487282
2026-08,desktop,l,2026-10-27,49180430.09092055,48342726.38721685
2026-08,desktop,l,2026-10-28,49178414.18970353,48330969.745259084
2026-08,desktop,l,2026-10-29,49190154.87079787,48332969.685612686
2026-08,desktop,l,2026-10-30,49238523.76489134,48371597.838965416
2026-08,desktop,l,2026-10-31,49243810.792172894,48367144.12550623
2026-08,desktop,l,2026-11-01,49156803.17192717,48270395.76451976
2026-08,desktop,l,2026-11-02,49140908.138558485,48244759.990410335
2026-08,desktop,l,2026-11-03,49158663.8551833,48252774.966294415
2026-08,desktop,l,2026-11-04,49178779.87839449,48263150.248764865
2026-08,desktop,l,2026-11-05,49204805.92404538,48279435.553675
2026-08,desktop,l,2026-11-06,49220448.60291372,48285337.49180261
2026-08,desktop,l,2026-11-07,49223906.06179986,48279054.20994801
2026-08,desktop,l,2026-11-08,49221237.51508666,48266644.92249407
2026-08,desktop,l,2026-11-09,49309702.34409165,48345369.01075831
2026-08,desktop,l,2026-11-10,49313057.76610028,48338983.692026205
2026-08,desktop,l,2026-11-11,49267139.1190992,48283324.30428439
2026-08,desktop,l,2026-11-12,49282320.35539597,48288764.79984042
2026-08,desktop,l,2026-11-13,49295035.28238828,48291738.98609198
2026-08,desktop,l,2026-11-14,49315309.83024674,48302272.7932097
2026-08,desktop,l,2026-11-15,49324853.78558863,48302076.00781085
2026-08,desktop,l,2026-11-16,49357996.1226737,48325477.60415518
2026-08,desktop,l,2026-11-17,49424224.911680974,48381965.65242171
2026-08,desktop,l,2026-11-18,49472973.4575504,48420973.4575504
2026-08,desktop,l,2026-11-19,49512754.286271155,48451013.545530416
2026-08,desktop,l,2026-11-20,49500215.92498057,48428734.44349909
2026-08,desktop,l,2026-11-21,49522285.057339124,48441062.8351169
2026-08,desktop,l,2026-11-22,49546754.436082244,48455791.47311928
2026-08,desktop,l,2026-11-23,49563761.6466942,48463057.9429905
2026-08,desktop,l,2026-11-24,49596351.53619418,48485907.091749735
2026-08,desktop,l,2026-11-25,49629387.19337589,48509202.00819071
2026-08,desktop,l,2026-11-26,49595160.70805412,48465234.78212819
2026-08,desktop,l,2026-11-27,49542720.75195473,48403054.08528806
2026-08,desktop,l,2026-11-28,49569715.32888783,48420307.92148042
2026-08,desktop,l,2026-11-29,49689839.02510472,48530690.87695657
2026-08,desktop,l,2026-11-30,49771681.56780877,48602792.67891988
2026-08,desktop,l,2026-12-01,49814434.94229746,48635805.31266783
2026-08,desktop,l,2026-12-02,49852101.391142026,48663731.02077165
2026-08,desktop,l,2026-12-03,49874285.270228304,48676174.15911719
2026-08,desktop,l,2026-12-04,49892980.116454996,48685128.264603145
2026-08,desktop,l,2026-12-05,49911760.008319505,48694167.415726915
2026-08,desktop,l,2026-12-06,49937526.98082844,48710193.647495106
2026-08,desktop,l,2026-12-07,49972769.25837546,48735695.184301384
2026-08,desktop,l,2026-12-08,49978947.66972369,48732132.854908876
2026-08,desktop,l,2026-12-09,50042017.47397839,48785461.91842284
2026-08,desktop,l,2026-12-10,50045775.11869726,48779478.822400965
2026-08,desktop,l,2026-12-11,50043002.431807734,48766965.3947707
2026-08,desktop,l,2026-12-12,50031122.385168985,48745344.60739121
2026-08,desktop,l,2026-12-13,50029520.90343939,48734002.38492087
2026-08,desktop,l,2026-12-14,50028275.93099712,48723016.67173786
2026-08,desktop,l,2026-12-15,49995091.884494044,48680091.884494044
2026-08,desktop,l,2026-12-16,49955245.23870702,48630504.49796628
2026-08,desktop,l,2026-12-17,49911894.07616745,48577412.594685964
2026-08,desktop,l,2026-12-18,49923688.04638476,48579465.824162535
2026-08,desktop,l,2026-12-19,49879678.668544926,48525715.70558196
2026-08,desktop,l,2026-12-20,49816303.96934087,48452600.26563717
2026-08,desktop,l,2026-12-21,49636290.92268359,48262846.47823914
2026-08,desktop,l,2026-12-22,49453270.62662772,48070085.441442534
2026-08,desktop,l,2026-12-23,49222410.12957406,47829484.203648135
2026-08,desktop,l,2026-12-24,48766730.27133813,47364063.60467146
2026-08,desktop,l,2026-12-25,48041374.667606056,46628967.260198645
2026-08,desktop,l,2026-12-26,47725140.85384814,46302992.70569999
2026-08,desktop,l,2026-12-27,47487056.947960906,46055168.05907202
2026-08,desktop,l,2026-12-28,46983877.30083648,45542247.671206854
2026-08,desktop,l,2026-12-29,46646255.625660256,45194885.25528988
2026-08,desktop,l,2026-12-30,46275804.66079019,44814693.54967908
2026-08,desktop,l,2026-12-31,45650613.990076795,44179762.138224944
2026-08,desktop,l,2027-01-01,44699074.607574575,43218482.014981985
2026-08,desktop,l,2027-01-02,44457083.34576494,42966750.01243161
2026-08,desktop,l,2027-01-03,44317272.17479056,42817198.10071649
2026-08,desktop,l,2027-01-04,44110595.36576008,42600780.55094527
2026-08,desktop,l,2027-01-05,43981796.55728433,42462241.00172878
2026-08,desktop,l,2027-01-06,43807724.77462758,42278428.47833128
2026-08,desktop,l,2027-01-07,43724058.9941113,42185021.95707426
2026-08,desktop,l,2027-01-08,43683998.28453336,42135220.50675558
2026-08,desktop,l,2027-01-09,43670287.159065746,42111768.64054723
2026-08,desktop,l,2027-01-10,43662914.87716961,42094655.61791035
2026-08,desktop,l,2027-01-11,43640250.76203083,42062250.76203083
2026-08,desktop,l,2027-01-12,43650304.8268645,42062564.086123765
2026-08,desktop,l,2027-01-13,43661812.24876899,42064330.76728751
2026-08,desktop,l,2027-01-14,43666632.82896812,42059410.6067459
2026-08,desktop,l,2027-01-15,43673896.958252855,42056933.99528989
2026-08,desktop,l,2027-01-16,43708048.73741753,42081345.033713825
2026-08,desktop,l,2027-01-17,43762652.6166253,42126208.172180854
2026-08,desktop,l,2027-01-18,43910639.59221403,42264454.40702885
2026-08,desktop,l,2027-01-19,44097837.12758408,42441911.20165815
2026-08,desktop,l,2027-01-20,44343555.29764349,42677888.630976826
2026-08,desktop,l,2027-01-21,44875587.18255908,43200179.77515167
2026-08,desktop,l,2027-01-22,45700443.43716442,44015295.28901627
2026-08,desktop,l,2027-01-23,46026032.33915897,44331143.45027008
2026-08,desktop,l,2027-01-24,46264359.44860692,44559729.8189773
2026-08,desktop,l,2027-01-25,46760823.46228261,45046453.09191224
2026-08,desktop,l,2027-01-26,47069589.602390826,45345478.491279714
2026-08,desktop,l,2027-01-27,47439484.99289768,45705633.14104583
2026-08,desktop,l,2027-01-28,48063612.3400443,46320019.74745171
2026-08,desktop,l,2027-01-29,49023225.643991716,47269892.31065838
2026-08,desktop,l,2027-01-30,49266804.04008832,47503729.96601424
2026-08,desktop,l,2027-01-31,49410092.069183104,47637277.25436829
2026-08,desktop,l,2027-02-01,49594301.94874538,47811746.393189825
2026-08,desktop,l,2027-02-02,49724962.11993776,47932665.823641464
2026-08,desktop,l,2027-02-03,49881647.952522695,48079610.91548566
2026-08,desktop,l,2027-02-04,49912121.68534736,48100343.90756959
2026-08,desktop,l,2027-02-05,49865963.308601126,48044444.79008261
2026-08,desktop,l,2027-02-06,49807359.23853953,47976099.97928027
2026-08,desktop,l,2027-02-07,49765023.39974373,47924023.39974373
2026-08,desktop,l,2027-02-08,49608156.663075425,47757415.922334686
2026-08,desktop,l,2027-02-09,49455555.375891276,47595073.89440979
2026-08,desktop,l,2027-02-10,49352128.747270025,47481906.5250478
2026-08,desktop,l,2027-02-11,49280501.397440426,47400538.43447746
2026-08,desktop,l,2027-02-12,49229688.185648315,47339984.48194461
2026-08,desktop,l,2027-02-13,49199835.15191299,47300390.70746854
2026-08,desktop,l,2027-02-14,49166189.034301616,47257003.84911643
2026-08,desktop,l,2027-02-15,49086680.2731462,47167754.34722027
2026-08,desktop,l,2027-02-16,49009359.84105869,47080693.17439202
2026-08,desktop,l,2027-02-17,48936535.532605805,46998128.125198394
2026-08,desktop,l,2027-02-18,48877143.99385239,46928995.84570424
2026-08,desktop,l,2027-02-19,48822728.36034892,46864839.47146003
2026-08,desktop,l,2027-02-20,48801802.07439773,46834172.4447681
2026-08,desktop,l,2027-02-21,48770673.69663165,46793303.326261275
2026-08,desktop,l,2027-02-22,48719060.236233875,46731949.12512276
2026-08,desktop,l,2027-02-23,48680840.708502576,46683988.856650725
2026-08,desktop,l,2027-02-24,48634347.332893014,46627754.740300424
2026-08,desktop,l,2027-02-25,48594293.40616233,46577960.07282899
2026-08,desktop,l,2027-02-26,48557939.81886736,46531865.74479329
2026-08,desktop,l,2027-02-27,48531857.512449846,46496042.69763503
2026-08,desktop,l,2027-02-28,48494558.30574323,46449002.75018768
2026-08,desktop,l,2027-03-01,48495650.2399024,46440353.9436061
2026-08,desktop,l,2027-03-02,48493266.240420185,46428229.20338315
2026-08,desktop,l,2027-03-03,48488179.86666305,46413402.08888528
2026-08,desktop,l,2027-03-04,48513467.61781806,46428949.09929954
2026-08,desktop,l,2027-03-05,48569764.3404058,46475505.08114654
2026-08,desktop,l,2027-03-06,48601968.07937674,46497968.07937674
2026-08,desktop,l,2027-03-07,48626323.697134145,46512582.956393406
2026-08,desktop,l,2027-03-08,48723527.75007909,46600046.2685976
2026-08,desktop,l,2027-03-09,48779690.442458875,46646468.22023665
2026-08,desktop,l,2027-03-10,48810846.9979041,46667884.03494114
2026-08,desktop,l,2027-03-11,48830514.31602858,46677810.61232488
2026-08,desktop,l,2027-03-12,48829543.004316024,46667098.55987158
2026-08,desktop,l,2027-03-13,48828186.324999616,46656001.13981443
2026-08,desktop,l,2027-03-14,48828530.438967206,46646604.51304128
2026-08,desktop,l,2027-03-15,48879132.38995143,46687465.723284766
2026-08,desktop,l,2027-03-16,48897598.0822299,46696190.67482249
2026-08,desktop,l,2027-03-17,48915062.28203784,46703914.13388969
2026-08,desktop,l,2027-03-18,48914346.600103416,46693457.71121453
2026-08,desktop,l,2027-03-19,48905921.99664191,46675292.367012285
2026-08,desktop,l,2027-03-20,48875275.91750984,46634905.547139466
2026-08,desktop,l,2027-03-21,48821479.54925031,46571368.4381392
2026-08,desktop,l,2027-03-22,48680755.327930324,46420903.47607847
2026-08,desktop,l,2027-03-23,48613502.79501499,46343910.2024224
2026-08,desktop,l,2027-03-24,48506346.01868646,46227012.68535312
2026-08,desktop,l,2027-03-25,48308582.24046326,46019508.16638918
2026-08,desktop,l,2027-03-26,47836843.38089897,45538028.566084154
2026-08,desktop,l,2027-03-27,47715168.79272164,45406613.237166084
2026-08,desktop,l,2027-03-28,47572518.203244865,45254221.90694857
2026-08,desktop,l,2027-03-29,47087094.304264486,44759057.26722745
2026-08,desktop,l,2027-03-30,47007237.37003668,44669459.5922589
2026-08,desktop,l,2027-03-31,46940044.20861929,44592525.690100774
2026-08,desktop,l,2027-04-01,46877190.58553577,44519931.32627651
2026-08,desktop,l,2027-04-02,46819340.98928138,44452340.98928138
2026-08,desktop,l,2027-04-03,46821165.37596756,44444424.63522682
2026-08,desktop,l,2027-04-04,46818212.69704433,44431731.21556285
2026-08,desktop,l,2027-04-05,46852626.56626927,44456404.34404705
2026-08,desktop,l,2027-04-06,46904935.095108666,44498972.1321457
2026-08,desktop,l,2027-04-07,46931091.488533214,44515387.78482951
2026-08,desktop,l,2027-04-08,46953018.35978707,44527573.91534262
2026-08,desktop,l,2027-04-09,46969031.46995167,44533846.28476648
2026-08,desktop,l,2027-04-10,46966413.214804076,44521487.28887815
2026-08,desktop,l,2027-04-11,46964420.077122755,44509753.41045609
2026-08,desktop,l,2027-04-12,46973344.16160761,44508936.7542002
2026-08,desktop,l,2027-04-13,46962303.03526096,44488154.88711281
2026-08,desktop,l,2027-04-14,46950606.697733365,44466717.80884448
2026-08,desktop,l,2027-04-15,46942645.643065095,44449016.01343547
2026-08,desktop,l,2027-04-16,46935368.373923145,44431998.00355277
2026-08,desktop,l,2027-04-17,46945879.205813825,44432768.09470271
2026-08,desktop,l,2027-04-18,46974926.86617493,44452075.01432308
2026-08,desktop,l,2027-04-19,47088458.56707184,44555865.97447925
2026-08,desktop,l,2027-04-20,47136269.14095665,44593935.80762331
2026-08,desktop,l,2027-04-21,47178491.27265495,44626417.198580876
2026-08,desktop,l,2027-04-22,47331690.10866361,44769875.2938488
2026-08,desktop,l,2027-04-23,47759163.05860846,45187607.503052905
2026-08,desktop,l,2027-04-24,47846480.081120186,45265183.78482389
2026-08,desktop,l,2027-04-25,47965851.950336084,45374814.91329905
2026-08,desktop,l,2027-04-26,48378171.21578874,45777393.43801096
2026-08,desktop,l,2027-04-27,48393450.37981216,45782931.86129364
2026-08,desktop,l,2027-04-28,48379184.893657565,45758925.634398304
2026-08,desktop,l,2027-04-29,48356172.173935585,45726172.173935585
2026-08,desktop,l,2027-04-30,48263978.50210889,45624237.76136815
2026-08,desktop,l,2027-05-01,47829212.29226286,45179730.810781375
2026-08,desktop,l,2027-05-02,47692003.74405215,45032781.521829925
2026-08,desktop,l,2027-05-03,47463687.323188625,44794724.36022566
2026-08,desktop,l,2027-05-04,47353160.99052334,44674457.28681964
2026-08,desktop,l,2027-05-05,47229648.24361026,44541203.799165815
2026-08,desktop,l,2027-05-06,46909624.63907839,44211439.45389321
2026-08,desktop,l,2027-05-07,46732905.94721264,44024980.02128671
2026-08,desktop,l,2027-05-08,46666731.88930112,43949065.22263446
2026-08,desktop,l,2027-05-09,46615394.55180283,43887987.14439542
2026-08,desktop,l,2027-05-10,46516826.40422974,43779678.25608159
2026-08,desktop,l,2027-05-11,46456087.111809745,43709198.22292086
2026-08,desktop,l,2027-05-12,46403768.35931287,43647138.72968324
2026-08,desktop,l,2027-05-13,46353617.130402066,43587246.76003169
2026-08,desktop,l,2027-05-14,46285720.05556287,43509608.94445176
2026-08,desktop,l,2027-05-15,46219847.05160361,43433995.19975176
2026-08,desktop,l,2027-05-16,46082618.06310252,43287025.47050993
2026-08,desktop,l,2027-05-17,45731979.348279424,42926646.01494609
2026-08,desktop,l,2027-05-18,45694347.03147526,42879272.957401186
2026-08,desktop,l,2027-05-19,45679225.17537142,42854410.36055661
2026-08,desktop,l,2027-05-20,45609204.449948855,42774648.8943933
2026-08,desktop,l,2027-05-21,45573012.11984534,42728715.82354904
2026-08,desktop,l,2027-05-22,45549499.71916704,42695462.68213
2026-08,desktop,l,2027-05-23,45524058.80314476,42660281.025366984
2026-08,desktop,l,2027-05-24,45470931.21740715,42597412.69888863
2026-08,desktop,l,2027-05-25,45464481.48372574,42581222.22446648
2026-08,desktop,l,2027-05-26,45467821.645717874,42574821.645717874
2026-08,desktop,l,2027-05-27,45325453.06760369,42422712.32686295
2026-08,desktop,l,2027-05-28,45339061.203710094,42426579.72222862
2026-08,desktop,l,2027-05-29,45735365.635656096,42813143.41343387
2026-08,desktop,l,2027-05-30,45823431.0106491,42891468.04768614
2026-08,desktop,l,2027-05-31,45880438.88318173,42938735.17947803
2026-08,desktop,l,2027-06-01,45926280.832206585,42974836.38776214
2026-08,desktop,l,2027-06-02,45988408.248477034,43027223.06329185
2026-08,desktop,l,2027-06-03,46265516.90187313,43294590.9759472
2026-08,desktop,l,2027-06-04,46406542.825236484,43425876.15856982
2026-08,desktop,l,2027-06-05,46432258.03287114,43441850.62546373
2026-08,desktop,l,2027-06-06,46446360.88778859,43446212.73964044
2026-08,desktop,l,2027-06-07,46504236.4549827,43494347.56609381
2026-08,desktop,l,2027-06-08,46522829.25940736,43503199.62977773
2026-08,desktop,l,2027-06-09,46508261.47191495,43478891.101544574
2026-08,desktop,l,2027-06-10,46513290.16700507,43474179.05589396
2026-08,desktop,l,2027-06-11,46541017.30811465,43492165.4562628
2026-08,desktop,l,2027-06-12,46574590.838731416,43515998.246138826
2026-08,desktop,l,2027-06-13,46685534.689426534,43617201.3560932
2026-08,desktop,l,2027-06-14,46972745.97490538,43894671.900831304
2026-08,desktop,l,2027-06-15,46947148.219297014,43859333.4044822
2026-08,desktop,l,2027-06-16,46927935.00713567,43830379.451580115
2026-08,desktop,l,2027-06-17,46942304.97523069,43835008.67893439
2026-08,desktop,l,2027-06-18,46903434.40937899,43786397.37234195
2026-08,desktop,l,2027-06-19,46883236.10395958,43756458.32618181
2026-08,desktop,l,2027-06-20,46870015.90107228,43733497.382553756
2026-08,desktop,l,2027-06-21,46869809.76921807,43723550.50995881
2026-08,desktop,l,2027-06-22,46836430.59252436,43680430.59252436
2026-08,desktop,l,2027-06-23,46798641.338842735,43632900.598101996
2026-08,desktop,l,2027-06-24,46912454.7590233,43736973.277541816
2026-08,desktop,l,2027-06-25,46966159.151854135,43780936.92963191
2026-08,desktop,l,2027-06-26,46961315.87609781,43766352.91313485
2026-08,desktop,l,2027-06-27,46958225.37639921,43753521.67269551
2026-08,desktop,l,2027-06-28,47048535.129981495,43834090.68553705
2026-08,desktop,l,2027-06-29,47016237.30253891,43792052.11735372
2026-08,desktop,l,2027-06-30,46969839.522130676,43735913.59620475
2026-08,desktop,l,2027-07-01,46893084.22970968,43649417.56304301
2026-08,desktop,l,2027-07-02,46827990.93111379,43574583.52370638
2026-08,desktop,l,2027-07-03,46790714.21621632,43527566.06806817
2026-08,desktop,l,2027-07-04,46724255.66560696,43451366.77671807
2026-08,desktop,l,2027-07-05,46529080.732366726,43246451.1027371
2026-08,desktop,l,2027-07-06,46419897.94438809,43127527.57401772
2026-08,desktop,l,2027-07-07,46341904.231585145,43039793.12047403
2026-08,desktop,l,2027-07-08,46252157.38508726,42940305.53323541
2026-08,desktop,l,2027-07-09,46157429.11094427,42835836.51835168
2026-08,desktop,l,2027-07-10,46106929.76422011,42775596.430886775
2026-08,desktop,l,2027-07-11,46050507.15431901,42709433.080244936
2026-08,desktop,l,2027-07-12,45972013.04131288,42621198.22649807
2026-08,desktop,l,2027-07-13,45893611.61233525,42533056.0567797
2026-08,desktop,l,2027-07-14,45798114.77692742,42427818.48063112
2026-08,desktop,l,2027-07-15,45718930.53955786,42338893.50252082
2026-08,desktop,l,2027-07-16,45660357.97884899,42270580.20107121
2026-08,desktop,l,2027-07-17,45615344.464577176,42215825.94605866
2026-08,desktop,l,2027-07-18,45571300.120694414,42162040.86143515
2026-08,desktop,l,2027-07-19,45496178.697534695,42077178.697534695
2026-08,desktop,l,2027-07-20,45399505.16938449,41970764.42864375
2026-08,desktop,l,2027-07-21,45327192.03252708,41888710.5510456
2026-08,desktop,l,2027-07-22,45253956.39360648,41805734.17138425
2026-08,desktop,l,2027-07-23,45168197.1036674,41710234.14070444
2026-08,desktop,l,2027-07-24,45090673.76771585,41622970.06401215
2026-08,desktop,l,2027-07-25,45039607.36335907,41562162.91891462
2026-08,desktop,l,2027-07-26,44952850.75104993,41465665.56586474
2026-08,desktop,l,2027-07-27,44863648.33929871,41366722.413372785
2026-08,desktop,l,2027-07-28,44787273.95317435,41280607.28650769
2026-08,desktop,l,2027-07-29,44724419.35054378,41208011.94313637
2026-08,desktop,l,2027-07-30,44649816.82233926,41123668.67419111
2026-08,desktop,l,2027-07-31,44599297.784842096,41063408.89595321
2026-08,desktop,l,2027-08-01,44568338.27934646,41022708.64971683
2026-08,desktop,l,2027-08-02,44583860.371972255,41028490.00160188
2026-08,desktop,l,2027-08-03,44523434.78690494,40958323.67579383
2026-08,desktop,l,2027-08-04,44468266.61458357,40893414.762731716
2026-08,desktop,l,2027-08-05,44397744.86638119,40813152.2737886
2026-08,desktop,l,2027-08-06,44353884.20832453,40759550.87499119
2026-08,desktop,l,2027-08-07,44306498.65601652,40702424.58194245
2026-08,desktop,l,2027-08-08,44271302.15119674,40657487.33638193
2026-08,desktop,l,2027-08-09,44216984.08394243,40593428.528386876
2026-08,desktop,l,2027-08-10,44117114.99531757,40483818.69902127
2026-08,desktop,l,2027-08-11,44039061.60673189,40396024.569694854
2026-08,desktop,l,2027-08-12,43938343.37038342,40285565.59260564
2026-08,desktop,l,2027-08-13,43835629.67050119,40173111.151982665
2026-08,desktop,l,2027-08-14,43743352.98119911,40071093.72193985
2026-08,desktop,l,2027-08-15,43615833.361882925,39933833.361882925
2026-08,desktop,l,2027-08-16,43538106.023683146,39846365.28294241
2026-08,desktop,l,2027-08-17,43463604.79124858,39762123.3097671
2026-08,desktop,l,2027-08-18,43399700.66144594,39688478.439223714
2026-08,desktop,l,2027-08-19,43342594.69368051,39621631.73071755
2026-08,desktop,l,2027-08-20,43308904.12592343,39578200.42221973
2026-08,desktop,l,2027-08-21,43313192.4668756,39572748.02243115
2026-08,desktop,l,2027-08-22,43309367.27130769,39559182.086122505
2026-08,desktop,l,2027-08-23,43315793.0904314,39555867.164505474
2026-08,desktop,l,2027-08-24,43325803.49113097,39556136.824464306
2026-08,desktop,l,2027-08-25,43334720.396526165,39555312.989118755
2026-08,desktop,l,2027-08-26,43360667.07932128,39571518.93117313
2026-08,desktop,l,2027-08-27,43390546.1962169,39591657.307328016
2026-08,desktop,l,2027-08-28,43414663.644978754,39606034.01534913
2026-08,desktop,l,2027-08-29,43459852.90634117,39641482.5359708
2026-08,desktop,l,2027-08-30,43550418.60210741,39722307.4909963
2026-08,desktop,l,2027-08-31,43621962.62267779,39784110.77082594
2026-08,desktop,l,2027-09-01,43689066.37271994,39841473.780127354
2026-08,desktop,l,2027-09-02,43779856.80352151,39922523.47018817
2026-08,desktop,l,2027-09-03,43854872.83758707,39987798.763513
2026-08,desktop,l,2027-09-04,43901113.165433355,40024298.35061854
2026-08,desktop,l,2027-09-05,43953634.96567875,40067079.4101232
2026-08,desktop,l,2027-09-06,43933877.02474017,40037580.72844387
2026-08,desktop,l,2027-09-07,44039994.6973918,40133957.66035476
2026-08,desktop,l,2027-09-08,44187937.584334075,40272159.8065563
2026-08,desktop,l,2027-09-09,44352744.50041834,40427225.98189983
2026-08,desktop,l,2027-09-10,44520909.08310257,40585649.82384331
2026-08,desktop,l,2027-09-11,44666042.863833584,40721042.863833584
2026-08,desktop,l,2027-09-12,44842198.985762484,40887458.245021746
2026-08,desktop,l,2027-09-13,45006496.43550734,41042014.954025865
2026-08,desktop,l,2027-09-14,45158802.95073497,41184580.72851275
2026-08,desktop,l,2027-09-15,45275892.284764186,41291929.32180122
2026-08,desktop,l,2027-09-16,45413507.14581878,41419803.442115076
2026-08,desktop,l,2027-09-17,45519592.76120714,41516148.31676269
2026-08,desktop,l,2027-09-18,45597018.99449488,41583833.80930969
2026-08,desktop,l,2027-09-19,45659146.55885156,41636220.63292564
2026-08,desktop,l,2027-09-20,45748586.54887944,41715919.88221277
2026-08,desktop,l,2027-09-21,45848360.85059988,41805953.44319247
2026-08,desktop,l,2027-09-22,45948098.45868165,41895950.3105335
2026-08,desktop,l,2027-09-23,46035392.508847885,41973503.619959
2026-08,desktop,l,2027-09-24,46117219.42750895,42045589.79787932
2026-08,desktop,l,2027-09-25,46180525.54688465,42099155.176514275
2026-08,desktop,l,2027-09-26,46233279.06260029,42142167.95148918
2026-08,desktop,l,2027-09-27,46295007.88727259,42194156.03542074
2026-08,desktop,l,2027-09-28,46375951.51166288,42265358.91907029
2026-08,desktop,l,2027-09-29,46434083.96604476,42313750.632711425
2026-08,desktop,l,2027-09-30,46464973.508389935,42334899.43431586
2026-08,desktop,l,2027-10-01,46470361.51888358,42330546.704068765
2026-08,desktop,l,2027-10-02,46471584.265441455,42322028.7098859
2026-08,desktop,l,2027-10-03,46460596.11505656,42301299.81876026
2026-08,desktop,l,2027-10-04,46554735.0196856,42385697.98264857
2026-08,desktop,l,2027-10-05,46564631.234766126,42385853.45698835
2026-08,desktop,l,2027-10-06,46520727.49618454,42332208.97766602
2026-08,desktop,l,2027-10-07,46463834.69812353,42265575.43886427
2026-08,desktop,l,2027-10-08,46393208.35528754,42185208.35528754
2026-08,desktop,l,2027-10-09,46355967.80634476,42138227.06560402
2026-08,desktop,l,2027-10-10,46344657.87592163,42117176.394440144
2026-08,desktop,l,2027-10-11,46231694.48318309,41994472.26096087
2026-08,desktop,l,2027-10-12,46173410.186651886,41926447.22368892
2026-08,desktop,l,2027-10-13,46161852.228087865,41905148.52438416
2026-08,desktop,l,2027-10-14,46158169.08634656,41891724.64190212
2026-08,desktop,l,2027-10-15,46168498.16715051,41892312.981965326
2026-08,desktop,l,2027-10-16,46172749.94196506,41886824.01603913
2026-08,desktop,l,2027-10-17,46178370.43370032,41882703.76703366
2026-08,desktop,l,2027-10-18,46186809.98953747,41881402.58213006
2026-08,desktop,l,2027-10-19,46206968.45400622,41891820.30585807
2026-08,desktop,l,2027-10-20,46228189.24558186,41903300.35669297
2026-08,desktop,l,2027-10-21,46232213.38663038,41897583.75700075
2026-08,desktop,l,2027-10-22,46246361.244582094,41901990.87421172
2026-08,desktop,l,2027-10-23,46246145.42577313,41892034.31466202
2026-08,desktop,l,2027-10-24,46243311.76350404,41879459.91165219
2026-08,desktop,l,2027-10-25,46243635.34617899,41870042.753586404
2026-08,desktop,l,2027-10-26,46235884.45746688,41852551.12413354
2026-08,desktop,l,2027-10-27,46243539.94711039,41850465.87303632
2026-08,desktop,l,2027-10-28,46241102.50403388,41838287.689219065
2026-08,desktop,l,2027-10-29,46222582.5154273,41810026.95987174
2026-08,desktop,l,2027-10-30,46242343.93260475,41820047.636308454
2026-08,desktop,l,2027-10-31,46252001.14010547,41819964.10306843
2026-08,desktop,l,2027-11-01,46123728.79152435,41681951.013746575
2026-08,desktop,l,2027-11-02,46149240.403742135,41697721.88522361
2026-08,desktop,l,2027-11-03,46220899.9251389,41759640.66587964
2026-08,desktop,l,2027-11-04,46298834.80017649,41827834.80017649
2026-08,desktop,l,2027-11-05,46410591.8599581,41929851.11921736
2026-08,desktop,l,2027-11-06,46477169.54702218,41986688.0655407
2026-08,desktop,l,2027-11-07,46517656.5214533,42017434.299231075
2026-08,desktop,l,2027-11-08,46673651.24039895,42163688.27743599
2026-08,desktop,l,2027-11-09,46790353.230839714,42270649.52713601
2026-08,desktop,l,2027-11-10,46861719.40316788,42332274.95872344
2026-08,desktop,l,2027-11-11,46848770.37573216,42309585.190546975
2026-08,desktop,l,2027-11-12,46882840.7743143,42333914.848388374
2026-08,desktop,l,2027-11-13,46907219.542178385,42348552.87551172
2026-08,desktop,l,2027-11-14,46925947.52944062,42357540.12203321
2026-08,desktop,l,2027-11-15,46925630.6301707,42347482.48202255
2026-08,desktop,l,2027-11-16,46938468.75383792,42350579.86494903
2026-08,desktop,l,2027-11-17,46969625.82854844,42371996.19891881
2026-08,desktop,l,2027-11-18,47016115.244598486,42408744.87422811
2026-08,desktop,l,2027-11-19,47051847.3494886,42434736.23837749
2026-08,desktop,l,2027-11-20,47058733.00076942,42431881.14891757
2026-08,desktop,l,2027-11-21,47086083.120115355,42449490.527522765
2026-08,desktop,l,2027-11-22,47118791.648393825,42472458.31506049
2026-08,desktop,l,2027-11-23,47150825.33401043,42494751.259936355
2026-08,desktop,l,2027-11-24,47177911.74184985,42512096.92703503
2026-08,desktop,l,2027-11-25,47168716.2409659,42493160.68541035
2026-08,desktop,l,2027-11-26,47175004.3174014,42489708.0211051
2026-08,desktop,l,2027-11-27,47208724.732225135,42513687.6951881
2026-08,desktop,l,2027-11-28,47275654.42163813,42570876.643860355
2026-08,desktop,l,2027-11-29,47517956.85672704,42803438.33820853
2026-08,desktop,l,2027-11-30,47614599.98070474,42890340.72144548
2026-08,desktop,l,2027-12-01,47680471.04951351,42946471.04951351
2026-08,desktop,l,2027-12-02,47725067.35487878,42981326.614138044
2026-08,desktop,l,2027-12-03,47739677.53862063,42986196.05713914
2026-08,desktop,l,2027-12-04,47752589.18924129,42989366.967019066
2026-08,desktop,l,2027-12-05,47763215.628072396,42990252.66510943
2026-08,desktop,l,2027-12-06,47776328.99508236,42993625.29137866
2026-08,desktop,l,2027-12-07,47776567.249377735,42984122.804933295
2026-08,desktop,l,2027-12-08,47768782.8294904,42966597.644305214
2026-08,desktop,l,2027-12-09,47826945.64601553,43015019.72008961
2026-08,desktop,l,2027-12-10,47832819.80757988,43011153.14091322
2026-08,desktop,l,2027-12-11,47811195.50154561,42979788.0941382
2026-08,desktop,l,2027-12-12,47808487.41405696,42967339.26590881
2026-08,desktop,l,2027-12-13,47824027.95178711,42973139.06289822
2026-08,desktop,l,2027-12-14,47806718.874598615,42946089.24496899
2026-08,desktop,l,2027-12-15,47779404.46958208,42909034.09921171
2026-08,desktop,l,2027-12-16,47742319.599444404,42862208.48833329
2026-08,desktop,l,2027-12-17,47698711.19387414,42808859.34202229
2026-08,desktop,l,2027-12-18,47688638.638648815,42789046.046056226
2026-08,desktop,l,2027-12-19,47638053.66772535,42728720.33439201
2026-08,desktop,l,2027-12-20,47505413.29591907,42586339.22184499
2026-08,desktop,l,2027-12-21,47366374.29100769,42437559.47619288
2026-08,desktop,l,2027-12-22,47170925.62436306,42232370.0688075
2026-08,desktop,l,2027-12-23,46903641.0737495,41955344.7774532
2026-08,desktop,l,2027-12-24,46272052.20731037,41314015.170273334
2026-08,desktop,l,2027-12-25,45808996.454714485,40841218.67693671
2026-08,desktop,l,2027-12-26,45489042.74555476,40511524.22703624
2026-08,desktop,l,2027-12-27,45023948.222251415,40036688.962992154
2026-08,desktop,l,2027-12-28,44777429.194049045,39780429.194049045
2026-08,desktop,l,2027-12-29,44502957.13314249,39496216.392401755
2026-08,desktop,l,2027-12-30,44208021.65964021,39191540.17815873
2026-08,desktop,l,2027-12-31,43699357.44331481,38673135.22109259
2026-08,desktop,o,2026-08-02,46863943.00692053,46863943.00692053
2026-08,desktop,o,2026-08-03,46781196.69859722,46771455.957856484
2026-08,desktop,o,2026-08-04,46700861.708626494,46681380.22714501
2026-08,desktop,o,2026-08-05,46629224.47866524,46600002.256443016
2026-08,desktop,o,2026-08-06,46546992.00617646,46508029.043213494
2026-08,desktop,o,2026-08-07,46465370.364524364,46416666.66082066
2026-08,desktop,o,2026-08-08,46407895.98885309,46349451.54440864
2026-08,desktop,o,2026-08-09,46354013.115962945,46285827.93077776
2026-08,desktop,o,2026-08-10,46275578.3761944,46197652.45026848
2026-08,desktop,o,2026-08-11,46215156.38605726,46127489.71939059
2026-08,desktop,o,2026-08-12,46107801.39191901,46010393.9845116
2026-08,desktop,o,2026-08-13,45984803.12285799,45877654.97470984
2026-08,desktop,o,2026-08-14,45863959.81408829,45747070.925199404
2026-08,desktop,o,2026-08-15,45765932.51025849,45639302.88062886
2026-08,desktop,o,2026-08-16,45688051.75022794,45551681.37985757
2026-08,desktop,o,2026-08-17,45608565.652020685,45462454.54090957
2026-08,desktop,o,2026-08-18,45546210.86309219,45390359.01124034
2026-08,desktop,o,2026-08-19,45503681.85127146,45338089.25867887
2026-08,desktop,o,2026-08-20,45451192.491134524,45275859.15780119
2026-08,desktop,o,2026-08-21,45426038.65891148,45240964.58483741
2026-08,desktop,o,2026-08-22,45406681.504568145,45211866.68975333
2026-08,desktop,o,2026-08-23,45389507.52408754,45184951.96853199
2026-08,desktop,o,2026-08-24,45372839.58267567,45158543.286379375
2026-08,desktop,o,2026-08-25,45402104.290054895,45178067.25301786
2026-08,desktop,o,2026-08-26,45450771.207250156,45216993.42947238
2026-08,desktop,o,2026-08-27,45463291.42825649,45219772.909737974
2026-08,desktop,o,2026-08-28,45475556.106596,45222296.84733674
2026-08,desktop,o,2026-08-29,45481285.529965855,45218285.529965855
2026-08,desktop,o,2026-08-30,45511048.318143085,45238307.577402346
2026-08,desktop,o,2026-08-31,45609857.22566682,45327375.744185336
2026-08,desktop,o,2026-09-01,45696433.7246202,45404211.50239798
2026-08,desktop,o,2026-09-02,45785483.55452416,45483520.5915612
2026-08,desktop,o,2026-09-03,45879691.12882758,45567987.42512388
2026-08,desktop,o,2026-09-04,45960739.643985994,45639295.19954155
2026-08,desktop,o,2026-09-05,46031498.85009979,45700313.6649146
2026-08,desktop,o,2026-09-06,46093970.06211035,45753044.136184424
2026-08,desktop,o,2026-09-07,46089941.86814,45739275.20147333
2026-08,desktop,o,2026-09-08,46242735.71299355,45882328.30558614
2026-08,desktop,o,2026-09-09,46412212.63783449,46042064.48968634
2026-08,desktop,o,2026-09-10,46590742.69153647,46210853.80264758
2026-08,desktop,o,2026-09-11,46786505.764655754,46396876.13502613
2026-08,desktop,o,2026-09-12,46988588.18422549,46589217.81385512
2026-08,desktop,o,2026-09-13,47092212.82270592,46683101.711594805
2026-08,desktop,o,2026-09-14,47257019.99316283,46838168.14131098
2026-08,desktop,o,2026-09-15,47404897.827869065,46976305.235276476
2026-08,desktop,o,2026-09-16,47535070.98386651,47096737.65053318
2026-08,desktop,o,2026-09-17,47669542.34279561,47221468.268721536
2026-08,desktop,o,2026-09-18,47789569.516981296,47331754.70216648
2026-08,desktop,o,2026-09-19,47870851.24058306,47403295.68502751
2026-08,desktop,o,2026-09-20,47939892.772621915,47462596.476325616
2026-08,desktop,o,2026-09-21,48042578.76174325,47555541.72470621
2026-08,desktop,o,2026-09-22,48176559.50016006,47679781.722382285
2026-08,desktop,o,2026-09-23,48284914.277934864,47778395.75941635
2026-08,desktop,o,2026-09-24,48376984.27692385,47860725.01766459
2026-08,desktop,o,2026-09-25,48461233.32702764,47935233.32702764
2026-08,desktop,o,2026-09-26,48524690.52673636,47988949.78599562
2026-08,desktop,o,2026-09-27,48594518.39346578,48049036.911984295
2026-08,desktop,o,2026-09-28,48675099.77951173,48119877.5572895
2026-08,desktop,o,2026-09-29,48741053.14535371,48176090.18239075
2026-08,desktop,o,2026-09-30,48802140.32619444,48227436.62249074
2026-08,desktop,o,2026-10-01,48839409.56308057,48254965.118636124
2026-08,desktop,o,2026-10-02,48839825.87899028,48245640.69380509
2026-08,desktop,o,2026-10-03,48836629.79280073,48232703.86687481
2026-08,desktop,o,2026-10-04,48871677.198047824,48258010.53138116
2026-08,desktop,o,2026-10-05,49061612.4018886,48438204.99448119
2026-08,desktop,o,2026-10-06,49106675.07679107,48473526.92864292
2026-08,desktop,o,2026-10-07,49128197.719147444,48485308.830258556
2026-08,desktop,o,2026-10-08,49155813.66700151,48503184.03737188
2026-08,desktop,o,2026-10-09,49179864.41669643,48517494.046326056
2026-08,desktop,o,2026-10-10,49197416.58502587,48525305.47391476
2026-08,desktop,o,2026-10-11,49209527.263219,48527675.41136715
2026-08,desktop,o,2026-10-12,49151299.521519795,48459706.928927206
2026-08,desktop,o,2026-10-13,49162797.39689944,48461464.0635661
2026-08,desktop,o,2026-10-14,49195546.342237376,48484472.2681633
2026-08,desktop,o,2026-10-15,49218320.12505664,48497505.310241826
2026-08,desktop,o,2026-10-16,49240285.61392193,48509730.05836638
2026-08,desktop,o,2026-10-17,49248645.50523444,48508349.208938144
2026-08,desktop,o,2026-10-18,49256870.26031222,48506833.223275185
2026-08,desktop,o,2026-10-19,49256285.42460762,48496507.64682984
2026-08,desktop,o,2026-10-20,49237563.45673346,48468044.93821494
2026-08,desktop,o,2026-10-21,49238777.28401965,48459518.02476039
2026-08,desktop,o,2026-10-22,49248461.23718222,48459461.23718222
2026-08,desktop,o,2026-10-23,49276946.36436837,48478205.62362763
2026-08,desktop,o,2026-10-24,49277548.57919443,48469067.09771294
2026-08,desktop,o,2026-10-25,49277275.21889641,48459052.99667419
2026-08,desktop,o,2026-10-26,49277388.853998676,48449425.89103571
2026-08,desktop,o,2026-10-27,49279213.238092974,48441509.53438927
2026-08,desktop,o,2026-10-28,49270864.54331838,48423420.098873936
2026-08,desktop,o,2026-10-29,49289848.75397805,48432663.568792865
2026-08,desktop,o,2026-10-30,49345421.54781064,48478495.62188471
2026-08,desktop,o,2026-10-31,49361043.67106289,48484377.00439622
2026-08,desktop,o,2026-11-01,49269726.11513529,48383318.70772788
2026-08,desktop,o,2026-11-02,49242742.542390525,48346594.394242376
2026-08,desktop,o,2026-11-03,49248217.561789155,48342328.67290027
2026-08,desktop,o,2026-11-04,49257672.21806657,48342042.588436946
2026-08,desktop,o,2026-11-05,49274480.72013139,48349110.34976102
2026-08,desktop,o,2026-11-06,49283550.33008814,48348439.21897703
2026-08,desktop,o,2026-11-07,49282632.95215578,48337781.100303926
2026-08,desktop,o,2026-11-08,49275322.46410549,48320729.8715129
2026-08,desktop,o,2026-11-09,49358703.78987235,48394370.45653901
2026-08,desktop,o,2026-11-10,49358722.24192102,48384648.16784695
2026-08,desktop,o,2026-11-11,49307330.79686011,48323515.98204529
2026-08,desktop,o,2026-11-12,49318792.428218104,48325236.87266255
2026-08,desktop,o,2026-11-13,49328127.495730944,48324831.199434645
2026-08,desktop,o,2026-11-14,49345662.18500833,48332625.147971295
2026-08,desktop,o,2026-11-15,49353125.97968799,48330348.20191021
2026-08,desktop,o,2026-11-16,49383953.796127,48351435.277608484
2026-08,desktop,o,2026-11-17,49446485.59291755,48404226.333658285
2026-08,desktop,o,2026-11-18,49492373.905621685,48440373.905621685
2026-08,desktop,o,2026-11-19,49528421.37581001,48466680.63506927
2026-08,desktop,o,2026-11-20,49513336.571457565,48441855.08997608
2026-08,desktop,o,2026-11-21,49533574.41416853,48452352.191946305
2026-08,desktop,o,2026-11-22,49556062.53334985,48465099.57038689
2026-08,desktop,o,2026-11-23,49570968.5321371,48470264.8284334
2026-08,desktop,o,2026-11-24,49601451.36393278,48491006.91948833
2026-08,desktop,o,2026-11-25,49632554.70432185,48512369.51913666
2026-08,desktop,o,2026-11-26,49595702.49172248,48465776.565796554
2026-08,desktop,o,2026-11-27,49540667.62851362,48401000.961846955
2026-08,desktop,o,2026-11-28,49565242.09966068,48415834.69225327
2026-08,desktop,o,2026-11-29,49683354.545971215,48524206.397823066
2026-08,desktop,o,2026-11-30,49762563.728255615,48593674.83936673
2026-08,desktop,o,2026-12-01,49802559.32673883,48623929.6971092
2026-08,desktop,o,2026-12-02,49838256.00891751,48649885.63854714
2026-08,desktop,o,2026-12-03,49856863.267323,48658752.15621189
2026-08,desktop,o,2026-12-04,49873117.38521894,48665265.53336709
2026-08,desktop,o,2026-12-05,49889324.91280552,48671732.32021293
2026-08,desktop,o,2026-12-06,49914493.05935519,48687159.726021856
2026-08,desktop,o,2026-12-07,49945845.704581894,48708771.63050782
2026-08,desktop,o,2026-12-08,49949855.40886593,48703040.594051115
2026-08,desktop,o,2026-12-09,50011065.314871825,48754509.75931627
2026-08,desktop,o,2026-12-10,50013081.17759741,48746784.88130111
2026-08,desktop,o,2026-12-11,50008073.00518509,48732035.96814805
2026-08,desktop,o,2026-12-12,49993864.34244929,48708086.56467152
2026-08,desktop,o,2026-12-13,49990734.07663233,48695215.55811381
2026-08,desktop,o,2026-12-14,49986247.69685387,48680988.43759461
2026-08,desktop,o,2026-12-15,49949694.45388069,48634694.45388069
2026-08,desktop,o,2026-12-16,49909008.392883845,48584267.652143106
2026-08,desktop,o,2026-12-17,49864253.027480915,48529771.54599943
2026-08,desktop,o,2026-12-18,49872525.15500294,48528302.93278071
2026-08,desktop,o,2026-12-19,49826833.654143825,48472870.69118086
2026-08,desktop,o,2026-12-20,49762738.50384544,48399034.80014174
2026-08,desktop,o,2026-12-21,49580193.88345056,48206749.43900611
2026-08,desktop,o,2026-12-22,49395171.26674404,48011986.08155885
2026-08,desktop,o,2026-12-23,49160690.25437371,47767764.32844778
2026-08,desktop,o,2026-12-24,48703349.914087474,47300683.24742081
2026-08,desktop,o,2026-12-25,47974868.93587016,46562461.52846275
2026-08,desktop,o,2026-12-26,47657516.32370924,46235368.17556109
2026-08,desktop,o,2026-12-27,47417875.122935586,45985986.2340467
2026-08,desktop,o,2026-12-28,46912028.7289406,45470399.09931097
2026-08,desktop,o,2026-12-29,46573425.16552352,45122054.79515315
2026-08,desktop,o,2026-12-30,46199906.45521839,44738795.34410728
2026-08,desktop,o,2026-12-31,45574468.33354832,44103616.48169647
2026-08,desktop,o,2027-01-01,44628520.9374025,43147928.34480991
2026-08,desktop,o,2027-01-02,44391672.13945108,42901338.80611774
2026-08,desktop,o,2027-01-03,44255832.41927054,42755758.34519646
2026-08,desktop,o,2027-01-04,44048292.51947576,42538477.704660945
2026-08,desktop,o,2027-01-05,43915287.2637881,42395731.708232544
2026-08,desktop,o,2027-01-06,43738648.07758234,42209351.78128604
2026-08,desktop,o,2027-01-07,43650285.045014076,42111248.00797704
2026-08,desktop,o,2027-01-08,43607112.28907102,42058334.51129325
2026-08,desktop,o,2027-01-09,43596925.16764394,42038406.64912543
2026-08,desktop,o,2027-01-10,43592561.457577385,42024302.198318124
2026-08,desktop,o,2027-01-11,43566384.96533904,41988384.96533904
2026-08,desktop,o,2027-01-12,43575382.05416204,41987641.3134213
2026-08,desktop,o,2027-01-13,43583389.61853081,41985908.137049325
2026-08,desktop,o,2027-01-14,43584200.50248692,41976978.2802647
2026-08,desktop,o,2027-01-15,43590341.08751927,41973378.12455631
2026-08,desktop,o,2027-01-16,43627694.36481738,42000990.66111368
2026-08,desktop,o,2027-01-17,43685480.764865264,42049036.32042082
2026-08,desktop,o,2027-01-18,43829931.38609492,42183746.200909734
2026-08,desktop,o,2027-01-19,44015454.28910953,42359528.3631836
2026-08,desktop,o,2027-01-20,44259436.94928836,42593770.2826217
2026-08,desktop,o,2027-01-21,44789599.53884465,43114192.13143724
2026-08,desktop,o,2027-01-22,45612876.47118955,43927728.3230414
2026-08,desktop,o,2027-01-23,45943383.513243794,44248494.62435491
2026-08,desktop,o,2027-01-24,46186843.58556128,44482213.955931656
2026-08,desktop,o,2027-01-25,46683584.95872245,44969214.58835208
2026-08,desktop,o,2027-01-26,46993371.11594744,45269260.00483633
2026-08,desktop,o,2027-01-27,47363979.002492115,45630127.150640264
2026-08,desktop,o,2027-01-28,47988659.06791686,46245066.47532427
2026-08,desktop,o,2027-01-29,48943215.22103162,47189881.887698285
2026-08,desktop,o,2027-01-30,49186216.81345129,47423142.739377216
2026-08,desktop,o,2027-01-31,49329991.24688541,47557176.4320706
2026-08,desktop,o,2027-02-01,49518504.69634501,47735949.14078946
2026-08,desktop,o,2027-02-02,49656792.01758898,47864495.72129268
2026-08,desktop,o,2027-02-03,49818979.07555149,48016942.03851445
2026-08,desktop,o,2027-02-04,49859745.65886532,48047967.88108754
2026-08,desktop,o,2027-02-05,49827845.27587463,48006326.757356115
2026-08,desktop,o,2027-02-06,49777996.72249375,47946737.46323449
2026-08,desktop,o,2027-02-07,49743906.00360895,47902906.00360895
2026-08,desktop,o,2027-02-08,49601180.59213325,47750439.85139251
2026-08,desktop,o,2027-02-09,49462684.38552066,47602202.904039174
2026-08,desktop,o,2027-02-10,49373376.75820694,47503154.53598472
2026-08,desktop,o,2027-02-11,49314569.097417295,47434606.13445433
2026-08,desktop,o,2027-02-12,49277570.92437988,47387867.220676176
2026-08,desktop,o,2027-02-13,49256095.62066531,47356651.176220864
2026-08,desktop,o,2027-02-14,49227130.02268996,47317944.837504774
2026-08,desktop,o,2027-02-15,49160071.58874915,47241145.66282322
2026-08,desktop,o,2027-02-16,49091384.55396287,47162717.88729621
2026-08,desktop,o,2027-02-17,49029809.57059737,47091402.16318996
2026-08,desktop,o,2027-02-18,48982259.05859836,47034110.91045021
2026-08,desktop,o,2027-02-19,48936271.02603005,46978382.13714116
2026-08,desktop,o,2027-02-20,48918862.99088649,46951233.36125686
2026-08,desktop,o,2027-02-21,48891764.333620496,46914393.96325012
2026-08,desktop,o,2027-02-22,48846548.74132333,46859437.63021222
2026-08,desktop,o,2027-02-23,48811450.86197978,46814599.01012793
2026-08,desktop,o,2027-02-24,48771342.06810732,46764749.47551473
2026-08,desktop,o,2027-02-25,48736029.49926418,46719696.165930845
2026-08,desktop,o,2027-02-26,48702474.093605064,46676400.01953099
2026-08,desktop,o,2027-02-27,48680581.99769153,46644767.18287671
2026-08,desktop,o,2027-02-28,48646020.4377267,46600464.88217115
2026-08,desktop,o,2027-03-01,48649386.736678995,46594090.4403827
2026-08,desktop,o,2027-03-02,48646605.13702039,46581568.09998335
2026-08,desktop,o,2027-03-03,48642452.9308885,46567675.15311072
2026-08,desktop,o,2027-03-04,48666106.48647439,46581587.96795587
2026-08,desktop,o,2027-03-05,48715693.27584439,46621434.01658513
2026-08,desktop,o,2027-03-06,48744936.08554112,46640936.08554112
2026-08,desktop,o,2027-03-07,48766125.66058389,46652384.91984315
2026-08,desktop,o,2027-03-08,48856666.95857002,46733185.47708854
2026-08,desktop,o,2027-03-09,48905417.312308155,46772195.09008593
2026-08,desktop,o,2027-03-10,48929800.248632714,46786837.28566975
2026-08,desktop,o,2027-03-11,48944689.77194518,46791986.06824148
2026-08,desktop,o,2027-03-12,48937780.639491625,46775336.19504718
2026-08,desktop,o,2027-03-13,48932494.40525255,46760309.22006737
2026-08,desktop,o,2027-03-14,48933473.385789946,46751547.45986402
2026-08,desktop,o,2027-03-15,48979956.05391165,46788289.387244985
2026-08,desktop,o,2027-03-16,48994229.06009621,46792821.6526888
2026-08,desktop,o,2027-03-17,49004976.52840481,46793828.38025666
2026-08,desktop,o,2027-03-18,48998604.42273437,46777715.533845484
2026-08,desktop,o,2027-03-19,48988301.44857531,46757671.81894568
2026-08,desktop,o,2027-03-20,48956911.041414246,46716540.67104387
2026-08,desktop,o,2027-03-21,48903193.549667574,46653082.43855646
2026-08,desktop,o,2027-03-22,48760408.68568119,46500556.833829336
2026-08,desktop,o,2027-03-23,48697609.53701029,46428016.9444177
2026-08,desktop,o,2027-03-24,48588684.76547696,46309351.43214362
2026-08,desktop,o,2027-03-25,48387140.67544799,46098066.60137392
2026-08,desktop,o,2027-03-26,47915051.59605419,45616236.781239375
2026-08,desktop,o,2027-03-27,47793246.97919508,45484691.42363953
2026-08,desktop,o,2027-03-28,47648571.75488354,45330275.458587244
2026-08,desktop,o,2027-03-29,47160614.290301226,44832577.25326419
2026-08,desktop,o,2027-03-30,47079896.9222504,44742119.14447262
2026-08,desktop,o,2027-03-31,47010976.94056166,44663458.422043145
2026-08,desktop,o,2027-04-01,46946444.91756111,44589185.658301845
2026-08,desktop,o,2027-04-02,46884764.81187055,44517764.81187055
2026-08,desktop,o,2027-04-03,46884791.01708947,44508050.27634873
2026-08,desktop,o,2027-04-04,46879877.12365458,44493395.6421731
2026-08,desktop,o,2027-04-05,46917517.70417465,44521295.48195243
2026-08,desktop,o,2027-04-06,46968088.72223873,44562125.759275764
2026-08,desktop,o,2027-04-07,46991500.27829378,44575796.57459008
2026-08,desktop,o,2027-04-08,47010056.30269449,44584611.858250044
2026-08,desktop,o,2027-04-09,47020193.76488689,44585008.57970171
2026-08,desktop,o,2027-04-10,47016884.39255435,44571958.466628425
2026-08,desktop,o,2027-04-11,47010438.55993738,44555771.893270716
2026-08,desktop,o,2027-04-12,47015112.81945604,44550705.41204863
2026-08,desktop,o,2027-04-13,47000954.09921592,44526805.95106777
2026-08,desktop,o,2027-04-14,46985925.17534324,44502036.28645435
2026-08,desktop,o,2027-04-15,46972104.0896858,44478474.46005617
2026-08,desktop,o,2027-04-16,46960361.39103418,44456991.020663805
2026-08,desktop,o,2027-04-17,46967425.894742444,44454314.78363133
2026-08,desktop,o,2027-04-18,46992297.69918733,44469445.84733548
2026-08,desktop,o,2027-04-19,47102054.949371085,44569462.356778495
2026-08,desktop,o,2027-04-20,47137980.84653903,44595647.51320569
2026-08,desktop,o,2027-04-21,47172990.1664669,44620916.092392825
2026-08,desktop,o,2027-04-22,47320894.34701871,44759079.5322039
2026-08,desktop,o,2027-04-23,47742653.69656142,45171098.141005866
2026-08,desktop,o,2027-04-24,47824543.542269945,45243247.24597365
2026-08,desktop,o,2027-04-25,47940750.93757645,45349713.90053941
2026-08,desktop,o,2027-04-26,48348830.045200765,45748052.26742299
2026-08,desktop,o,2027-04-27,48356503.461332045,45745984.94281353
2026-08,desktop,o,2027-04-28,48339801.6681621,45719542.40890284
2026-08,desktop,o,2027-04-29,48311190.95825829,45681190.95825829
2026-08,desktop,o,2027-04-30,48222961.46970617,45583220.72896543
2026-08,desktop,o,2027-05-01,47795057.91920406,45145576.43772258
2026-08,desktop,o,2027-05-02,47660424.703471385,45001202.48124916
2026-08,desktop,o,2027-05-03,47441122.82538535,44772159.862422384
2026-08,desktop,o,2027-05-04,47338867.27108262,44660163.567378916
2026-08,desktop,o,2027-05-05,47227189.87736403,44538745.432919584
2026-08,desktop,o,2027-05-06,46917233.332600035,44219048.14741485
2026-08,desktop,o,2027-05-07,46749431.15443951,44041505.22851358
2026-08,desktop,o,2027-05-08,46686280.88176923,43968614.21510257
2026-08,desktop,o,2027-05-09,46637474.926171504,43910067.51876409
2026-08,desktop,o,2027-05-10,46549109.13114873,43811960.983000584
2026-08,desktop,o,2027-05-11,46494894.274356715,43748005.38546783
2026-08,desktop,o,2027-05-12,46450736.99556925,43694107.365939625
2026-08,desktop,o,2027-05-13,46400064.36061511,43633693.99024474
2026-08,desktop,o,2027-05-14,46332051.70518476,43555940.594073646
2026-08,desktop,o,2027-05-15,46269614.6507022,43483762.79885035
2026-08,desktop,o,2027-05-16,46131193.27620833,43335600.683615744
2026-08,desktop,o,2027-05-17,45777819.59498288,42972486.26164954
2026-08,desktop,o,2027-05-18,45736527.61617761,42921453.54210354
2026-08,desktop,o,2027-05-19,45715931.620912574,42891116.80609776
2026-08,desktop,o,2027-05-20,45641212.53246109,42806656.97690554
2026-08,desktop,o,2027-05-21,45600220.34691918,42755924.05062288
2026-08,desktop,o,2027-05-22,45575506.619650945,42721469.58261391
2026-08,desktop,o,2027-05-23,45548337.331354246,42684559.55357647
2026-08,desktop,o,2027-05-24,45487954.4894196,42614435.97090109
2026-08,desktop,o,2027-05-25,45473136.17935288,42589876.92009362
2026-08,desktop,o,2027-05-26,45468052.7078381,42575052.7078381
2026-08,desktop,o,2027-05-27,45320474.576404914,42417733.835664175
2026-08,desktop,o,2027-05-28,45320675.540561505,42408194.05908002
2026-08,desktop,o,2027-05-29,45702767.86498819,42780545.64276597
2026-08,desktop,o,2027-05-30,45782064.46490707,42850101.50194411
2026-08,desktop,o,2027-05-31,45814705.88020233,42873002.17649863
2026-08,desktop,o,2027-06-01,45840657.732184194,42889213.287739746
2026-08,desktop,o,2027-06-02,45879275.98142847,42918090.79624328
2026-08,desktop,o,2027-06-03,46136486.87453959,43165560.948613666
2026-08,desktop,o,2027-06-04,46258256.13095755,43277589.46429089
2026-08,desktop,o,2027-06-05,46273395.20731276,43282987.79990535
2026-08,desktop,o,2027-06-06,46277756.666506,43277608.51835785
2026-08,desktop,o,2027-06-07,46315355.02145455,43305466.13256566
2026-08,desktop,o,2027-06-08,46317281.88693486,43297652.257305235
2026-08,desktop,o,2027-06-09,46299243.57114635,43269873.20077597
2026-08,desktop,o,2027-06-10,46297355.7510073,43258244.63989619
2026-08,desktop,o,2027-06-11,46314828.310545206,43265976.458693355
2026-08,desktop,o,2027-06-12,46337457.831899785,43278865.239307195
2026-08,desktop,o,2027-06-13,46443574.5916955,43375241.25836217
2026-08,desktop,o,2027-06-14,46719427.95716701,43641353.88309293
2026-08,desktop,o,2027-06-15,46686510.51821255,43598695.703397736
2026-08,desktop,o,2027-06-16,46664155.61354625,43566600.0579907
2026-08,desktop,o,2027-06-17,46670276.46307416,43562980.166777864
2026-08,desktop,o,2027-06-18,46621871.12165425,43504834.08461721
2026-08,desktop,o,2027-06-19,46593767.14371664,43466989.365938865
2026-08,desktop,o,2027-06-20,46575481.152790286,43438962.63427177
2026-08,desktop,o,2027-06-21,46565917.12811186,43419657.8688526
2026-08,desktop,o,2027-06-22,46530157.08891269,43374157.08891269
2026-08,desktop,o,2027-06-23,46485971.3687771,43320230.628036365
2026-08,desktop,o,2027-06-24,46590816.846857555,43415335.36537607
2026-08,desktop,o,2027-06-25,46638417.28802686,43453195.06580464
2026-08,desktop,o,2027-06-26,46629039.593025364,43434076.6300624
2026-08,desktop,o,2027-06-27,46622210.345505245,43417506.64180154
2026-08,desktop,o,2027-06-28,46705184.84165336,43490740.397208914
2026-08,desktop,o,2027-06-29,46662189.95426588,43438004.76908069
2026-08,desktop,o,2027-06-30,46609697.91692154,43375771.990995616
2026-08,desktop,o,2027-07-01,46526562.02810346,43282895.3614368
2026-08,desktop,o,2027-07-02,46457257.72645829,43203850.31905088
2026-08,desktop,o,2027-07-03,46416141.41001118,43152993.26186303
2026-08,desktop,o,2027-07-04,46351176.66208156,43078287.773192674
2026-08,desktop,o,2027-07-05,46153755.863187626,42871126.233558
2026-08,desktop,o,2027-07-06,46040978.54039695,42748608.17002658
2026-08,desktop,o,2027-07-07,45946097.67017839,42643986.55906728
2026-08,desktop,o,2027-07-08,45848327.60569654,42536475.753844686
2026-08,desktop,o,2027-07-09,45748732.58878611,42427139.99619352
2026-08,desktop,o,2027-07-10,45695697.051293254,42364363.71795992
2026-08,desktop,o,2027-07-11,45638882.70476798,42297808.630693905
2026-08,desktop,o,2027-07-12,45564027.207812466,42213212.39299765
2026-08,desktop,o,2027-07-13,45483020.67228948,42122465.11673393
2026-08,desktop,o,2027-07-14,45382161.265239336,42011864.96894304
2026-08,desktop,o,2027-07-15,45304539.304105304,41924502.26706827
2026-08,desktop,o,2027-07-16,45247513.20756268,41857735.4297849
2026-08,desktop,o,2027-07-17,45204667.865517,41805149.34699848
2026-08,desktop,o,2027-07-18,45160372.96568532,41751113.70642606
2026-08,desktop,o,2027-07-19,45088041.11692306,41669041.11692306
2026-08,desktop,o,2027-07-20,44995206.788819365,41566466.04807863
2026-08,desktop,o,2027-07-21,44923493.02053078,41485011.5390493
2026-08,desktop,o,2027-07-22,44852363.13758237,41404140.915360145
2026-08,desktop,o,2027-07-23,44766979.50728862,41309016.54432566
2026-08,desktop,o,2027-07-24,44689335.99682416,41221632.29312046
2026-08,desktop,o,2027-07-25,44638694.10686601,41161249.66242156
2026-08,desktop,o,2027-07-26,44556024.5705855,41068839.38540031
2026-08,desktop,o,2027-07-27,44472001.92393219,40975075.99800626
2026-08,desktop,o,2027-07-28,44399826.46359414,40893159.796927474
2026-08,desktop,o,2027-07-29,44338582.99105271,40822175.5836453
2026-08,desktop,o,2027-07-30,44267102.76415152,40740954.61600337
2026-08,desktop,o,2027-07-31,44217913.46524205,40682024.57635316
2026-08,desktop,o,2027-08-01,44186203.244199224,40640573.6145696
2026-08,desktop,o,2027-08-02,44202530.447142586,40647160.07677221
2026-08,desktop,o,2027-08-03,44145000.52958129,40579889.41847018
2026-08,desktop,o,2027-08-04,44087790.173575,40512938.32172315
2026-08,desktop,o,2027-08-05,44024877.685335875,40440285.092743285
2026-08,desktop,o,2027-08-06,43983995.30789506,40389661.97456172
2026-08,desktop,o,2027-08-07,43941048.390560746,40336974.31648667
2026-08,desktop,o,2027-08-08,43906862.22848285,40293047.41366804
2026-08,desktop,o,2027-08-09,43854054.28326366,40230498.72770811
2026-08,desktop,o,2027-08-10,43763607.806043334,40130311.509747036
2026-08,desktop,o,2027-08-11,43693660.93567454,40050623.8986375
2026-08,desktop,o,2027-08-12,43595889.01026194,39943111.23248416
2026-08,desktop,o,2027-08-13,43501234.886830166,39838716.36831164
2026-08,desktop,o,2027-08-14,43411037.29442394,39738778.03516468
2026-08,desktop,o,2027-08-15,43284272.85114963,39602272.85114963
2026-08,desktop,o,2027-08-16,43208556.66400293,39516815.923262194
2026-08,desktop,o,2027-08-17,43132665.21005811,39431183.72857663
2026-08,desktop,o,2027-08-18,43076305.37667298,39365083.15445076
2026-08,desktop,o,2027-08-19,43024258.23958931,39303295.27662635
2026-08,desktop,o,2027-08-20,42994966.56060474,39264262.85690104
2026-08,desktop,o,2027-08-21,43003225.37842964,39262780.93398519
2026-08,desktop,o,2027-08-22,43000117.980456255,39249932.79527107
2026-08,desktop,o,2027-08-23,43009309.54181133,39249383.61588541
2026-08,desktop,o,2027-08-24,43025303.88112941,39255637.21446274
2026-08,desktop,o,2027-08-25,43036823.322022505,39257415.914615095
2026-08,desktop,o,2027-08-26,43066506.57858605,39277358.4304379
2026-08,desktop,o,2027-08-27,43100435.931590095,39301547.04270121
2026-08,desktop,o,2027-08-28,43130504.17112235,39321874.54149272
2026-08,desktop,o,2027-08-29,43175545.70172676,39357175.331356384
2026-08,desktop,o,2027-08-30,43266643.02084173,39438531.90973062
2026-08,desktop,o,2027-08-31,43343881.34848683,39506029.49663498
2026-08,desktop,o,2027-09-01,43420650.64765289,39573058.0550603
2026-08,desktop,o,2027-09-02,43512771.17449017,39655437.84115683
2026-08,desktop,o,2027-09-03,43594191.2972814,39727117.223207325
2026-08,desktop,o,2027-09-04,43639536.38779992,39762721.572985105
2026-08,desktop,o,2027-09-05,43692830.06084042,39806274.50528487
2026-08,desktop,o,2027-09-06,43678064.111018606,39781767.81472231
2026-08,desktop,o,2027-09-07,43785939.93137093,39879902.89433389
2026-08,desktop,o,2027-09-08,43931632.46230187,40015854.6845241
2026-08,desktop,o,2027-09-09,44098787.0049644,40173268.486445874
2026-08,desktop,o,2027-09-10,44269195.03464524,40333935.775385976
2026-08,desktop,o,2027-09-11,44417405.96817734,40472405.96817734
2026-08,desktop,o,2027-09-12,44598146.306370504,40643405.565629765
2026-08,desktop,o,2027-09-13,44772842.10044896,40808360.61896747
2026-08,desktop,o,2027-09-14,44931431.61104802,40957209.3888258
2026-08,desktop,o,2027-09-15,45056600.03063326,41072637.0676703
2026-08,desktop,o,2027-09-16,45198224.84474381,41204521.14104011
2026-08,desktop,o,2027-09-17,45312763.50894588,41309319.064501435
2026-08,desktop,o,2027-09-18,45390807.82153809,41377622.636352904
2026-08,desktop,o,2027-09-19,45454807.32490735,41431881.39898142
2026-08,desktop,o,2027-09-20,45546971.22370591,41514304.557039246
2026-08,desktop,o,2027-09-21,45651745.15018315,41609337.74277574
2026-08,desktop,o,2027-09-22,45756818.36880366,41704670.22065551
2026-08,desktop,o,2027-09-23,45845712.27858168,41783823.38969279
2026-08,desktop,o,2027-09-24,45928488.94003494,41856859.310405314
2026-08,desktop,o,2027-09-25,45990029.83321142,41908659.46284105
2026-08,desktop,o,2027-09-26,46043066.805729866,41951955.694618754
2026-08,desktop,o,2027-09-27,46110864.40669867,42010012.554846816
2026-08,desktop,o,2027-09-28,46190853.13706483,42080260.54447224
2026-08,desktop,o,2027-09-29,46253098.20049316,42132764.86715982
2026-08,desktop,o,2027-09-30,46297033.65756582,42166959.58349174
2026-08,desktop,o,2027-10-01,46328330.406852424,42188515.59203761
2026-08,desktop,o,2027-10-02,46346590.10436546,42197034.54880991
2026-08,desktop,o,2027-10-03,46352158.6115157,42192862.3152194
2026-08,desktop,o,2027-10-04,46481858.08217819,42312821.04514115
2026-08,desktop,o,2027-10-05,46537721.53640265,42358943.758624874
2026-08,desktop,o,2027-10-06,46552406.407916486,42363887.889397964
2026-08,desktop,o,2027-10-07,46546661.867522314,42348402.60826305
2026-08,desktop,o,2027-10-08,46516938.422167465,42308938.422167465
2026-08,desktop,o,2027-10-09,46493285.469180785,42275544.72844005
2026-08,desktop,o,2027-10-10,46494664.95280609,42267183.47132461
2026-08,desktop,o,2027-10-11,46414766.63695304,42177544.41473082
2026-08,desktop,o,2027-10-12,46385068.94117678,42138105.97821382
2026-08,desktop,o,2027-10-13,46399833.288087524,42143129.58438382
2026-08,desktop,o,2027-10-14,46408637.60908115,42142193.1646367
2026-08,desktop,o,2027-10-15,46425362.65771548,42149177.47253029
2026-08,desktop,o,2027-10-16,46431016.37803691,42145090.45211098
2026-08,desktop,o,2027-10-17,46442095.31275307,42146428.6460864
2026-08,desktop,o,2027-10-18,46456026.97374634,42150619.56633893
2026-08,desktop,o,2027-10-19,46471042.6648474,42155894.51669925
2026-08,desktop,o,2027-10-20,46484408.54124908,42159519.65236019
2026-08,desktop,o,2027-10-21,46486727.376881376,42152097.74725175
2026-08,desktop,o,2027-10-22,46496422.44560267,42152052.0752323
2026-08,desktop,o,2027-10-23,46494605.109373175,42140493.99826206
2026-08,desktop,o,2027-10-24,46494299.21311232,42130447.36126047
2026-08,desktop,o,2027-10-25,46496658.92596241,42123066.33336982
2026-08,desktop,o,2027-10-26,46488099.66125314,42104766.3279198
2026-08,desktop,o,2027-10-27,46485940.28233475,42092866.20826068
2026-08,desktop,o,2027-10-28,46472671.90797352,42069857.09315871
2026-08,desktop,o,2027-10-29,46426076.2721846,42013520.71662904
2026-08,desktop,o,2027-10-30,46431454.96278461,42009158.66648831
2026-08,desktop,o,2027-10-31,46422052.88131867,41990015.844281636
2026-08,desktop,o,2027-11-01,46251978.10693001,41810200.329152234
2026-08,desktop,o,2027-11-02,46229448.38424905,41777929.865730524
2026-08,desktop,o,2027-11-03,46249235.92598282,41787976.66672356
2026-08,desktop,o,2027-11-04,46274939.54286672,41803939.54286672
2026-08,desktop,o,2027-11-05,46344118.97579636,41863378.23505562
2026-08,desktop,o,2027-11-06,46397548.6319039,41907067.150422424
2026-08,desktop,o,2027-11-07,46425413.20440291,41925190.982180685
2026-08,desktop,o,2027-11-08,46543207.4796765,42033244.51671354
2026-08,desktop,o,2027-11-09,46625261.01542568,42105557.31172198
2026-08,desktop,o,2027-11-10,46660452.84412682,42131008.39968237
2026-08,desktop,o,2027-11-11,46628354.426619254,42089169.24143407
2026-08,desktop,o,2027-11-12,46648089.12595265,42099163.20002673
2026-08,desktop,o,2027-11-13,46671009.081116684,42112342.41445002
2026-08,desktop,o,2027-11-14,46683591.79763657,42115184.39022916
2026-08,desktop,o,2027-11-15,46672260.99596918,42094112.84782103
2026-08,desktop,o,2027-11-16,46683982.60835833,42096093.71946944
2026-08,desktop,o,2027-11-17,46714084.05067873,42116454.4210491
2026-08,desktop,o,2027-11-18,46759483.81539778,42152113.4450274
2026-08,desktop,o,2027-11-19,46793381.88173471,42176270.770623595
2026-08,desktop,o,2027-11-20,46797560.58637715,42170708.7345253
2026-08,desktop,o,2027-11-21,46821011.38648305,42184418.79389046
2026-08,desktop,o,2027-11-22,46849926.760481045,42203593.42714771
2026-08,desktop,o,2027-11-23,46877529.920598045,42221455.84652397
2026-08,desktop,o,2027-11-24,46905944.43307711,42240129.6182623
2026-08,desktop,o,2027-11-25,46890855.81221961,42215300.25666405
2026-08,desktop,o,2027-11-26,46897687.86805866,42212391.57176236
2026-08,desktop,o,2027-11-27,46930930.839720614,42235893.80268358
2026-08,desktop,o,2027-11-28,47000925.13262277,42296147.354844995
2026-08,desktop,o,2027-11-29,47249493.32581009,42534974.80729157
2026-08,desktop,o,2027-11-30,47341433.313929416,42617174.054670155
2026-08,desktop,o,2027-12-01,47394540.00348141,42660540.00348141
2026-08,desktop,o,2027-12-02,47437170.79890219,42693430.05816145
2026-08,desktop,o,2027-12-03,47450849.39264155,42697367.91116007
2026-08,desktop,o,2027-12-04,47459468.26866425,42696246.046442024
2026-08,desktop,o,2027-12-05,47464493.604144014,42691530.64118105
2026-08,desktop,o,2027-12-06,47467859.63709182,42685155.93338812
2026-08,desktop,o,2027-12-07,47466192.432786606,42673747.988342166
2026-08,desktop,o,2027-12-08,47456379.38802671,42654194.20284152
2026-08,desktop,o,2027-12-09,47510837.83083739,42698911.904911466
2026-08,desktop,o,2027-12-10,47511856.85370185,42690190.18703519
2026-08,desktop,o,2027-12-11,47481757.09605871,42650349.6886513
2026-08,desktop,o,2027-12-12,47474099.90150629,42632951.75335814
2026-08,desktop,o,2027-12-13,47487622.09387438,42636733.20498549
2026-08,desktop,o,2027-12-14,47470578.815288834,42609949.18565921
2026-08,desktop,o,2027-12-15,47439653.29615881,42569282.92578844
2026-08,desktop,o,2027-12-16,47397715.37013423,42517604.259023115
2026-08,desktop,o,2027-12-17,47354626.55354738,42464774.70169553
2026-08,desktop,o,2027-12-18,47347530.31584996,42447937.72325737
2026-08,desktop,o,2027-12-19,47297426.16864236,42388092.83530902
2026-08,desktop,o,2027-12-20,47165692.63458224,42246618.56050816
2026-08,desktop,o,2027-12-21,47030552.443542,42101737.62872719
2026-08,desktop,o,2027-12-22,46834109.84473319,41895554.28917764
2026-08,desktop,o,2027-12-23,46564694.302353755,41616398.006057456
2026-08,desktop,o,2027-12-24,45927508.966182664,40969471.92914563
2026-08,desktop,o,2027-12-25,45453981.41026215,40486203.63248438
2026-08,desktop,o,2027-12-26,45131377.513403036,40153858.99488452
2026-08,desktop,o,2027-12-27,44658505.877146184,39671246.61788692
2026-08,desktop,o,2027-12-28,44410188.79171292,39413188.79171292
2026-08,desktop,o,2027-12-29,44139139.27447816,39132398.53373742
2026-08,desktop,o,2027-12-30,43838515.39444294,38822033.91296145
2026-08,desktop,o,2027-12-31,43331699.14881971,38305476.92659748
2026-08,desktop,l+o,2026-08-02,46865540.378196426,46865540.378196426
2026-08,desktop,l+o,2026-08-03,46785358.038414545,46775617.29767381
2026-08,desktop,l+o,2026-08-04,46707744.30347064,46688262.82198916
2026-08,desktop,l+o,2026-08-05,46638891.575851016,46609669.35362879
2026-08,desktop,l+o,2026-08-06,46559449.80306076,46520486.8400978
2026-08,desktop,l+o,2026-08-07,46480554.01368814,46431850.30998444
2026-08,desktop,l+o,2026-08-08,46425146.436420105,46366701.99197566
2026-08,desktop,l+o,2026-08-09,46373244.708003394,46305059.52281821
2026-08,desktop,l+o,2026-08-10,46297888.80393618,46219962.87801026
2026-08,desktop,l+o,2026-08-11,46240742.73877007,46153076.0721034
2026-08,desktop,l+o,2026-08-12,46136786.30385825,46039378.89645084
2026-08,desktop,l+o,2026-08-13,46017145.24666786,45909997.09851971
2026-08,desktop,l+o,2026-08-14,45899525.574032925,45782636.68514404
2026-08,desktop,l+o,2026-08-15,45803857.6695386,45677228.039908975
2026-08,desktop,l+o,2026-08-16,45728162.21640365,45591791.846033275
2026-08,desktop,l+o,2026-08-17,45651981.23878116,45505870.12767005
2026-08,desktop,l+o,2026-08-18,45593020.18305776,45437168.33120591
2026-08,desktop,l+o,2026-08-19,45553702.07102501,45388109.47843242
2026-08,desktop,l+o,2026-08-20,45504265.12285045,45328931.78951711
2026-08,desktop,l+o,2026-08-21,45481905.88166301,45296831.807588935
2026-08,desktop,l+o,2026-08-22,45464508.96888124,45269694.15406643
2026-08,desktop,l+o,2026-08-23,45449077.25799045,45244521.7024349
2026-08,desktop,l+o,2026-08-24,45435133.810773954,45220837.514477655
2026-08,desktop,l+o,2026-08-25,45467186.191441685,45243149.15440465
2026-08,desktop,l+o,2026-08-26,45518600.393243335,45284822.61546556
2026-08,desktop,l+o,2026-08-27,45533709.759486504,45290191.24096799
2026-08,desktop,l+o,2026-08-28,45548312.813437805,45295053.55417854
2026-08,desktop,l+o,2026-08-29,45555462.90001994,45292462.90001994
2026-08,desktop,l+o,2026-08-30,45585606.72230553,45312865.98156479
2026-08,desktop,l+o,2026-08-31,45684888.36988632,45402406.88840483
2026-08,desktop,l+o,2026-09-01,45771758.236387916,45479536.01416569
2026-08,desktop,l+o,2026-09-02,45861235.09549908,45559272.13253612
2026-08,desktop,l+o,2026-09-03,45955634.756447434,45643931.05274373
2026-08,desktop,l+o,2026-09-04,46036889.15745563,45715444.71301118
2026-08,desktop,l+o,2026-09-05,46107779.49335027,45776594.30816508
2026-08,desktop,l+o,2026-09-06,46170496.61221479,45829570.68628886
2026-08,desktop,l+o,2026-09-07,46166928.34484536,45816261.6781787
2026-08,desktop,l+o,2026-09-08,46319706.081522144,45959298.674114734
2026-08,desktop,l+o,2026-09-09,46489059.10326543,46118910.95511728
2026-08,desktop,l+o,2026-09-10,46667061.101158924,46287172.21227004
2026-08,desktop,l+o,2026-09-11,46862408.28954989,46472778.65992026
2026-08,desktop,l+o,2026-09-12,47064013.29521239,46664642.924842015
2026-08,desktop,l+o,2026-09-13,47167391.60650825,46758280.495397136
2026-08,desktop,l+o,2026-09-14,47331493.305217564,46912641.45336571
2026-08,desktop,l+o,2026-09-15,47479427.303492494,47050834.710899904
2026-08,desktop,l+o,2026-09-16,47609687.81707744,47171354.48374411
2026-08,desktop,l+o,2026-09-17,47744120.53513948,47296046.461065404
2026-08,desktop,l+o,2026-09-18,47864088.41460552,47406273.59979071
2026-08,desktop,l+o,2026-09-19,47945705.914675914,47478150.35912036
2026-08,desktop,l+o,2026-09-20,48014737.104024865,47537440.807728566
2026-08,desktop,l+o,2026-09-21,48117432.89239528,47630395.85535824
2026-08,desktop,l+o,2026-09-22,48251442.62163671,47754664.843858935
2026-08,desktop,l+o,2026-09-23,48359437.58128411,47852919.0627656
2026-08,desktop,l+o,2026-09-24,48451816.0836287,47935556.82436944
2026-08,desktop,l+o,2026-09-25,48535870.85246509,48009870.85246509
2026-08,desktop,l+o,2026-09-26,48599166.79419023,48063426.05344949
2026-08,desktop,l+o,2026-09-27,48668830.41306884,48123348.93158735
2026-08,desktop,l+o,2026-09-28,48749439.71538089,48194217.49315867
2026-08,desktop,l+o,2026-09-29,48815557.27049721,48250594.30753425
2026-08,desktop,l+o,2026-09-30,48876189.14112369,48301485.43741999
2026-08,desktop,l+o,2026-10-01,48913868.7975955,48329424.35315105
2026-08,desktop,l+o,2026-10-02,48914533.69259786,48320348.50741267
2026-08,desktop,l+o,2026-10-03,48911143.77104829,48307217.84512237
2026-08,desktop,l+o,2026-10-04,48946143.75179122,48332477.08512455
2026-08,desktop,l+o,2026-10-05,49136352.66537617,48512945.25796876
2026-08,desktop,l+o,2026-10-06,49180941.91288137,48547793.76473322
2026-08,desktop,l+o,2026-10-07,49203019.334078126,48560130.44518924
2026-08,desktop,l+o,2026-10-08,49231251.87408709,48578622.24445746
2026-08,desktop,l+o,2026-10-09,49255692.55557852,48593322.18520815
2026-08,desktop,l+o,2026-10-10,49273288.14888884,48601177.03777773
2026-08,desktop,l+o,2026-10-11,49285538.988050744,48603687.13619889
2026-08,desktop,l+o,2026-10-12,49228077.428931706,48536484.836339116
2026-08,desktop,l+o,2026-10-13,49239807.709343724,48538474.37601039
2026-08,desktop,l+o,2026-10-14,49272635.99180323,48561561.917729154
2026-08,desktop,l+o,2026-10-15,49295330.06477582,48574515.249961
2026-08,desktop,l+o,2026-10-16,49318213.776604734,48587658.22104918
2026-08,desktop,l+o,2026-10-17,49326443.894392446,48586147.59809615
2026-08,desktop,l+o,2026-10-18,49335124.729130015,48585087.69209298
2026-08,desktop,l+o,2026-10-19,49335190.14508883,48575412.36731105
2026-08,desktop,l+o,2026-10-20,49316010.71415292,48546492.1956344
2026-08,desktop,l+o,2026-10-21,49318024.49238801,48538765.23312875
2026-08,desktop,l+o,2026-10-22,49327419.274136245,48538419.274136245
2026-08,desktop,l+o,2026-10-23,49356477.69396954,48557736.9532288
2026-08,desktop,l+o,2026-10-24,49357436.015125714,48548954.53364423
2026-08,desktop,l+o,2026-10-25,49357516.881575,48539294.65935278
2026-08,desktop,l+o,2026-10-26,49358044.20210229,48530081.239139326
2026-08,desktop,l+o,2026-10-27,49360454.62117958,48522750.91747588
2026-08,desktop,l+o,2026-10-28,49352450.62706314,48505006.18261869
2026-08,desktop,l+o,2026-10-29,49371496.21012522,48514311.024940036
2026-08,desktop,l+o,2026-10-30,49427379.83187878,48560453.905952856
2026-08,desktop,l+o,2026-10-31,49443271.5484742,48566604.881807536
2026-08,desktop,l+o,2026-11-01,49352372.89859464,48465965.49118723
2026-08,desktop,l+o,2026-11-02,49325024.44160501,48428876.29345686
2026-08,desktop,l+o,2026-11-03,49331235.52497312,48425346.63608423
2026-08,desktop,l+o,2026-11-04,49340338.80893762,48424709.17930799
2026-08,desktop,l+o,2026-11-05,49357288.54519861,48431918.17482824
2026-08,desktop,l+o,2026-11-06,49366411.09129228,48431299.980181165
2026-08,desktop,l+o,2026-11-07,49365728.50667936,48420876.65482751
2026-08,desktop,l+o,2026-11-08,49358657.7268414,48404065.13424881
2026-08,desktop,l+o,2026-11-09,49442049.68831055,48477716.35497721
2026-08,desktop,l+o,2026-11-10,49441207.9474585,48467133.87338442
2026-08,desktop,l+o,2026-11-11,49389864.237242214,48406049.4224274
2026-08,desktop,l+o,2026-11-12,49401695.883762404,48408140.32820685
2026-08,desktop,l+o,2026-11-13,49410611.544921406,48407315.24862511
2026-08,desktop,l+o,2026-11-14,49427721.2471022,48414684.21006516
2026-08,desktop,l+o,2026-11-15,49435006.83206197,48412229.05428419
2026-08,desktop,l+o,2026-11-16,49465607.83589065,48433089.317372136
2026-08,desktop,l+o,2026-11-17,49528534.7062831,48486275.44702384
2026-08,desktop,l+o,2026-11-18,49573967.21696464,48521967.21696464
2026-08,desktop,l+o,2026-11-19,49609723.38266107,48547982.64192033
2026-08,desktop,l+o,2026-11-20,49594004.56406871,48522523.08258723
2026-08,desktop,l+o,2026-11-21,49613843.68152869,48532621.45930646
2026-08,desktop,l+o,2026-11-22,49635929.12689491,48544966.16393195
2026-08,desktop,l+o,2026-11-23,49650077.10040488,48549373.39670118
2026-08,desktop,l+o,2026-11-24,49679406.27552252,48568961.831078075
2026-08,desktop,l+o,2026-11-25,49710847.68868364,48590662.50349845
2026-08,desktop,l+o,2026-11-26,49674495.37370353,48544569.44777761
2026-08,desktop,l+o,2026-11-27,49618832.98730921,48479166.320642546
2026-08,desktop,l+o,2026-11-28,49643416.82290407,48494009.41549666
2026-08,desktop,l+o,2026-11-29,49760908.93995603,48601760.79180788
2026-08,desktop,l+o,2026-11-30,49839633.70017986,48670744.81129097
2026-08,desktop,l+o,2026-12-01,49879283.43196664,48700653.80233701
2026-08,desktop,l+o,2026-12-02,49914379.64860332,48726009.27823295
2026-08,desktop,l+o,2026-12-03,49931870.9469238,48733759.83581269
2026-08,desktop,l+o,2026-12-04,49947641.55943988,48739789.70758803
2026-08,desktop,l+o,2026-12-05,49963453.34821838,48745860.75562579
2026-08,desktop,l+o,2026-12-06,49987816.48407174,48760483.1507384
2026-08,desktop,l+o,2026-12-07,50019092.077143654,48782018.00306958
2026-08,desktop,l+o,2026-12-08,50023707.374048196,48776892.55923338
2026-08,desktop,l+o,2026-12-09,50084096.360097766,48827540.80454221
2026-08,desktop,l+o,2026-12-10,50085369.63623493,48819073.33993863
2026-08,desktop,l+o,2026-12-11,50079991.69244535,48803954.655408315
2026-08,desktop,l+o,2026-12-12,50064848.63082596,48779070.85304818
2026-08,desktop,l+o,2026-12-13,50060727.823109105,48765209.30459059
2026-08,desktop,l+o,2026-12-14,50055207.24415109,48749947.98489183
2026-08,desktop,l+o,2026-12-15,50018442.947625645,48703442.947625645
2026-08,desktop,l+o,2026-12-16,49977407.45252769,48652666.71178695
2026-08,desktop,l+o,2026-12-17,49932352.688828,48597871.207346514
2026-08,desktop,l+o,2026-12-18,49941274.11936613,48597051.89714391
2026-08,desktop,l+o,2026-12-19,49895146.40991463,48541183.446951665
2026-08,desktop,l+o,2026-12-20,49831417.16211512,48467713.45841142
2026-08,desktop,l+o,2026-12-21,49648639.745921865,48275195.30147742
2026-08,desktop,l+o,2026-12-22,49463225.17546307,48080039.99027789
2026-08,desktop,l+o,2026-12-23,49228727.625199914,47835801.69927399
2026-08,desktop,l+o,2026-12-24,48771068.29991244,47368401.63324577
2026-08,desktop,l+o,2026-12-25,48044433.960371196,46632026.552963786
2026-08,desktop,l+o,2026-12-26,47727612.4104981,46305464.26234995
2026-08,desktop,l+o,2026-12-27,47488718.41472025,46056829.525831364
2026-08,desktop,l+o,2026-12-28,46984571.96685333,45542942.3372237
2026-08,desktop,l+o,2026-12-29,46646959.32317101,45195588.95280064
2026-08,desktop,l+o,2026-12-30,46274503.59774868,44813392.48663757
2026-08,desktop,l+o,2026-12-31,45650457.90266498,44179606.05081313
2026-08,desktop,l+o,2027-01-01,44706691.94494671,43226099.35235412
2026-08,desktop,l+o,2027-01-02,44469994.56107247,42979661.22773913
2026-08,desktop,l+o,2027-01-03,44334058.947138414,42833984.87306434
2026-08,desktop,l+o,2027-01-04,44125762.72795564,42615947.913140826
2026-08,desktop,l+o,2027-01-05,43992431.322601564,42472875.76704601
2026-08,desktop,l+o,2027-01-06,43815473.54080618,42286177.24450988
2026-08,desktop,l+o,2027-01-07,43726915.49013888,42187878.45310184
2026-08,desktop,l+o,2027-01-08,43683381.008685656,42134603.23090788
2026-08,desktop,l+o,2027-01-09,43673930.00524737,42115411.486728854
2026-08,desktop,l+o,2027-01-10,43670673.00193955,42102413.74268029
2026-08,desktop,l+o,2027-01-11,43643989.01583729,42065989.01583729
2026-08,desktop,l+o,2027-01-12,43651795.83597044,42064055.0952297
2026-08,desktop,l+o,2027-01-13,43660256.01243478,42062774.530953296
2026-08,desktop,l+o,2027-01-14,43661732.20095285,42054509.97873063
2026-08,desktop,l+o,2027-01-15,43667170.945843436,42050207.98288047
2026-08,desktop,l+o,2027-01-16,43704845.87882752,42078142.17512382
2026-08,desktop,l+o,2027-01-17,43761677.528382204,42125233.08393776
2026-08,desktop,l+o,2027-01-18,43904898.42567145,42258713.240486264
2026-08,desktop,l+o,2027-01-19,44090888.45872285,42434962.53279693
2026-08,desktop,l+o,2027-01-20,44334337.51997711,42668670.85331044
2026-08,desktop,l+o,2027-01-21,44863729.46876673,43188322.061359316
2026-08,desktop,l+o,2027-01-22,45683278.19464445,43998130.0464963
2026-08,desktop,l+o,2027-01-23,46013102.61085155,44318213.72196266
2026-08,desktop,l+o,2027-01-24,46255191.08901516,44550561.45938554
2026-08,desktop,l+o,2027-01-25,46751136.723119274,45036766.3527489
2026-08,desktop,l+o,2027-01-26,47059443.29944952,45335332.18833841
2026-08,desktop,l+o,2027-01-27,47431000.754896216,45697148.903044365
2026-08,desktop,l+o,2027-01-28,48053555.59205035,46309962.99945776
2026-08,desktop,l+o,2027-01-29,49005413.843049,47252080.50971566
2026-08,desktop,l+o,2027-01-30,49248132.45323867,47485058.3791646
2026-08,desktop,l+o,2027-01-31,49391535.319359675,47618720.50454486
2026-08,desktop,l+o,2027-02-01,49578328.8173432,47795773.261787646
2026-08,desktop,l+o,2027-02-02,49716142.683560975,47923846.38726468
2026-08,desktop,l+o,2027-02-03,49879226.92112164,48077189.884084605
2026-08,desktop,l+o,2027-02-04,49921987.916527346,48110210.13874957
2026-08,desktop,l+o,2027-02-05,49890692.016069934,48069173.49755142
2026-08,desktop,l+o,2027-02-06,49841681.395705886,48010422.136446625
2026-08,desktop,l+o,2027-02-07,49806975.19176948,47965975.19176948
2026-08,desktop,l+o,2027-02-08,49666428.65900024,47815687.9182595
2026-08,desktop,l+o,2027-02-09,49529658.613798544,47669177.13231706
2026-08,desktop,l+o,2027-02-10,49440993.02970814,47570770.807485916
2026-08,desktop,l+o,2027-02-11,49382306.43789453,47502343.47493157
2026-08,desktop,l+o,2027-02-12,49346196.20298688,47456492.49928318
2026-08,desktop,l+o,2027-02-13,49324669.700219855,47425225.25577541
2026-08,desktop,l+o,2027-02-14,49296415.49897529,47387230.313790105
2026-08,desktop,l+o,2027-02-15,49231358.800111815,47312432.87418589
2026-08,desktop,l+o,2027-02-16,49164351.88737493,47235685.220708266
2026-08,desktop,l+o,2027-02-17,49104628.09499874,47166220.68759133
2026-08,desktop,l+o,2027-02-18,49056817.87982775,47108669.7316796
2026-08,desktop,l+o,2027-02-19,49014476.63352949,47056587.7446406
2026-08,desktop,l+o,2027-02-20,48998133.77350188,47030504.14387225
2026-08,desktop,l+o,2027-02-21,48971164.69062615,46993794.32025578
2026-08,desktop,l+o,2027-02-22,48925137.572012626,46938026.46090151
2026-08,desktop,l+o,2027-02-23,48889231.14896969,46892379.29711784
2026-08,desktop,l+o,2027-02-24,48847988.04458249,46841395.451989904
2026-08,desktop,l+o,2027-02-25,48814280.70474438,46797947.37141105
2026-08,desktop,l+o,2027-02-26,48781711.123668,46755637.049593925
2026-08,desktop,l+o,2027-02-27,48760619.6557589,46724804.84094409
2026-08,desktop,l+o,2027-02-28,48727454.77077931,46681899.21522376
2026-08,desktop,l+o,2027-03-01,48734813.70004196,46679517.40374566
2026-08,desktop,l+o,2027-03-02,48731580.37576978,46666543.33873274
2026-08,desktop,l+o,2027-03-03,48727855.86577337,46653078.087995596
2026-08,desktop,l+o,2027-03-04,48750462.0776114,46665943.55909289
2026-08,desktop,l+o,2027-03-05,48800232.2502841,46705972.99102484
2026-08,desktop,l+o,2027-03-06,48828850.80475052,46724850.80475052
2026-08,desktop,l+o,2027-03-07,48850283.6426525,46736542.90191176
2026-08,desktop,l+o,2027-03-08,48939664.06244762,46816182.580966145
2026-08,desktop,l+o,2027-03-09,48987992.80488925,46854770.58266702
2026-08,desktop,l+o,2027-03-10,49011756.8758331,46868793.91287014
2026-08,desktop,l+o,2027-03-11,49027915.12987641,46875211.42617271
2026-08,desktop,l+o,2027-03-12,49020637.19351612,46858192.74907167
2026-08,desktop,l+o,2027-03-13,49014976.5155179,46842791.33033271
2026-08,desktop,l+o,2027-03-14,49015987.10224206,46834061.176316135
2026-08,desktop,l+o,2027-03-15,49062564.97973285,46870898.313066185
2026-08,desktop,l+o,2027-03-16,49077483.995632865,46876076.588225454
2026-08,desktop,l+o,2027-03-17,49087867.4616506,46876719.31350245
2026-08,desktop,l+o,2027-03-18,49082796.94121272,46861908.05232383
2026-08,desktop,l+o,2027-03-19,49071491.071191855,46840861.44156223
2026-08,desktop,l+o,2027-03-20,49039638.559201136,46799268.18883076
2026-08,desktop,l+o,2027-03-21,48986927.95741291,46736816.8463018
2026-08,desktop,l+o,2027-03-22,48845707.03985181,46585855.18799996
2026-08,desktop,l+o,2027-03-23,48784325.42303355,46514732.83044096
2026-08,desktop,l+o,2027-03-24,48676594.45036983,46397261.11703649
2026-08,desktop,l+o,2027-03-25,48476955.949382,46187881.875307925
2026-08,desktop,l+o,2027-03-26,48005005.93626316,45706191.121448345
2026-08,desktop,l+o,2027-03-27,47883655.39902663,45575099.84347108
2026-08,desktop,l+o,2027-03-28,47739207.45282294,45420911.15652664
2026-08,desktop,l+o,2027-03-29,47250040.34807842,44922003.311041385
2026-08,desktop,l+o,2027-03-30,47169925.26010858,44832147.48233081
2026-08,desktop,l+o,2027-03-31,47099784.807333335,44752266.28881481
2026-08,desktop,l+o,2027-04-01,47034388.5631451,44677129.30388584
2026-08,desktop,l+o,2027-04-02,46972935.01129997,44605935.01129997
2026-08,desktop,l+o,2027-04-03,46974040.63118447,44597299.890443735
2026-08,desktop,l+o,2027-04-04,46969098.54085107,44582617.059369594
2026-08,desktop,l+o,2027-04-05,47007836.73075869,44611614.508536465
2026-08,desktop,l+o,2027-04-06,47059665.45616539,44653702.493202426
2026-08,desktop,l+o,2027-04-07,47082860.89272229,44667157.189018585
2026-08,desktop,l+o,2027-04-08,47098488.78786896,44673044.343424514
2026-08,desktop,l+o,2027-04-09,47109399.770635225,44674214.58545004
2026-08,desktop,l+o,2027-04-10,47107281.317714,44662355.39178807
2026-08,desktop,l+o,2027-04-11,47100251.794527814,44645585.12786115
2026-08,desktop,l+o,2027-04-12,47103426.267695256,44639018.860287845
2026-08,desktop,l+o,2027-04-13,47088490.9415943,44614342.79344615
2026-08,desktop,l+o,2027-04-14,47071684.39081333,44587795.50192444
2026-08,desktop,l+o,2027-04-15,47056865.36058869,44563235.730959065
2026-08,desktop,l+o,2027-04-16,47044119.79001086,44540749.41964049
2026-08,desktop,l+o,2027-04-17,47050929.94086569,44537818.829754576
2026-08,desktop,l+o,2027-04-18,47075881.527199924,44553029.67534807
2026-08,desktop,l+o,2027-04-19,47182365.39717992,44649772.80458733
2026-08,desktop,l+o,2027-04-20,47218816.531169534,44676483.1978362
2026-08,desktop,l+o,2027-04-21,47250761.17270481,44698687.098630734
2026-08,desktop,l+o,2027-04-22,47395426.356982104,44833611.54216729
2026-08,desktop,l+o,2027-04-23,47815496.683724836,45243941.12816928
2026-08,desktop,l+o,2027-04-24,47895743.68283389,45314447.38653759
2026-08,desktop,l+o,2027-04-25,48010502.74419851,45419465.70716147
2026-08,desktop,l+o,2027-04-26,48415488.77979561,45814711.00201783
2026-08,desktop,l+o,2027-04-27,48422252.21215229,45811733.693633765
2026-08,desktop,l+o,2027-04-28,48404614.64938841,45784355.39012915
2026-08,desktop,l+o,2027-04-29,48375287.671083294,45745287.671083294
2026-08,desktop,l+o,2027-04-30,48285835.61788421,45646094.87714347
2026-08,desktop,l+o,2027-05-01,47857081.323819876,45207599.8423384
2026-08,desktop,l+o,2027-05-02,47721876.862617955,45062654.64039573
2026-08,desktop,l+o,2027-05-03,47500131.58413813,44831168.62117517
2026-08,desktop,l+o,2027-05-04,47396124.50428017,44717420.80057647
2026-08,desktop,l+o,2027-05-05,47283236.74736167,44594792.30291722
2026-08,desktop,l+o,2027-05-06,46976992.22840362,44278807.043218434
2026-08,desktop,l+o,2027-05-07,46806969.64416876,44099043.71824283
2026-08,desktop,l+o,2027-05-08,46742305.27229326,44024638.6056266
2026-08,desktop,l+o,2027-05-09,46694190.04861794,43966782.641210526
2026-08,desktop,l+o,2027-05-10,46606878.50946528,43869730.36131713
2026-08,desktop,l+o,2027-05-11,46549824.17962581,43802935.29073692
2026-08,desktop,l+o,2027-05-12,46503785.101658106,43747155.47202848
2026-08,desktop,l+o,2027-05-13,46451197.25186,43684826.88148963
2026-08,desktop,l+o,2027-05-14,46381291.1703199,43605180.05920879
2026-08,desktop,l+o,2027-05-15,46317363.16701257,43531511.31516072
2026-08,desktop,l+o,2027-05-16,46177719.0880915,43382126.49549891
2026-08,desktop,l+o,2027-05-17,45824810.97808152,43019477.64474818
2026-08,desktop,l+o,2027-05-18,45782120.70961515,42967046.635541074
2026-08,desktop,l+o,2027-05-19,45761600.997165665,42936786.18235085
2026-08,desktop,l+o,2027-05-20,45685653.8549904,42851098.29943485
2026-08,desktop,l+o,2027-05-21,45644324.362882145,42800028.066585846
2026-08,desktop,l+o,2027-05-22,45620513.8021968,42766476.76515976
2026-08,desktop,l+o,2027-05-23,45593702.52750891,42729924.74973113
2026-08,desktop,l+o,2027-05-24,45533875.22726591,42660356.70874739
2026-08,desktop,l+o,2027-05-25,45517389.10575884,42634129.84649958
2026-08,desktop,l+o,2027-05-26,45511265.8263578,42618265.8263578
2026-08,desktop,l+o,2027-05-27,45362993.59772299,42460252.85698225
2026-08,desktop,l+o,2027-05-28,45361308.27542526,42448826.79394378
2026-08,desktop,l+o,2027-05-29,45740741.001715966,42818518.77949374
2026-08,desktop,l+o,2027-05-30,45819078.75112218,42887115.788159214
2026-08,desktop,l+o,2027-05-31,45848961.84073917,42907258.13703547
2026-08,desktop,l+o,2027-06-01,45871449.40974144,42920004.96529699
2026-08,desktop,l+o,2027-06-02,45908393.13042146,42947207.94523627
2026-08,desktop,l+o,2027-06-03,46161459.82078255,43190533.894856624
2026-08,desktop,l+o,2027-06-04,46280589.26496629,43299922.59829962
2026-08,desktop,l+o,2027-06-05,46294995.37154394,43304587.964136526
2026-08,desktop,l+o,2027-06-06,46297285.659731254,43297137.511583105
2026-08,desktop,l+o,2027-06-07,46331958.06586571,43322069.17697682
2026-08,desktop,l+o,2027-06-08,46331856.512093365,43312226.88246374
2026-08,desktop,l+o,2027-06-09,46312345.95619176,43282975.58582139
2026-08,desktop,l+o,2027-06-10,46310617.09104288,43271505.97993177
2026-08,desktop,l+o,2027-06-11,46326410.57655251,43277558.72470066
2026-08,desktop,l+o,2027-06-12,46347277.85254002,43288685.259947434
2026-08,desktop,l+o,2027-06-13,46451886.41277592,43383553.07944258
2026-08,desktop,l+o,2027-06-14,46726919.05860605,43648844.98453198
2026-08,desktop,l+o,2027-06-15,46692657.764555335,43604842.94974052
2026-08,desktop,l+o,2027-06-16,46666927.04876917,43569371.49321362
2026-08,desktop,l+o,2027-06-17,46671095.8240614,43563799.5277651
2026-08,desktop,l+o,2027-06-18,46619585.81351968,43502548.77648264
2026-08,desktop,l+o,2027-06-19,46588404.0918607,43461626.31408292
2026-08,desktop,l+o,2027-06-20,46568459.53510697,43431941.01658845
2026-08,desktop,l+o,2027-06-21,46556739.41254335,43410480.15328409
2026-08,desktop,l+o,2027-06-22,46519355.34454669,43363355.34454669
2026-08,desktop,l+o,2027-06-23,46472875.36762155,43307134.62688081
2026-08,desktop,l+o,2027-06-24,46574525.433170415,43399043.95168893
2026-08,desktop,l+o,2027-06-25,46619667.245628,43434445.023405775
2026-08,desktop,l+o,2027-06-26,46609490.87357407,43414527.91061111
2026-08,desktop,l+o,2027-06-27,46601541.66687637,43396837.96317267
2026-08,desktop,l+o,2027-06-28,46684341.10196765,43469896.6575232
2026-08,desktop,l+o,2027-06-29,46641248.033084266,43417062.84789908
2026-08,desktop,l+o,2027-06-30,46585576.196026094,43351650.27010017
2026-08,desktop,l+o,2027-07-01,46500524.933816805,43256858.26715014
2026-08,desktop,l+o,2027-07-02,46429865.930878475,43176458.523471065
2026-08,desktop,l+o,2027-07-03,46387665.249436475,43124517.101288326
2026-08,desktop,l+o,2027-07-04,46321830.029120795,43048941.14023191
2026-08,desktop,l+o,2027-07-05,46122213.668690406,42839584.03906078
2026-08,desktop,l+o,2027-07-06,46008429.115948565,42716058.74557819
2026-08,desktop,l+o,2027-07-07,45910475.07740833,42608363.96629722
2026-08,desktop,l+o,2027-07-08,45809292.14627201,42497440.29442016
2026-08,desktop,l+o,2027-07-09,45707903.00039292,42386310.40780033
2026-08,desktop,l+o,2027-07-10,45654852.83335499,42323519.50002165
2026-08,desktop,l+o,2027-07-11,45598025.57541324,42256951.50133917
2026-08,desktop,l+o,2027-07-12,45520479.36110073,42169664.54628592
2026-08,desktop,l+o,2027-07-13,45437800.494495295,42077244.93893974
2026-08,desktop,l+o,2027-07-14,45336808.3515741,41966512.0552778
2026-08,desktop,l+o,2027-07-15,45257114.208730124,41877077.17169309
2026-08,desktop,l+o,2027-07-16,45201357.09255084,41811579.31477306
2026-08,desktop,l+o,2027-07-17,45157697.84539598,41758179.32687746
2026-08,desktop,l+o,2027-07-18,45112577.89917243,41703318.63991317
2026-08,desktop,l+o,2027-07-19,45040755.266596496,41621755.266596496
2026-08,desktop,l+o,2027-07-20,44948153.95929484,41519413.2185541
2026-08,desktop,l+o,2027-07-21,44875405.350678265,41436923.86919679
2026-08,desktop,l+o,2027-07-22,44805320.15015362,41357097.9279314
2026-08,desktop,l+o,2027-07-23,44721050.90046831,41263087.93750535
2026-08,desktop,l+o,2027-07-24,44643729.10948898,41176025.40578528
2026-08,desktop,l+o,2027-07-25,44592445.29356098,41115000.849116534
2026-08,desktop,l+o,2027-07-26,44508734.29326433,41021549.10807914
2026-08,desktop,l+o,2027-07-27,44424702.26442902,40927776.33850309
2026-08,desktop,l+o,2027-07-28,44353842.24903313,40847175.58236647
2026-08,desktop,l+o,2027-07-29,44291340.282765105,40774932.875357695
2026-08,desktop,l+o,2027-07-30,44221026.21471917,40694878.06657102
2026-08,desktop,l+o,2027-07-31,44171856.40788408,40635967.518995196
2026-08,desktop,l+o,2027-08-01,44141229.68025358,40595600.05062395
2026-08,desktop,l+o,2027-08-02,44157886.440684535,40602516.07031416
2026-08,desktop,l+o,2027-08-03,44101057.1929748,40535946.08186369
2026-08,desktop,l+o,2027-08-04,44047265.62733463,40472413.77548278
2026-08,desktop,l+o,2027-08-05,43985384.496710494,40400791.904117905
2026-08,desktop,l+o,2027-08-06,43947520.48348511,40353187.150151774
2026-08,desktop,l+o,2027-08-07,43905490.82470443,40301416.75063036
2026-08,desktop,l+o,2027-08-08,43871386.06739595,40257571.252581134
2026-08,desktop,l+o,2027-08-09,43819774.74687062,40196219.19131507
2026-08,desktop,l+o,2027-08-10,43728633.26077296,40095336.96447666
2026-08,desktop,l+o,2027-08-11,43660791.011273935,40017753.9742369
2026-08,desktop,l+o,2027-08-12,43567519.24635097,39914741.46857319
2026-08,desktop,l+o,2027-08-13,43474645.65068261,39812127.13216409
2026-08,desktop,l+o,2027-08-14,43386966.93801165,39714707.67875239
2026-08,desktop,l+o,2027-08-15,43262054.76374918,39580054.76374918
2026-08,desktop,l+o,2027-08-16,43185321.98704143,39493581.24630069
2026-08,desktop,l+o,2027-08-17,43110962.5437516,39409481.06227012
2026-08,desktop,l+o,2027-08-18,43056514.14245421,39345291.92023198
2026-08,desktop,l+o,2027-08-19,43004427.04304497,39283464.08008201
2026-08,desktop,l+o,2027-08-20,42974643.50038161,39243939.79667791
2026-08,desktop,l+o,2027-08-21,42984377.19768806,39243932.75324361
2026-08,desktop,l+o,2027-08-22,42982540.16068243,39232354.975497246
2026-08,desktop,l+o,2027-08-23,42993388.88173052,39233462.955804594
2026-08,desktop,l+o,2027-08-24,43009282.72910224,39239616.062435575
2026-08,desktop,l+o,2027-08-25,43021540.01936289,39242132.61195548
2026-08,desktop,l+o,2027-08-26,43054428.938785836,39265280.79063769
2026-08,desktop,l+o,2027-08-27,43089778.98679246,39290890.09790357
2026-08,desktop,l+o,2027-08-28,43120129.76339282,39311500.133763194
2026-08,desktop,l+o,2027-08-29,43164671.25876166,39346300.888391286
2026-08,desktop,l+o,2027-08-30,43255479.27364381,39427368.162532695
2026-08,desktop,l+o,2027-08-31,43332217.29774188,39494365.44589003
2026-08,desktop,l+o,2027-09-01,43408067.786008485,39560475.193415895
2026-08,desktop,l+o,2027-09-02,43500764.83924402,39643431.50591069
2026-08,desktop,l+o,2027-09-03,43580843.73976401,39713769.66568994
2026-08,desktop,l+o,2027-09-04,43626376.32648777,39749561.51167296
2026-08,desktop,l+o,2027-09-05,43679446.923818216,39792891.36826266
2026-08,desktop,l+o,2027-09-06,43660438.44928368,39764142.15298738
2026-08,desktop,l+o,2027-09-07,43770426.53068417,39864389.493647136
2026-08,desktop,l+o,2027-09-08,43914324.888109885,39998547.11033211
2026-08,desktop,l+o,2027-09-09,44080630.49254648,40155111.97402796
2026-08,desktop,l+o,2027-09-10,44249681.21586929,40314421.95661003
2026-08,desktop,l+o,2027-09-11,44397114.71137732,40452114.71137732
2026-08,desktop,l+o,2027-09-12,44577450.03859967,40622709.29785893
2026-08,desktop,l+o,2027-09-13,44751854.03553047,40787372.554048985
2026-08,desktop,l+o,2027-09-14,44910404.6518865,40936182.42966428
2026-08,desktop,l+o,2027-09-15,45034320.05102917,41050357.088066205
2026-08,desktop,l+o,2027-09-16,45178565.84372181,41184862.140018106
2026-08,desktop,l+o,2027-09-17,45294316.09528102,41290871.65083657
2026-08,desktop,l+o,2027-09-18,45372030.67204519,41358845.48686001
2026-08,desktop,l+o,2027-09-19,45436263.48210096,41413337.55617504
2026-08,desktop,l+o,2027-09-20,45527548.50986517,41494881.84319851
2026-08,desktop,l+o,2027-09-21,45632373.17083166,41589965.76342425
2026-08,desktop,l+o,2027-09-22,45738015.38812077,41685867.23997262
2026-08,desktop,l+o,2027-09-23,45825067.57146373,41763178.68257484
2026-08,desktop,l+o,2027-09-24,45906100.798929274,41834471.16929965
2026-08,desktop,l+o,2027-09-25,45966112.22884808,41884741.858477704
2026-08,desktop,l+o,2027-09-26,46019560.25359554,41928449.14248443
2026-08,desktop,l+o,2027-09-27,46089221.591470085,41988369.739618234
2026-08,desktop,l+o,2027-09-28,46168284.30396671,42057691.71137412
2026-08,desktop,l+o,2027-09-29,46230314.32135947,42109980.988026135
2026-08,desktop,l+o,2027-09-30,46276948.97632448,42146874.9022504
2026-08,desktop,l+o,2027-10-01,46310481.62304304,42170666.808228225
2026-08,desktop,l+o,2027-10-02,46329157.90070713,42179602.34515158
2026-08,desktop,l+o,2027-10-03,46335653.68796994,42176357.39167364
2026-08,desktop,l+o,2027-10-04,46469036.91019406,42299999.873157024
2026-08,desktop,l+o,2027-10-05,46522895.8284419,42344118.05066413
2026-08,desktop,l+o,2027-10-06,46538531.031274565,42350012.51275605
2026-08,desktop,l+o,2027-10-07,46533862.578415535,42335603.319156274
2026-08,desktop,l+o,2027-10-08,46504302.2777431,42296302.2777431
2026-08,desktop,l+o,2027-10-09,46478025.78889861,42260285.04815787
2026-08,desktop,l+o,2027-10-10,46479043.597690366,42251562.11620888
2026-08,desktop,l+o,2027-10-11,46400710.43040468,42163488.208182454
2026-08,desktop,l+o,2027-10-12,46369721.99519161,42122759.03222865
2026-08,desktop,l+o,2027-10-13,46385398.76426729,42128695.06056359
2026-08,desktop,l+o,2027-10-14,46391809.00036607,42125364.55592163
2026-08,desktop,l+o,2027-10-15,46408339.01447802,42132153.829292834
2026-08,desktop,l+o,2027-10-16,46414130.30996114,42128204.384035215
2026-08,desktop,l+o,2027-10-17,46424526.53149102,42128859.864824355
2026-08,desktop,l+o,2027-10-18,46439868.17774493,42134460.77033752
2026-08,desktop,l+o,2027-10-19,46454300.25454281,42139152.10639466
2026-08,desktop,l+o,2027-10-20,46466321.423937865,42141432.53504898
2026-08,desktop,l+o,2027-10-21,46470628.744702816,42135999.11507319
2026-08,desktop,l+o,2027-10-22,46482633.93035517,42138263.559984796
2026-08,desktop,l+o,2027-10-23,46482730.00608559,42128618.89497448
2026-08,desktop,l+o,2027-10-24,46482762.07989551,42118910.22804366
2026-08,desktop,l+o,2027-10-25,46485557.95363116,42111965.36103857
2026-08,desktop,l+o,2027-10-26,46479358.316868484,42096024.98353515
2026-08,desktop,l+o,2027-10-27,46476911.17103468,42083837.096960604
2026-08,desktop,l+o,2027-10-28,46460834.712825425,42058019.89801061
2026-08,desktop,l+o,2027-10-29,46411170.52206736,41998614.9665118
2026-08,desktop,l+o,2027-10-30,46416905.991837084,41994609.695540786
2026-08,desktop,l+o,2027-10-31,46408337.1568534,41976300.11981636
2026-08,desktop,l+o,2027-11-01,46238586.70234307,41796808.92456529
2026-08,desktop,l+o,2027-11-02,46217569.43773041,41766050.919211894
2026-08,desktop,l+o,2027-11-03,46240093.73728872,41778834.47802946
2026-08,desktop,l+o,2027-11-04,46265495.14475025,41794495.14475025
2026-08,desktop,l+o,2027-11-05,46333048.30767689,41852307.56693615
2026-08,desktop,l+o,2027-11-06,46388858.1792653,41898376.69778381
2026-08,desktop,l+o,2027-11-07,46415872.104865395,41915649.88264317
2026-08,desktop,l+o,2027-11-08,46534501.121331505,42024538.15836854
2026-08,desktop,l+o,2027-11-09,46616579.890146025,42096876.18644232
2026-08,desktop,l+o,2027-11-10,46653446.87696086,42124002.43251641
2026-08,desktop,l+o,2027-11-11,46621032.528940074,42081847.34375489
2026-08,desktop,l+o,2027-11-12,46638603.769131444,42089677.84320552
2026-08,desktop,l+o,2027-11-13,46660819.78255616,42102153.1158895
2026-08,desktop,l+o,2027-11-14,46673827.299789414,42105419.892382
2026-08,desktop,l+o,2027-11-15,46660732.26581944,42082584.11767129
2026-08,desktop,l+o,2027-11-16,46675638.4737095,42087749.58482061
2026-08,desktop,l+o,2027-11-17,46706299.87807836,42108670.24844873
2026-08,desktop,l+o,2027-11-18,46750737.779240206,42143367.40886983
2026-08,desktop,l+o,2027-11-19,46781553.29379982,42164442.182688706
2026-08,desktop,l+o,2027-11-20,46784475.037164584,42157623.18531273
2026-08,desktop,l+o,2027-11-21,46805472.09945772,42168879.50686513
2026-08,desktop,l+o,2027-11-22,46833663.19814511,42187329.86481177
2026-08,desktop,l+o,2027-11-23,46860087.05317408,42204012.979100004
2026-08,desktop,l+o,2027-11-24,46887644.46825869,42221829.65344387
2026-08,desktop,l+o,2027-11-25,46869728.44173429,42194172.88617873
2026-08,desktop,l+o,2027-11-26,46878724.6804527,42193428.3841564
2026-08,desktop,l+o,2027-11-27,46910166.049150154,42215129.01211312
2026-08,desktop,l+o,2027-11-28,46979177.59343506,42274399.81565728
2026-08,desktop,l+o,2027-11-29,47226436.8078723,42511918.28935379
2026-08,desktop,l+o,2027-11-30,47315728.03256207,42591468.77330281
2026-08,desktop,l+o,2027-12-01,47364374.26372863,42630374.26372863
2026-08,desktop,l+o,2027-12-02,47403949.529663734,42660208.788922995
2026-08,desktop,l+o,2027-12-03,47418689.25233692,42665207.77085544
2026-08,desktop,l+o,2027-12-04,47425954.81819724,42662732.59597502
2026-08,desktop,l+o,2027-12-05,47431916.12500156,42658953.162038594
2026-08,desktop,l+o,2027-12-06,47434472.895651184,42651769.19194748
2026-08,desktop,l+o,2027-12-07,47431285.58711083,42638841.142666385
2026-08,desktop,l+o,2027-12-08,47421243.46305538,42619058.27787019
2026-08,desktop,l+o,2027-12-09,47478005.169280395,42666079.24335447
2026-08,desktop,l+o,2027-12-10,47478432.81450423,42656766.147837564
2026-08,desktop,l+o,2027-12-11,47449125.73664718,42617718.32923977
2026-08,desktop,l+o,2027-12-12,47440933.18561285,42599785.0374647
2026-08,desktop,l+o,2027-12-13,47456478.5346436,42605589.64575471
2026-08,desktop,l+o,2027-12-14,47437152.18811145,42576522.55848182
2026-08,desktop,l+o,2027-12-15,47407150.78231899,42536780.411948614
2026-08,desktop,l+o,2027-12-16,47364055.818267025,42483944.70715591
2026-08,desktop,l+o,2027-12-17,47322713.57292683,42432861.721074976
2026-08,desktop,l+o,2027-12-18,47316946.431507826,42417353.83891524
2026-08,desktop,l+o,2027-12-19,47267539.58236616,42358206.249032825
2026-08,desktop,l+o,2027-12-20,47133734.047969274,42214659.9738952
2026-08,desktop,l+o,2027-12-21,46996832.5224073,42068017.70759249
2026-08,desktop,l+o,2027-12-22,46803300.28710342,41864744.73154786
2026-08,desktop,l+o,2027-12-23,46538391.771879114,41590095.475582816
2026-08,desktop,l+o,2027-12-24,45900896.56939369,40942859.53235665
2026-08,desktop,l+o,2027-12-25,45426598.50688599,40458820.729108214
2026-08,desktop,l+o,2027-12-26,45103883.92322542,40126365.404706895
2026-08,desktop,l+o,2027-12-27,44634691.32657454,39647432.06731528
2026-08,desktop,l+o,2027-12-28,44386165.457149215,39389165.457149215
2026-08,desktop,l+o,2027-12-29,44116510.73706696,39109769.99632622
2026-08,desktop,l+o,2027-12-30,43818318.00989141,38801836.52840993
2026-08,desktop,l+o,2027-12-31,43310752.84497704,38284530.62275482
2026-08,mobile,raw,2026-08-02,17071138.35658607,17071138.35658607
2026-08,mobile,raw,2026-08-03,17059182.66098165,17061196.275796466
2026-08,mobile,raw,2026-08-04,17047658.74221695,17051685.971846577
2026-08,mobile,raw,2026-08-05,17041680.69926977,17047721.543714218
2026-08,mobile,raw,2026-08-06,17030255.913141698,17038310.372400958
2026-08,mobile,raw,2026-08-07,17018387.7540346,17028455.828108676
2026-08,mobile,raw,2026-08-08,17004758.604438648,17016840.293327536
2026-08,mobile,raw,2026-08-09,16989667.47800526,17003762.781708963
2026-08,mobile,raw,2026-08-10,16978539.412632547,16994648.331151064
2026-08,mobile,raw,2026-08-11,16965501.64199901,16983624.175332345
2026-08,mobile,raw,2026-08-12,16950315.2643961,16970451.41254425
2026-08,mobile,raw,2026-08-13,16937529.35873318,16959679.121696144
2026-08,mobile,raw,2026-08-14,16925718.65136411,16949882.029141888
2026-08,mobile,raw,2026-08-15,16910325.09034314,16936502.08293573
2026-08,mobile,raw,2026-08-16,16892592.65464428,16920783.262051687
2026-08,mobile,raw,2026-08-17,16885417.062950887,16915621.28517311
2026-08,mobile,raw,2026-08-18,16882183.222707115,16914401.059744153
2026-08,mobile,raw,2026-08-19,16879485.32078815,16913716.77264
2026-08,mobile,raw,2026-08-20,16874345.68775327,16910590.754419938
2026-08,mobile,raw,2026-08-21,16870383.784058146,16908642.465539627
2026-08,mobile,raw,2026-08-22,16865573.98819854,16905846.284494836
2026-08,mobile,raw,2026-08-23,16858302.89078892,16900588.801900033
2026-08,mobile,raw,2026-08-24,16851164.294888794,16895463.82081472
2026-08,mobile,raw,2026-08-25,16848426.946710043,16894740.087450784
2026-08,mobile,raw,2026-08-26,16847472.78724022,16895799.542795774
2026-08,mobile,raw,2026-08-27,16842654.513184886,16892994.883555256
2026-08,mobile,raw,2026-08-28,16837119.067065954,16889473.052251138
2026-08,mobile,raw,2026-08-29,16833099.089437857,16887466.68943786
2026-08,mobile,raw,2026-08-30,16838001.753060836,16894382.967875652
2026-08,mobile,raw,2026-08-31,16845651.04147234,16904045.871101968
2026-08,mobile,raw,2026-09-01,16852428.20391562,16912836.648360062
2026-08,mobile,raw,2026-09-02,16859077.990721416,16921500.049980674
2026-08,mobile,raw,2026-09-03,16866884.090172336,16931319.764246408
2026-08,mobile,raw,2026-09-04,16874773.580040853,16941222.868929744
2026-08,mobile,raw,2026-09-05,16883307.73394922,16951770.637652926
2026-08,mobile,raw,2026-09-06,16891413.007442802,16961889.52596132
2026-08,mobile,raw,2026-09-07,16899402.210866798,16971892.34420013
2026-08,mobile,raw,2026-09-08,16909640.32686926,16984144.075017408
2026-08,mobile,raw,2026-09-09,16918086.055089436,16994603.418052398
2026-08,mobile,raw,2026-09-10,16928387.42383742,17006918.4016152
2026-08,mobile,raw,2026-09-11,16938555.982919924,17019100.575512517
2026-08,mobile,raw,2026-09-12,16950500.09144939,17033058.2988568
2026-08,mobile,raw,2026-09-13,16960169.600989126,17044741.423211347
2026-08,mobile,raw,2026-09-14,16968290.365364842,17054875.802401878
2026-08,mobile,raw,2026-09-15,16978392.259505615,17066991.311357465
2026-08,mobile,raw,2026-09-16,16987402.88541821,17078015.552084878
2026-08,mobile,raw,2026-09-17,16996613.010513175,17089239.291994657
2026-08,mobile,raw,2026-09-18,17006873.70209098,17101513.598387275
2026-08,mobile,raw,2026-09-19,17016425.734743696,17113079.245854806
2026-08,mobile,raw,2026-09-20,17024787.99384476,17123455.119770683
2026-08,mobile,raw,2026-09-21,17033356.601443317,17134037.34218406
2026-08,mobile,raw,2026-09-22,17041218.15374339,17143912.509298947
2026-08,mobile,raw,2026-09-23,17050007.845532916,17154715.815903287
2026-08,mobile,raw,2026-09-24,17056951.64142066,17163673.226605844
2026-08,mobile,raw,2026-09-25,17066106.524416532,17174841.72441653
2026-08,mobile,raw,2026-09-26,17073348.001119163,17184096.815933976
2026-08,mobile,raw,2026-09-27,17083090.5854914,17195853.01512103
2026-08,mobile,raw,2026-09-28,17092079.31892555,17206855.363369994
2026-08,mobile,raw,2026-09-29,17098058.18951398,17214847.84877324
2026-08,mobile,raw,2026-09-30,17103780.664032,17222583.938106075
2026-08,mobile,raw,2026-10-01,17108651.280800313,17229468.1696892
2026-08,mobile,raw,2026-10-02,17112938.658285923,17235769.161989626
2026-08,mobile,raw,2026-10-03,17117127.30589516,17241971.42441368
2026-08,mobile,raw,2026-10-04,17122383.435859494,17249241.16919283
2026-08,mobile,raw,2026-10-05,17127958.48341557,17256829.83156372
2026-08,mobile,raw,2026-10-06,17132200.23296741,17263085.195930373
2026-08,mobile,raw,2026-10-07,17136187.260457568,17269085.838235345
2026-08,mobile,raw,2026-10-08,17141618.855590057,17276531.048182648
2026-08,mobile,raw,2026-10-09,17145875.17237111,17282800.97977852
2026-08,mobile,raw,2026-10-10,17151102.85089587,17290042.273118094
2026-08,mobile,raw,2026-10-11,17155855.38147594,17296808.418512978
2026-08,mobile,raw,2026-10-12,17161183.206871178,17304149.85872303
2026-08,mobile,raw,2026-10-13,17164861.544346653,17309841.81101332
2026-08,mobile,raw,2026-10-14,17170092.63360443,17317086.51508591
2026-08,mobile,raw,2026-10-15,17174682.961820867,17323690.458117165
2026-08,mobile,raw,2026-10-16,17179897.741859075,17330918.852970187
2026-08,mobile,raw,2026-10-17,17183937.56063161,17336972.286557537
2026-08,mobile,raw,2026-10-18,17188313.399220083,17343361.739960823
2026-08,mobile,raw,2026-10-19,17189841.44663443,17346903.402189985
2026-08,mobile,raw,2026-10-20,17191792.40627351,17350867.97664388
2026-08,mobile,raw,2026-10-21,17196446.39413714,17357535.579322327
2026-08,mobile,raw,2026-10-22,17201890.971491024,17364993.771491025
2026-08,mobile,raw,2026-10-23,17207297.746456254,17372414.16127107
2026-08,mobile,raw,2026-10-24,17212533.24047882,17379663.27010845
2026-08,mobile,raw,2026-10-25,17217300.33268205,17386443.977126494
2026-08,mobile,raw,2026-10-26,17221977.741147626,17393135.000406884
2026-08,mobile,raw,2026-10-27,17228475.84033407,17401646.714408144
2026-08,mobile,raw,2026-10-28,17234430.654975224,17409615.143864114
2026-08,mobile,raw,2026-10-29,17241288.232194874,17418486.33589858
2026-08,mobile,raw,2026-10-30,17248570.882277824,17427782.600796342
2026-08,mobile,raw,2026-10-31,17255294.835092433,17436520.168425765
2026-08,mobile,raw,2026-11-01,17260451.15271413,17443690.10086228
2026-08,mobile,raw,2026-11-02,17264917.750539154,17450170.313502118
2026-08,mobile,raw,2026-11-03,17271450.108835272,17458716.28661305
2026-08,mobile,raw,2026-11-04,17278361.19937036,17467640.99196295
2026-08,mobile,raw,2026-11-05,17284591.46159247,17475884.868999876
2026-08,mobile,raw,2026-11-06,17290951.51524716,17484258.53746938
2026-08,mobile,raw,2026-11-07,17294723.919861704,17490044.556898743
2026-08,mobile,raw,2026-11-08,17294728.322775673,17492062.574627526
2026-08,mobile,raw,2026-11-09,17297725.35878765,17497073.225454316
2026-08,mobile,raw,2026-11-10,17301094.52485945,17502456.006340932
2026-08,mobile,raw,2026-11-11,17306253.560015906,17509628.6563122
2026-08,mobile,raw,2026-11-12,17312489.14039994,17517877.85151105
2026-08,mobile,raw,2026-11-13,17317033.145243354,17524435.47116928
2026-08,mobile,raw,2026-11-14,17323324.77294237,17532740.713683113
2026-08,mobile,raw,2026-11-15,17329465.352262907,17540894.907818463
2026-08,mobile,raw,2026-11-16,17338922.310692843,17552365.481063213
2026-08,mobile,raw,2026-11-17,17348764.222447548,17564221.007632732
2026-08,mobile,raw,2026-11-18,17355881.363401167,17573351.763401166
2026-08,mobile,raw,2026-11-19,17362849.096257992,17582333.11107281
2026-08,mobile,raw,2026-11-20,17368902.71608005,17590400.34570968
2026-08,mobile,raw,2026-11-21,17376508.6396001,17600019.884044547
2026-08,mobile,raw,2026-11-22,17385033.303244155,17610558.162503414
2026-08,mobile,raw,2026-11-23,17393826.221145816,17621364.69521989
2026-08,mobile,raw,2026-11-24,17402023.4582346,17631575.547123488
2026-08,mobile,raw,2026-11-25,17410498.358205512,17642064.061909217
2026-08,mobile,raw,2026-11-26,17420090.092435595,17653669.410954114
2026-08,mobile,raw,2026-11-27,17430269.73475663,17665862.668089963
2026-08,mobile,raw,2026-11-28,17439632.067235496,17677238.615383644
2026-08,mobile,raw,2026-11-29,17450232.801103022,17689852.964065984
2026-08,mobile,raw,2026-11-30,17461715.492222253,17703349.27000003
2026-08,mobile,raw,2026-12-01,17471522.504872702,17715169.897465296
2026-08,mobile,raw,2026-12-02,17480617.698778845,17726278.706186254
2026-08,mobile,raw,2026-12-03,17489310.62193316,17736985.24415538
2026-08,mobile,raw,2026-12-04,17497816.860934578,17747505.097971614
2026-08,mobile,raw,2026-12-05,17507963.168816287,17759665.020668138
2026-08,mobile,raw,2026-12-06,17521806.64998148,17775522.116648145
2026-08,mobile,raw,2026-12-07,17533990.756240346,17789719.83772183
2026-08,mobile,raw,2026-12-08,17543543.377597455,17801286.073893752
2026-08,mobile,raw,2026-12-09,17551019.225004006,17810775.536115117
2026-08,mobile,raw,2026-12-10,17557279.633868754,17819049.55979468
2026-08,mobile,raw,2026-12-11,17563711.556270353,17827495.097011093
2026-08,mobile,raw,2026-12-12,17568753.960660923,17834551.116216477
2026-08,mobile,raw,2026-12-13,17572708.785576466,17840519.555946838
2026-08,mobile,raw,2026-12-14,17576354.56851655,17846178.953701735
2026-08,mobile,raw,2026-12-15,17577566.979442652,17849404.979442652
2026-08,mobile,raw,2026-12-16,17578256.254786275,17852107.86960109
2026-08,mobile,raw,2026-12-17,17577611.275846355,17853476.505475983
2026-08,mobile,raw,2026-12-18,17577217.241831932,17855096.08627638
2026-08,mobile,raw,2026-12-19,17574183.85495458,17854076.314213842
2026-08,mobile,raw,2026-12-20,17568972.264729533,17850878.338803608
2026-08,mobile,raw,2026-12-21,17562216.725025713,17846136.413914602
2026-08,mobile,raw,2026-12-22,17552614.37754273,17838547.681246433
2026-08,mobile,raw,2026-12-23,17545118.791764714,17833065.71028323
2026-08,mobile,raw,2026-12-24,17523856.488996793,17813817.022330128
2026-08,mobile,raw,2026-12-25,17487620.361823864,17779594.509972014
2026-08,mobile,raw,2026-12-26,17475578.689027946,17769566.45199091
2026-08,mobile,raw,2026-12-27,17466317.077538602,17762318.45531638
2026-08,mobile,raw,2026-12-28,17456868.105728667,17754883.09832126
2026-08,mobile,raw,2026-12-29,17446242.631361507,17746271.238768913
2026-08,mobile,raw,2026-12-30,17435303.603450526,17737345.82567275
2026-08,mobile,raw,2026-12-31,17419037.14459889,17723092.98163593
2026-08,mobile,raw,2027-01-01,17399491.801187534,17705561.253039386
2026-08,mobile,raw,2027-01-02,17392452.527401008,17700535.594067674
2026-08,mobile,raw,2027-01-03,17384754.7504544,17694851.43193588
2026-08,mobile,raw,2027-01-04,17377924.182191633,17690034.478487927
2026-08,mobile,raw,2027-01-05,17370586.478981405,17684710.39009252
2026-08,mobile,raw,2027-01-06,17367269.42475695,17683406.95068288
2026-08,mobile,raw,2027-01-07,17364159.387997814,17682310.528738555
2026-08,mobile,raw,2027-01-08,17361876.306257386,17682041.06181294
2026-08,mobile,raw,2027-01-09,17361817.07636968,17683995.44674005
2026-08,mobile,raw,2027-01-10,17364038.705772247,17688230.69095743
2026-08,mobile,raw,2027-01-11,17365649.54668863,17691855.146688633
2026-08,mobile,raw,2027-01-12,17370088.419918343,17698307.63473316
2026-08,mobile,raw,2027-01-13,17376537.23271523,17706770.06234486
2026-08,mobile,raw,2027-01-14,17382824.70084592,17715071.145290364
2026-08,mobile,raw,2027-01-15,17391324.488086585,17725584.547345843
2026-08,mobile,raw,2027-01-16,17400828.475283567,17737102.14935764
2026-08,mobile,raw,2027-01-17,17413316.42037869,17751603.70926758
2026-08,mobile,raw,2027-01-18,17427090.352626905,17767391.25633061
2026-08,mobile,raw,2027-01-19,17444337.449482933,17786651.96800145
2026-08,mobile,raw,2027-01-20,17459879.625427336,17804207.75876067
2026-08,mobile,raw,2027-01-21,17488057.804404568,17834399.552552715
2026-08,mobile,raw,2027-01-22,17530881.80244729,17879237.16541025
2026-08,mobile,raw,2027-01-23,17549403.84549483,17899772.82327261
2026-08,mobile,raw,2027-01-24,17565731.7144647,17918114.307057295
2026-08,mobile,raw,2027-01-25,17582757.32553566,17937153.532943066
2026-08,mobile,raw,2027-01-26,17598828.2646327,17955238.08685492
2026-08,mobile,raw,2027-01-27,17617174.723136634,17975598.16017367
2026-08,mobile,raw,2027-01-28,17641152.5272293,18001589.579081155
2026-08,mobile,raw,2027-01-29,17670445.268466618,18032895.935133286
2026-08,mobile,raw,2027-01-30,17687110.64683108,18051574.928312562
2026-08,mobile,raw,2027-01-31,17705472.578916945,18071950.47521324
2026-08,mobile,raw,2027-02-01,17719058.877967276,18087550.389078386
2026-08,mobile,raw,2027-02-02,17734687.98050759,18105193.106433515
2026-08,mobile,raw,2027-02-03,17744874.48713804,18117393.227878783
2026-08,mobile,raw,2027-02-04,17756731.0657023,18131263.421257857
2026-08,mobile,raw,2027-02-05,17767758.54493549,18144304.51530586
2026-08,mobile,raw,2027-02-06,17777634.224159736,18156193.80934492
2026-08,mobile,raw,2027-02-07,17787244.700968128,18167817.900968127
2026-08,mobile,raw,2027-02-08,17791453.932652887,18174040.7474677
2026-08,mobile,raw,2027-02-09,17794750.266378824,18179350.696008455
2026-08,mobile,raw,2027-02-10,17795832.78070915,18182446.825153597
2026-08,mobile,raw,2027-02-11,17799900.642207764,18188528.301467024
2026-08,mobile,raw,2027-02-12,17806135.507408705,18196776.78148278
2026-08,mobile,raw,2027-02-13,17815982.80828766,18208637.69717655
2026-08,mobile,raw,2027-02-14,17820651.845185753,18215320.348889455
2026-08,mobile,raw,2027-02-15,17825186.25613234,18221868.37465086
2026-08,mobile,raw,2027-02-16,17831673.031761564,18230368.7650949
2026-08,mobile,raw,2027-02-17,17837411.954175863,18238121.302324012
2026-08,mobile,raw,2027-02-18,17844657.60490696,18247380.567869924
2026-08,mobile,raw,2027-02-19,17851227.03054609,18255963.60832387
2026-08,mobile,raw,2027-02-20,17861222.479634818,18267972.67222741
2026-08,mobile,raw,2027-02-21,17867505.79804137,18276269.60544878
2026-08,mobile,raw,2027-02-22,17874926.360537194,18285703.782759417
2026-08,mobile,raw,2027-02-23,17884257.935778823,18297048.97281586
2026-08,mobile,raw,2027-02-24,17892185.809964765,18306990.461816616
2026-08,mobile,raw,2027-02-25,17899069.549732618,18315887.816399284
2026-08,mobile,raw,2027-02-26,17904284.996334676,18323116.877816156
2026-08,mobile,raw,2027-02-27,17910165.8884506,18331011.384746898
2026-08,mobile,raw,2027-02-28,17911629.095966827,18334488.20707794
2026-08,mobile,raw,2027-03-01,17920436.767227314,18345309.49315324
2026-08,mobile,raw,2027-03-02,17928587.098318953,18355473.439059693
2026-08,mobile,raw,2027-03-03,17936983.62831903,18365883.583874583
2026-08,mobile,raw,2027-03-04,17943697.7265863,18374611.29695667
2026-08,mobile,raw,2027-03-05,17951577.637678295,18384504.822863482
2026-08,mobile,raw,2027-03-06,17956614.753266495,18391555.553266495
2026-08,mobile,raw,2027-03-07,17961713.587939404,18398668.00275422
2026-08,mobile,raw,2027-03-08,17971518.313842915,18410486.343472544
2026-08,mobile,raw,2027-03-09,17977457.569320783,18418439.213765226
2026-08,mobile,raw,2027-03-10,17984018.07490324,18427013.334162496
2026-08,mobile,raw,2027-03-11,17991311.0942708,18436319.968344875
2026-08,mobile,raw,2027-03-12,17995467.65348543,18442490.142374318
2026-08,mobile,raw,2027-03-13,17996723.98393576,18445760.087639462
2026-08,mobile,raw,2027-03-14,18001488.754724357,18452538.473242875
2026-08,mobile,raw,2027-03-15,18005412.327023875,18458475.660357207
2026-08,mobile,raw,2027-03-16,18007577.784766257,18462654.732914403
2026-08,mobile,raw,2027-03-17,18010822.590755828,18467913.153718792
2026-08,mobile,raw,2027-03-18,18012701.109604217,18471805.287381995
2026-08,mobile,raw,2027-03-19,18013555.52013179,18474673.31272438
2026-08,mobile,raw,2027-03-20,18010215.560409423,18473346.96781683
2026-08,mobile,raw,2027-03-21,18007129.211266845,18472274.233489066
2026-08,mobile,raw,2027-03-22,17997869.610601377,18465028.247638416
2026-08,mobile,raw,2027-03-23,17991389.334851388,18460561.58670324
2026-08,mobile,raw,2027-03-24,17986617.52503256,18457803.39169923
2026-08,mobile,raw,2027-03-25,17983450.65525325,18456650.13673473
2026-08,mobile,raw,2027-03-26,17974309.004480034,18449522.10077633
2026-08,mobile,raw,2027-03-27,17970525.661316995,18447752.372428104
2026-08,mobile,raw,2027-03-28,17969823.525300357,18449063.851226285
2026-08,mobile,raw,2027-03-29,17964049.265422393,18445303.206163134
2026-08,mobile,raw,2027-03-30,17961214.190805852,18444481.74636141
2026-08,mobile,raw,2027-03-31,17959907.62023791,18445188.79060828
2026-08,mobile,raw,2027-04-01,17958808.35406923,18446103.139254414
2026-08,mobile,raw,2027-04-02,17953959.59157924,18443267.99157924
2026-08,mobile,raw,2027-04-03,17956756.90195742,18448078.916772235
2026-08,mobile,raw,2027-04-04,17959614.454868622,18452950.084498253
2026-08,mobile,raw,2027-04-05,17964870.857225668,18460220.101670112
2026-08,mobile,raw,2027-04-06,17974046.714004464,18471409.573263723
2026-08,mobile,raw,2027-04-07,17982723.34846244,18482099.822536513
2026-08,mobile,raw,2027-04-08,17989538.78467468,18490928.87356357
2026-08,mobile,raw,2027-04-09,17995710.86446919,18499114.568172894
2026-08,mobile,raw,2027-04-10,18001263.618366055,18506680.936884575
2026-08,mobile,raw,2027-04-11,18007157.428231098,18514588.36156443
2026-08,mobile,raw,2027-04-12,18013130.62827117,18522575.176419318
2026-08,mobile,raw,2027-04-13,18019175.2267751,18530633.38973806
2026-08,mobile,raw,2027-04-14,18024525.584109902,18537997.36188768
2026-08,mobile,raw,2027-04-15,18029435.1865858,18544920.579178393
2026-08,mobile,raw,2027-04-16,18036077.500992414,18553576.50839982
2026-08,mobile,raw,2027-04-17,18044178.770924024,18563691.393146247
2026-08,mobile,raw,2027-04-18,18054598.476516634,18576124.71355367
2026-08,mobile,raw,2027-04-19,18068795.831454773,18592335.683306623
2026-08,mobile,raw,2027-04-20,18080682.34948248,18606235.816149145
2026-08,mobile,raw,2027-04-21,18090190.73931953,18617757.820801012
2026-08,mobile,raw,2027-04-22,18100452.137424078,18630032.833720375
2026-08,mobile,raw,2027-04-23,18116134.266602457,18647728.577713568
2026-08,mobile,raw,2027-04-24,18125812.44705294,18659420.372978866
2026-08,mobile,raw,2027-04-25,18136333.284760967,18671954.825501706
2026-08,mobile,raw,2027-04-26,18147762.712257873,18685397.867813427
2026-08,mobile,raw,2027-04-27,18157663.05280603,18697311.823176403
2026-08,mobile,raw,2027-04-28,18166019.40484925,18707681.790034436
2026-08,mobile,raw,2027-04-29,18174752.60683442,18718428.60683442
2026-08,mobile,raw,2027-04-30,18187352.11932187,18733041.734136686
2026-08,mobile,raw,2027-05-01,18186583.28984685,18734286.519476477
2026-08,mobile,raw,2027-05-02,18191831.91835841,18741548.762802858
2026-08,mobile,raw,2027-05-03,18196604.0636345,18748334.52289376
2026-08,mobile,raw,2027-05-04,18200196.36593368,18753940.440007754
2026-08,mobile,raw,2027-05-05,18203205.13354886,18758962.82243775
2026-08,mobile,raw,2027-05-06,18204751.894068014,18762523.197771717
2026-08,mobile,raw,2027-05-07,18209047.642840136,18768832.561358653
2026-08,mobile,raw,2027-05-08,18214168.498100054,18775967.03143339
2026-08,mobile,raw,2027-05-09,18219092.72901118,18782904.87715933
2026-08,mobile,raw,2027-05-10,18225221.587557845,18791047.35052081
2026-08,mobile,raw,2027-05-11,18229072.657853648,18796912.035631426
2026-08,mobile,raw,2027-05-12,18231581.343063187,18801434.33565578
2026-08,mobile,raw,2027-05-13,18237702.165785044,18809568.77319245
2026-08,mobile,raw,2027-05-14,18243458.967881285,18817339.19010351
2026-08,mobile,raw,2027-05-15,18248460.922759578,18824354.759796616
2026-08,mobile,raw,2027-05-16,18250313.580148704,18828221.032000557
2026-08,mobile,raw,2027-05-17,18254494.615122084,18834415.68178875
2026-08,mobile,raw,2027-05-18,18257327.046948038,18839261.72842952
2026-08,mobile,raw,2027-05-19,18258728.40556371,18842676.701860003
2026-08,mobile,raw,2027-05-20,18263559.19645716,18849521.10756827
2026-08,mobile,raw,2027-05-21,18269112.097543336,18857087.623469263
2026-08,mobile,raw,2027-05-22,18275478.12130777,18865467.262048513
2026-08,mobile,raw,2027-05-23,18281781.951668266,18873784.70722382
2026-08,mobile,raw,2027-05-24,18289288.15642416,18883304.52679453
2026-08,mobile,raw,2027-05-25,18294265.93391728,18890295.919102464
2026-08,mobile,raw,2027-05-26,18298435.96837858,18896479.568378583
2026-08,mobile,raw,2027-05-27,18305119.286317747,18905176.501132563
2026-08,mobile,raw,2027-05-28,18311957.087531153,18914027.917160783
2026-08,mobile,raw,2027-05-29,18327052.498527568,18931136.942972012
2026-08,mobile,raw,2027-05-30,18336645.788380135,18942743.847639393
2026-08,mobile,raw,2027-05-31,18345231.38917019,18953343.06324426
2026-08,mobile,raw,2027-06-01,18353714.03954932,18963839.32843821
2026-08,mobile,raw,2027-06-02,18363078.56512001,18975217.468823716
2026-08,mobile,raw,2027-06-03,18375719.182400614,18989871.700919133
2026-08,mobile,raw,2027-06-04,18383048.989017464,18999215.122350797
2026-08,mobile,raw,2027-06-05,18389334.85407313,19007514.602221277
2026-08,mobile,raw,2027-06-06,18397884.090042062,19018077.453005023
2026-08,mobile,raw,2027-06-07,18406819.20213569,19029026.17991347
2026-08,mobile,raw,2027-06-08,18416197.863919735,19040418.45651233
2026-08,mobile,raw,2027-06-09,18429316.442782853,19055550.65019026
2026-08,mobile,raw,2027-06-10,18439626.23441853,19067874.05664075
2026-08,mobile,raw,2027-06-11,18449001.776195843,19079263.21323288
2026-08,mobile,raw,2027-06-12,18459576.091267146,19091851.143118996
2026-08,mobile,raw,2027-06-13,18471875.794493068,19106164.461159736
2026-08,mobile,raw,2027-06-14,18480283.22031667,19116585.501798153
2026-08,mobile,raw,2027-06-15,18489208.557840474,19127524.45413677
2026-08,mobile,raw,2027-06-16,18503779.85925073,19144109.370361842
2026-08,mobile,raw,2027-06-17,18513493.930547465,19155837.05647339
2026-08,mobile,raw,2027-06-18,18521890.95444589,19166247.695186634
2026-08,mobile,raw,2027-06-19,18530827.518256523,19177197.87381208
2026-08,mobile,raw,2027-06-20,18538457.864562143,19186841.834932514
2026-08,mobile,raw,2027-06-21,18548420.483973414,19198818.0691586
2026-08,mobile,raw,2027-06-22,18558934.695893873,19211345.89589387
2026-08,mobile,raw,2027-06-23,18570807.841645285,19225232.6564601
2026-08,mobile,raw,2027-06-24,18579053.64502423,19235492.07465386
2026-08,mobile,raw,2027-06-25,18587326.30591892,19245778.350363366
2026-08,mobile,raw,2027-06-26,18594915.534043815,19255381.193303075
2026-08,mobile,raw,2027-06-27,18600974.034088258,19263453.30816233
2026-08,mobile,raw,2027-06-28,18607296.109726045,19271788.998614933
2026-08,mobile,raw,2027-06-29,18614979.789130967,19281486.29283467
2026-08,mobile,raw,2027-06-30,18622050.157391373,19290570.275909893
2026-08,mobile,raw,2027-07-01,18626693.541383084,19297227.27471642
2026-08,mobile,raw,2027-07-02,18633715.466626067,19306262.814774215
2026-08,mobile,raw,2027-07-03,18639939.884728607,19314500.84769157
2026-08,mobile,raw,2027-07-04,18645070.33989761,19321644.917675387
2026-08,mobile,raw,2027-07-05,18648192.816885836,19326781.009478427
2026-08,mobile,raw,2027-07-06,18651964.517889388,19332566.325296797
2026-08,mobile,raw,2027-07-07,18654666.790148146,19337282.21237037
2026-08,mobile,raw,2027-07-08,18656926.75298155,19341555.79001859
2026-08,mobile,raw,2027-07-09,18659986.530645873,19346629.182497725
2026-08,mobile,raw,2027-07-10,18662385.77097922,19351042.037645884
2026-08,mobile,raw,2027-07-11,18666016.23890372,19356686.1203852
2026-08,mobile,raw,2027-07-12,18671360.98924278,19364044.48553908
2026-08,mobile,raw,2027-07-13,18677673.257500853,19372370.368611965
2026-08,mobile,raw,2027-07-14,18679946.92064899,19376657.646574914
2026-08,mobile,raw,2027-07-15,18682460.398362253,19381184.739102993
2026-08,mobile,raw,2027-07-16,18685740.893325023,19386478.848880578
2026-08,mobile,raw,2027-07-17,18687581.601955242,19390333.17232561
2026-08,mobile,raw,2027-07-18,18691010.237733778,19395775.422918964
2026-08,mobile,raw,2027-07-19,18692058.40742704,19398837.20742704
2026-08,mobile,raw,2027-07-20,18691677.95702546,19400470.371840276
2026-08,mobile,raw,2027-07-21,18691971.565228935,19402777.594858564
2026-08,mobile,raw,2027-07-22,18693935.324935492,19406754.969379935
2026-08,mobile,raw,2027-07-23,18694437.35248416,19409270.611743417
2026-08,mobile,raw,2027-07-24,18693031.843799632,19409878.717873707
2026-08,mobile,raw,2027-07-25,18693663.079655524,19412523.568544414
2026-08,mobile,raw,2027-07-26,18693517.537059892,19414391.640763596
2026-08,mobile,raw,2027-07-27,18693704.958084308,19416592.676602826
2026-08,mobile,raw,2027-07-28,18692867.838739935,19417769.172073267
2026-08,mobile,raw,2027-07-29,18693055.497612365,19419970.445760515
2026-08,mobile,raw,2027-07-30,18693638.67409987,19422567.237062834
2026-08,mobile,raw,2027-07-31,18694098.971534304,19425041.149312083
2026-08,mobile,raw,2027-08-01,18693385.536735553,19426341.329328146
2026-08,mobile,raw,2027-08-02,18691790.333932634,19426759.74134004
2026-08,mobile,raw,2027-08-03,18690371.14056683,19427354.16278905
2026-08,mobile,raw,2027-08-04,18689860.436829988,19428857.073867027
2026-08,mobile,raw,2027-08-05,18688709.49351232,19429719.745364174
2026-08,mobile,raw,2027-08-06,18688768.769668784,19431792.63633545
2026-08,mobile,raw,2027-08-07,18689531.175808396,19434568.657289878
2026-08,mobile,raw,2027-08-08,18689700.542502366,19436751.63879866
2026-08,mobile,raw,2027-08-09,18690990.703710992,19440055.4148221
2026-08,mobile,raw,2027-08-10,18689906.571049687,19440984.896975614
2026-08,mobile,raw,2027-08-11,18690192.94633604,19443284.88707678
2026-08,mobile,raw,2027-08-12,18691494.819624558,19446600.375180114
2026-08,mobile,raw,2027-08-13,18692531.087738547,19449650.258108918
2026-08,mobile,raw,2027-08-14,18693937.965268783,19453070.750453968
2026-08,mobile,raw,2027-08-15,18692572.033524655,19453718.433524653
2026-08,mobile,raw,2027-08-16,18694087.25557304,19457247.27038786
2026-08,mobile,raw,2027-08-17,18695414.05650618,19460587.68613581
2026-08,mobile,raw,2027-08-18,18697665.660944887,19464852.90538933
2026-08,mobile,raw,2027-08-19,18697625.257124968,19466826.116384227
2026-08,mobile,raw,2027-08-20,18699978.29543477,19471192.769508842
2026-08,mobile,raw,2027-08-21,18706623.252556335,19479851.341445222
2026-08,mobile,raw,2027-08-22,18711152.94681055,19486394.650514256
2026-08,mobile,raw,2027-08-23,18716772.8706195,19494028.189138018
2026-08,mobile,raw,2027-08-24,18720668.36506732,19499937.298400655
2026-08,mobile,raw,2027-08-25,18726324.841956872,19507607.39010502
2026-08,mobile,raw,2027-08-26,18732374.467839193,19515670.630802155
2026-08,mobile,raw,2027-08-27,18737264.890800264,19522574.66857804
2026-08,mobile,raw,2027-08-28,18743115.626592346,19530439.01918494
2026-08,mobile,raw,2027-08-29,18749294.848353624,19538631.855761033
2026-08,mobile,raw,2027-08-30,18757845.569494765,19549196.191716988
2026-08,mobile,raw,2027-08-31,18767663.971423503,19561028.20846054
2026-08,mobile,raw,2027-09-01,18775533.142908745,19570910.994760595
2026-08,mobile,raw,2027-09-02,18784533.177788977,19581924.64445564
2026-08,mobile,raw,2027-09-03,18793157.25917702,19592562.340658505
2026-08,mobile,raw,2027-09-04,18799386.299931318,19600804.996227615
2026-08,mobile,raw,2027-09-05,18806682.79627741,19610115.107388522
2026-08,mobile,raw,2027-09-06,18816213.15886125,19621659.084787175
2026-08,mobile,raw,2027-09-07,18825942.345791917,19633401.886532657
2026-08,mobile,raw,2027-09-08,18835515.983475126,19644989.13903068
2026-08,mobile,raw,2027-09-09,18843331.86370264,19654818.63407301
2026-08,mobile,raw,2027-09-10,18852400.97049501,19665901.355680197
2026-08,mobile,raw,2027-09-11,18861396.046571944,19676910.046571944
2026-08,mobile,raw,2027-09-12,18873022.438761335,19690550.05357615
2026-08,mobile,raw,2027-09-13,18880641.688142132,19700182.91777176
2026-08,mobile,raw,2027-09-14,18891330.702941895,19712885.54738634
2026-08,mobile,raw,2027-09-15,18901006.876270894,19724575.335530154
2026-08,mobile,raw,2027-09-16,18912154.919664197,19737736.99373827
2026-08,mobile,raw,2027-09-17,18921059.23547964,19748654.92436853
2026-08,mobile,raw,2027-09-18,18929657.009262066,19759266.31296577
2026-08,mobile,raw,2027-09-19,18937437.891847186,19769060.810365703
2026-08,mobile,raw,2027-09-20,18944650.77979044,19778287.313123774
2026-08,mobile,raw,2027-09-21,18953414.745046813,19789064.893194962
2026-08,mobile,raw,2027-09-22,18961424.99787312,19799088.760836083
2026-08,mobile,raw,2027-09-23,18969420.42824282,19809097.8060206
2026-08,mobile,raw,2027-09-24,18977639.425470766,19819330.418063357
2026-08,mobile,raw,2027-09-25,18986677.20330162,19830381.810709026
2026-08,mobile,raw,2027-09-26,18995031.9634816,19840750.185703825
2026-08,mobile,raw,2027-09-27,19001917.613724153,19849649.45076119
2026-08,mobile,raw,2027-09-28,19008520.99178567,19858266.443637524
2026-08,mobile,raw,2027-09-29,19013967.322085325,19865726.38875199
2026-08,mobile,raw,2027-09-30,19018922.95026748,19872695.63174896
2026-08,mobile,raw,2027-10-01,19022139.416199062,19877925.712495357
2026-08,mobile,raw,2027-10-02,19026748.750467334,19884548.661578447
2026-08,mobile,raw,2027-10-03,19033283.82751628,19893097.353442207
2026-08,mobile,raw,2027-10-04,19036196.811033,19898023.95177374
2026-08,mobile,raw,2027-10-05,19041097.64236806,19904938.397923615
2026-08,mobile,raw,2027-10-06,19042979.235969402,19908833.60633977
2026-08,mobile,raw,2027-10-07,19046771.6452628,19914639.630447984
2026-08,mobile,raw,2027-10-08,19047243.1209174,19917124.7209174
2026-08,mobile,raw,2027-10-09,19049095.944270402,19920991.159085218
2026-08,mobile,raw,2027-10-10,19052473.052764982,19926381.88239461
2026-08,mobile,raw,2027-10-11,19056917.34649494,19932839.790939383
2026-08,mobile,raw,2027-10-12,19060273.697926868,19938209.757186126
2026-08,mobile,raw,2027-10-13,19064063.718222212,19944013.392296284
2026-08,mobile,raw,2027-10-14,19067012.171472397,19948975.460361287
2026-08,mobile,raw,2027-10-15,19072714.735748358,19956691.639452063
2026-08,mobile,raw,2027-10-16,19075717.713688027,19961708.232206546
2026-08,mobile,raw,2027-10-17,19081041.20197324,19969045.335306574
2026-08,mobile,raw,2027-10-18,19085662.752408795,19975680.500556942
2026-08,mobile,raw,2027-10-19,19090627.53759751,19982658.900560472
2026-08,mobile,raw,2027-10-20,19096306.744896896,19990351.722674675
2026-08,mobile,raw,2027-10-21,19099905.670802876,19995964.26339547
2026-08,mobile,raw,2027-10-22,19104981.38128495,20003053.588692356
2026-08,mobile,raw,2027-10-23,19107965.112142764,20008050.934364986
2026-08,mobile,raw,2027-10-24,19112460.13602784,20014559.573064875
2026-08,mobile,raw,2027-10-25,19117871.592195917,20021984.644047767
2026-08,mobile,raw,2027-10-26,19122066.691835724,20028193.35850239
2026-08,mobile,raw,2027-10-27,19128795.18130655,20036935.46278803
2026-08,mobile,raw,2027-10-28,19131908.545963746,20042062.44226004
2026-08,mobile,raw,2027-10-29,19130436.938680746,20042604.449791856
2026-08,mobile,raw,2027-10-30,19134114.031941026,20048295.15786695
2026-08,mobile,raw,2027-10-31,19136250.288718354,20052445.029459096
2026-08,mobile,raw,2027-11-01,19140405.177314077,20058613.532869633
2026-08,mobile,raw,2027-11-02,19143689.82750519,20063911.79787556
2026-08,mobile,raw,2027-11-03,19152777.496157475,20075013.08134266
2026-08,mobile,raw,2027-11-04,19158001.65460961,20082250.85460961
2026-08,mobile,raw,2027-11-05,19166662.58897213,20092925.403786942
2026-08,mobile,raw,2027-11-06,19174386.504101958,20102662.93373159
2026-08,mobile,raw,2027-11-07,19181063.85806037,20111353.902504817
2026-08,mobile,raw,2027-11-08,19186397.97987939,20118701.63913865
2026-08,mobile,raw,2027-11-09,19194045.33638837,20128362.610462442
2026-08,mobile,raw,2027-11-10,19199626.81652946,20135957.70541835
2026-08,mobile,raw,2027-11-11,19207334.683342133,20145679.187045835
2026-08,mobile,raw,2027-11-12,19212765.93257994,20153124.05109846
2026-08,mobile,raw,2027-11-13,19218226.302284602,20160598.035617936
2026-08,mobile,raw,2027-11-14,19224033.545100022,20168418.89324817
2026-08,mobile,raw,2027-11-15,19228876.031259183,20175274.994222146
2026-08,mobile,raw,2027-11-16,19233303.276280977,20181715.854058754
2026-08,mobile,raw,2027-11-17,19238694.21474306,20189120.40733565
2026-08,mobile,raw,2027-11-18,19245378.292128272,20197818.09953568
2026-08,mobile,raw,2027-11-19,19250946.90816215,20205400.330384374
2026-08,mobile,raw,2027-11-20,19259494.90501607,20215961.942053106
2026-08,mobile,raw,2027-11-21,19267957.691932034,20226438.343783885
2026-08,mobile,raw,2027-11-22,19274722.380826432,20235216.647493098
2026-08,mobile,raw,2027-11-23,19283115.235476196,20245623.116957676
2026-08,mobile,raw,2027-11-24,19289139.30389243,20253660.800188728
2026-08,mobile,raw,2027-11-25,19300787.845440682,20267322.956551794
2026-08,mobile,raw,2027-11-26,19318610.5780139,20287159.303939827
2026-08,mobile,raw,2027-11-27,19331441.906846274,20302004.247587014
2026-08,mobile,raw,2027-11-28,19344317.26260047,20316893.218156025
2026-08,mobile,raw,2027-11-29,19355753.92929827,20330343.49966864
2026-08,mobile,raw,2027-11-30,19367727.432647247,20344330.617832433
2026-08,mobile,raw,2027-12-01,19375728.7124534,20354345.5124534
2026-08,mobile,raw,2027-12-02,19385989.484099954,20366619.89891477
2026-08,mobile,raw,2027-12-03,19395023.622807685,20377667.652437314
2026-08,mobile,raw,2027-12-04,19404573.152721487,20389230.79716593
2026-08,mobile,raw,2027-12-05,19412425.30963028,20399096.568889536
2026-08,mobile,raw,2027-12-06,19421605.62722475,20410290.501298826
2026-08,mobile,raw,2027-12-07,19428273.33365652,20418971.82254541
2026-08,mobile,raw,2027-12-08,19436501.69633509,20429213.800038792
2026-08,mobile,raw,2027-12-09,19440940.148516983,20435665.8670355
2026-08,mobile,raw,2027-12-10,19445631.89935479,20442371.23268812
2026-08,mobile,raw,2027-12-11,19448873.23520172,20447626.18334987
2026-08,mobile,raw,2027-12-12,19452319.561707173,20453086.124670137
2026-08,mobile,raw,2027-12-13,19456478.02620363,20459258.203981407
2026-08,mobile,raw,2027-12-14,19459657.92890238,20464451.721494973
2026-08,mobile,raw,2027-12-15,19460857.86607344,20467665.273480847
2026-08,mobile,raw,2027-12-16,19460769.82525308,20469590.8474753
2026-08,mobile,raw,2027-12-17,19461561.42588463,20472396.06292167
2026-08,mobile,raw,2027-12-18,19460080.849237375,20472929.101089228
2026-08,mobile,raw,2027-12-19,19457584.491991702,20472446.35865837
2026-08,mobile,raw,2027-12-20,19453847.17453244,20470722.65601392
2026-08,mobile,raw,2027-12-21,19448954.193392444,20467843.28968874
2026-08,mobile,raw,2027-12-22,19441592.921272475,20462495.632383585
2026-08,mobile,raw,2027-12-23,19431610.97004264,20454527.295968566
2026-08,mobile,raw,2027-12-24,19405265.750671525,20430195.691412266
2026-08,mobile,raw,2027-12-25,19371367.923398606,20398311.478954162
2026-08,mobile,raw,2027-12-26,19355759.074912082,20384716.245282453
2026-08,mobile,raw,2027-12-27,19347508.58171443,20378479.366899613
2026-08,mobile,raw,2027-12-28,19337943.482636247,20370927.882636245
2026-08,mobile,raw,2027-12-29,19328773.02361055,20363771.038425367
2026-08,mobile,raw,2027-12-30,19319892.431587655,20356904.061217286
2026-08,mobile,raw,2027-12-31,19308504.020246148,20347529.264690593
2026-08,mobile,p,2026-08-02,17079288.991515275,17079288.991515275
2026-08,mobile,p,2026-08-03,17075991.67186045,17078005.286675263
2026-08,mobile,p,2026-08-04,17073447.35537294,17077474.585002568
2026-08,mobile,p,2026-08-05,17076674.099728018,17082714.944172464
2026-08,mobile,p,2026-08-06,17074622.498306286,17082676.957565546
2026-08,mobile,p,2026-08-07,17072258.05500255,17082326.129076626
2026-08,mobile,p,2026-08-08,17068034.047191996,17080115.736080885
2026-08,mobile,p,2026-08-09,17062452.715489153,17076548.019192856
2026-08,mobile,p,2026-08-10,17061293.885212764,17077402.80373128
2026-08,mobile,p,2026-08-11,17058378.18854521,17076500.721878543
2026-08,mobile,p,2026-08-12,17053405.259260297,17073541.407408446
2026-08,mobile,p,2026-08-13,17050796.76984148,17072946.532804444
2026-08,mobile,p,2026-08-14,17049088.035051286,17073251.412829064
2026-08,mobile,p,2026-08-15,17043484.829373647,17069661.82196624
2026-08,mobile,p,2026-08-16,17035440.0758602,17063630.683267605
2026-08,mobile,p,2026-08-17,17038222.457193345,17068426.67941557
2026-08,mobile,p,2026-08-18,17044873.479603425,17077091.316640463
2026-08,mobile,p,2026-08-19,17051831.94639469,17086063.39824654
2026-08,mobile,p,2026-08-20,17056073.5622985,17092318.628965165
2026-08,mobile,p,2026-08-21,17061162.195324395,17099420.876805875
2026-08,mobile,p,2026-08-22,17064864.407854233,17105136.704150528
2026-08,mobile,p,2026-08-23,17065775.23594935,17108061.14706046
2026-08,mobile,p,2026-08-24,17066841.311813172,17111140.8377391
2026-08,mobile,p,2026-08-25,17072030.72598169,17118343.86672243
2026-08,mobile,p,2026-08-26,17078601.439295813,17126928.19485137
2026-08,mobile,p,2026-08-27,17080821.645799857,17131162.016170226
2026-08,mobile,p,2026-08-28,17081802.358893324,17134156.344078507
2026-08,mobile,p,2026-08-29,17083550.220901404,17137917.820901405
2026-08,mobile,p,2026-08-30,17089046.85776063,17145428.072575446
2026-08,mobile,p,2026-08-31,17097357.63000777,17155752.4596374
2026-08,mobile,p,2026-09-01,17104719.53198905,17165127.976433493
2026-08,mobile,p,2026-09-02,17111829.607116446,17174251.666375704
2026-08,mobile,p,2026-09-03,17120012.57267921,17184448.246753283
2026-08,mobile,p,2026-09-04,17128365.442307252,17194814.731196143
2026-08,mobile,p,2026-09-05,17137170.974036295,17205633.87774
2026-08,mobile,p,2026-09-06,17145465.196660046,17215941.715178564
2026-08,mobile,p,2026-09-07,17153786.631470863,17226276.764804196
2026-08,mobile,p,2026-09-08,17164174.188873447,17238677.937021594
2026-08,mobile,p,2026-09-09,17172761.445092082,17249278.808055043
2026-08,mobile,p,2026-09-10,17183149.603400044,17261680.581177823
2026-08,mobile,p,2026-09-11,17193234.789547928,17273779.38214052
2026-08,mobile,p,2026-09-12,17204788.607383143,17287346.81479055
2026-08,mobile,p,2026-09-13,17214318.98737886,17298890.809601083
2026-08,mobile,p,2026-09-14,17222771.06173173,17309356.498768765
2026-08,mobile,p,2026-09-15,17232720.91057133,17321319.96242318
2026-08,mobile,p,2026-09-16,17241537.513895337,17332150.180562004
2026-08,mobile,p,2026-09-17,17250510.73048547,17343137.01196695
2026-08,mobile,p,2026-09-18,17260403.348917674,17355043.24521397
2026-08,mobile,p,2026-09-19,17269836.67343746,17366490.18454857
2026-08,mobile,p,2026-09-20,17277998.929646123,17376666.055572048
2026-08,mobile,p,2026-09-21,17286320.030678235,17387000.771418978
2026-08,mobile,p,2026-09-22,17293966.87119996,17396661.22675552
2026-08,mobile,p,2026-09-23,17302454.943286095,17407162.913656466
2026-08,mobile,p,2026-09-24,17309124.774303164,17415846.35948835
2026-08,mobile,p,2026-09-25,17317744.781915918,17426479.981915917
2026-08,mobile,p,2026-09-26,17324665.781967327,17435414.59678214
2026-08,mobile,p,2026-09-27,17334022.608619012,17446785.038248643
2026-08,mobile,p,2026-09-28,17342424.69819783,17457200.742642276
2026-08,mobile,p,2026-09-29,17347954.098241597,17464743.757500857
2026-08,mobile,p,2026-09-30,17353196.408868197,17471999.68294227
2026-08,mobile,p,2026-10-01,17357496.469016425,17478313.357905313
2026-08,mobile,p,2026-10-02,17360998.005671244,17483828.509374946
2026-08,mobile,p,2026-10-03,17364112.20655228,17488956.3250708
2026-08,mobile,p,2026-10-04,17368356.825455,17495214.558788333
2026-08,mobile,p,2026-10-05,17372335.10722148,17501206.45536963
2026-08,mobile,p,2026-10-06,17375262.29676731,17506147.259730272
2026-08,mobile,p,2026-10-07,17377449.045327615,17510347.62310539
2026-08,mobile,p,2026-10-08,17381278.802601494,17516190.995194085
2026-08,mobile,p,2026-10-09,17383818.57296175,17520744.38036916
2026-08,mobile,p,2026-10-10,17387187.532032643,17526126.954254866
2026-08,mobile,p,2026-10-11,17390064.841290437,17531017.878327474
2026-08,mobile,p,2026-10-12,17392969.9548491,17535936.606700953
2026-08,mobile,p,2026-10-13,17394625.60587615,17539605.872542817
2026-08,mobile,p,2026-10-14,17397688.153854657,17544682.035336137
2026-08,mobile,p,2026-10-15,17400153.507610675,17549161.003906973
2026-08,mobile,p,2026-10-16,17403154.921769127,17554176.03288024
2026-08,mobile,p,2026-10-17,17404826.544481102,17557861.27040703
2026-08,mobile,p,2026-10-18,17406860.747901324,17561909.088642064
2026-08,mobile,p,2026-10-19,17406587.72482552,17563649.680381075
2026-08,mobile,p,2026-10-20,17406667.66404778,17565743.23441815
2026-08,mobile,p,2026-10-21,17408748.411446102,17569837.59663129
2026-08,mobile,p,2026-10-22,17411406.33954866,17574509.13954866
2026-08,mobile,p,2026-10-23,17414214.56654124,17579330.981356055
2026-08,mobile,p,2026-10-24,17416730.59418744,17583860.623817068
2026-08,mobile,p,2026-10-25,17418928.779357813,17588072.423802257
2026-08,mobile,p,2026-10-26,17421010.275455255,17592167.534714513
2026-08,mobile,p,2026-10-27,17424676.097111024,17597846.9711851
2026-08,mobile,p,2026-10-28,17427845.69776888,17603030.186657768
2026-08,mobile,p,2026-10-29,17431952.91413198,17609151.017835684
2026-08,mobile,p,2026-10-30,17436394.569540005,17615606.288058523
2026-08,mobile,p,2026-10-31,17440646.766175035,17621872.099508367
2026-08,mobile,p,2026-11-01,17443189.72774851,17626428.67589666
2026-08,mobile,p,2026-11-02,17445609.360946972,17630861.923909936
2026-08,mobile,p,2026-11-03,17449590.62607747,17636856.803855248
2026-08,mobile,p,2026-11-04,17454518.588410895,17643798.381003488
2026-08,mobile,p,2026-11-05,17458234.62032145,17649528.027728856
2026-08,mobile,p,2026-11-06,17462181.776738144,17655488.798960365
2026-08,mobile,p,2026-11-07,17463642.510270458,17658963.147307497
2026-08,mobile,p,2026-11-08,17462538.807190113,17659873.059041966
2026-08,mobile,p,2026-11-09,17464165.237360142,17663513.10402681
2026-08,mobile,p,2026-11-10,17465798.81405662,17667160.2955381
2026-08,mobile,p,2026-11-11,17468736.50008802,17672111.596384317
2026-08,mobile,p,2026-11-12,17472646.453216247,17678035.164327357
2026-08,mobile,p,2026-11-13,17474960.604792014,17682362.93071794
2026-08,mobile,p,2026-11-14,17478832.633905508,17688248.57464625
2026-08,mobile,p,2026-11-15,17482843.150543462,17694272.70609902
2026-08,mobile,p,2026-11-16,17489317.99356212,17702761.16393249
2026-08,mobile,p,2026-11-17,17496161.494803105,17711618.27998829
2026-08,mobile,p,2026-11-18,17500934.01963633,17718404.419636328
2026-08,mobile,p,2026-11-19,17505756.888866857,17725240.903681673
2026-08,mobile,p,2026-11-20,17509623.812879596,17731121.442509227
2026-08,mobile,p,2026-11-21,17514862.02484026,17738373.269284707
2026-08,mobile,p,2026-11-22,17520878.44254481,17746403.30180407
2026-08,mobile,p,2026-11-23,17527210.540840726,17754749.0149148
2026-08,mobile,p,2026-11-24,17532926.09757397,17762478.186462857
2026-08,mobile,p,2026-11-25,17539093.37018435,17770659.073888056
2026-08,mobile,p,2026-11-26,17546151.035898786,17779730.354417305
2026-08,mobile,p,2026-11-27,17553809.954078868,17789402.8874122
2026-08,mobile,p,2026-11-28,17560721.815856133,17798328.36400428
2026-08,mobile,p,2026-11-29,17568726.541039016,17808346.704001978
2026-08,mobile,p,2026-11-30,17577380.6915252,17819014.469302975
2026-08,mobile,p,2026-12-01,17584697.74142131,17828345.134013902
2026-08,mobile,p,2026-12-02,17591174.745985188,17836835.753392596
2026-08,mobile,p,2026-12-03,17597354.343033236,17845028.965255458
2026-08,mobile,p,2026-12-04,17603362.867120113,17853051.10415715
2026-08,mobile,p,2026-12-05,17610997.309911676,17862699.161763526
2026-08,mobile,p,2026-12-06,17621071.636736188,17874787.103402853
2026-08,mobile,p,2026-12-07,17629636.02879406,17885365.110275544
2026-08,mobile,p,2026-12-08,17636111.4980179,17893854.194314197
2026-08,mobile,p,2026-12-09,17640821.048225794,17900577.359336905
2026-08,mobile,p,2026-12-10,17644465.261713028,17906235.187638953
2026-08,mobile,p,2026-12-11,17648398.970330376,17912182.511071116
2026-08,mobile,p,2026-12-12,17651124.160303984,17916921.315859538
2026-08,mobile,p,2026-12-13,17652405.242638387,17920216.01300876
2026-08,mobile,p,2026-12-14,17653745.98115052,17923570.366335705
2026-08,mobile,p,2026-12-15,17652723.940824326,17924561.940824326
2026-08,mobile,p,2026-12-16,17651164.41115964,17925016.025974452
2026-08,mobile,p,2026-12-17,17648284.53012782,17924149.759757448
2026-08,mobile,p,2026-12-18,17645598.39777831,17923477.242222756
2026-08,mobile,p,2026-12-19,17640675.76381045,17920568.22306971
2026-08,mobile,p,2026-12-20,17633343.15507518,17915249.229149256
2026-08,mobile,p,2026-12-21,17625616.33953204,17909536.02842093
2026-08,mobile,p,2026-12-22,17615093.018300015,17901026.32200372
2026-08,mobile,p,2026-12-23,17606226.98688334,17894173.905401856
2026-08,mobile,p,2026-12-24,17584692.884622052,17874653.417955387
2026-08,mobile,p,2026-12-25,17550080.015990235,17842054.164138384
2026-08,mobile,p,2026-12-26,17537262.329264272,17831250.092227235
2026-08,mobile,p,2026-12-27,17526805.058507353,17822806.43628513
2026-08,mobile,p,2026-12-28,17516851.616708487,17814866.60930108
2026-08,mobile,p,2026-12-29,17506202.114957467,17806230.722364873
2026-08,mobile,p,2026-12-30,17494377.965934355,17796420.18815658
2026-08,mobile,p,2026-12-31,17477899.77394296,17781955.610979997
2026-08,mobile,p,2027-01-01,17459515.786684956,17765585.23853681
2026-08,mobile,p,2027-01-02,17451685.214004096,17759768.280670762
2026-08,mobile,p,2027-01-03,17442993.46171905,17753090.14320053
2026-08,mobile,p,2027-01-04,17435861.01215957,17747971.308455866
2026-08,mobile,p,2027-01-05,17427730.706876762,17741854.617987875
2026-08,mobile,p,2027-01-06,17423348.3978369,17739485.923762828
2026-08,mobile,p,2027-01-07,17419140.96458555,17737292.10532629
2026-08,mobile,p,2027-01-08,17415713.484641194,17735878.24019675
2026-08,mobile,p,2027-01-09,17414203.707718857,17736382.078089226
2026-08,mobile,p,2027-01-10,17415015.914609972,17739207.899795156
2026-08,mobile,p,2027-01-11,17415843.828072485,17742049.428072486
2026-08,mobile,p,2027-01-12,17419240.466808513,17747459.68162333
2026-08,mobile,p,2027-01-13,17424039.782175075,17754272.611804705
2026-08,mobile,p,2027-01-14,17429182.53324907,17761428.977693513
2026-08,mobile,p,2027-01-15,17435768.73908184,17770028.7983411
2026-08,mobile,p,2027-01-16,17443453.8712524,17779727.54532647
2026-08,mobile,p,2027-01-17,17454233.301263012,17792520.590151902
2026-08,mobile,p,2027-01-18,17465259.87487445,17805560.778578155
2026-08,mobile,p,2027-01-19,17479632.139228527,17821946.657747045
2026-08,mobile,p,2027-01-20,17492553.137278195,17836881.27061153
2026-08,mobile,p,2027-01-21,17517105.971634712,17863447.71978286
2026-08,mobile,p,2027-01-22,17554570.540638454,17902925.903601415
2026-08,mobile,p,2027-01-23,17570124.44907271,17920493.42685049
2026-08,mobile,p,2027-01-24,17583858.32353067,17936240.916123264
2026-08,mobile,p,2027-01-25,17597635.222818706,17952031.430226114
2026-08,mobile,p,2027-01-26,17610576.759671923,17966986.581894144
2026-08,mobile,p,2027-01-27,17626246.839037668,17984670.276074704
2026-08,mobile,p,2027-01-28,17646912.083673663,18007349.135525517
2026-08,mobile,p,2027-01-29,17671640.18294708,18034090.84961375
2026-08,mobile,p,2027-01-30,17685515.93464183,18049980.216123313
2026-08,mobile,p,2027-01-31,17701352.208162338,18067830.104458634
2026-08,mobile,p,2027-02-01,17712025.75740232,18080517.26851343
2026-08,mobile,p,2027-02-02,17725104.541507516,18095609.66743344
2026-08,mobile,p,2027-02-03,17733218.895415418,18105737.63615616
2026-08,mobile,p,2027-02-04,17742893.564577635,18117425.920133192
2026-08,mobile,p,2027-02-05,17751709.686060976,18128255.656431347
2026-08,mobile,p,2027-02-06,17759693.372244127,18138252.957429312
2026-08,mobile,p,2027-02-07,17767011.604752365,18147584.804752365
2026-08,mobile,p,2027-02-08,17769106.735392068,18151693.55020688
2026-08,mobile,p,2027-02-09,17770547.6656108,18155148.095240433
2026-08,mobile,p,2027-02-10,17770209.934269335,18156823.97871378
2026-08,mobile,p,2027-02-11,17772112.16648828,18160739.82574754
2026-08,mobile,p,2027-02-12,17776542.771765012,18167184.045839086
2026-08,mobile,p,2027-02-13,17784446.01286129,18177100.901750177
2026-08,mobile,p,2027-02-14,17787311.094705973,18181979.598409675
2026-08,mobile,p,2027-02-15,17789770.89545898,18186453.0139775
2026-08,mobile,p,2027-02-16,17794462.352255102,18193158.085588437
2026-08,mobile,p,2027-02-17,17798507.99214324,18199217.34029139
2026-08,mobile,p,2027-02-18,17804176.438703474,18206899.401666436
2026-08,mobile,p,2027-02-19,17808941.641036436,18213678.218814213
2026-08,mobile,p,2027-02-20,17816718.331724025,18223468.524316616
2026-08,mobile,p,2027-02-21,17821157.034025334,18229920.841432743
2026-08,mobile,p,2027-02-22,17826643.767454635,18237421.18967686
2026-08,mobile,p,2027-02-23,17833537.145550434,18246328.18258747
2026-08,mobile,p,2027-02-24,17839270.40029154,18254075.05214339
2026-08,mobile,p,2027-02-25,17843957.71319189,18260775.979858555
2026-08,mobile,p,2027-02-26,17846959.95917074,18265791.84065222
2026-08,mobile,p,2027-02-27,17850596.66506243,18271442.16135873
2026-08,mobile,p,2027-02-28,17849911.63033052,18272770.741441634
2026-08,mobile,p,2027-03-01,17856185.25936978,18281057.985295705
2026-08,mobile,p,2027-03-02,17861828.430386566,18288714.771127306
2026-08,mobile,p,2027-03-03,17868274.85636981,18297174.811925363
2026-08,mobile,p,2027-03-04,17872688.468725022,18303602.03909539
2026-08,mobile,p,2027-03-05,17878294.39552306,18311221.580708247
2026-08,mobile,p,2027-03-06,17881239.777794093,18316180.577794094
2026-08,mobile,p,2027-03-07,17884600.72151535,18321555.136330165
2026-08,mobile,p,2027-03-08,17891915.659534555,18330883.689164184
2026-08,mobile,p,2027-03-09,17895027.815102763,18336009.459547207
2026-08,mobile,p,2027-03-10,17899262.78495187,18342258.044211127
2026-08,mobile,p,2027-03-11,17904570.94382557,18349579.817899644
2026-08,mobile,p,2027-03-12,17906889.137331743,18353911.626220632
2026-08,mobile,p,2027-03-13,17906160.19361534,18355196.297319043
2026-08,mobile,p,2027-03-14,17908807.33254585,18359857.05106437
2026-08,mobile,p,2027-03-15,17910958.388102423,18364021.721435755
2026-08,mobile,p,2027-03-16,17911281.762691315,18366358.710839465
2026-08,mobile,p,2027-03-17,17912536.326118317,18369626.88908128
2026-08,mobile,p,2027-03-18,17912031.815519273,18371135.99329705
2026-08,mobile,p,2027-03-19,17910919.840405,18372037.63299759
2026-08,mobile,p,2027-03-20,17905829.283552345,18368960.69095975
2026-08,mobile,p,2027-03-21,17900837.801626433,18365982.823848654
2026-08,mobile,p,2027-03-22,17891297.77530844,18358456.41234548
2026-08,mobile,p,2027-03-23,17882580.694060348,18351752.9459122
2026-08,mobile,p,2027-03-24,17875966.02507418,18347151.891740847
2026-08,mobile,p,2027-03-25,17871300.04689578,18344499.52837726
2026-08,mobile,p,2027-03-26,17860988.99144468,18336202.087740976
2026-08,mobile,p,2027-03-27,17855493.352583703,18332720.063694812
2026-08,mobile,p,2027-03-28,17852940.33421116,18332180.660137087
2026-08,mobile,p,2027-03-29,17845403.27325858,18326657.213999324
2026-08,mobile,p,2027-03-30,17840845.963446226,18324113.519001782
2026-08,mobile,p,2027-03-31,17837075.742064286,18322356.912434656
2026-08,mobile,p,2027-04-01,17833670.77485833,18320965.560043514
2026-08,mobile,p,2027-04-02,17826630.090865232,18315938.49086523
2026-08,mobile,p,2027-04-03,17826939.252309192,18318261.26712401
2026-08,mobile,p,2027-04-04,17827361.750488397,18320697.380118027
2026-08,mobile,p,2027-04-05,17829854.90927569,18325204.153720133
2026-08,mobile,p,2027-04-06,17836461.141471945,18333824.000731204
2026-08,mobile,p,2027-04-07,17842513.189858086,18341889.66393216
2026-08,mobile,p,2027-04-08,17846571.813785717,18347961.902674604
2026-08,mobile,p,2027-04-09,17850072.77159245,18353476.475296155
2026-08,mobile,p,2027-04-10,17852867.90367236,18358285.22219088
2026-08,mobile,p,2027-04-11,17856171.310957465,18363602.2442908
2026-08,mobile,p,2027-04-12,17859241.39683566,18368685.944983806
2026-08,mobile,p,2027-04-13,17862522.695159264,18373980.858122226
2026-08,mobile,p,2027-04-14,17865215.17345943,18378686.951237205
2026-08,mobile,p,2027-04-15,17867947.599936493,18383432.992529087
2026-08,mobile,p,2027-04-16,17872046.0618139,18389545.069221307
2026-08,mobile,p,2027-04-17,17877691.127766233,18397203.749988455
2026-08,mobile,p,2027-04-18,17885735.502900325,18407261.73993736
2026-08,mobile,p,2027-04-19,17895971.50459665,18419511.3564485
2026-08,mobile,p,2027-04-20,17905725.588616308,18431279.055282973
2026-08,mobile,p,2027-04-21,17912482.0598905,18440049.141371984
2026-08,mobile,p,2027-04-22,17919449.846423883,18449030.54272018
2026-08,mobile,p,2027-04-23,17931674.92977213,18463269.240883242
2026-08,mobile,p,2027-04-24,17938618.507154707,18472226.433080632
2026-08,mobile,p,2027-04-25,17946287.65955737,18481909.20029811
2026-08,mobile,p,2027-04-26,17955363.16487352,18492998.320429076
2026-08,mobile,p,2027-04-27,17962267.65504343,18501916.425413802
2026-08,mobile,p,2027-04-28,17968098.56243153,18509760.947616715
2026-08,mobile,p,2027-04-29,17974703.01800389,18518379.01800389
2026-08,mobile,p,2027-04-30,17984934.68403306,18530624.298847873
2026-08,mobile,p,2027-05-01,17982591.41513649,18530294.64476612
2026-08,mobile,p,2027-05-02,17985137.858200092,18534854.702644538
2026-08,mobile,p,2027-05-03,17987729.404643435,18539459.863902695
2026-08,mobile,p,2027-05-04,17988889.511086892,18542633.585160967
2026-08,mobile,p,2027-05-05,17989216.612360455,18544974.301249344
2026-08,mobile,p,2027-05-06,17988481.048615955,18546252.352319658
2026-08,mobile,p,2027-05-07,17990364.615533456,18550149.534051973
2026-08,mobile,p,2027-05-08,17992974.14836015,18554772.681693487
2026-08,mobile,p,2027-05-09,17995675.447874606,18559487.596022755
2026-08,mobile,p,2027-05-10,17999399.781410687,18565225.54437365
2026-08,mobile,p,2027-05-11,18000804.247682437,18568643.625460215
2026-08,mobile,p,2027-05-12,18000930.443151064,18570783.435743656
2026-08,mobile,p,2027-05-13,18004120.280971278,18575986.888378683
2026-08,mobile,p,2027-05-14,18007125.984642297,18581006.20686452
2026-08,mobile,p,2027-05-15,18009344.477183964,18585238.314221002
2026-08,mobile,p,2027-05-16,18008498.47280178,18586405.92465363
2026-08,mobile,p,2027-05-17,18010094.32028011,18590015.386946775
2026-08,mobile,p,2027-05-18,18010729.09300374,18592663.77448522
2026-08,mobile,p,2027-05-19,18010410.6492895,18594358.945585795
2026-08,mobile,p,2027-05-20,18013252.16586902,18599214.076980133
2026-08,mobile,p,2027-05-21,18016285.94519601,18604261.471121937
2026-08,mobile,p,2027-05-22,18019901.78455492,18609890.925295662
2026-08,mobile,p,2027-05-23,18023844.885229513,18615847.64078507
2026-08,mobile,p,2027-05-24,18028388.725225847,18622405.095596217
2026-08,mobile,p,2027-05-25,18031515.55713986,18627545.542325042
2026-08,mobile,p,2027-05-26,18033256.880179215,18631300.480179217
2026-08,mobile,p,2027-05-27,18037651.924113613,18637709.13892843
2026-08,mobile,p,2027-05-28,18041786.548707392,18643857.378337022
2026-08,mobile,p,2027-05-29,18053691.48704337,18657775.931487814
2026-08,mobile,p,2027-05-30,18060634.367841393,18666732.42710065
2026-08,mobile,p,2027-05-31,18066230.294060223,18674341.968134295
2026-08,mobile,p,2027-06-01,18072242.900472265,18682368.189361155
2026-08,mobile,p,2027-06-02,18078985.879790913,18691124.783494618
2026-08,mobile,p,2027-06-03,18088345.50001322,18702498.01853174
2026-08,mobile,p,2027-06-04,18093024.769269153,18709190.902602486
2026-08,mobile,p,2027-06-05,18096520.002669014,18714699.75081716
2026-08,mobile,p,2027-06-06,18102061.893612515,18722255.256575476
2026-08,mobile,p,2027-06-07,18108367.455030162,18730574.43280794
2026-08,mobile,p,2027-06-08,18114738.585894357,18738959.17848695
2026-08,mobile,p,2027-06-09,18124918.40398765,18751152.611395057
2026-08,mobile,p,2027-06-10,18132765.470620774,18761013.292842995
2026-08,mobile,p,2027-06-11,18139566.042795915,18769827.47983295
2026-08,mobile,p,2027-06-12,18147161.162085388,18779436.213937238
2026-08,mobile,p,2027-06-13,18156606.50492782,18790895.17159449
2026-08,mobile,p,2027-06-14,18161891.272246446,18798193.55372793
2026-08,mobile,p,2027-06-15,18167341.354721803,18805657.2510181
2026-08,mobile,p,2027-06-16,18178320.178977933,18818649.690089043
2026-08,mobile,p,2027-06-17,18184870.419066265,18827213.54499219
2026-08,mobile,p,2027-06-18,18190577.935449906,18834934.67619065
2026-08,mobile,p,2027-06-19,18197092.038411558,18843462.393967114
2026-08,mobile,p,2027-06-20,18202271.226802867,18850655.197173238
2026-08,mobile,p,2027-06-21,18209303.048067756,18859700.63325294
2026-08,mobile,p,2027-06-22,18216938.30589881,18869349.50589881
2026-08,mobile,p,2027-06-23,18225999.336073335,18880424.15088815
2026-08,mobile,p,2027-06-24,18231224.087802622,18887662.517432254
2026-08,mobile,p,2027-06-25,18237099.47864004,18895551.523084484
2026-08,mobile,p,2027-06-26,18242112.12813983,18902577.78739909
2026-08,mobile,p,2027-06-27,18246025.897680048,18908505.17175412
2026-08,mobile,p,2027-06-28,18249951.816090852,18914444.70497974
2026-08,mobile,p,2027-06-29,18255343.251488596,18921849.7551923
2026-08,mobile,p,2027-06-30,18260209.579457175,18928729.697975695
2026-08,mobile,p,2027-07-01,18262628.893980704,18933162.62731404
2026-08,mobile,p,2027-07-02,18267663.72118556,18940211.06933371
2026-08,mobile,p,2027-07-03,18272553.359698404,18947114.322661366
2026-08,mobile,p,2027-07-04,18275657.467769213,18952232.04554699
2026-08,mobile,p,2027-07-05,18277339.318127178,18955927.51071977
2026-08,mobile,p,2027-07-06,18279369.942512214,18959971.749919623
2026-08,mobile,p,2027-07-07,18279847.483284194,18962462.905506417
2026-08,mobile,p,2027-07-08,18280256.48706769,18964885.524104726
2026-08,mobile,p,2027-07-09,18281070.96137254,18967713.61322439
2026-08,mobile,p,2027-07-10,18281709.40633112,18970365.672997784
2026-08,mobile,p,2027-07-11,18283677.71650548,18974347.59798696
2026-08,mobile,p,2027-07-12,18287347.08221673,18980030.578513026
2026-08,mobile,p,2027-07-13,18291966.553740676,18986663.66485179
2026-08,mobile,p,2027-07-14,18292132.965990245,18988843.69191617
2026-08,mobile,p,2027-07-15,18293111.53165141,18991835.87239215
2026-08,mobile,p,2027-07-16,18294756.059641916,18995494.01519747
2026-08,mobile,p,2027-07-17,18294934.140268248,18997685.710638616
2026-08,mobile,p,2027-07-18,18296120.7600173,19000885.945202485
2026-08,mobile,p,2027-07-19,18295728.619837873,19002507.419837873
2026-08,mobile,p,2027-07-20,18293413.70279904,19002206.117613856
2026-08,mobile,p,2027-07-21,18291960.467001762,19002766.49663139
2026-08,mobile,p,2027-07-22,18291767.79376625,19004587.438210692
2026-08,mobile,p,2027-07-23,18290616.21825836,19005449.477517616
2026-08,mobile,p,2027-07-24,18286947.156393476,19003794.03046755
2026-08,mobile,p,2027-07-25,18286090.61774037,19004951.10662926
2026-08,mobile,p,2027-07-26,18284866.414093543,19005740.517797247
2026-08,mobile,p,2027-07-27,18283637.68550747,19006525.404025987
2026-08,mobile,p,2027-07-28,18281435.241605215,19006336.574938547
2026-08,mobile,p,2027-07-29,18280756.457774933,19007671.405923083
2026-08,mobile,p,2027-07-30,18280348.683471024,19009277.24643399
2026-08,mobile,p,2027-07-31,18279135.21626908,19010077.394046858
2026-08,mobile,p,2027-08-01,18277160.66262316,19010116.455215752
2026-08,mobile,p,2027-08-02,18273931.76295121,19008901.170358617
2026-08,mobile,p,2027-08-03,18271331.30516384,19008314.327386063
2026-08,mobile,p,2027-08-04,18270404.62399052,19009401.26102756
2026-08,mobile,p,2027-08-05,18268224.08779422,19009234.33964607
2026-08,mobile,p,2027-08-06,18268061.74093237,19011085.60759904
2026-08,mobile,p,2027-08-07,18268401.60592895,19013439.08741043
2026-08,mobile,p,2027-08-08,18268159.155205276,19015210.25150157
2026-08,mobile,p,2027-08-09,18269398.7208111,19018463.43192221
2026-08,mobile,p,2027-08-10,18268454.39334289,19019532.719268817
2026-08,mobile,p,2027-08-11,18268926.39216816,19022018.332908902
2026-08,mobile,p,2027-08-12,18270611.53055818,19025717.086113736
2026-08,mobile,p,2027-08-13,18271770.02641342,19028889.19678379
2026-08,mobile,p,2027-08-14,18273343.766883932,19032476.552069116
2026-08,mobile,p,2027-08-15,18273278.466629755,19034424.866629753
2026-08,mobile,p,2027-08-16,18275165.905881595,19038325.92069641
2026-08,mobile,p,2027-08-17,18277336.48045439,19042510.11008402
2026-08,mobile,p,2027-08-18,18280386.659027856,19047573.9034723
2026-08,mobile,p,2027-08-19,18281019.44078258,19050220.30004184
2026-08,mobile,p,2027-08-20,18283617.207292188,19054831.68136626
2026-08,mobile,p,2027-08-21,18291155.983175375,19064384.072064262
2026-08,mobile,p,2027-08-22,18295641.26389021,19070882.967593916
2026-08,mobile,p,2027-08-23,18301667.348063674,19078922.666582193
2026-08,mobile,p,2027-08-24,18305725.638611462,19084994.571944796
2026-08,mobile,p,2027-08-25,18312165.874002557,19093448.422150705
2026-08,mobile,p,2027-08-26,18318545.355539147,19101841.51850211
2026-08,mobile,p,2027-08-27,18323286.614291906,19108596.392069682
2026-08,mobile,p,2027-08-28,18329454.006342668,19116777.398935262
2026-08,mobile,p,2027-08-29,18336008.647492584,19125345.654899992
2026-08,mobile,p,2027-08-30,18344777.37018488,19136127.992407102
2026-08,mobile,p,2027-08-31,18355168.949801777,19148533.186838813
2026-08,mobile,p,2027-09-01,18362684.78340209,19158062.63525394
2026-08,mobile,p,2027-09-02,18371652.73056442,19169044.197231084
2026-08,mobile,p,2027-09-03,18379873.726698656,19179278.80818014
2026-08,mobile,p,2027-09-04,18386817.760287937,19188236.456584234
2026-08,mobile,p,2027-09-05,18393732.68490768,19197164.99601879
2026-08,mobile,p,2027-09-06,18402315.70393344,19207761.629859366
2026-08,mobile,p,2027-09-07,18411511.899925623,19218971.440666363
2026-08,mobile,p,2027-09-08,18420417.67649983,19229890.832055382
2026-08,mobile,p,2027-09-09,18427921.065065324,19239407.835435696
2026-08,mobile,p,2027-09-10,18435947.729612272,19249448.114797458
2026-08,mobile,p,2027-09-11,18444295.13166686,19259809.13166686
2026-08,mobile,p,2027-09-12,18454429.779081758,19271957.393896572
2026-08,mobile,p,2027-09-13,18461565.463832635,19281106.693462264
2026-08,mobile,p,2027-09-14,18471047.284198053,19292602.1286425
2026-08,mobile,p,2027-09-15,18479437.89227758,19303006.35153684
2026-08,mobile,p,2027-09-16,18490459.11728642,19316041.191360496
2026-08,mobile,p,2027-09-17,18498541.9906168,19326137.679505687
2026-08,mobile,p,2027-09-18,18506307.788377903,19335917.092081606
2026-08,mobile,p,2027-09-19,18513430.281456754,19345053.19997527
2026-08,mobile,p,2027-09-20,18519457.923741005,19353094.45707434
2026-08,mobile,p,2027-09-21,18527299.79022522,19362949.93837337
2026-08,mobile,p,2027-09-22,18533828.06759553,19371491.830558494
2026-08,mobile,p,2027-09-23,18540583.099062655,19380260.476840433
2026-08,mobile,p,2027-09-24,18547751.754626684,19389442.747219276
2026-08,mobile,p,2027-09-25,18555646.82549178,19399351.432899185
2026-08,mobile,p,2027-09-26,18563116.49365298,19408834.715875205
2026-08,mobile,p,2027-09-27,18569050.078771226,19416781.915808264
2026-08,mobile,p,2027-09-28,18574000.17591509,19423745.62776694
2026-08,mobile,p,2027-09-29,18578928.231912926,19430687.298579592
2026-08,mobile,p,2027-09-30,18582947.27124737,19436719.95272885
2026-08,mobile,p,2027-10-01,18584747.234484844,19440533.53078114
2026-08,mobile,p,2027-10-02,18587426.29310929,19445226.204220403
2026-08,mobile,p,2027-10-03,18592431.382984202,19452244.90891013
2026-08,mobile,p,2027-10-04,18594389.586544335,19456216.727285076
2026-08,mobile,p,2027-10-05,18597590.099518176,19461430.85507373
2026-08,mobile,p,2027-10-06,18598218.18128243,19464072.5516528
2026-08,mobile,p,2027-10-07,18600110.827465665,19467978.81265085
2026-08,mobile,p,2027-10-08,18599726.63511749,19469608.23511749
2026-08,mobile,p,2027-10-09,18600265.425129563,19472160.63994438
2026-08,mobile,p,2027-10-10,18601331.234060597,19475240.063690227
2026-08,mobile,p,2027-10-11,18603521.405080743,19479443.849525187
2026-08,mobile,p,2027-10-12,18604627.595676135,19482563.654935393
2026-08,mobile,p,2027-10-13,18607480.84040743,19487430.514481504
2026-08,mobile,p,2027-10-14,18607807.953806438,19489771.242695328
2026-08,mobile,p,2027-10-15,18611296.47829399,19495273.381997693
2026-08,mobile,p,2027-10-16,18612185.840683702,19498176.35920222
2026-08,mobile,p,2027-10-17,18615014.60400345,19503018.737336785
2026-08,mobile,p,2027-10-18,18617513.201454353,19507530.9496025
2026-08,mobile,p,2027-10-19,18620229.772105057,19512261.135068018
2026-08,mobile,p,2027-10-20,18623613.42320313,19517658.40098091
2026-08,mobile,p,2027-10-21,18625410.557344027,19521469.14993662
2026-08,mobile,p,2027-10-22,18628405.76794326,19526477.975350667
2026-08,mobile,p,2027-10-23,18628875.53712278,19528961.359345
2026-08,mobile,p,2027-10-24,18630971.95968389,19533071.396720927
2026-08,mobile,p,2027-10-25,18633687.826110426,19537800.877962276
2026-08,mobile,p,2027-10-26,18635327.50990404,19541454.176570706
2026-08,mobile,p,2027-10-27,18638750.54948236,19546890.830963843
2026-08,mobile,p,2027-10-28,18639738.539205194,19549892.43550149
2026-08,mobile,p,2027-10-29,18638859.104197647,19551026.615308758
2026-08,mobile,p,2027-10-30,18641071.59175969,19555252.717685614
2026-08,mobile,p,2027-10-31,18641119.478716835,19557314.219457578
2026-08,mobile,p,2027-11-01,18642608.810651027,19560817.166206583
2026-08,mobile,p,2027-11-02,18643491.417664543,19563713.388034914
2026-08,mobile,p,2027-11-03,18649937.40885202,19572172.994037203
2026-08,mobile,p,2027-11-04,18652113.240924224,19576362.440924224
2026-08,mobile,p,2027-11-05,18657583.35626094,19583846.171075754
2026-08,mobile,p,2027-11-06,18662517.437672343,19590793.867301974
2026-08,mobile,p,2027-11-07,18666718.77533355,19597008.819777995
2026-08,mobile,p,2027-11-08,18669412.56404328,19601716.22330254
2026-08,mobile,p,2027-11-09,18674570.404367182,19608887.678441256
2026-08,mobile,p,2027-11-10,18676634.21251975,19612965.101408638
2026-08,mobile,p,2027-11-11,18681958.244693864,19620302.748397566
2026-08,mobile,p,2027-11-12,18685077.28345657,19625435.40197509
2026-08,mobile,p,2027-11-13,18688654.613008868,19631026.346342202
2026-08,mobile,p,2027-11-14,18692148.350575842,19636533.69872399
2026-08,mobile,p,2027-11-15,18695190.59077708,19641589.553740043
2026-08,mobile,p,2027-11-16,18696861.458580375,19645274.03635815
2026-08,mobile,p,2027-11-17,18700137.79562629,19650563.98821888
2026-08,mobile,p,2027-11-18,18704032.521526333,19656472.328933742
2026-08,mobile,p,2027-11-19,18706912.65222286,19661366.074445084
2026-08,mobile,p,2027-11-20,18712494.673680093,19668961.71071713
2026-08,mobile,p,2027-11-21,18718001.585726395,19676482.237578247
2026-08,mobile,p,2027-11-22,18721687.818001848,19682182.084668513
2026-08,mobile,p,2027-11-23,18727422.88180085,19689930.76328233
2026-08,mobile,p,2027-11-24,18731616.59170102,19696138.087997317
2026-08,mobile,p,2027-11-25,18739994.831832588,19706529.9429437
2026-08,mobile,p,2027-11-26,18752538.24911115,19721086.975037076
2026-08,mobile,p,2027-11-27,18760996.676273827,19731559.017014567
2026-08,mobile,p,2027-11-28,18770330.18790508,19742906.143460635
2026-08,mobile,p,2027-11-29,18778314.674630802,19752904.24500117
2026-08,mobile,p,2027-11-30,18787074.825883817,19763678.011069003
2026-08,mobile,p,2027-12-01,18791898.86099562,19770515.66099562
2026-08,mobile,p,2027-12-02,18799060.816201113,19779691.231015928
2026-08,mobile,p,2027-12-03,18805615.28861471,19788259.318244338
2026-08,mobile,p,2027-12-04,18811848.805167012,19796506.449611455
2026-08,mobile,p,2027-12-05,18817337.342738375,19804008.601997636
2026-08,mobile,p,2027-12-06,18823864.741947826,19812549.6160219
2026-08,mobile,p,2027-12-07,18827280.294857904,19817978.783746794
2026-08,mobile,p,2027-12-08,18832992.912078567,19825705.01578227
2026-08,mobile,p,2027-12-09,18834192.84473574,19828918.56325426
2026-08,mobile,p,2027-12-10,18836094.782557853,19832834.115891185
2026-08,mobile,p,2027-12-11,18835249.392631385,19834002.340779535
2026-08,mobile,p,2027-12-12,18836007.23171288,19836773.794675846
2026-08,mobile,p,2027-12-13,18835730.39390621,19838510.571683988
2026-08,mobile,p,2027-12-14,18836127.951076414,19840921.743669007
2026-08,mobile,p,2027-12-15,18834406.268924586,19841213.676331993
2026-08,mobile,p,2027-12-16,18831144.899155285,19839965.921377506
2026-08,mobile,p,2027-12-17,18829215.433396313,19840050.070433352
2026-08,mobile,p,2027-12-18,18825000.500320353,19837848.752172206
2026-08,mobile,p,2027-12-19,18819920.597016327,19834782.463682994
2026-08,mobile,p,2027-12-20,18814538.371899996,19831413.853381477
2026-08,mobile,p,2027-12-21,18807896.614213534,19826785.71050983
2026-08,mobile,p,2027-12-22,18798703.859463833,19819606.570574943
2026-08,mobile,p,2027-12-23,18787200.05471846,19810116.38064439
2026-08,mobile,p,2027-12-24,18760919.771583475,19785849.712324217
2026-08,mobile,p,2027-12-25,18729011.0176961,19755954.573251657
2026-08,mobile,p,2027-12-26,18713417.852110896,19742375.022481266
2026-08,mobile,p,2027-12-27,18703486.8002567,19734457.585441884
2026-08,mobile,p,2027-12-28,18692449.481330935,19725433.881330933
2026-08,mobile,p,2027-12-29,18683079.302001942,19718077.31681676
2026-08,mobile,p,2027-12-30,18673015.470871326,19710027.100500956
2026-08,mobile,p,2027-12-31,18659590.43962525,19698615.684069693
