cycle,platform,label,date,ma28_no_display_layer,ma28_with_display_layer
2026-09,desktop,raw,2026-09-09,47322977.519321255,47322977.519321255
2026-09,desktop,raw,2026-09-10,47506207.197455905,47495719.80570333
2026-09,desktop,raw,2026-09-11,47663980.82188288,47643006.038377725
2026-09,desktop,raw,2026-09-12,47781001.363080025,47749539.18782229
2026-09,desktop,raw,2026-09-13,47853711.68222338,47811762.115213074
2026-09,desktop,raw,2026-09-14,48028489.026866816,47976052.06810393
2026-09,desktop,raw,2026-09-15,48172910.29665886,48109985.946143396
2026-09,desktop,raw,2026-09-16,48289145.971950114,48215734.22968207
2026-09,desktop,raw,2026-09-17,48416122.00501743,48332222.87099681
2026-09,desktop,raw,2026-09-18,48517891.51735256,48423504.99157936
2026-09,desktop,raw,2026-09-19,48562785.52227008,48457911.60474431
2026-09,desktop,raw,2026-09-20,48615225.576213755,48499864.2669354
2026-09,desktop,raw,2026-09-21,48711500.5465877,48585651.84555677
2026-09,desktop,raw,2026-09-22,48863804.62122158,48727468.52843808
2026-09,desktop,raw,2026-09-23,48993800.23336644,48846976.748830356
2026-09,desktop,raw,2026-09-24,49104495.088719904,48947184.212431245
2026-09,desktop,raw,2026-09-25,49213386.307573885,49045588.03953265
2026-09,desktop,raw,2026-09-26,49257639.43518985,49079353.775396034
2026-09,desktop,raw,2026-09-27,49307588.35474403,49118815.30319764
2026-09,desktop,raw,2026-09-28,49342033.57411776,49142773.13081879
2026-09,desktop,raw,2026-09-29,49375801.70965862,49166053.87460708
2026-09,desktop,raw,2026-09-30,49365659.688157596,49145424.46135347
2026-09,desktop,raw,2026-10-01,49369648.40459623,49138925.78603953
2026-09,desktop,raw,2026-10-02,49359980.303643666,49118770.29333439
2026-09,desktop,raw,2026-10-03,49389550.59754762,49137853.19548576
2026-09,desktop,raw,2026-10-04,49417533.72373162,49155348.92991719
2026-09,desktop,raw,2026-10-05,49510926.702001564,49238254.51643455
2026-09,desktop,raw,2026-10-06,49516962.70383132,49233803.12651174
2026-09,desktop,raw,2026-10-07,49525739.137276426,49232092.16820426
2026-09,desktop,raw,2026-10-08,49534754.12971247,49230619.76888773
2026-09,desktop,raw,2026-10-09,49552459.351025805,49237837.598448485
2026-09,desktop,raw,2026-10-10,49562545.48467896,49237436.34034906
2026-09,desktop,raw,2026-10-11,49569103.001835585,49233506.46575311
2026-09,desktop,raw,2026-10-12,49504574.60745191,49158490.67961685
2026-09,desktop,raw,2026-10-13,49514834.27272455,49158262.95313692
2026-09,desktop,raw,2026-10-14,49543791.463494256,49176732.75215405
2026-09,desktop,raw,2026-10-15,49563577.91758191,49186031.814489126
2026-09,desktop,raw,2026-10-16,49578230.647172466,49190197.152327105
2026-09,desktop,raw,2026-10-17,49587319.901868224,49188799.015270285
2026-09,desktop,raw,2026-10-18,49594571.881203875,49185563.60285336
2026-09,desktop,raw,2026-10-19,49598604.26033311,49179108.59023002
2026-09,desktop,raw,2026-10-20,49574525.10439334,49144542.04253767
2026-09,desktop,raw,2026-10-21,49576744.99775954,49136274.5441513
2026-09,desktop,raw,2026-10-22,49579184.80070291,49128226.955342084
2026-09,desktop,raw,2026-10-23,49592648.10064971,49131202.863536306
2026-09,desktop,raw,2026-10-24,49591297.15996231,49119364.53109633
2026-09,desktop,raw,2026-10-25,49591802.58782012,49109382.56720156
2026-09,desktop,raw,2026-10-26,49592042.17735241,49099134.76498128
2026-09,desktop,raw,2026-10-27,49598372.71365153,49094977.909527816
2026-09,desktop,raw,2026-10-28,49598900.42222128,49085018.226344995
2026-09,desktop,raw,2026-10-29,49612429.243254654,49088059.65562579
2026-09,desktop,raw,2026-10-30,49664867.85761386,49130010.87823242
2026-09,desktop,raw,2026-10-31,49672483.24241968,49127138.87128566
2026-09,desktop,raw,2026-11-01,49583838.01047051,49028006.24758391
2026-09,desktop,raw,2026-11-02,49572125.74643563,49005806.59179645
2026-09,desktop,raw,2026-11-03,49588978.27130113,49012171.72490937
2026-09,desktop,raw,2026-11-04,49606234.87253747,49018940.93439314
2026-09,desktop,raw,2026-11-05,49636466.45893692,49038685.12904002
2026-09,desktop,raw,2026-11-06,49648090.32567627,49039821.60402679
2026-09,desktop,raw,2026-11-07,49652374.77880877,49033618.66540671
2026-09,desktop,raw,2026-11-08,49649225.72025812,49019982.21510348
2026-09,desktop,raw,2026-11-09,49734650.02987529,49094919.132968076
2026-09,desktop,raw,2026-11-10,49733810.43869152,49083592.15003172
2026-09,desktop,raw,2026-11-11,49681368.503582574,49020662.8231702
2026-09,desktop,raw,2026-11-12,49695855.08667237,49024662.01450743
2026-09,desktop,raw,2026-11-13,49709550.67414815,49027870.210230626
2026-09,desktop,raw,2026-11-14,49726369.263882115,49034201.40821201
2026-09,desktop,raw,2026-11-15,49732921.625531375,49030266.378108695
2026-09,desktop,raw,2026-11-16,49762378.97314332,49049236.33396806
2026-09,desktop,raw,2026-11-17,49826486.28966884,49102856.258741006
2026-09,desktop,raw,2026-11-18,49865124.676385105,49131007.25370469
2026-09,desktop,raw,2026-11-19,49902256.688431226,49157651.87399824
2026-09,desktop,raw,2026-11-20,49892196.79846289,49137104.592277326
2026-09,desktop,raw,2026-11-21,49915108.678740606,49149529.08080246
2026-09,desktop,raw,2026-11-22,49937479.94667759,49161412.95698687
2026-09,desktop,raw,2026-11-23,49949863.3177772,49163308.9363339
2026-09,desktop,raw,2026-11-24,49980758.96219963,49183717.18900375
2026-09,desktop,raw,2026-11-25,50008996.687904395,49201467.52295594
2026-09,desktop,raw,2026-11-26,49968974.604817204,49150958.04811617
2026-09,desktop,raw,2026-11-27,49910683.80976545,49082179.861311845
2026-09,desktop,raw,2026-11-28,49933565.61213262,49094574.27192643
2026-09,desktop,raw,2026-11-29,50051943.548989676,49202464.817030914
2026-09,desktop,raw,2026-11-30,50125806.68532909,49265840.56161775
2026-09,desktop,raw,2026-12-01,50168452.42409523,49297998.90863131
2026-09,desktop,raw,2026-12-02,50202008.533214875,49321067.62599838
2026-09,desktop,raw,2026-12-03,50222752.79025291,49331324.491283834
2026-09,desktop,raw,2026-12-04,50245940.86781241,49344025.177090764
2026-09,desktop,raw,2026-12-05,50264331.286702596,49351928.20422837
2026-09,desktop,raw,2026-12-06,50289689.20854904,49366798.734322235
2026-09,desktop,raw,2026-12-07,50317965.30684586,49384587.44086648
2026-09,desktop,raw,2026-12-08,50327758.912082575,49383893.654350616
2026-09,desktop,raw,2026-12-09,50392676.654829435,49438324.0053449
2026-09,desktop,raw,2026-12-10,50392167.55966585,49427327.518428735
2026-09,desktop,raw,2026-12-11,50385340.75900872,49410013.32601903
2026-09,desktop,raw,2026-12-12,50370070.599686936,49384255.77494467
2026-09,desktop,raw,2026-12-13,50369265.75383435,49372963.53733951
2026-09,desktop,raw,2026-12-14,50361502.66064362,49354713.0523962
2026-09,desktop,raw,2026-12-15,50326586.730094254,49309309.730094254
2026-09,desktop,raw,2026-12-16,50288384.15128802,49271107.15128802
2026-09,desktop,raw,2026-12-17,50250073.60911073,49232796.60911073
2026-09,desktop,raw,2026-12-18,50255739.11692216,49238462.11692216
2026-09,desktop,raw,2026-12-19,50210317.215471566,49193040.215471566
2026-09,desktop,raw,2026-12-20,50145009.05308934,49127732.05308934
2026-09,desktop,raw,2026-12-21,49967856.76557184,48950579.76557184
2026-09,desktop,raw,2026-12-22,49780989.34818344,48763712.34818344
2026-09,desktop,raw,2026-12-23,49546456.387237124,48529179.387237124
2026-09,desktop,raw,2026-12-24,49091320.63295264,48074043.63295264
2026-09,desktop,raw,2026-12-25,48363055.59804623,47345778.59804623
2026-09,desktop,raw,2026-12-26,48043529.70069419,47026252.70069419
2026-09,desktop,raw,2026-12-27,47804539.22446915,46787262.22446915
2026-09,desktop,raw,2026-12-28,47305924.625244595,46288647.625244595
2026-09,desktop,raw,2026-12-29,46967437.582240276,45950160.582240276
2026-09,desktop,raw,2026-12-30,46599984.03644655,45582707.03644655
2026-09,desktop,raw,2026-12-31,45970898.59941653,44953621.59941653
2026-09,desktop,raw,2027-01-01,45006811.67403654,43989534.67403654
2026-09,desktop,raw,2027-01-02,44757894.98002397,43740617.98002397
2026-09,desktop,raw,2027-01-03,44616028.331886835,43598751.331886835
2026-09,desktop,raw,2027-01-04,44412020.91479298,43394743.91479298
2026-09,desktop,raw,2027-01-05,44276785.244722314,43259508.244722314
2026-09,desktop,raw,2027-01-06,44099656.807727404,43082379.807727404
2026-09,desktop,raw,2027-01-07,44016172.67983188,42998895.67983188
2026-09,desktop,raw,2027-01-08,43977803.22124171,42960526.22124171
2026-09,desktop,raw,2027-01-09,43965502.09012426,42948225.09012426
2026-09,desktop,raw,2027-01-10,43955591.70444765,42938314.70444765
2026-09,desktop,raw,2027-01-11,43929409.73041348,42912132.73041348
2026-09,desktop,raw,2027-01-12,43940693.37410505,42923416.37410505
2026-09,desktop,raw,2027-01-13,43948899.694281116,42931622.694281116
2026-09,desktop,raw,2027-01-14,43945681.414455555,42928404.414455555
2026-09,desktop,raw,2027-01-15,43950009.43984568,42932732.43984568
2026-09,desktop,raw,2027-01-16,43984412.38098586,42967135.38098586
2026-09,desktop,raw,2027-01-17,44041177.296076365,43023900.296076365
2026-09,desktop,raw,2027-01-18,44181041.98613853,43163764.98613853
2026-09,desktop,raw,2027-01-19,44365352.28812284,43348075.28812284
2026-09,desktop,raw,2027-01-20,44616136.43527259,43598859.43527259
2026-09,desktop,raw,2027-01-21,45149401.91821517,44132124.91821517
2026-09,desktop,raw,2027-01-22,45972316.49526595,44955039.49526595
2026-09,desktop,raw,2027-01-23,46302679.44862344,45285402.44862344
2026-09,desktop,raw,2027-01-24,46540177.865579985,45522900.865579985
2026-09,desktop,raw,2027-01-25,47030823.02843184,46013546.02843184
2026-09,desktop,raw,2027-01-26,47337310.73492886,46320033.73492886
2026-09,desktop,raw,2027-01-27,47707744.577675045,46690467.577675045
2026-09,desktop,raw,2027-01-28,48332903.3932585,47315626.3932585
2026-09,desktop,raw,2027-01-29,49297480.68250038,48280203.68250038
2026-09,desktop,raw,2027-01-30,49547044.66491615,48529767.66491615
2026-09,desktop,raw,2027-01-31,49684540.151515976,48667263.151515976
2026-09,desktop,raw,2027-02-01,49868663.15734051,48851386.15734051
2026-09,desktop,raw,2027-02-02,49997424.77763473,48980147.77763473
2026-09,desktop,raw,2027-02-03,50152261.30959411,49134984.30959411
2026-09,desktop,raw,2027-02-04,50171204.70224964,49153927.70224964
2026-09,desktop,raw,2027-02-05,50115112.37726098,49097835.37726098
2026-09,desktop,raw,2027-02-06,50050377.50672121,49033100.50672121
2026-09,desktop,raw,2027-02-07,50005842.805383675,48988565.805383675
2026-09,desktop,raw,2027-02-08,49845123.39107946,48827846.39107946
2026-09,desktop,raw,2027-02-09,49683891.920156755,48666614.920156755
2026-09,desktop,raw,2027-02-10,49580490.708519675,48563213.708519675
2026-09,desktop,raw,2027-02-11,49499321.8319508,48482044.8319508
2026-09,desktop,raw,2027-02-12,49444499.87856335,48427222.87856335
2026-09,desktop,raw,2027-02-13,49404775.960886784,48387498.960886784
2026-09,desktop,raw,2027-02-14,49366248.14041873,48348971.14041873
2026-09,desktop,raw,2027-02-15,49292757.44466933,48275480.44466933
2026-09,desktop,raw,2027-02-16,49214698.32356654,48197421.32356654
2026-09,desktop,raw,2027-02-17,49137998.065952875,48120721.065952875
2026-09,desktop,raw,2027-02-18,49067829.286622785,48050552.286622785
2026-09,desktop,raw,2027-02-19,49017333.50280269,48000056.50280269
2026-09,desktop,raw,2027-02-20,48990936.14505154,47973659.14505154
2026-09,desktop,raw,2027-02-21,48958369.63853322,47941092.63853322
2026-09,desktop,raw,2027-02-22,48909067.5572324,47891790.5572324
2026-09,desktop,raw,2027-02-23,48868540.32441799,47851263.32441799
2026-09,desktop,raw,2027-02-24,48819213.21623112,47801936.21623112
2026-09,desktop,raw,2027-02-25,48780047.11213614,47762770.11213614
2026-09,desktop,raw,2027-02-26,48749073.366781875,47731796.366781875
2026-09,desktop,raw,2027-02-27,48723674.467308596,47706397.467308596
2026-09,desktop,raw,2027-02-28,48692289.278305754,47675012.278305754
2026-09,desktop,raw,2027-03-01,48696860.109353304,47679583.109353304
2026-09,desktop,raw,2027-03-02,48698796.48047382,47681519.48047382
2026-09,desktop,raw,2027-03-03,48697693.58612349,47680416.58612349
2026-09,desktop,raw,2027-03-04,48737986.9330563,47720709.9330563
2026-09,desktop,raw,2027-03-05,48800590.55376528,47783313.55376528
2026-09,desktop,raw,2027-03-06,48841576.95986228,47824299.95986228
2026-09,desktop,raw,2027-03-07,48869112.4614451,47851835.4614451
2026-09,desktop,raw,2027-03-08,48972362.566595666,47955085.566595666
2026-09,desktop,raw,2027-03-09,49039106.4315985,48021829.4315985
2026-09,desktop,raw,2027-03-10,49077139.01840242,48059862.01840242
2026-09,desktop,raw,2027-03-11,49115333.58988809,48098056.58988809
2026-09,desktop,raw,2027-03-12,49120365.380948365,48103088.380948365
2026-09,desktop,raw,2027-03-13,49125783.98142016,48108506.98142016
2026-09,desktop,raw,2027-03-14,49133849.40228849,48116572.40228849
2026-09,desktop,raw,2027-03-15,49182252.45387513,48164975.45387513
2026-09,desktop,raw,2027-03-16,49201362.674583636,48184085.674583636
2026-09,desktop,raw,2027-03-17,49212301.95532711,48195024.95532711
2026-09,desktop,raw,2027-03-18,49215973.00811784,48198696.00811784
2026-09,desktop,raw,2027-03-19,49204647.44575004,48187370.44575004
2026-09,desktop,raw,2027-03-20,49179945.86471136,48162668.86471136
2026-09,desktop,raw,2027-03-21,49130578.520855464,48113301.520855464
2026-09,desktop,raw,2027-03-22,48993224.27139409,47975947.27139409
2026-09,desktop,raw,2027-03-23,48930867.27085627,47913590.27085627
2026-09,desktop,raw,2027-03-24,48825601.39564899,47808324.39564899
2026-09,desktop,raw,2027-03-25,48626702.34442993,47609425.34442993
2026-09,desktop,raw,2027-03-26,48152425.80240575,47135148.80240575
2026-09,desktop,raw,2027-03-27,48024662.1628235,47007385.1628235
2026-09,desktop,raw,2027-03-28,47882510.24823008,46865233.24823008
2026-09,desktop,raw,2027-03-29,47397206.81984486,46379929.81984486
2026-09,desktop,raw,2027-03-30,47315191.06190311,46297914.06190311
2026-09,desktop,raw,2027-03-31,47248387.00362631,46231110.00362631
2026-09,desktop,raw,2027-04-01,47175060.68789245,46157783.68789245
2026-09,desktop,raw,2027-04-02,47123643.13109528,46106366.13109528
2026-09,desktop,raw,2027-04-03,47121116.55863177,46103839.55863177
2026-09,desktop,raw,2027-04-04,47117318.47044046,46100041.47044046
2026-09,desktop,raw,2027-04-05,47144188.01241286,46126911.01241286
2026-09,desktop,raw,2027-04-06,47190581.42139478,46173304.42139478
2026-09,desktop,raw,2027-04-07,47216435.152794205,46199158.152794205
2026-09,desktop,raw,2027-04-08,47226707.810304694,46209430.810304694
2026-09,desktop,raw,2027-04-09,47242780.293642774,46225503.293642774
2026-09,desktop,raw,2027-04-10,47241285.71960698,46224008.71960698
2026-09,desktop,raw,2027-04-11,47230770.19988003,46213493.19988003
2026-09,desktop,raw,2027-04-12,47241900.432936236,46224623.432936236
2026-09,desktop,raw,2027-04-13,47225372.98753975,46208095.98753975
2026-09,desktop,raw,2027-04-14,47209169.3299967,46191892.3299967
2026-09,desktop,raw,2027-04-15,47195492.24482145,46178215.24482145
2026-09,desktop,raw,2027-04-16,47183444.49008017,46166167.49008017
2026-09,desktop,raw,2027-04-17,47190829.56210784,46173552.56210784
2026-09,desktop,raw,2027-04-18,47217333.17973858,46200056.17973858
2026-09,desktop,raw,2027-04-19,47323932.28567704,46306655.28567704
2026-09,desktop,raw,2027-04-20,47362060.809328854,46344783.809328854
2026-09,desktop,raw,2027-04-21,47398934.61667757,46381657.61667757
2026-09,desktop,raw,2027-04-22,47550593.428334594,46533316.428334594
2026-09,desktop,raw,2027-04-23,47970061.23956549,46952784.23956549
2026-09,desktop,raw,2027-04-24,48064153.98665478,47046876.98665478
2026-09,desktop,raw,2027-04-25,48179445.42002878,47162168.42002878
2026-09,desktop,raw,2027-04-26,48586140.417276,47568863.417276
2026-09,desktop,raw,2027-04-27,48599176.43083688,47581899.43083688
2026-09,desktop,raw,2027-04-28,48581195.59322351,47563918.59322351
2026-09,desktop,raw,2027-04-29,48556658.07369817,47539381.07369817
2026-09,desktop,raw,2027-04-30,48453442.29872449,47436165.29872449
2026-09,desktop,raw,2027-05-01,48007402.120100915,46990125.120100915
2026-09,desktop,raw,2027-05-02,47864216.38152097,46846939.38152097
2026-09,desktop,raw,2027-05-03,47633988.352650106,46616711.352650106
2026-09,desktop,raw,2027-05-04,47514708.261492,46497431.261492
2026-09,desktop,raw,2027-05-05,47381059.13624891,46363782.13624891
2026-09,desktop,raw,2027-05-06,47062672.96061276,46045395.96061276
2026-09,desktop,raw,2027-05-07,46878271.730113916,45860994.730113916
2026-09,desktop,raw,2027-05-08,46812077.28866403,45794800.28866403
2026-09,desktop,raw,2027-05-09,46765568.86001594,45748291.86001594
2026-09,desktop,raw,2027-05-10,46661608.67119473,45644331.67119473
2026-09,desktop,raw,2027-05-11,46604291.571417056,45587014.571417056
2026-09,desktop,raw,2027-05-12,46551949.13183405,45534672.13183405
2026-09,desktop,raw,2027-05-13,46504432.991801925,45487155.991801925
2026-09,desktop,raw,2027-05-14,46437806.123092934,45420529.123092934
2026-09,desktop,raw,2027-05-15,46371297.25214774,45354020.25214774
2026-09,desktop,raw,2027-05-16,46236139.58480005,45218862.58480005
2026-09,desktop,raw,2027-05-17,45888820.2113499,44871543.2113499
2026-09,desktop,raw,2027-05-18,45859957.44436978,44842680.44436978
2026-09,desktop,raw,2027-05-19,45854574.436348364,44837297.436348364
2026-09,desktop,raw,2027-05-20,45785903.1486891,44768626.1486891
2026-09,desktop,raw,2027-05-21,45761306.70519572,44744029.70519572
2026-09,desktop,raw,2027-05-22,45738200.24156769,44720923.24156769
2026-09,desktop,raw,2027-05-23,45719663.289706364,44702386.289706364
2026-09,desktop,raw,2027-05-24,45674820.52603383,44657543.52603383
2026-09,desktop,raw,2027-05-25,45669106.14733218,44651829.14733218
2026-09,desktop,raw,2027-05-26,45678624.976545595,44661347.976545595
2026-09,desktop,raw,2027-05-27,45549047.13584423,44531770.13584423
2026-09,desktop,raw,2027-05-28,45567928.74476761,44550651.74476761
2026-09,desktop,raw,2027-05-29,45981646.320065536,44964369.320065536
2026-09,desktop,raw,2027-05-30,46083311.94079752,45066034.94079752
2026-09,desktop,raw,2027-05-31,46150839.79850351,45133562.79850351
2026-09,desktop,raw,2027-06-01,46209312.1485589,45192035.1485589
2026-09,desktop,raw,2027-06-02,46292891.32518407,45275614.32518407
2026-09,desktop,raw,2027-06-03,46572879.88710473,45555602.88710473
2026-09,desktop,raw,2027-06-04,46721153.30291708,45703876.30291708
2026-09,desktop,raw,2027-06-05,46747866.602659166,45730589.602659166
2026-09,desktop,raw,2027-06-06,46766821.933836706,45749544.933836706
2026-09,desktop,raw,2027-06-07,46835220.27434743,45817943.27434743
2026-09,desktop,raw,2027-06-08,46864585.86380697,45847308.86380697
2026-09,desktop,raw,2027-06-09,46853467.31230295,45836190.31230295
2026-09,desktop,raw,2027-06-10,46869613.320290305,45852336.320290305
2026-09,desktop,raw,2027-06-11,46908044.00918038,45890767.00918038
2026-09,desktop,raw,2027-06-12,46949693.66021461,45932416.66021461
2026-09,desktop,raw,2027-06-13,47063197.824615344,46045920.824615344
2026-09,desktop,raw,2027-06-14,47354281.79255487,46337004.79255487
2026-09,desktop,raw,2027-06-15,47331697.32940238,46314420.32940238
2026-09,desktop,raw,2027-06-16,47328547.82020251,46311270.82020251
2026-09,desktop,raw,2027-06-17,47355031.85612346,46337754.85612346
2026-09,desktop,raw,2027-06-18,47320417.239535674,46303140.239535674
2026-09,desktop,raw,2027-06-19,47298879.71593748,46281602.71593748
2026-09,desktop,raw,2027-06-20,47284939.50682398,46267662.50682398
2026-09,desktop,raw,2027-06-21,47273058.81317613,46255781.81317613
2026-09,desktop,raw,2027-06-22,47246410.597943775,46229133.597943775
2026-09,desktop,raw,2027-06-23,47212440.458810724,46195163.458810724
2026-09,desktop,raw,2027-06-24,47333038.71053348,46315761.71053348
2026-09,desktop,raw,2027-06-25,47389452.09399146,46372175.09399146
2026-09,desktop,raw,2027-06-26,47384167.796908684,46366890.796908684
2026-09,desktop,raw,2027-06-27,47380559.12532179,46363282.12532179
2026-09,desktop,raw,2027-06-28,47473719.91734604,46456442.91734604
2026-09,desktop,raw,2027-06-29,47443189.40565423,46425912.40565423
2026-09,desktop,raw,2027-06-30,47386238.40856515,46368961.40856515
2026-09,desktop,raw,2027-07-01,47318408.754040085,46301131.754040085
2026-09,desktop,raw,2027-07-02,47262499.132114224,46245222.132114224
2026-09,desktop,raw,2027-07-03,47225474.788540244,46208197.788540244
2026-09,desktop,raw,2027-07-04,47157546.636165656,46140269.636165656
2026-09,desktop,raw,2027-07-05,46967252.14601348,45949975.14601348
2026-09,desktop,raw,2027-07-06,46861182.93777804,45843905.93777804
2026-09,desktop,raw,2027-07-07,46800637.38673164,45783360.38673164
2026-09,desktop,raw,2027-07-08,46712785.71899623,45695508.71899623
2026-09,desktop,raw,2027-07-09,46616152.26296393,45598875.26296393
2026-09,desktop,raw,2027-07-10,46565797.27687324,45548520.27687324
2026-09,desktop,raw,2027-07-11,46521204.87124012,45503927.87124012
2026-09,desktop,raw,2027-07-12,46456644.90609077,45439367.90609077
2026-09,desktop,raw,2027-07-13,46385572.329716094,45368295.329716094
2026-09,desktop,raw,2027-07-14,46276938.466055505,45259661.466055505
2026-09,desktop,raw,2027-07-15,46198857.958677955,45181580.958677955
2026-09,desktop,raw,2027-07-16,46140249.304386295,45122972.304386295
2026-09,desktop,raw,2027-07-17,46099556.85102738,45082279.85102738
2026-09,desktop,raw,2027-07-18,46055590.31074106,45038313.31074106
2026-09,desktop,raw,2027-07-19,45993541.781634815,44976264.781634815
2026-09,desktop,raw,2027-07-20,45912653.46833688,44895376.46833688
2026-09,desktop,raw,2027-07-21,45843660.566183545,44826383.566183545
2026-09,desktop,raw,2027-07-22,45770594.79781169,44753317.79781169
2026-09,desktop,raw,2027-07-23,45694009.86757964,44676732.86757964
2026-09,desktop,raw,2027-07-24,45623780.315179326,44606503.315179326
2026-09,desktop,raw,2027-07-25,45564075.54496648,44546798.54496648
2026-09,desktop,raw,2027-07-26,45491271.15543047,44473994.15543047
2026-09,desktop,raw,2027-07-27,45417661.80060779,44400384.80060779
2026-09,desktop,raw,2027-07-28,45350759.40512121,44333482.40512121
2026-09,desktop,raw,2027-07-29,45291484.56752541,44274207.56752541
2026-09,desktop,raw,2027-07-30,45221743.824962,44204466.824962
2026-09,desktop,raw,2027-07-31,45175680.65594745,44158403.65594745
2026-09,desktop,raw,2027-08-01,45147140.45257836,44129863.45257836
2026-09,desktop,raw,2027-08-02,45168422.182414524,44151145.182414524
2026-09,desktop,raw,2027-08-03,45121500.13267277,44104223.13267277
2026-09,desktop,raw,2027-08-04,45068770.27703341,44051493.27703341
2026-09,desktop,raw,2027-08-05,45016394.98598856,43999117.98598856
2026-09,desktop,raw,2027-08-06,44976796.36053051,43959519.36053051
2026-09,desktop,raw,2027-08-07,44938902.308868654,43921625.308868654
2026-09,desktop,raw,2027-08-08,44891454.40657645,43874177.40657645
2026-09,desktop,raw,2027-08-09,44833584.42900809,43816307.42900809
2026-09,desktop,raw,2027-08-10,44748224.070301056,43730947.070301056
2026-09,desktop,raw,2027-08-11,44683902.57685644,43666625.57685644
2026-09,desktop,raw,2027-08-12,44594504.452020146,43577227.452020146
2026-09,desktop,raw,2027-08-13,44507596.81618823,43490319.81618823
2026-09,desktop,raw,2027-08-14,44421423.796685316,43404146.796685316
2026-09,desktop,raw,2027-08-15,44307717.61110843,43290440.61110843
2026-09,desktop,raw,2027-08-16,44237855.07605313,43220578.07605313
2026-09,desktop,raw,2027-08-17,44154470.02013449,43137193.02013449
2026-09,desktop,raw,2027-08-18,44099000.1052499,43081723.1052499
2026-09,desktop,raw,2027-08-19,44050478.94463583,43033201.94463583
2026-09,desktop,raw,2027-08-20,44020882.211631894,43003605.211631894
2026-09,desktop,raw,2027-08-21,44034367.84098702,43017090.84098702
2026-09,desktop,raw,2027-08-22,44039359.43615811,43022082.43615811
2026-09,desktop,raw,2027-08-23,44050560.38606626,43033283.38606626
2026-09,desktop,raw,2027-08-24,44068453.26133204,43051176.26133204
2026-09,desktop,raw,2027-08-25,44090357.77934668,43073080.77934668
2026-09,desktop,raw,2027-08-26,44127911.007189795,43110634.007189795
2026-09,desktop,raw,2027-08-27,44167470.25726222,43150193.25726222
2026-09,desktop,raw,2027-08-28,44207214.77481885,43189937.77481885
2026-09,desktop,raw,2027-08-29,44264770.54870548,43247493.54870548
2026-09,desktop,raw,2027-08-30,44369636.48812616,43352359.48812616
2026-09,desktop,raw,2027-08-31,44448122.4687443,43430845.4687443
2026-09,desktop,raw,2027-09-01,44533039.52515478,43515762.52515478
2026-09,desktop,raw,2027-09-02,44617826.31606697,43600549.31606697
2026-09,desktop,raw,2027-09-03,44704835.04436223,43687558.04436223
2026-09,desktop,raw,2027-09-04,44753226.59473226,43735949.59473226
2026-09,desktop,raw,2027-09-05,44820267.74001938,43802990.74001938
2026-09,desktop,raw,2027-09-06,44805479.7110669,43788202.7110669
2026-09,desktop,raw,2027-09-07,44921185.136026196,43903908.136026196
2026-09,desktop,raw,2027-09-08,45064988.63890842,44047711.63890842
2026-09,desktop,raw,2027-09-09,45232905.45258645,44215628.45258645
2026-09,desktop,raw,2027-09-10,45400711.04699458,44383434.04699458
2026-09,desktop,raw,2027-09-11,45548112.93704563,44530835.93704563
2026-09,desktop,raw,2027-09-12,45729655.31950977,44712378.31950977
2026-09,desktop,raw,2027-09-13,45904723.0341853,44887446.0341853
2026-09,desktop,raw,2027-09-14,46071112.870601244,45053835.870601244
2026-09,desktop,raw,2027-09-15,46173774.994830094,45156497.994830094
2026-09,desktop,raw,2027-09-16,46313473.54411374,45296196.54411374
2026-09,desktop,raw,2027-09-17,46425771.251711786,45408494.251711786
2026-09,desktop,raw,2027-09-18,46495258.35602715,45477981.35602715
2026-09,desktop,raw,2027-09-19,46565926.716651484,45548649.716651484
2026-09,desktop,raw,2027-09-20,46655055.54252446,45637778.54252446
2026-09,desktop,raw,2027-09-21,46760621.13875643,45743344.13875643
2026-09,desktop,raw,2027-09-22,46861892.7592052,45844615.7592052
2026-09,desktop,raw,2027-09-23,46952920.98828082,45935643.98828082
2026-09,desktop,raw,2027-09-24,47033703.45012096,46016426.45012096
2026-09,desktop,raw,2027-09-25,47095239.54322041,46077962.54322041
2026-09,desktop,raw,2027-09-26,47139941.77184774,46122664.77184774
2026-09,desktop,raw,2027-09-27,47198251.52094909,46180974.52094909
2026-09,desktop,raw,2027-09-28,47259377.404941574,46242100.404941574
2026-09,desktop,raw,2027-09-29,47289282.012677185,46272005.012677185
2026-09,desktop,raw,2027-09-30,47294444.06880389,46277167.06880389
2026-09,desktop,raw,2027-10-01,47255298.656607464,46238021.656607464
2026-09,desktop,raw,2027-10-02,47225290.33729951,46208013.33729951
2026-09,desktop,raw,2027-10-03,47186361.46019716,46169084.46019716
2026-09,desktop,raw,2027-10-04,47209651.55692922,46192374.55692922
2026-09,desktop,raw,2027-10-05,47139268.499501124,46121991.499501124
2026-09,desktop,raw,2027-10-06,47023880.50734873,46006603.50734873
2026-09,desktop,raw,2027-10-07,46893721.78871616,45876444.78871616
2026-09,desktop,raw,2027-10-08,46757273.253339715,45739996.253339715
2026-09,desktop,raw,2027-10-09,46692202.85234568,45674925.85234568
2026-09,desktop,raw,2027-10-10,46654657.81060602,45637380.81060602
2026-09,desktop,raw,2027-10-11,46479990.65760844,45462713.65760844
2026-09,desktop,raw,2027-10-12,46350158.27265369,45332881.27265369
2026-09,desktop,raw,2027-10-13,46302657.913768955,45285380.913768955
2026-09,desktop,raw,2027-10-14,46270820.30801369,45253543.30801369
2026-09,desktop,raw,2027-10-15,46259903.51258557,45242626.51258557
2026-09,desktop,raw,2027-10-16,46255840.19702704,45238563.19702704
2026-09,desktop,raw,2027-10-17,46256871.9604254,45239594.9604254
2026-09,desktop,raw,2027-10-18,46269130.26060077,45251853.26060077
2026-09,desktop,raw,2027-10-19,46271514.94479662,45254237.94479662
2026-09,desktop,raw,2027-10-20,46282820.13121248,45265543.13121248
2026-09,desktop,raw,2027-10-21,46290688.114934035,45273411.114934035
2026-09,desktop,raw,2027-10-22,46305493.428949356,45288216.428949356
2026-09,desktop,raw,2027-10-23,46302882.52156313,45285605.52156313
2026-09,desktop,raw,2027-10-24,46307451.75944937,45290174.75944937
2026-09,desktop,raw,2027-10-25,46318021.18748323,45300744.18748323
2026-09,desktop,raw,2027-10-26,46334274.05617503,45316997.05617503
2026-09,desktop,raw,2027-10-27,46356974.54230326,45339697.54230326
2026-09,desktop,raw,2027-10-28,46378194.45010823,45360917.45010823
2026-09,desktop,raw,2027-10-29,46408509.061628565,45391232.061628565
2026-09,desktop,raw,2027-10-30,46458244.92423355,45440967.92423355
2026-09,desktop,raw,2027-10-31,46488191.556587815,45470914.556587815
2026-09,desktop,raw,2027-11-01,46428510.97432586,45411233.97432586
2026-09,desktop,raw,2027-11-02,46523360.076405026,45506083.076405026
2026-09,desktop,raw,2027-11-03,46676908.392290376,45659631.392290376
2026-09,desktop,raw,2027-11-04,46816198.07554144,45798921.07554144
2026-09,desktop,raw,2027-11-05,46990643.30417015,45973366.30417015
2026-09,desktop,raw,2027-11-06,47073969.71738209,46056692.71738209
2026-09,desktop,raw,2027-11-07,47135468.26920217,46118191.26920217
2026-09,desktop,raw,2027-11-08,47353271.94821716,46335994.94821716
2026-09,desktop,raw,2027-11-09,47528494.071047164,46511217.071047164
2026-09,desktop,raw,2027-11-10,47659180.40829687,46641903.40829687
2026-09,desktop,raw,2027-11-11,47661214.23097533,46643937.23097533
2026-09,desktop,raw,2027-11-12,47710461.805200376,46693184.805200376
2026-09,desktop,raw,2027-11-13,47745880.662567995,46728603.662567995
2026-09,desktop,raw,2027-11-14,47764502.849808946,46747225.849808946
2026-09,desktop,raw,2027-11-15,47741826.75074086,46724549.75074086
2026-09,desktop,raw,2027-11-16,47761342.53671669,46744065.53671669
2026-09,desktop,raw,2027-11-17,47792782.2270754,46775505.2270754
2026-09,desktop,raw,2027-11-18,47814136.55913726,46796859.55913726
2026-09,desktop,raw,2027-11-19,47838238.60904419,46820961.60904419
2026-09,desktop,raw,2027-11-20,47840146.21163591,46822869.21163591
2026-09,desktop,raw,2027-11-21,47856196.64767461,46838919.64767461
2026-09,desktop,raw,2027-11-22,47864408.54119648,46847131.54119648
2026-09,desktop,raw,2027-11-23,47876206.91710104,46858929.91710104
2026-09,desktop,raw,2027-11-24,47906134.104054965,46888857.104054965
2026-09,desktop,raw,2027-11-25,47889303.03628231,46872026.03628231
2026-09,desktop,raw,2027-11-26,47894594.461461075,46877317.461461075
2026-09,desktop,raw,2027-11-27,47925641.93136574,46908364.93136574
2026-09,desktop,raw,2027-11-28,47992039.4852306,46974762.4852306
2026-09,desktop,raw,2027-11-29,48235890.08371049,47218613.08371049
2026-09,desktop,raw,2027-11-30,48308751.36302068,47291474.36302068
2026-09,desktop,raw,2027-12-01,48342502.95986132,47325225.95986132
2026-09,desktop,raw,2027-12-02,48389693.42514962,47372416.42514962
2026-09,desktop,raw,2027-12-03,48392583.29110758,47375306.29110758
2026-09,desktop,raw,2027-12-04,48402713.54421755,47385436.54421755
2026-09,desktop,raw,2027-12-05,48403857.7237484,47386580.7237484
2026-09,desktop,raw,2027-12-06,48405463.70135293,47388186.70135293
2026-09,desktop,raw,2027-12-07,48408189.96907341,47390912.96907341
2026-09,desktop,raw,2027-12-08,48380588.161735244,47363311.161735244
2026-09,desktop,raw,2027-12-09,48454065.988578476,47436788.988578476
2026-09,desktop,raw,2027-12-10,48448643.97374634,47431366.97374634
2026-09,desktop,raw,2027-12-11,48421746.58315205,47404469.58315205
2026-09,desktop,raw,2027-12-12,48412750.76249607,47395473.76249607
2026-09,desktop,raw,2027-12-13,48457032.774788044,47439755.774788044
2026-09,desktop,raw,2027-12-14,48440498.375586815,47423221.375586815
2026-09,desktop,raw,2027-12-15,48406236.13000653,47388959.13000653
2026-09,desktop,raw,2027-12-16,48371829.955309674,47354552.955309674
2026-09,desktop,raw,2027-12-17,48336764.68952107,47319487.68952107
2026-09,desktop,raw,2027-12-18,48322783.55223576,47305506.55223576
2026-09,desktop,raw,2027-12-19,48268827.455946885,47251550.455946885
2026-09,desktop,raw,2027-12-20,48122480.22037911,47105203.22037911
2026-09,desktop,raw,2027-12-21,47966942.557083555,46949665.557083555
2026-09,desktop,raw,2027-12-22,47754673.40395077,46737396.40395077
2026-09,desktop,raw,2027-12-23,47474333.508197606,46457056.508197606
2026-09,desktop,raw,2027-12-24,46815460.46034022,45798183.46034022
2026-09,desktop,raw,2027-12-25,46331377.91193314,45314100.91193314
2026-09,desktop,raw,2027-12-26,46004144.27396609,44986867.27396609
2026-09,desktop,raw,2027-12-27,45509910.197844625,44492633.197844625
2026-09,desktop,raw,2027-12-28,45255492.977478206,44238215.977478206
2026-09,desktop,raw,2027-12-29,44981605.49845905,43964328.49845905
2026-09,desktop,raw,2027-12-30,44665752.585089885,43648475.585089885
2026-09,desktop,raw,2027-12-31,44134317.09467292,43117040.09467292
2026-09,desktop,i,2026-09-09,47322640.6252517,47322640.6252517
2026-09,desktop,i,2026-09-10,47505591.65323039,47495104.26147781
2026-09,desktop,i,2026-09-11,47663181.61851584,47642206.835010685
2026-09,desktop,i,2026-09-12,47780072.29553981,47748610.12028208
2026-09,desktop,i,2026-09-13,47852676.83674219,47810727.26973189
2026-09,desktop,i,2026-09-14,48027336.64634433,47974899.68758144
2026-09,desktop,i,2026-09-15,48171676.51836652,48108752.16785106
2026-09,desktop,i,2026-09-16,48287830.72402508,48214418.98175704
2026-09,desktop,i,2026-09-17,48414741.75305429,48330842.61903367
2026-09,desktop,i,2026-09-18,48516430.90301547,48422044.377242275
2026-09,desktop,i,2026-09-19,48561268.14654248,48456394.22901671
2026-09,desktop,i,2026-09-20,48613675.259572014,48498313.95029366
2026-09,desktop,i,2026-09-21,48709951.86570241,48584103.16467149
2026-09,desktop,i,2026-09-22,48862307.96185862,48725971.86907512
2026-09,desktop,i,2026-09-23,48992414.51711205,48845591.032575965
2026-09,desktop,i,2026-09-24,49103245.46509453,48945934.58880587
2026-09,desktop,i,2026-09-25,49212251.26036961,49044452.99232837
2026-09,desktop,i,2026-09-26,49256586.64792416,49078300.988130346
2026-09,desktop,i,2026-09-27,49306579.60438171,49117806.552835315
2026-09,desktop,i,2026-09-28,49341156.06781915,49141895.62452018
2026-09,desktop,i,2026-09-29,49375140.4452982,49165392.61024666
2026-09,desktop,i,2026-09-30,49365280.12823639,49145044.90143227
2026-09,desktop,i,2026-10-01,49369579.84401442,49138857.22545772
2026-09,desktop,i,2026-10-02,49360282.03879813,49119072.02848885
2026-09,desktop,i,2026-10-03,49390150.90012877,49138453.49806691
2026-09,desktop,i,2026-10-04,49418484.11202364,49156299.3182092
2026-09,desktop,i,2026-10-05,49512336.25463887,49239664.06907186
2026-09,desktop,i,2026-10-06,49518845.71198069,49235686.13466111
2026-09,desktop,i,2026-10-07,49528284.0546078,49234637.08553564
2026-09,desktop,i,2026-10-08,49537628.160680555,49233493.79985581
2026-09,desktop,i,2026-10-09,49556245.28137421,49241623.52879689
2026-09,desktop,i,2026-10-10,49566610.05501801,49241500.91068811
2026-09,desktop,i,2026-10-11,49573472.524382174,49237875.9882997
2026-09,desktop,i,2026-10-12,49509094.80471225,49163010.876877196
2026-09,desktop,i,2026-10-13,49519281.64746731,49162710.32787968
2026-09,desktop,i,2026-10-14,49548807.681492575,49181748.97015237
2026-09,desktop,i,2026-10-15,49568318.179950595,49190772.07685781
2026-09,desktop,i,2026-10-16,49582960.47138188,49194926.97653652
2026-09,desktop,i,2026-10-17,49591905.486888394,49193384.600290455
2026-09,desktop,i,2026-10-18,49599010.91066977,49190002.63231925
2026-09,desktop,i,2026-10-19,49603430.48964383,49183934.81954073
2026-09,desktop,i,2026-10-20,49580033.83141653,49150050.76956086
2026-09,desktop,i,2026-10-21,49582163.24366815,49141692.7900599
2026-09,desktop,i,2026-10-22,49584837.76923026,49133879.92386944
2026-09,desktop,i,2026-10-23,49598064.46563845,49136619.22852505
2026-09,desktop,i,2026-10-24,49596701.077098295,49124768.448232315
2026-09,desktop,i,2026-10-25,49596914.49278569,49114494.472167134
2026-09,desktop,i,2026-10-26,49596627.32687927,49103719.914508134
2026-09,desktop,i,2026-10-27,49602641.18034489,49099246.37622117
2026-09,desktop,i,2026-10-28,49603418.35557609,49089536.159699805
2026-09,desktop,i,2026-10-29,49616352.348389134,49091982.76076027
2026-09,desktop,i,2026-10-30,49667782.7726707,49132925.79328926
2026-09,desktop,i,2026-10-31,49674933.73140182,49129589.3602678
2026-09,desktop,i,2026-11-01,49586058.55704128,49030226.79415468
2026-09,desktop,i,2026-11-02,49573721.93002006,49007402.77538088
2026-09,desktop,i,2026-11-03,49589727.100074254,49012920.5536825
2026-09,desktop,i,2026-11-04,49606128.133800976,49018834.19565664
2026-09,desktop,i,2026-11-05,49635620.73606606,49037839.406169154
2026-09,desktop,i,2026-11-06,49646686.974198945,49038418.25254946
2026-09,desktop,i,2026-11-07,49650887.726292424,49032131.61289036
2026-09,desktop,i,2026-11-08,49647349.60650509,49018106.10135045
2026-09,desktop,i,2026-11-09,49731863.84445489,49092132.947547674
2026-09,desktop,i,2026-11-10,49730590.65609709,49080372.367437296
2026-09,desktop,i,2026-11-11,49676869.85346333,49016164.173050955
2026-09,desktop,i,2026-11-12,49691496.812500894,49020303.74033595
2026-09,desktop,i,2026-11-13,49704144.33382436,49022463.869906835
2026-09,desktop,i,2026-11-14,49720490.46036074,49028322.60469064
2026-09,desktop,i,2026-11-15,49726497.53379897,49023842.28637629
2026-09,desktop,i,2026-11-16,49754249.89708433,49041107.257909074
2026-09,desktop,i,2026-11-17,49816096.69113757,49092466.66020973
2026-09,desktop,i,2026-11-18,49853375.549690485,49119258.12701007
2026-09,desktop,i,2026-11-19,49889124.61658076,49144519.802147776
2026-09,desktop,i,2026-11-20,49877685.24165879,49122593.03547323
2026-09,desktop,i,2026-11-21,49899367.02913843,49133787.43120029
2026-09,desktop,i,2026-11-22,49920428.75381969,49144361.76412897
2026-09,desktop,i,2026-11-23,49931441.99191626,49144887.61047296
2026-09,desktop,i,2026-11-24,49961109.28353566,49164067.51033978
2026-09,desktop,i,2026-11-25,49987528.83539956,49179999.670451105
2026-09,desktop,i,2026-11-26,49945930.60212777,49127914.045426734
2026-09,desktop,i,2026-11-27,49886517.289358534,49058013.34090493
2026-09,desktop,i,2026-11-28,49908201.037488244,49069209.69728206
2026-09,desktop,i,2026-11-29,50025433.76322232,49175955.03126356
2026-09,desktop,i,2026-11-30,50096799.45118143,49236833.32747009
2026-09,desktop,i,2026-12-01,50138327.754000776,49267874.23853686
2026-09,desktop,i,2026-12-02,50171203.690110974,49290262.78289448
2026-09,desktop,i,2026-12-03,50190185.58836324,49298757.28939416
2026-09,desktop,i,2026-12-04,50211962.66256633,49310046.97184468
2026-09,desktop,i,2026-12-05,50228673.07453119,49316269.992056966
2026-09,desktop,i,2026-12-06,50252658.00311093,49329767.52888413
2026-09,desktop,i,2026-12-07,50278342.8491947,49344964.98321532
2026-09,desktop,i,2026-12-08,50285646.72782361,49341781.47009165
2026-09,desktop,i,2026-12-09,50348781.322206795,49394428.67272226
2026-09,desktop,i,2026-12-10,50345230.25152421,49380390.210287094
2026-09,desktop,i,2026-12-11,50336503.21720787,49361175.78421818
2026-09,desktop,i,2026-12-12,50319774.20430366,49333959.379561394
2026-09,desktop,i,2026-12-13,50317930.87366979,49321628.657174945
2026-09,desktop,i,2026-12-14,50308154.10204633,49301364.49379891
2026-09,desktop,i,2026-12-15,50271149.2316227,49253872.2316227
2026-09,desktop,i,2026-12-16,50232032.00850817,49214755.00850817
2026-09,desktop,i,2026-12-17,50191324.556664646,49174047.556664646
2026-09,desktop,i,2026-12-18,50195242.595196545,49177965.595196545
2026-09,desktop,i,2026-12-19,50148234.86099463,49130957.86099463
2026-09,desktop,i,2026-12-20,50082282.151450634,49065005.151450634
2026-09,desktop,i,2026-12-21,49904154.2528891,48886877.2528891
2026-09,desktop,i,2026-12-22,49715179.0413341,48697902.0413341
2026-09,desktop,i,2026-12-23,49478624.04591278,48461347.04591278
2026-09,desktop,i,2026-12-24,49022076.616512775,48004799.616512775
2026-09,desktop,i,2026-12-25,48292143.01264441,47274866.01264441
2026-09,desktop,i,2026-12-26,47971454.498020485,46954177.498020485
2026-09,desktop,i,2026-12-27,47731971.67766557,46714694.67766557
2026-09,desktop,i,2026-12-28,47232472.168540336,46215195.168540336
2026-09,desktop,i,2026-12-29,46891863.81457057,45874586.81457057
2026-09,desktop,i,2026-12-30,46521588.179008566,45504311.179008566
2026-09,desktop,i,2026-12-31,45891482.009306855,44874205.009306855
2026-09,desktop,i,2027-01-01,44925472.04932407,43908195.04932407
2026-09,desktop,i,2027-01-02,44675492.08161654,43658215.08161654
2026-09,desktop,i,2027-01-03,44532887.64883732,43515610.64883732
2026-09,desktop,i,2027-01-04,44328273.36741245,43310996.36741245
2026-09,desktop,i,2027-01-05,44191895.68997719,43174618.68997719
2026-09,desktop,i,2027-01-06,44013289.77206843,42996012.77206843
2026-09,desktop,i,2027-01-07,43928690.02638521,42911413.02638521
2026-09,desktop,i,2027-01-08,43888613.52156875,42871336.52156875
2026-09,desktop,i,2027-01-09,43875538.53572174,42858261.53572174
2026-09,desktop,i,2027-01-10,43864542.55682314,42847265.55682314
2026-09,desktop,i,2027-01-11,43838175.51877929,42820898.51877929
2026-09,desktop,i,2027-01-12,43849150.170250975,42831873.170250975
2026-09,desktop,i,2027-01-13,43855619.530007064,42838342.530007064
2026-09,desktop,i,2027-01-14,43852206.61396046,42834929.61396046
2026-09,desktop,i,2027-01-15,43856170.24984509,42838893.24984509
2026-09,desktop,i,2027-01-16,43890646.92685546,42873369.92685546
2026-09,desktop,i,2027-01-17,43947104.018890284,42929827.018890284
2026-09,desktop,i,2027-01-18,44086149.490660466,43068872.490660466
2026-09,desktop,i,2027-01-19,44270119.52875858,43252842.52875858
2026-09,desktop,i,2027-01-20,44520501.864990436,43503224.864990436
2026-09,desktop,i,2027-01-21,45053400.805343114,44036123.805343114
2026-09,desktop,i,2027-01-22,45875520.205293946,44858243.205293946
2026-09,desktop,i,2027-01-23,46206101.87723292,45188824.87723292
2026-09,desktop,i,2027-01-24,46443496.033436,45426219.033436
2026-09,desktop,i,2027-01-25,46935559.90884932,45918282.90884932
2026-09,desktop,i,2027-01-26,47242111.13877642,46224834.13877642
2026-09,desktop,i,2027-01-27,47613306.05890673,46596029.05890673
2026-09,desktop,i,2027-01-28,48238672.95124989,47221395.95124989
2026-09,desktop,i,2027-01-29,49203111.60954775,48185834.60954775
2026-09,desktop,i,2027-01-30,49453345.32754914,48436068.32754914
2026-09,desktop,i,2027-01-31,49591830.142416954,48574553.142416954
2026-09,desktop,i,2027-02-01,49776951.927255504,48759674.927255504
2026-09,desktop,i,2027-02-02,49906962.17616614,48889685.17616614
2026-09,desktop,i,2027-02-03,50063231.81042693,49045954.81042693
2026-09,desktop,i,2027-02-04,50084649.97357305,49067372.97357305
2026-09,desktop,i,2027-02-05,50032540.60749741,49015263.60749741
2026-09,desktop,i,2027-02-06,49969520.399569206,48952243.399569206
2026-09,desktop,i,2027-02-07,49926551.8692633,48909274.8692633
2026-09,desktop,i,2027-02-08,49766292.64883554,48749015.64883554
2026-09,desktop,i,2027-02-09,49607164.552116774,48589887.552116774
2026-09,desktop,i,2027-02-10,49506229.218034014,48488952.218034014
2026-09,desktop,i,2027-02-11,49427151.26031587,48409874.26031587
2026-09,desktop,i,2027-02-12,49374079.14384921,48356802.14384921
2026-09,desktop,i,2027-02-13,49336201.913594365,48318924.913594365
2026-09,desktop,i,2027-02-14,49299523.831149146,48282246.831149146
2026-09,desktop,i,2027-02-15,49228991.61719818,48211714.61719818
2026-09,desktop,i,2027-02-16,49152391.89727206,48135114.89727206
2026-09,desktop,i,2027-02-17,49078877.51742844,48061600.51742844
2026-09,desktop,i,2027-02-18,49010820.49353658,47993543.49353658
2026-09,desktop,i,2027-02-19,48962997.94493248,47945720.94493248
2026-09,desktop,i,2027-02-20,48938227.382188745,47920950.382188745
2026-09,desktop,i,2027-02-21,48906611.406354465,47889334.406354465
2026-09,desktop,i,2027-02-22,48858917.82928139,47841640.82928139
2026-09,desktop,i,2027-02-23,48821168.75725428,47803891.75725428
2026-09,desktop,i,2027-02-24,48773043.56410684,47755766.56410684
2026-09,desktop,i,2027-02-25,48737206.919243254,47719929.919243254
2026-09,desktop,i,2027-02-26,48708051.59185437,47690774.59185437
2026-09,desktop,i,2027-02-27,48684514.57101004,47667237.57101004
2026-09,desktop,i,2027-02-28,48654843.7611508,47637566.7611508
2026-09,desktop,i,2027-03-01,48661193.27957171,47643916.27957171
2026-09,desktop,i,2027-03-02,48666136.405693315,47648859.405693315
2026-09,desktop,i,2027-03-03,48666767.36269696,47649490.36269696
2026-09,desktop,i,2027-03-04,48707948.640789144,47690671.640789144
2026-09,desktop,i,2027-03-05,48771519.852124095,47754242.852124095
2026-09,desktop,i,2027-03-06,48814503.366329655,47797226.366329655
2026-09,desktop,i,2027-03-07,48843011.98455653,47825734.98455653
2026-09,desktop,i,2027-03-08,48948603.212033466,47931326.212033466
2026-09,desktop,i,2027-03-09,49017730.43039618,48000453.43039618
2026-09,desktop,i,2027-03-10,49055832.103659704,48038555.103659704
2026-09,desktop,i,2027-03-11,49095200.93765288,48077923.93765288
2026-09,desktop,i,2027-03-12,49103088.37269481,48085811.37269481
2026-09,desktop,i,2027-03-13,49110044.43146871,48092767.43146871
2026-09,desktop,i,2027-03-14,49118635.59979696,48101358.59979696
2026-09,desktop,i,2027-03-15,49167960.39695736,48150683.39695736
2026-09,desktop,i,2027-03-16,49190731.51897899,48173454.51897899
2026-09,desktop,i,2027-03-17,49204190.86661803,48186913.86661803
2026-09,desktop,i,2027-03-18,49209181.47461061,48191904.47461061
2026-09,desktop,i,2027-03-19,49199752.77544284,48182475.77544284
2026-09,desktop,i,2027-03-20,49175598.45469017,48158321.45469017
2026-09,desktop,i,2027-03-21,49127360.36695248,48110083.36695248
2026-09,desktop,i,2027-03-22,48991409.6056162,47974132.6056162
2026-09,desktop,i,2027-03-23,48929924.88420892,47912647.88420892
2026-09,desktop,i,2027-03-24,48826330.17214102,47809053.17214102
2026-09,desktop,i,2027-03-25,48628211.769166104,47610934.769166104
2026-09,desktop,i,2027-03-26,48156937.939825796,47139660.939825796
2026-09,desktop,i,2027-03-27,48029811.61185212,47012534.61185212
2026-09,desktop,i,2027-03-28,47888230.29800601,46870953.29800601
2026-09,desktop,i,2027-03-29,47404804.33404706,46387527.33404706
2026-09,desktop,i,2027-03-30,47321914.700984895,46304637.700984895
2026-09,desktop,i,2027-03-31,47256102.46467244,46238825.46467244
2026-09,desktop,i,2027-04-01,47184293.49335521,46167016.49335521
2026-09,desktop,i,2027-04-02,47131679.75308128,46114402.75308128
2026-09,desktop,i,2027-04-03,47129562.37285662,46112285.37285662
2026-09,desktop,i,2027-04-04,47126345.88869768,46109068.88869768
2026-09,desktop,i,2027-04-05,47154294.78202736,46137017.78202736
2026-09,desktop,i,2027-04-06,47200322.45633174,46183045.45633174
2026-09,desktop,i,2027-04-07,47228526.78000338,46211249.78000338
2026-09,desktop,i,2027-04-08,47239966.18846058,46222689.18846058
2026-09,desktop,i,2027-04-09,47255591.64899218,46238314.64899218
2026-09,desktop,i,2027-04-10,47254484.00550653,46237207.00550653
2026-09,desktop,i,2027-04-11,47243955.93244397,46226678.93244397
2026-09,desktop,i,2027-04-12,47257090.48120705,46239813.48120705
2026-09,desktop,i,2027-04-13,47240264.274185695,46222987.274185695
2026-09,desktop,i,2027-04-14,47224278.64530959,46207001.64530959
2026-09,desktop,i,2027-04-15,47209777.29978018,46192500.29978018
2026-09,desktop,i,2027-04-16,47196708.3523584,46179431.3523584
2026-09,desktop,i,2027-04-17,47206353.44201679,46189076.44201679
2026-09,desktop,i,2027-04-18,47233023.42463665,46215746.42463665
2026-09,desktop,i,2027-04-19,47339022.57836006,46321745.57836006
2026-09,desktop,i,2027-04-20,47376085.45402754,46358808.45402754
2026-09,desktop,i,2027-04-21,47414375.67317753,46397098.67317753
2026-09,desktop,i,2027-04-22,47566247.04208442,46548970.04208442
2026-09,desktop,i,2027-04-23,47983999.78520457,46966722.78520457
2026-09,desktop,i,2027-04-24,48077210.93523126,47059933.93523126
2026-09,desktop,i,2027-04-25,48192290.35166919,47175013.35166919
2026-09,desktop,i,2027-04-26,48596561.02263933,47579284.02263933
2026-09,desktop,i,2027-04-27,48609678.96713307,47592401.96713307
2026-09,desktop,i,2027-04-28,48593347.33631577,47576070.33631577
2026-09,desktop,i,2027-04-29,48567312.86448439,47550035.86448439
2026-09,desktop,i,2027-04-30,48465490.41460731,47448213.41460731
2026-09,desktop,i,2027-05-01,48017533.62121422,47000256.62121422
2026-09,desktop,i,2027-05-02,47873137.164523184,46855860.164523184
2026-09,desktop,i,2027-05-03,47639455.26374091,46622178.26374091
2026-09,desktop,i,2027-05-04,47520030.47307868,46502753.47307868
2026-09,desktop,i,2027-05-05,47384024.86493299,46366747.86493299
2026-09,desktop,i,2027-05-06,47064106.96780823,46046829.96780823
2026-09,desktop,i,2027-05-07,46877400.5079176,45860123.5079176
2026-09,desktop,i,2027-05-08,46810064.07200026,45792787.07200026
2026-09,desktop,i,2027-05-09,46763183.94244989,45745906.94244989
2026-09,desktop,i,2027-05-10,46657415.8156216,45640138.8156216
2026-09,desktop,i,2027-05-11,46596863.36336444,45579586.36336444
2026-09,desktop,i,2027-05-12,46539958.35587064,45522681.35587064
2026-09,desktop,i,2027-05-13,46491448.14627892,45474171.14627892
2026-09,desktop,i,2027-05-14,46425357.19535242,45408080.19535242
2026-09,desktop,i,2027-05-15,46355557.20087604,45338280.20087604
2026-09,desktop,i,2027-05-16,46219692.85351118,45202415.85351118
2026-09,desktop,i,2027-05-17,45870699.20741729,44853422.20741729
2026-09,desktop,i,2027-05-18,45843341.23071463,44826064.23071463
2026-09,desktop,i,2027-05-19,45835389.62288914,44818112.62288914
2026-09,desktop,i,2027-05-20,45764264.41047109,44746987.41047109
2026-09,desktop,i,2027-05-21,45738791.18752352,44721514.18752352
2026-09,desktop,i,2027-05-22,45715341.46386695,44698064.46386695
2026-09,desktop,i,2027-05-23,45695387.729122534,44678110.729122534
2026-09,desktop,i,2027-05-24,45649091.53770403,44631814.53770403
2026-09,desktop,i,2027-05-25,45643188.120681934,44625911.120681934
2026-09,desktop,i,2027-05-26,45649278.06143791,44632001.06143791
2026-09,desktop,i,2027-05-27,45519635.17367782,44502358.17367782
2026-09,desktop,i,2027-05-28,45536315.15703785,44519038.15703785
2026-09,desktop,i,2027-05-29,45949018.60768056,44931741.60768056
2026-09,desktop,i,2027-05-30,46049740.43439371,45032463.43439371
2026-09,desktop,i,2027-05-31,46120161.542647175,45102884.542647175
2026-09,desktop,i,2027-06-01,46176076.30926728,45158799.30926728
2026-09,desktop,i,2027-06-02,46258689.81622962,45241412.81622962
2026-09,desktop,i,2027-06-03,46538962.817932025,45521685.817932025
2026-09,desktop,i,2027-06-04,46686566.13607727,45669289.13607727
2026-09,desktop,i,2027-06-05,46711715.14798735,45694438.14798735
2026-09,desktop,i,2027-06-06,46729605.78277857,45712328.78277857
2026-09,desktop,i,2027-06-07,46794280.06132864,45777003.06132864
2026-09,desktop,i,2027-06-08,46823854.82524144,45806577.82524144
2026-09,desktop,i,2027-06-09,46812629.61257232,45795352.61257232
2026-09,desktop,i,2027-06-10,46827293.60399664,45810016.60399664
2026-09,desktop,i,2027-06-11,46863153.174419336,45845876.174419336
2026-09,desktop,i,2027-06-12,46903174.33655191,45885897.33655191
2026-09,desktop,i,2027-06-13,47015101.978237554,45997824.978237554
2026-09,desktop,i,2027-06-14,47304006.13905605,46286729.13905605
2026-09,desktop,i,2027-06-15,47278026.006691284,46260749.006691284
2026-09,desktop,i,2027-06-16,47272279.08221173,46255002.08221173
2026-09,desktop,i,2027-06-17,47296513.26906895,46279236.26906895
2026-09,desktop,i,2027-06-18,47261200.21022378,46243923.21022378
2026-09,desktop,i,2027-06-19,47239074.30261946,46221797.30261946
2026-09,desktop,i,2027-06-20,47223445.14044041,46206168.14044041
2026-09,desktop,i,2027-06-21,47213448.56043116,46196171.56043116
2026-09,desktop,i,2027-06-22,47183809.751414396,46166532.751414396
2026-09,desktop,i,2027-06-23,47147814.48847723,46130537.48847723
2026-09,desktop,i,2027-06-24,47268016.41672361,46250739.41672361
2026-09,desktop,i,2027-06-25,47321934.83417456,46304657.83417456
2026-09,desktop,i,2027-06-26,47316086.81507772,46298809.81507772
2026-09,desktop,i,2027-06-27,47311490.746107474,46294213.746107474
2026-09,desktop,i,2027-06-28,47399364.137775846,46382087.137775846
2026-09,desktop,i,2027-06-29,47369388.02038411,46352111.02038411
2026-09,desktop,i,2027-06-30,47310714.770299636,46293437.770299636
2026-09,desktop,i,2027-07-01,47241632.96488494,46224355.96488494
2026-09,desktop,i,2027-07-02,47185300.088665605,46168023.088665605
2026-09,desktop,i,2027-07-03,47147004.3234482,46129727.3234482
2026-09,desktop,i,2027-07-04,47078197.714834675,46060920.714834675
2026-09,desktop,i,2027-07-05,46886189.742869966,45868912.742869966
2026-09,desktop,i,2027-07-06,46777159.34171652,45759882.34171652
2026-09,desktop,i,2027-07-07,46715477.972504936,45698200.972504936
2026-09,desktop,i,2027-07-08,46626616.18025719,45609339.18025719
2026-09,desktop,i,2027-07-09,46529612.95162284,45512335.95162284
2026-09,desktop,i,2027-07-10,46479707.74124148,45462430.74124148
2026-09,desktop,i,2027-07-11,46432346.056727566,45415069.056727566
2026-09,desktop,i,2027-07-12,46365894.474839665,45348617.474839665
2026-09,desktop,i,2027-07-13,46294025.566435166,45276748.566435166
2026-09,desktop,i,2027-07-14,46186963.39194948,45169686.39194948
2026-09,desktop,i,2027-07-15,46109542.44409462,45092265.44409462
2026-09,desktop,i,2027-07-16,46049553.07116947,45032276.07116947
2026-09,desktop,i,2027-07-17,46007365.7160155,44990088.7160155
2026-09,desktop,i,2027-07-18,45964667.341175556,44947390.341175556
2026-09,desktop,i,2027-07-19,45899072.21110923,44881795.21110923
2026-09,desktop,i,2027-07-20,45819231.788910076,44801954.788910076
2026-09,desktop,i,2027-07-21,45748547.64999747,44731270.64999747
2026-09,desktop,i,2027-07-22,45672575.755162336,44655298.755162336
2026-09,desktop,i,2027-07-23,45597069.78011627,44579792.78011627
2026-09,desktop,i,2027-07-24,45526086.23327722,44508809.23327722
2026-09,desktop,i,2027-07-25,45468150.67119382,44450873.67119382
2026-09,desktop,i,2027-07-26,45398108.42541052,44380831.42541052
2026-09,desktop,i,2027-07-27,45322686.459330924,44305409.459330924
2026-09,desktop,i,2027-07-28,45258612.181909226,44241335.181909226
2026-09,desktop,i,2027-07-29,45196176.47601731,44178899.47601731
2026-09,desktop,i,2027-07-30,45127163.1879869,44109886.1879869
2026-09,desktop,i,2027-07-31,45082413.54052771,44065136.54052771
2026-09,desktop,i,2027-08-01,45054224.385318734,44036947.385318734
2026-09,desktop,i,2027-08-02,45077184.36798644,44059907.36798644
2026-09,desktop,i,2027-08-03,45032606.67182984,44015329.67182984
2026-09,desktop,i,2027-08-04,44980370.94729517,43963093.94729517
2026-09,desktop,i,2027-08-05,44930869.70081911,43913592.70081911
2026-09,desktop,i,2027-08-06,44889910.90163263,43872633.90163263
2026-09,desktop,i,2027-08-07,44851994.98162912,43834717.98162912
2026-09,desktop,i,2027-08-08,44808772.855530925,43791495.855530925
2026-09,desktop,i,2027-08-09,44753614.1384368,43736337.1384368
2026-09,desktop,i,2027-08-10,44670167.55487456,43652890.55487456
2026-09,desktop,i,2027-08-11,44606919.48365773,43589642.48365773
2026-09,desktop,i,2027-08-12,44516808.85952791,43499531.85952791
2026-09,desktop,i,2027-08-13,44429827.35247718,43412550.35247718
2026-09,desktop,i,2027-08-14,44345739.39272143,43328462.39272143
2026-09,desktop,i,2027-08-15,44230673.72068429,43213396.72068429
2026-09,desktop,i,2027-08-16,44161624.88383939,43144347.88383939
2026-09,desktop,i,2027-08-17,44077795.40951544,43060518.40951544
2026-09,desktop,i,2027-08-18,44026331.63284565,43009054.63284565
2026-09,desktop,i,2027-08-19,43980658.35669971,42963381.35669971
2026-09,desktop,i,2027-08-20,43952342.795073226,42935065.795073226
2026-09,desktop,i,2027-08-21,43965785.20969831,42948508.20969831
2026-09,desktop,i,2027-08-22,43970708.80383333,42953431.80383333
2026-09,desktop,i,2027-08-23,43981122.94378016,42963845.94378016
2026-09,desktop,i,2027-08-24,43999324.87734494,42982047.87734494
2026-09,desktop,i,2027-08-25,44019247.57158001,43001970.57158001
2026-09,desktop,i,2027-08-26,44057080.17549854,43039803.17549854
2026-09,desktop,i,2027-08-27,44095415.49981482,43078138.49981482
2026-09,desktop,i,2027-08-28,44133572.38228608,43116295.38228608
2026-09,desktop,i,2027-08-29,44192594.34979147,43175317.34979147
2026-09,desktop,i,2027-08-30,44298934.7084157,43281657.7084157
2026-09,desktop,i,2027-08-31,44375434.89684002,43358157.89684002
2026-09,desktop,i,2027-09-01,44461341.97073128,43444064.97073128
2026-09,desktop,i,2027-09-02,44545591.97593343,43528314.97593343
2026-09,desktop,i,2027-09-03,44633658.34739145,43616381.34739145
2026-09,desktop,i,2027-09-04,44681829.92680992,43664552.92680992
2026-09,desktop,i,2027-09-05,44748079.25095706,43730802.25095706
2026-09,desktop,i,2027-09-06,44736481.40380321,43719204.40380321
2026-09,desktop,i,2027-09-07,44853979.65473674,43836702.65473674
2026-09,desktop,i,2027-09-08,44998174.52766449,43980897.52766449
2026-09,desktop,i,2027-09-09,45166448.586270176,44149171.586270176
2026-09,desktop,i,2027-09-10,45336620.7103904,44319343.7103904
2026-09,desktop,i,2027-09-11,45482834.74094581,44465557.74094581
2026-09,desktop,i,2027-09-12,45664549.42774088,44647272.42774088
2026-09,desktop,i,2027-09-13,45841507.87254722,44824230.87254722
2026-09,desktop,i,2027-09-14,46003209.939516656,44985932.939516656
2026-09,desktop,i,2027-09-15,46106488.9483552,45089211.9483552
2026-09,desktop,i,2027-09-16,46245852.109162256,45228575.109162256
2026-09,desktop,i,2027-09-17,46356769.9712139,45339492.9712139
2026-09,desktop,i,2027-09-18,46428772.492377795,45411495.492377795
2026-09,desktop,i,2027-09-19,46499540.21026957,45482263.21026957
2026-09,desktop,i,2027-09-20,46588720.09159035,45571443.09159035
2026-09,desktop,i,2027-09-21,46694172.63911625,45676895.63911625
2026-09,desktop,i,2027-09-22,46798576.83845732,45781299.83845732
2026-09,desktop,i,2027-09-23,46892130.42359936,45874853.42359936
2026-09,desktop,i,2027-09-24,46974980.80843441,45957703.80843441
2026-09,desktop,i,2027-09-25,47036087.21300133,46018810.21300133
2026-09,desktop,i,2027-09-26,47079965.29780585,46062688.29780585
2026-09,desktop,i,2027-09-27,47136849.699835874,46119572.699835874
2026-09,desktop,i,2027-09-28,47195359.86033483,46178082.86033483
2026-09,desktop,i,2027-09-29,47223739.04698781,46206462.04698781
2026-09,desktop,i,2027-09-30,47226428.32116399,46209151.32116399
2026-09,desktop,i,2027-10-01,47186290.28254507,46169013.28254507
2026-09,desktop,i,2027-10-02,47156186.22846047,46138909.22846047
2026-09,desktop,i,2027-10-03,47117521.17913359,46100244.17913359
2026-09,desktop,i,2027-10-04,47132072.011615224,46114795.011615224
2026-09,desktop,i,2027-10-05,47064515.57609429,46047238.57609429
2026-09,desktop,i,2027-10-06,46948656.652662955,45931379.652662955
2026-09,desktop,i,2027-10-07,46811995.50815006,45794718.50815006
2026-09,desktop,i,2027-10-08,46679275.36202437,45661998.36202437
2026-09,desktop,i,2027-10-09,46615623.46062168,45598346.46062168
2026-09,desktop,i,2027-10-10,46579894.121333644,45562617.121333644
2026-09,desktop,i,2027-10-11,46404273.99813895,45386996.99813895
2026-09,desktop,i,2027-10-12,46279312.2443072,45262035.2443072
2026-09,desktop,i,2027-10-13,46235525.421420984,45218248.421420984
2026-09,desktop,i,2027-10-14,46199890.140629925,45182613.140629925
2026-09,desktop,i,2027-10-15,46188153.3075466,45170876.3075466
2026-09,desktop,i,2027-10-16,46181825.94566311,45164548.94566311
2026-09,desktop,i,2027-10-17,46182309.115031086,45165032.115031086
2026-09,desktop,i,2027-10-18,46197605.70481288,45180328.70481288
2026-09,desktop,i,2027-10-19,46200866.436325215,45183589.436325215
2026-09,desktop,i,2027-10-20,46209270.274569295,45191993.274569295
2026-09,desktop,i,2027-10-21,46217612.45142949,45200335.45142949
2026-09,desktop,i,2027-10-22,46231352.04080154,45214075.04080154
2026-09,desktop,i,2027-10-23,46229912.347827114,45212635.347827114
2026-09,desktop,i,2027-10-24,46234723.52619002,45217446.52619002
2026-09,desktop,i,2027-10-25,46246260.11721378,45228983.11721378
2026-09,desktop,i,2027-10-26,46268438.1769685,45251161.1769685
2026-09,desktop,i,2027-10-27,46293129.22433764,45275852.22433764
2026-09,desktop,i,2027-10-28,46318648.928496115,45301371.928496115
2026-09,desktop,i,2027-10-29,46353279.20927846,45336002.20927846
2026-09,desktop,i,2027-10-30,46404480.11712624,45387203.11712624
2026-09,desktop,i,2027-10-31,46433836.09862329,45416559.09862329
2026-09,desktop,i,2027-11-01,46381066.29781298,45363789.29781298
2026-09,desktop,i,2027-11-02,46472258.230761826,45454981.230761826
2026-09,desktop,i,2027-11-03,46626162.77869211,45608885.77869211
2026-09,desktop,i,2027-11-04,46775814.06591915,45758537.06591915
2026-09,desktop,i,2027-11-05,46945509.64051371,45928232.64051371
2026-09,desktop,i,2027-11-06,47030387.5023287,46013110.5023287
2026-09,desktop,i,2027-11-07,47090736.42471672,46073459.42471672
2026-09,desktop,i,2027-11-08,47307907.471818276,46290630.471818276
2026-09,desktop,i,2027-11-09,47481476.92598283,46464199.92598283
2026-09,desktop,i,2027-11-10,47606174.05077843,46588897.05077843
2026-09,desktop,i,2027-11-11,47612411.44489758,46595134.44489758
2026-09,desktop,i,2027-11-12,47662039.465475105,46644762.465475105
2026-09,desktop,i,2027-11-13,47698877.73198275,46681600.73198275
2026-09,desktop,i,2027-11-14,47717578.40489554,46700301.40489554
2026-09,desktop,i,2027-11-15,47693467.6818817,46676190.6818817
2026-09,desktop,i,2027-11-16,47716048.79019015,46698771.79019015
2026-09,desktop,i,2027-11-17,47746800.2433563,46729523.2433563
2026-09,desktop,i,2027-11-18,47765727.74814196,46748450.74814196
2026-09,desktop,i,2027-11-19,47789723.41986148,46772446.41986148
2026-09,desktop,i,2027-11-20,47792683.72547834,46775406.72547834
2026-09,desktop,i,2027-11-21,47807100.227804266,46789823.227804266
2026-09,desktop,i,2027-11-22,47817026.305399485,46799749.305399485
2026-09,desktop,i,2027-11-23,47825644.215989545,46808367.215989545
2026-09,desktop,i,2027-11-24,47853829.300562784,46836552.300562784
2026-09,desktop,i,2027-11-25,47833863.380304344,46816586.380304344
2026-09,desktop,i,2027-11-26,47830149.39477519,46812872.39477519
2026-09,desktop,i,2027-11-27,47860419.04588179,46843142.04588179
2026-09,desktop,i,2027-11-28,47925213.969754875,46907936.969754875
2026-09,desktop,i,2027-11-29,48167022.73448456,47149745.73448456
2026-09,desktop,i,2027-11-30,48238001.452622555,47220724.452622555
2026-09,desktop,i,2027-12-01,48268176.736698605,47250899.736698605
2026-09,desktop,i,2027-12-02,48313213.55242922,47295936.55242922
2026-09,desktop,i,2027-12-03,48314990.65308338,47297713.65308338
2026-09,desktop,i,2027-12-04,48321472.316016994,47304195.316016994
2026-09,desktop,i,2027-12-05,48321242.65254374,47303965.65254374
2026-09,desktop,i,2027-12-06,48322745.682419755,47305468.682419755
2026-09,desktop,i,2027-12-07,48325149.398382686,47307872.398382686
2026-09,desktop,i,2027-12-08,48298880.09576242,47281603.09576242
2026-09,desktop,i,2027-12-09,48369642.63042055,47352365.63042055
2026-09,desktop,i,2027-12-10,48363757.06300191,47346480.06300191
2026-09,desktop,i,2027-12-11,48335815.96597742,47318538.96597742
2026-09,desktop,i,2027-12-12,48325395.54642095,47308118.54642095
2026-09,desktop,i,2027-12-13,48365341.828821,47348064.828821
2026-09,desktop,i,2027-12-14,48343304.48138052,47326027.48138052
2026-09,desktop,i,2027-12-15,48307115.70434086,47289838.70434086
2026-09,desktop,i,2027-12-16,48270676.728455365,47253399.728455365
2026-09,desktop,i,2027-12-17,48232833.51730282,47215556.51730282
2026-09,desktop,i,2027-12-18,48216317.813110836,47199040.813110836
2026-09,desktop,i,2027-12-19,48161624.9001495,47144347.9001495
2026-09,desktop,i,2027-12-20,48007663.954196356,46990386.954196356
2026-09,desktop,i,2027-12-21,47848353.599034384,46831076.599034384
2026-09,desktop,i,2027-12-22,47632410.01756231,46615133.01756231
2026-09,desktop,i,2027-12-23,47350134.096801125,46332857.096801125
2026-09,desktop,i,2027-12-24,46692246.401167266,45674969.401167266
2026-09,desktop,i,2027-12-25,46203926.47551435,45186649.47551435
2026-09,desktop,i,2027-12-26,45877505.815049365,44860228.815049365
2026-09,desktop,i,2027-12-27,45382759.33393168,44365482.33393168
2026-09,desktop,i,2027-12-28,45127268.2728187,44109991.2728187
2026-09,desktop,i,2027-12-29,44851927.53660335,43834650.53660335
2026-09,desktop,i,2027-12-30,44532396.42882187,43515119.42882187
2026-09,desktop,i,2027-12-31,43999120.1238474,42981843.1238474
2026-09,desktop,j,2026-09-09,47323567.65269675,47323567.65269675
2026-09,desktop,j,2026-09-10,47507385.704471424,47496898.312718846
2026-09,desktop,j,2026-09-11,47665695.863372885,47644721.07986773
2026-09,desktop,j,2026-09-12,47783104.60469659,47751642.42943885
2026-09,desktop,j,2026-09-13,47856185.408172876,47814235.84116257
2026-09,desktop,j,2026-09-14,48031536.93444885,47979099.97568597
2026-09,desktop,j,2026-09-15,48176537.84493661,48113613.49442115
2026-09,desktop,j,2026-09-16,48293325.97981537,48219914.23754733
2026-09,desktop,j,2026-09-17,48420838.97318669,48336939.83916607
2026-09,desktop,j,2026-09-18,48523129.99989199,48428743.47411879
2026-09,desktop,j,2026-09-19,48568411.6279377,48463537.71041192
2026-09,desktop,j,2026-09-20,48621205.51528834,48505844.206009984
2026-09,desktop,j,2026-09-21,48717980.085758954,48592131.38472803
2026-09,desktop,j,2026-09-22,48870748.60233806,48734412.50955456
2026-09,desktop,j,2026-09-23,49001169.28115516,48854345.79661908
2026-09,desktop,j,2026-09-24,49112248.68201305,48954937.80572439
2026-09,desktop,j,2026-09-25,49221450.64414024,49053652.376099005
2026-09,desktop,j,2026-09-26,49265919.44128714,49087633.78149332
2026-09,desktop,j,2026-09-27,49316044.55256138,49127271.501014985
2026-09,desktop,j,2026-09-28,49350643.05318545,49151382.60988648
2026-09,desktop,j,2026-09-29,49384584.33047548,49174836.495423935
2026-09,desktop,j,2026-09-30,49374583.84502888,49154348.618224755
2026-09,desktop,j,2026-10-01,49378701.40264773,49147978.78409103
2026-09,desktop,j,2026-10-02,49369124.14971171,49127914.139402434
2026-09,desktop,j,2026-10-03,49398695.44564934,49146998.04358748
2026-09,desktop,j,2026-10-04,49426656.951069206,49164472.15725477
2026-09,desktop,j,2026-10-05,49520134.760677025,49247462.57511001
2026-09,desktop,j,2026-10-06,49526253.89946191,49243094.322142325
2026-09,desktop,j,2026-10-07,49534830.61206383,49241183.64299167
2026-09,desktop,j,2026-10-08,49543447.61294466,49239313.25211992
2026-09,desktop,j,2026-10-09,49560989.84958862,49246368.0970113
2026-09,desktop,j,2026-10-10,49570784.09552618,49245674.95119628
2026-09,desktop,j,2026-10-11,49577203.72886545,49241607.192782976
2026-09,desktop,j,2026-10-12,49512491.397751614,49166407.46991656
2026-09,desktop,j,2026-10-13,49522710.38706495,49166139.06747732
2026-09,desktop,j,2026-10-14,49551486.87619137,49184428.16485117
2026-09,desktop,j,2026-10-15,49570898.31122315,49193352.20813037
2026-09,desktop,j,2026-10-16,49585318.38966173,49197284.89481637
2026-09,desktop,j,2026-10-17,49594169.20616208,49195648.31956414
2026-09,desktop,j,2026-10-18,49601267.27180136,49192258.99345084
2026-09,desktop,j,2026-10-19,49604854.325149275,49185358.65504618
2026-09,desktop,j,2026-10-20,49580543.772951946,49150560.71109627
2026-09,desktop,j,2026-10-21,49582580.493687585,49142110.04007934
2026-09,desktop,j,2026-10-22,49584858.99835912,49133901.1529983
2026-09,desktop,j,2026-10-23,49598486.39843677,49137041.16132337
2026-09,desktop,j,2026-10-24,49597333.24861861,49125400.61975263
2026-09,desktop,j,2026-10-25,49597910.92993273,49115490.90931417
2026-09,desktop,j,2026-10-26,49598161.22537644,49105253.813005306
2026-09,desktop,j,2026-10-27,49604421.772040956,49101026.96791724
2026-09,desktop,j,2026-10-28,49604528.43999372,49090646.24411743
2026-09,desktop,j,2026-10-29,49618293.23389419,49093923.64626533
2026-09,desktop,j,2026-10-30,49670822.46174993,49135965.48236849
2026-09,desktop,j,2026-10-31,49678663.460418746,49133319.089284725
2026-09,desktop,j,2026-11-01,49590192.31660042,49034360.55371382
2026-09,desktop,j,2026-11-02,49578477.47751413,49012158.322874956
2026-09,desktop,j,2026-11-03,49595968.305370316,49019161.75897856
2026-09,desktop,j,2026-11-04,49613386.18711764,49026092.24897331
2026-09,desktop,j,2026-11-05,49643925.92582281,49046144.595925905
2026-09,desktop,j,2026-11-06,49655386.46118468,49047117.7395352
2026-09,desktop,j,2026-11-07,49660008.44925111,49041252.33584905
2026-09,desktop,j,2026-11-08,49657071.98035239,49027828.47519775
2026-09,desktop,j,2026-11-09,49742638.635251686,49102907.73834447
2026-09,desktop,j,2026-11-10,49741990.28699486,49091771.99833506
2026-09,desktop,j,2026-11-11,49690094.92035937,49029389.239947
2026-09,desktop,j,2026-11-12,49705525.89687287,49034332.824707925
2026-09,desktop,j,2026-11-13,49719515.55446664,49037835.09054912
2026-09,desktop,j,2026-11-14,49736912.90806339,49044745.05239329
2026-09,desktop,j,2026-11-15,49743819.5097751,49041164.26235242
2026-09,desktop,j,2026-11-16,49774239.361450806,49061096.72227555
2026-09,desktop,j,2026-11-17,49838925.42957975,49115295.39865191
2026-09,desktop,j,2026-11-18,49878252.61689594,49144135.19421552
2026-09,desktop,j,2026-11-19,49915942.61315652,49171337.798723534
2026-09,desktop,j,2026-11-20,49906451.32754166,49151359.12135609
2026-09,desktop,j,2026-11-21,49929760.361569114,49164180.76363097
2026-09,desktop,j,2026-11-22,49952525.9616034,49176458.97191268
2026-09,desktop,j,2026-11-23,49966264.54584863,49179710.16440533
2026-09,desktop,j,2026-11-24,49997875.25027453,49200833.477078654
2026-09,desktop,j,2026-11-25,50027473.55914616,49219944.3941977
2026-09,desktop,j,2026-11-26,49988268.82906555,49170252.27236451
2026-09,desktop,j,2026-11-27,49930754.41506215,49102250.46660855
2026-09,desktop,j,2026-11-28,49954108.59297518,49115117.25276899
2026-09,desktop,j,2026-11-29,50072696.62656631,49223217.89460755
2026-09,desktop,j,2026-11-30,50147872.02120696,49287905.89749562
2026-09,desktop,j,2026-12-01,50191349.72879231,49320896.21332839
2026-09,desktop,j,2026-12-02,50226039.32654361,49345098.41932711
2026-09,desktop,j,2026-12-03,50247828.85782664,49356400.55885757
2026-09,desktop,j,2026-12-04,50272149.6921982,49370234.001476556
2026-09,desktop,j,2026-12-05,50291008.65870251,49378605.57622828
2026-09,desktop,j,2026-12-06,50316390.222725436,49393499.74849863
2026-09,desktop,j,2026-12-07,50345827.78504116,49412449.91906178
2026-09,desktop,j,2026-12-08,50356667.169294186,49412801.91156223
2026-09,desktop,j,2026-12-09,50422231.49633408,49467878.846849546
2026-09,desktop,j,2026-12-10,50421029.55084119,49456189.509604074
2026-09,desktop,j,2026-12-11,50415557.276577756,49440229.84358806
2026-09,desktop,j,2026-12-12,50401455.18439561,49415640.359653346
2026-09,desktop,j,2026-12-13,50401240.28944726,49404938.07295242
2026-09,desktop,j,2026-12-14,50393818.18653741,49387028.578289986
2026-09,desktop,j,2026-12-15,50360245.47593938,49342968.47593938
2026-09,desktop,j,2026-12-16,50323042.71720182,49305765.71720182
2026-09,desktop,j,2026-12-17,50285446.73225546,49268169.73225546
2026-09,desktop,j,2026-12-18,50292361.40563459,49275084.40563459
2026-09,desktop,j,2026-12-19,50247295.946425535,49230018.946425535
2026-09,desktop,j,2026-12-20,50182616.40284358,49165339.40284358
2026-09,desktop,j,2026-12-21,50005450.837781355,48988173.837781355
2026-09,desktop,j,2026-12-22,49819007.643578775,48801730.643578775
2026-09,desktop,j,2026-12-23,49585587.410592355,48568310.410592355
2026-09,desktop,j,2026-12-24,49131010.17245604,48113733.17245604
2026-09,desktop,j,2026-12-25,48403511.3609189,47386234.3609189
2026-09,desktop,j,2026-12-26,48084437.42799238,47067160.42799238
2026-09,desktop,j,2026-12-27,47846118.02377105,46828841.02377105
2026-09,desktop,j,2026-12-28,47347852.40862795,46330575.40862795
2026-09,desktop,j,2026-12-29,47010063.33045704,45992786.33045704
2026-09,desktop,j,2026-12-30,46643733.01145726,45626456.01145726
2026-09,desktop,j,2026-12-31,46015485.78553182,44998208.78553182
2026-09,desktop,j,2027-01-01,45052333.371114366,44035056.371114366
2026-09,desktop,j,2027-01-02,44804010.50487488,43786733.50487488
2026-09,desktop,j,2027-01-03,44663073.07780844,43645796.07780844
2026-09,desktop,j,2027-01-04,44459819.03964959,43442542.03964959
2026-09,desktop,j,2027-01-05,44325775.49991756,43308498.49991756
2026-09,desktop,j,2027-01-06,44149438.89582814,43132161.89582814
2026-09,desktop,j,2027-01-07,44067625.79578443,43050348.79578443
2026-09,desktop,j,2027-01-08,44029713.87975182,43012436.87975182
2026-09,desktop,j,2027-01-09,44017551.70395089,43000274.70395089
2026-09,desktop,j,2027-01-10,44007799.30794154,42990522.30794154
2026-09,desktop,j,2027-01-11,43982902.710700676,42965625.710700676
2026-09,desktop,j,2027-01-12,43995073.59526654,42977796.59526654
2026-09,desktop,j,2027-01-13,44003521.15033408,42986244.15033408
2026-09,desktop,j,2027-01-14,44000798.82189118,42983521.82189118
2026-09,desktop,j,2027-01-15,44005088.14400883,42987811.14400883
2026-09,desktop,j,2027-01-16,44039710.17904741,43022433.17904741
2026-09,desktop,j,2027-01-17,44096370.031697616,43079093.031697616
2026-09,desktop,j,2027-01-18,44235462.07854826,43218185.07854826
2026-09,desktop,j,2027-01-19,44419570.97364711,43402293.97364711
2026-09,desktop,j,2027-01-20,44669713.30422906,43652436.30422906
2026-09,desktop,j,2027-01-21,45203347.94097024,44186070.94097024
2026-09,desktop,j,2027-01-22,46025771.724530876,45008494.724530876
2026-09,desktop,j,2027-01-23,46355628.670870356,45338351.670870356
2026-09,desktop,j,2027-01-24,46592704.08326074,45575427.08326074
2026-09,desktop,j,2027-01-25,47083340.56927459,46066063.56927459
2026-09,desktop,j,2027-01-26,47388561.79203828,46371284.79203828
2026-09,desktop,j,2027-01-27,47757722.28987495,46740445.28987495
2026-09,desktop,j,2027-01-28,48381805.522265926,47364528.522265926
2026-09,desktop,j,2027-01-29,49344513.51239,48327236.51239
2026-09,desktop,j,2027-01-30,49593240.13323365,48575963.13323365
2026-09,desktop,j,2027-01-31,49729632.61166416,48712355.61166416
2026-09,desktop,j,2027-02-01,49912812.564684324,48895535.564684324
2026-09,desktop,j,2027-02-02,50039573.33262419,49022296.33262419
2026-09,desktop,j,2027-02-03,50192914.5570158,49175637.5570158
2026-09,desktop,j,2027-02-04,50210255.50785173,49192978.50785173
2026-09,desktop,j,2027-02-05,50152278.23931734,49135001.23931734
2026-09,desktop,j,2027-02-06,50086035.670332246,49068758.670332246
2026-09,desktop,j,2027-02-07,50040573.43980662,49023296.43980662
2026-09,desktop,j,2027-02-08,49878082.89923613,48860805.89923613
2026-09,desktop,j,2027-02-09,49714359.77605838,48697082.77605838
2026-09,desktop,j,2027-02-10,49609299.37999366,48592022.37999366
2026-09,desktop,j,2027-02-11,49526783.39000891,48509506.39000891
2026-09,desktop,j,2027-02-12,49470608.20090127,48453331.20090127
2026-09,desktop,j,2027-02-13,49429775.49479996,48412498.49479996
2026-09,desktop,j,2027-02-14,49390543.461549506,48373266.461549506
2026-09,desktop,j,2027-02-15,49316229.88841619,48298952.88841619
2026-09,desktop,j,2027-02-16,49236467.89011897,48219190.89011897
2026-09,desktop,j,2027-02-17,49159405.72416688,48142128.72416688
2026-09,desktop,j,2027-02-18,49087640.877427,48070363.877427
2026-09,desktop,j,2027-02-19,49036100.15533007,48018823.15533007
2026-09,desktop,j,2027-02-20,49009130.11914515,47991853.11914515
2026-09,desktop,j,2027-02-21,48975869.33884569,47958592.33884569
2026-09,desktop,j,2027-02-22,48924726.16721167,47907449.16721167
2026-09,desktop,j,2027-02-23,48883369.7737235,47866092.7737235
2026-09,desktop,j,2027-02-24,48832832.80003775,47815555.80003775
2026-09,desktop,j,2027-02-25,48792749.73217899,47775472.73217899
2026-09,desktop,j,2027-02-26,48761826.86456199,47744549.86456199
2026-09,desktop,j,2027-02-27,48735313.37965323,47718036.37965323
2026-09,desktop,j,2027-02-28,48703167.046471916,47685890.046471916
2026-09,desktop,j,2027-03-01,48706575.761655934,47689298.761655934
2026-09,desktop,j,2027-03-02,48707413.35980723,47690136.35980723
2026-09,desktop,j,2027-03-03,48705359.74075324,47688082.74075324
2026-09,desktop,j,2027-03-04,48744859.61337233,47727582.61337233
2026-09,desktop,j,2027-03-05,48807060.419017754,47789783.419017754
2026-09,desktop,j,2027-03-06,48847271.23190661,47829994.23190661
2026-09,desktop,j,2027-03-07,48874051.59419403,47856774.59419403
2026-09,desktop,j,2027-03-08,48974788.10933443,47957511.10933443
2026-09,desktop,j,2027-03-09,49041152.64407979,48023875.64407979
2026-09,desktop,j,2027-03-10,49078237.68616236,48060960.68616236
2026-09,desktop,j,2027-03-11,49115275.43015425,48097998.43015425
2026-09,desktop,j,2027-03-12,49119753.91753044,48102476.91753044
2026-09,desktop,j,2027-03-13,49124452.348868564,48107175.348868564
2026-09,desktop,j,2027-03-14,49131951.0583517,48114674.0583517
2026-09,desktop,j,2027-03-15,49179829.835102476,48162552.835102476
2026-09,desktop,j,2027-03-16,49200234.24865453,48182957.24865453
2026-09,desktop,j,2027-03-17,49209231.61741284,48191954.61741284
2026-09,desktop,j,2027-03-18,49212945.927497014,48195668.927497014
2026-09,desktop,j,2027-03-19,49199983.88121659,48182706.88121659
2026-09,desktop,j,2027-03-20,49174610.852139585,48157333.852139585
2026-09,desktop,j,2027-03-21,49124872.203051664,48107595.203051664
2026-09,desktop,j,2027-03-22,48986760.26970767,47969483.26970767
2026-09,desktop,j,2027-03-23,48923450.68253727,47906173.68253727
2026-09,desktop,j,2027-03-24,48815538.44281169,47798261.44281169
2026-09,desktop,j,2027-03-25,48613892.721396804,47596615.721396804
2026-09,desktop,j,2027-03-26,48139086.09665601,47121809.09665601
2026-09,desktop,j,2027-03-27,48011299.13555397,46994022.13555397
2026-09,desktop,j,2027-03-28,47869167.62320729,46851890.62320729
2026-09,desktop,j,2027-03-29,47381981.92137309,46364704.92137309
2026-09,desktop,j,2027-03-30,47299730.42851984,46282453.42851984
2026-09,desktop,j,2027-03-31,47231552.10958513,46214275.10958513
2026-09,desktop,j,2027-04-01,47155667.04016052,46138390.04016052
2026-09,desktop,j,2027-04-02,47104130.627157934,46086853.627157934
2026-09,desktop,j,2027-04-03,47100724.269616835,46083447.269616835
2026-09,desktop,j,2027-04-04,47096480.737894796,46079203.737894796
2026-09,desktop,j,2027-04-05,47123986.9336562,46106709.9336562
2026-09,desktop,j,2027-04-06,47169431.68427526,46152154.68427526
2026-09,desktop,j,2027-04-07,47193977.28657466,46176700.28657466
2026-09,desktop,j,2027-04-08,47202540.98844135,46185263.98844135
2026-09,desktop,j,2027-04-09,47217391.23747445,46200114.23747445
2026-09,desktop,j,2027-04-10,47214545.90353907,46197268.90353907
2026-09,desktop,j,2027-04-11,47203673.00121125,46186396.00121125
2026-09,desktop,j,2027-04-12,47212717.958010025,46195440.958010025
2026-09,desktop,j,2027-04-13,47193515.84222675,46176238.84222675
2026-09,desktop,j,2027-04-14,47175518.89757068,46158241.89757068
2026-09,desktop,j,2027-04-15,47159823.96494802,46142546.96494802
2026-09,desktop,j,2027-04-16,47146744.16284053,46129467.16284053
2026-09,desktop,j,2027-04-17,47154134.82041061,46136857.82041061
2026-09,desktop,j,2027-04-18,47179368.47780765,46162091.47780765
2026-09,desktop,j,2027-04-19,47285836.38301555,46268559.38301555
2026-09,desktop,j,2027-04-20,47323317.43952907,46306040.43952907
2026-09,desktop,j,2027-04-21,47362175.861584194,46344898.861584194
2026-09,desktop,j,2027-04-22,47514699.0077967,46497422.0077967
2026-09,desktop,j,2027-04-23,47932264.68789161,46914987.68789161
2026-09,desktop,j,2027-04-24,48026074.42877185,47008797.42877185
2026-09,desktop,j,2027-04-25,48140363.73912697,47123086.73912697
2026-09,desktop,j,2027-04-26,48547065.89886313,47529788.89886313
2026-09,desktop,j,2027-04-27,48559383.87792388,47542106.87792388
2026-09,desktop,j,2027-04-28,48541915.98736734,47524638.98736734
2026-09,desktop,j,2027-04-29,48519549.43200721,47502272.43200721
2026-09,desktop,j,2027-04-30,48414120.62491495,47396843.62491495
2026-09,desktop,j,2027-05-01,47968972.177508496,46951695.177508496
2026-09,desktop,j,2027-05-02,47826045.196242295,46808768.196242295
2026-09,desktop,j,2027-05-03,47596771.464524016,46579494.464524016
2026-09,desktop,j,2027-05-04,47477357.53151114,46460080.53151114
2026-09,desktop,j,2027-05-05,47343690.118022226,46326413.118022226
2026-09,desktop,j,2027-05-06,47026880.16601119,46009603.16601119
2026-09,desktop,j,2027-05-07,46842429.915312216,45825152.915312216
2026-09,desktop,j,2027-05-08,46777739.84573771,45760462.84573771
2026-09,desktop,j,2027-05-09,46729967.13109112,45712690.13109112
2026-09,desktop,j,2027-05-10,46626891.872370556,45609614.872370556
2026-09,desktop,j,2027-05-11,46569612.012598254,45552335.012598254
2026-09,desktop,j,2027-05-12,46518748.24418424,45501471.24418424
2026-09,desktop,j,2027-05-13,46471264.45991433,45453987.45991433
2026-09,desktop,j,2027-05-14,46406609.8591569,45389332.8591569
2026-09,desktop,j,2027-05-15,46340074.24948476,45322797.24948476
2026-09,desktop,j,2027-05-16,46204616.786616825,45187339.786616825
2026-09,desktop,j,2027-05-17,45856947.79048191,44839670.79048191
2026-09,desktop,j,2027-05-18,45827871.45125692,44810594.45125692
2026-09,desktop,j,2027-05-19,45822280.32880832,44805003.32880832
2026-09,desktop,j,2027-05-20,45754599.88317527,44737322.88317527
2026-09,desktop,j,2027-05-21,45731251.38365741,44713974.38365741
2026-09,desktop,j,2027-05-22,45708318.07968559,44691041.07968559
2026-09,desktop,j,2027-05-23,45690801.35704493,44673524.35704493
2026-09,desktop,j,2027-05-24,45645543.08387587,44628266.08387587
2026-09,desktop,j,2027-05-25,45641608.0795972,44624331.0795972
2026-09,desktop,j,2027-05-26,45650359.8477249,44633082.8477249
2026-09,desktop,j,2027-05-27,45519915.65433615,44502638.65433615
2026-09,desktop,j,2027-05-28,45541310.43440719,44524033.43440719
2026-09,desktop,j,2027-05-29,45954959.38982643,44937682.38982643
2026-09,desktop,j,2027-05-30,46057099.606011026,45039822.606011026
2026-09,desktop,j,2027-05-31,46124918.504468404,45107641.504468404
2026-09,desktop,j,2027-06-01,46183833.49167461,45166556.49167461
2026-09,desktop,j,2027-06-02,46269070.71859778,45251793.71859778
2026-09,desktop,j,2027-06-03,46548639.00232808,45531362.00232808
2026-09,desktop,j,2027-06-04,46697532.041235134,45680255.041235134
2026-09,desktop,j,2027-06-05,46724567.335325874,45707290.335325874
2026-09,desktop,j,2027-06-06,46744962.3166184,45727685.3166184
2026-09,desktop,j,2027-06-07,46814321.94039766,45797044.94039766
2026-09,desktop,j,2027-06-08,46845864.00021725,45828587.00021725
2026-09,desktop,j,2027-06-09,46836760.04215801,45819483.04215801
2026-09,desktop,j,2027-06-10,46854534.00203567,45837257.00203567
2026-09,desktop,j,2027-06-11,46892124.48095577,45874847.48095577
2026-09,desktop,j,2027-06-12,46933879.610029854,45916602.610029854
2026-09,desktop,j,2027-06-13,47047897.90458343,46030620.90458343
2026-09,desktop,j,2027-06-14,47342244.1557231,46324967.1557231
2026-09,desktop,j,2027-06-15,47321473.26211255,46304196.26211255
2026-09,desktop,j,2027-06-16,47319100.68918611,46301823.68918611
2026-09,desktop,j,2027-06-17,47345006.35808309,46327729.35808309
2026-09,desktop,j,2027-06-18,47308290.319949254,46291013.319949254
2026-09,desktop,j,2027-06-19,47287805.45483207,46270528.45483207
2026-09,desktop,j,2027-06-20,47275192.35271493,46257915.35271493
2026-09,desktop,j,2027-06-21,47264296.70087943,46247019.70087943
2026-09,desktop,j,2027-06-22,47236614.70159739,46219337.70159739
2026-09,desktop,j,2027-06-23,47203696.979337715,46186419.979337715
2026-09,desktop,j,2027-06-24,47326672.93941037,46309395.93941037
2026-09,desktop,j,2027-06-25,47381692.656711556,46364415.656711556
2026-09,desktop,j,2027-06-26,47377569.23908747,46360292.23908747
2026-09,desktop,j,2027-06-27,47373946.628411934,46356669.628411934
2026-09,desktop,j,2027-06-28,47468534.905553386,46451257.905553386
2026-09,desktop,j,2027-06-29,47437444.33577156,46420167.33577156
2026-09,desktop,j,2027-06-30,47379543.75001508,46362266.75001508
2026-09,desktop,j,2027-07-01,47312935.9537679,46295658.9537679
2026-09,desktop,j,2027-07-02,47257239.56168396,46239962.56168396
2026-09,desktop,j,2027-07-03,47221003.45404543,46203726.45404543
2026-09,desktop,j,2027-07-04,47153845.40191759,46136568.40191759
2026-09,desktop,j,2027-07-05,46964529.54774983,45947252.54774983
2026-09,desktop,j,2027-07-06,46857672.06441825,45840395.06441825
2026-09,desktop,j,2027-07-07,46794405.443026856,45777128.443026856
2026-09,desktop,j,2027-07-08,46708591.66048886,45691314.66048886
2026-09,desktop,j,2027-07-09,46614397.84759248,45597120.84759248
2026-09,desktop,j,2027-07-10,46563336.29687444,45546059.29687444
2026-09,desktop,j,2027-07-11,46520019.01059522,45502742.01059522
2026-09,desktop,j,2027-07-12,46454435.02348562,45437158.02348562
2026-09,desktop,j,2027-07-13,46382763.55811978,45365486.55811978
2026-09,desktop,j,2027-07-14,46273752.23407222,45256475.23407222
2026-09,desktop,j,2027-07-15,46196923.99067307,45179646.99067307
2026-09,desktop,j,2027-07-16,46139919.54815066,45122642.54815066
2026-09,desktop,j,2027-07-17,46098686.50805801,45081409.50805801
2026-09,desktop,j,2027-07-18,46054097.86948137,45036820.86948137
2026-09,desktop,j,2027-07-19,45994138.73887845,44976861.73887845
2026-09,desktop,j,2027-07-20,45912454.8988496,44895177.8988496
2026-09,desktop,j,2027-07-21,45842605.94200932,44825328.94200932
2026-09,desktop,j,2027-07-22,45768965.60332172,44751688.60332172
2026-09,desktop,j,2027-07-23,45694416.28609844,44677139.28609844
2026-09,desktop,j,2027-07-24,45624884.282540895,44607607.282540895
2026-09,desktop,j,2027-07-25,45566060.67040985,44548783.67040985
2026-09,desktop,j,2027-07-26,45491011.59796097,44473734.59796097
2026-09,desktop,j,2027-07-27,45418259.9277448,44400982.9277448
2026-09,desktop,j,2027-07-28,45352320.784212045,44335043.784212045
2026-09,desktop,j,2027-07-29,45293509.26807165,44276232.26807165
2026-09,desktop,j,2027-07-30,45223580.4284595,44206303.4284595
2026-09,desktop,j,2027-07-31,45175127.98512973,44157850.98512973
2026-09,desktop,j,2027-08-01,45146089.45175608,44128812.45175608
2026-09,desktop,j,2027-08-02,45166644.31810068,44149367.31810068
2026-09,desktop,j,2027-08-03,45118766.19230336,44101489.19230336
2026-09,desktop,j,2027-08-04,45066942.53997791,44049665.53997791
2026-09,desktop,j,2027-08-05,45010734.08889138,43993457.08889138
2026-09,desktop,j,2027-08-06,44968774.14318763,43951497.14318763
2026-09,desktop,j,2027-08-07,44932017.21651312,43914740.21651312
2026-09,desktop,j,2027-08-08,44884139.99378777,43866862.99378777
2026-09,desktop,j,2027-08-09,44825500.88602609,43808223.88602609
2026-09,desktop,j,2027-08-10,44739297.67296424,43722020.67296424
2026-09,desktop,j,2027-08-11,44673628.640068196,43656351.640068196
2026-09,desktop,j,2027-08-12,44582106.81807772,43564829.81807772
2026-09,desktop,j,2027-08-13,44496076.89357709,43478799.89357709
2026-09,desktop,j,2027-08-14,44408551.387726545,43391274.387726545
2026-09,desktop,j,2027-08-15,44293309.934368,43276032.934368
2026-09,desktop,j,2027-08-16,44221337.49546218,43204060.49546218
2026-09,desktop,j,2027-08-17,44138901.67899822,43121624.67899822
2026-09,desktop,j,2027-08-18,44084628.39548284,43067351.39548284
2026-09,desktop,j,2027-08-19,44035471.9985214,43018194.9985214
2026-09,desktop,j,2027-08-20,44004752.6512388,42987475.6512388
2026-09,desktop,j,2027-08-21,44016592.674741514,42999315.674741514
2026-09,desktop,j,2027-08-22,44020004.87704299,43002727.87704299
2026-09,desktop,j,2027-08-23,44030483.784640916,43013206.784640916
2026-09,desktop,j,2027-08-24,44046173.24962242,43028896.24962242
2026-09,desktop,j,2027-08-25,44066575.012933806,43049298.012933806
2026-09,desktop,j,2027-08-26,44102944.41613013,43085667.41613013
2026-09,desktop,j,2027-08-27,44142107.16944132,43124830.16944132
2026-09,desktop,j,2027-08-28,44183183.18128054,43165906.18128054
2026-09,desktop,j,2027-08-29,44239775.45602154,43222498.45602154
2026-09,desktop,j,2027-08-30,44344706.30769011,43327429.30769011
2026-09,desktop,j,2027-08-31,44424406.08542428,43407129.08542428
2026-09,desktop,j,2027-09-01,44510828.5917568,43493551.5917568
2026-09,desktop,j,2027-09-02,44596914.682093106,43579637.682093106
2026-09,desktop,j,2027-09-03,44683657.37195603,43666380.37195603
2026-09,desktop,j,2027-09-04,44732123.807436936,43714846.807436936
2026-09,desktop,j,2027-09-05,44797717.88250942,43780440.88250942
2026-09,desktop,j,2027-09-06,44782464.52401614,43765187.52401614
2026-09,desktop,j,2027-09-07,44897703.32636674,43880426.32636674
2026-09,desktop,j,2027-09-08,45041911.71864725,44024634.71864725
2026-09,desktop,j,2027-09-09,45211069.01979395,44193792.01979395
2026-09,desktop,j,2027-09-10,45378394.32407933,44361117.32407933
2026-09,desktop,j,2027-09-11,45525447.44859468,44508170.44859468
2026-09,desktop,j,2027-09-12,45707816.32269384,44690539.32269384
2026-09,desktop,j,2027-09-13,45881286.72893484,44864009.72893484
2026-09,desktop,j,2027-09-14,46044899.885656334,45027622.885656334
2026-09,desktop,j,2027-09-15,46147628.310016796,45130351.310016796
2026-09,desktop,j,2027-09-16,46285490.14497554,45268213.14497554
2026-09,desktop,j,2027-09-17,46396410.27318389,45379133.27318389
2026-09,desktop,j,2027-09-18,46464616.51317392,45447339.51317392
2026-09,desktop,j,2027-09-19,46535060.28710728,45517783.28710728
2026-09,desktop,j,2027-09-20,46624284.27330329,45607007.27330329
2026-09,desktop,j,2027-09-21,46730391.40224976,45713114.40224976
2026-09,desktop,j,2027-09-22,46832094.584194325,45814817.584194325
2026-09,desktop,j,2027-09-23,46922814.29035654,45905537.29035654
2026-09,desktop,j,2027-09-24,47003378.802051164,45986101.802051164
2026-09,desktop,j,2027-09-25,47064885.20117145,46047608.20117145
2026-09,desktop,j,2027-09-26,47109206.45305062,46091929.45305062
2026-09,desktop,j,2027-09-27,47164374.377865724,46147097.377865724
2026-09,desktop,j,2027-09-28,47225006.026427925,46207729.026427925
2026-09,desktop,j,2027-09-29,47253070.49275751,46235793.49275751
2026-09,desktop,j,2027-09-30,47256218.98657941,46238941.98657941
2026-09,desktop,j,2027-10-01,47215635.34845891,46198358.34845891
2026-09,desktop,j,2027-10-02,47182874.39886828,46165597.39886828
2026-09,desktop,j,2027-10-03,47144643.887292616,46127366.887292616
2026-09,desktop,j,2027-10-04,47170094.75030156,46152817.75030156
2026-09,desktop,j,2027-10-05,47095046.22195222,46077769.22195222
2026-09,desktop,j,2027-10-06,46979744.04957146,45962467.04957146
2026-09,desktop,j,2027-10-07,46845345.99499353,45828068.99499353
2026-09,desktop,j,2027-10-08,46711422.73559628,45694145.73559628
2026-09,desktop,j,2027-10-09,46647145.40387755,45629868.40387755
2026-09,desktop,j,2027-10-10,46609243.23165618,45591966.23165618
2026-09,desktop,j,2027-10-11,46441073.618604936,45423796.618604936
2026-09,desktop,j,2027-10-12,46309501.52145914,45292224.52145914
2026-09,desktop,j,2027-10-13,46265307.364588626,45248030.364588626
2026-09,desktop,j,2027-10-14,46233797.739416465,45216520.739416465
2026-09,desktop,j,2027-10-15,46222317.26552199,45205040.26552199
2026-09,desktop,j,2027-10-16,46218798.078149475,45201521.078149475
2026-09,desktop,j,2027-10-17,46220299.920519456,45203022.920519456
2026-09,desktop,j,2027-10-18,46231379.37398054,45214102.37398054
2026-09,desktop,j,2027-10-19,46233725.75972084,45216448.75972084
2026-09,desktop,j,2027-10-20,46245476.770991504,45228199.770991504
2026-09,desktop,j,2027-10-21,46248038.71226614,45230761.71226614
2026-09,desktop,j,2027-10-22,46261851.74423749,45244574.74423749
2026-09,desktop,j,2027-10-23,46258673.88983714,45241396.88983714
2026-09,desktop,j,2027-10-24,46263124.632382706,45245847.632382706
2026-09,desktop,j,2027-10-25,46278056.157817304,45260779.157817304
2026-09,desktop,j,2027-10-26,46293896.094411954,45276619.094411954
2026-09,desktop,j,2027-10-27,46315118.12851739,45297841.12851739
2026-09,desktop,j,2027-10-28,46337252.82069067,45319975.82069067
2026-09,desktop,j,2027-10-29,46367237.47199235,45349960.47199235
2026-09,desktop,j,2027-10-30,46418755.51163326,45401478.51163326
2026-09,desktop,j,2027-10-31,46449130.6828591,45431853.6828591
2026-09,desktop,j,2027-11-01,46387083.65480616,45369806.65480616
2026-09,desktop,j,2027-11-02,46486393.79370694,45469116.79370694
2026-09,desktop,j,2027-11-03,46638833.75436891,45621556.75436891
2026-09,desktop,j,2027-11-04,46779449.56739757,45762172.56739757
2026-09,desktop,j,2027-11-05,46951092.57482103,45933815.57482103
2026-09,desktop,j,2027-11-06,47033218.703489125,46015941.703489125
2026-09,desktop,j,2027-11-07,47094617.62868791,46077340.62868791
2026-09,desktop,j,2027-11-08,47307829.83764639,46290552.83764639
2026-09,desktop,j,2027-11-09,47487217.875613146,46469940.875613146
2026-09,desktop,j,2027-11-10,47613364.75861245,46596087.75861245
2026-09,desktop,j,2027-11-11,47614504.51230495,46597227.51230495
2026-09,desktop,j,2027-11-12,47665132.84230769,46647855.84230769
2026-09,desktop,j,2027-11-13,47701096.75860938,46683819.75860938
2026-09,desktop,j,2027-11-14,47718841.65346509,46701564.65346509
2026-09,desktop,j,2027-11-15,47696801.64517296,46679524.64517296
2026-09,desktop,j,2027-11-16,47714707.28183244,46697430.28183244
2026-09,desktop,j,2027-11-17,47745905.44658513,46728628.44658513
2026-09,desktop,j,2027-11-18,47771645.511325635,46754368.511325635
2026-09,desktop,j,2027-11-19,47796726.85967587,46779449.85967587
2026-09,desktop,j,2027-11-20,47798279.383483805,46781002.383483805
2026-09,desktop,j,2027-11-21,47815298.81372779,46798021.81372779
2026-09,desktop,j,2027-11-22,47822133.05721899,46804856.05721899
2026-09,desktop,j,2027-11-23,47832402.746995784,46815125.746995784
2026-09,desktop,j,2027-11-24,47864684.04799097,46847407.04799097
2026-09,desktop,j,2027-11-25,47849161.15611559,46831884.15611559
2026-09,desktop,j,2027-11-26,47855798.546008505,46838521.546008505
2026-09,desktop,j,2027-11-27,47887519.54374654,46870242.54374654
2026-09,desktop,j,2027-11-28,47954150.37791379,46936873.37791379
2026-09,desktop,j,2027-11-29,48198671.01979368,47181394.01979368
2026-09,desktop,j,2027-11-30,48273894.3500923,47256617.3500923
2026-09,desktop,j,2027-12-01,48309487.61213851,47292210.61213851
2026-09,desktop,j,2027-12-02,48358866.66630196,47341589.66630196
2026-09,desktop,j,2027-12-03,48361659.598689996,47344382.598689996
2026-09,desktop,j,2027-12-04,48372608.53882424,47355331.53882424
2026-09,desktop,j,2027-12-05,48374903.83704843,47357626.83704843
2026-09,desktop,j,2027-12-06,48376498.464252554,47359221.464252554
2026-09,desktop,j,2027-12-07,48375418.05267906,47358141.05267906
2026-09,desktop,j,2027-12-08,48345741.54748405,47328464.54748405
2026-09,desktop,j,2027-12-09,48421350.09561741,47404073.09561741
2026-09,desktop,j,2027-12-10,48416891.16645894,47399614.16645894
2026-09,desktop,j,2027-12-11,48389972.404710956,47372695.404710956
2026-09,desktop,j,2027-12-12,48382152.739166155,47364875.739166155
2026-09,desktop,j,2027-12-13,48426879.166929685,47409602.166929685
2026-09,desktop,j,2027-12-14,48412750.63478321,47395473.63478321
2026-09,desktop,j,2027-12-15,48379701.831087984,47362424.831087984
2026-09,desktop,j,2027-12-16,48344697.64374264,47327420.64374264
2026-09,desktop,j,2027-12-17,48309962.81620977,47292685.81620977
2026-09,desktop,j,2027-12-18,48297681.98168465,47280404.98168465
2026-09,desktop,j,2027-12-19,48244223.01991737,47226946.01991737
2026-09,desktop,j,2027-12-20,48101126.083793156,47083849.083793156
2026-09,desktop,j,2027-12-21,47950000.11234411,46932723.11234411
2026-09,desktop,j,2027-12-22,47739816.461375006,46722539.461375006
2026-09,desktop,j,2027-12-23,47462614.41390211,46445337.41390211
2026-09,desktop,j,2027-12-24,46804809.404748,45787532.404748
2026-09,desktop,j,2027-12-25,46322128.59754075,45304851.59754075
2026-09,desktop,j,2027-12-26,45998487.238390505,44981210.238390505
2026-09,desktop,j,2027-12-27,45502054.968822055,44484777.968822055
2026-09,desktop,j,2027-12-28,45247433.555245146,44230156.555245146
2026-09,desktop,j,2027-12-29,44972957.76294189,43955680.76294189
2026-09,desktop,j,2027-12-30,44657991.72277663,43640714.72277663
2026-09,desktop,j,2027-12-31,44127183.24740648,43109906.24740648
2026-09,desktop,l,2026-09-09,47322661.38098682,47322661.38098682
2026-09,desktop,l,2026-09-10,47505537.27991361,47495049.88816103
2026-09,desktop,l,2026-09-11,47662957.46327109,47641982.67976593
2026-09,desktop,l,2026-09-12,47779683.74246336,47748221.56720562
2026-09,desktop,l,2026-09-13,47852051.3521267,47810101.7851164
2026-09,desktop,l,2026-09-14,48026224.351480976,47973787.39271809
2026-09,desktop,l,2026-09-15,48169908.81140726,48106984.4608918
2026-09,desktop,l,2026-09-16,48285308.58243733,48211896.84016929
2026-09,desktop,l,2026-09-17,48411352.1273779,48327452.99335728
2026-09,desktop,l,2026-09-18,48512176.80371527,48417790.27794207
2026-09,desktop,l,2026-09-19,48556343.12795372,48451469.21042795
2026-09,desktop,l,2026-09-20,48608055.30045888,48492693.991180524
2026-09,desktop,l,2026-09-21,48703089.882226,48577241.18119507
2026-09,desktop,l,2026-09-22,48854044.90614275,48717708.813359246
2026-09,desktop,l,2026-09-23,48982660.073667325,48835836.58913124
2026-09,desktop,l,2026-09-24,49091900.64353299,48934589.76724433
2026-09,desktop,l,2026-09-25,49199367.59324944,49031569.3252082
2026-09,desktop,l,2026-09-26,49242565.86497241,49064280.205178596
2026-09,desktop,l,2026-09-27,49291478.24688043,49102705.19533403
2026-09,desktop,l,2026-09-28,49324234.522449404,49124974.07915044
2026-09,desktop,l,2026-09-29,49356241.85983927,49146494.024787724
2026-09,desktop,l,2026-09-30,49344291.785090245,49124056.55828612
2026-09,desktop,l,2026-10-01,49346484.08051657,49115761.46195987
2026-09,desktop,l,2026-10-02,49335131.46231679,49093921.45200751
2026-09,desktop,l,2026-10-03,49363463.07300036,49111765.6709385
2026-09,desktop,l,2026-10-04,49390351.374221034,49128166.5804066
2026-09,desktop,l,2026-10-05,49482017.62193422,49209345.43636721
2026-09,desktop,l,2026-10-06,49486268.08723141,49203108.50991183
2026-09,desktop,l,2026-10-07,49493478.502385005,49199831.53331284
2026-09,desktop,l,2026-10-08,49500865.19502212,49196730.83419738
2026-09,desktop,l,2026-10-09,49517281.30254714,49202659.54996982
2026-09,desktop,l,2026-10-10,49526639.65411397,49201530.50978407
2026-09,desktop,l,2026-10-11,49532323.40316363,49196726.86708115
2026-09,desktop,l,2026-10-12,49466494.807642475,49120410.87980742
2026-09,desktop,l,2026-10-13,49475647.63597653,49119076.316388905
2026-09,desktop,l,2026-10-14,49503702.72712793,49136644.01578773
2026-09,desktop,l,2026-10-15,49522375.02817629,49144828.92508351
2026-09,desktop,l,2026-10-16,49536504.477362104,49148470.98251674
2026-09,desktop,l,2026-10-17,49544958.93933374,49146438.0527358
2026-09,desktop,l,2026-10-18,49551769.86797201,49142761.58962149
2026-09,desktop,l,2026-10-19,49554260.119568214,49134764.44946512
2026-09,desktop,l,2026-10-20,49529737.950159825,49099754.88830415
2026-09,desktop,l,2026-10-21,49531576.8927742,49091106.43916596
2026-09,desktop,l,2026-10-22,49534278.88212377,49083321.036762945
2026-09,desktop,l,2026-10-23,49548873.290337145,49087428.053223744
2026-09,desktop,l,2026-10-24,49547842.86614352,49075910.23727754
2026-09,desktop,l,2026-10-25,49548789.86050409,49066369.83988553
2026-09,desktop,l,2026-10-26,49549644.57991576,49056737.167544626
2026-09,desktop,l,2026-10-27,49556571.51670437,49053176.71258066
2026-09,desktop,l,2026-10-28,49558356.33312775,49044474.13725147
2026-09,desktop,l,2026-10-29,49572382.4099378,49048012.822308935
2026-09,desktop,l,2026-10-30,49625078.59769373,49090221.618312284
2026-09,desktop,l,2026-10-31,49633814.528283656,49088470.157149635
2026-09,desktop,l,2026-11-01,49546530.09615117,48990698.333264574
2026-09,desktop,l,2026-11-02,49535695.688676186,48969376.53403701
2026-09,desktop,l,2026-11-03,49554912.028727256,48978105.4823355
2026-09,desktop,l,2026-11-04,49574197.53006599,48986903.59192166
2026-09,desktop,l,2026-11-05,49606601.36049784,49008820.030600935
2026-09,desktop,l,2026-11-06,49619299.43780959,49011030.7161601
2026-09,desktop,l,2026-11-07,49624809.47541346,49006053.362011395
2026-09,desktop,l,2026-11-08,49623068.48855412,48993824.98339948
2026-09,desktop,l,2026-11-09,49710193.998798445,49070463.10189123
2026-09,desktop,l,2026-11-10,49711356.843067534,49061138.55440774
2026-09,desktop,l,2026-11-11,49661273.7106856,49000568.03027323
2026-09,desktop,l,2026-11-12,49678430.3850041,49007237.31283916
2026-09,desktop,l,2026-11-13,49694079.57190095,49012399.107983425
2026-09,desktop,l,2026-11-14,49713333.17483413,49021165.31916403
2026-09,desktop,l,2026-11-15,49721725.046825364,49019069.799402684
2026-09,desktop,l,2026-11-16,49755107.91217126,49041965.272996
2026-09,desktop,l,2026-11-17,49822029.27110845,49098399.24018061
2026-09,desktop,l,2026-11-18,49865402.421894774,49131284.99921436
2026-09,desktop,l,2026-11-19,49905430.81848029,49160826.004047304
2026-09,desktop,l,2026-11-20,49897563.96257575,49142471.756390184
2026-09,desktop,l,2026-11-21,49922637.319585346,49157057.7216472
2026-09,desktop,l,2026-11-22,49946946.37763921,49170879.38794849
2026-09,desktop,l,2026-11-23,49962820.30797987,49176265.92653657
2026-09,desktop,l,2026-11-24,49996087.19085951,49199045.417663634
2026-09,desktop,l,2026-11-25,50028533.63049193,49221004.46554347
2026-09,desktop,l,2026-11-26,49992144.574132316,49174128.01743128
2026-09,desktop,l,2026-11-27,49938380.51163971,49109876.5631861
2026-09,desktop,l,2026-11-28,49963986.16862607,49124994.82841989
2026-09,desktop,l,2026-11-29,50084513.7335045,49235035.001545735
2026-09,desktop,l,2026-11-30,50163339.930966504,49303373.807255164
2026-09,desktop,l,2026-12-01,50210178.67028176,49339725.15481784
2026-09,desktop,l,2026-12-02,50247963.6990754,49367022.791858904
2026-09,desktop,l,2026-12-03,50272045.50894823,49380617.209979154
2026-09,desktop,l,2026-12-04,50299708.52931047,49397792.83858883
2026-09,desktop,l,2026-12-05,50320935.57497512,49408532.492500894
2026-09,desktop,l,2026-12-06,50348587.883700594,49425697.40947379
2026-09,desktop,l,2026-12-07,50381404.85822493,49448026.99224555
2026-09,desktop,l,2026-12-08,50396224.70238118,49452359.44464922
2026-09,desktop,l,2026-12-09,50465161.504496835,49510808.8550123
2026-09,desktop,l,2026-12-10,50467958.61796416,49503118.57672705
2026-09,desktop,l,2026-12-11,50465666.25284811,49490338.81985842
2026-09,desktop,l,2026-12-12,50453940.41488207,49468125.590139806
2026-09,desktop,l,2026-12-13,50455508.619490586,49459206.40299574
2026-09,desktop,l,2026-12-14,50452402.34448809,49445612.73624067
2026-09,desktop,l,2026-12-15,50423231.38540778,49405954.38540778
2026-09,desktop,l,2026-12-16,50388296.12392565,49371019.12392565
2026-09,desktop,l,2026-12-17,50354946.66839367,49337669.66839367
2026-09,desktop,l,2026-12-18,50364572.83955842,49347295.83955842
2026-09,desktop,l,2026-12-19,50322640.83550499,49305363.83550499
2026-09,desktop,l,2026-12-20,50260675.73909211,49243398.73909211
2026-09,desktop,l,2026-12-21,50087688.75282534,49070411.75282534
2026-09,desktop,l,2026-12-22,49908177.603499494,48890900.603499494
2026-09,desktop,l,2026-12-23,49679161.92601001,48661884.92601001
2026-09,desktop,l,2026-12-24,49230106.36214992,48212829.36214992
2026-09,desktop,l,2026-12-25,48508594.714103304,47491317.714103304
2026-09,desktop,l,2026-12-26,48192843.15767262,47175566.15767262
2026-09,desktop,l,2026-12-27,47956735.246641375,46939458.246641375
2026-09,desktop,l,2026-12-28,47463495.04066758,46446218.04066758
2026-09,desktop,l,2026-12-29,47129004.885514,46111727.885514
2026-09,desktop,l,2026-12-30,46765855.8311665,45748578.8311665
2026-09,desktop,l,2026-12-31,46143156.436919875,45125879.436919875
2026-09,desktop,l,2027-01-01,45185877.38379795,44168600.38379795
2026-09,desktop,l,2027-01-02,44939981.31418425,43922704.31418425
2026-09,desktop,l,2027-01-03,44801643.448204994,43784366.448204994
2026-09,desktop,l,2027-01-04,44602748.11450314,43585471.11450314
2026-09,desktop,l,2027-01-05,44471444.12257003,43454167.12257003
2026-09,desktop,l,2027-01-06,44299241.69610844,43281964.69610844
2026-09,desktop,l,2027-01-07,44221231.41843153,43203954.41843153
2026-09,desktop,l,2027-01-08,44185252.839563765,43167975.839563765
2026-09,desktop,l,2027-01-09,44174877.83713315,43157600.83713315
2026-09,desktop,l,2027-01-10,44167319.89818042,43150042.89818042
2026-09,desktop,l,2027-01-11,44143221.870567694,43125944.870567694
2026-09,desktop,l,2027-01-12,44157616.09874835,43140339.09874835
2026-09,desktop,l,2027-01-13,44168858.122808285,43151581.122808285
2026-09,desktop,l,2027-01-14,44167506.361879945,43150229.361879945
2026-09,desktop,l,2027-01-15,44172970.11192023,43155693.11192023
2026-09,desktop,l,2027-01-16,44208568.23558138,43191291.23558138
2026-09,desktop,l,2027-01-17,44266107.69670713,43248830.69670713
2026-09,desktop,l,2027-01-18,44406483.958515406,43389206.958515406
2026-09,desktop,l,2027-01-19,44589843.82710653,43572566.82710653
2026-09,desktop,l,2027-01-20,44838669.50660871,43821392.50660871
2026-09,desktop,l,2027-01-21,45371302.74922459,44354025.74922459
2026-09,desktop,l,2027-01-22,46190882.67192231,45173605.67192231
2026-09,desktop,l,2027-01-23,46518862.20649015,45501585.20649015
2026-09,desktop,l,2027-01-24,46755021.492668405,45737744.492668405
2026-09,desktop,l,2027-01-25,47243006.4709891,46225729.4709891
2026-09,desktop,l,2027-01-26,47545653.12703742,46528376.12703742
2026-09,desktop,l,2027-01-27,47913698.43584017,46896421.43584017
2026-09,desktop,l,2027-01-28,48536031.99087958,47518754.99087958
2026-09,desktop,l,2027-01-29,49494039.20122438,48476762.20122438
2026-09,desktop,l,2027-01-30,49741032.963720515,48723755.963720515
2026-09,desktop,l,2027-01-31,49876045.97668763,48858768.97668763
2026-09,desktop,l,2027-02-01,50055409.11564692,49038132.11564692
2026-09,desktop,l,2027-02-02,50179683.98886367,49162406.98886367
2026-09,desktop,l,2027-02-03,50330270.275649436,49312993.275649436
2026-09,desktop,l,2027-02-04,50342892.4166836,49325615.4166836
2026-09,desktop,l,2027-02-05,50283702.54419742,49266425.54419742
2026-09,desktop,l,2027-02-06,50215697.73084015,49198420.73084015
2026-09,desktop,l,2027-02-07,50168765.41589386,49151488.41589386
2026-09,desktop,l,2027-02-08,50004558.955085024,48987281.955085024
2026-09,desktop,l,2027-02-09,49836966.58539361,48819689.58539361
2026-09,desktop,l,2027-02-10,49727409.883552745,48710132.883552745
2026-09,desktop,l,2027-02-11,49641097.004595615,48623820.004595615
2026-09,desktop,l,2027-02-12,49583438.67605597,48566161.67605597
2026-09,desktop,l,2027-02-13,49538387.86216648,48521110.86216648
2026-09,desktop,l,2027-02-14,49496380.44086087,48479103.44086087
2026-09,desktop,l,2027-02-15,49417882.29664962,48400605.29664962
2026-09,desktop,l,2027-02-16,49332668.91214223,48315391.91214223
2026-09,desktop,l,2027-02-17,49251345.90140672,48234068.90140672
2026-09,desktop,l,2027-02-18,49174095.95569069,48156818.95569069
2026-09,desktop,l,2027-02-19,49118823.87993093,48101546.87993093
2026-09,desktop,l,2027-02-20,49089127.752105355,48071850.752105355
2026-09,desktop,l,2027-02-21,49052239.0334946,48034962.0334946
2026-09,desktop,l,2027-02-22,48995437.91279854,47978160.91279854
2026-09,desktop,l,2027-02-23,48950823.517491676,47933546.517491676
2026-09,desktop,l,2027-02-24,48895992.68655185,47878715.68655185
2026-09,desktop,l,2027-02-25,48851309.78968929,47834032.78968929
2026-09,desktop,l,2027-02-26,48817666.445040904,47800389.445040904
2026-09,desktop,l,2027-02-27,48788452.41033492,47771175.41033492
2026-09,desktop,l,2027-02-28,48753765.321763575,47736488.321763575
2026-09,desktop,l,2027-03-01,48754593.5452963,47737316.5452963
2026-09,desktop,l,2027-03-02,48750815.909691624,47733538.909691624
2026-09,desktop,l,2027-03-03,48743980.931524895,47726703.931524895
2026-09,desktop,l,2027-03-04,48778074.495198086,47760797.495198086
2026-09,desktop,l,2027-03-05,48837116.76350488,47819839.76350488
2026-09,desktop,l,2027-03-06,48874146.68554711,47856869.68554711
2026-09,desktop,l,2027-03-07,48897455.30702732,47880178.30702732
2026-09,desktop,l,2027-03-08,48995062.10920731,47977785.10920731
2026-09,desktop,l,2027-03-09,49057037.87109741,48039760.87109741
2026-09,desktop,l,2027-03-10,49091898.23600144,48074621.23600144
2026-09,desktop,l,2027-03-11,49124398.92802241,48107121.92802241
2026-09,desktop,l,2027-03-12,49126510.853166625,48109233.853166625
2026-09,desktop,l,2027-03-13,49130130.04333299,48112853.04333299
2026-09,desktop,l,2027-03-14,49134755.48344684,48117478.48344684
2026-09,desktop,l,2027-03-15,49178334.965319924,48161057.965319924
2026-09,desktop,l,2027-03-16,49197236.63590672,48179959.63590672
2026-09,desktop,l,2027-03-17,49203156.585122585,48185879.585122585
2026-09,desktop,l,2027-03-18,49204571.13366193,48187294.13366193
2026-09,desktop,l,2027-03-19,49188893.21581232,48171616.21581232
2026-09,desktop,l,2027-03-20,49162220.49103367,48144943.49103367
2026-09,desktop,l,2027-03-21,49111704.24396724,48094427.24396724
2026-09,desktop,l,2027-03-22,48974299.15828806,47957022.15828806
2026-09,desktop,l,2027-03-23,48908632.85090991,47891355.85090991
2026-09,desktop,l,2027-03-24,48798601.861849986,47781324.861849986
2026-09,desktop,l,2027-03-25,48594157.94899517,47576880.94899517
2026-09,desktop,l,2027-03-26,48118280.39580389,47101003.39580389
2026-09,desktop,l,2027-03-27,47989551.979582295,46972274.979582295
2026-09,desktop,l,2027-03-28,47845596.01481323,46828319.01481323
2026-09,desktop,l,2027-03-29,47356725.67904037,46339448.67904037
2026-09,desktop,l,2027-03-30,47272883.45445939,46255606.45445939
2026-09,desktop,l,2027-03-31,47201329.12845393,46184052.12845393
2026-09,desktop,l,2027-04-01,47126392.63490169,46109115.63490169
2026-09,desktop,l,2027-04-02,47072264.61632224,46054987.61632224
2026-09,desktop,l,2027-04-03,47068133.699658476,46050856.699658476
2026-09,desktop,l,2027-04-04,47063265.7683892,46045988.7683892
2026-09,desktop,l,2027-04-05,47089018.106178366,46071741.106178366
2026-09,desktop,l,2027-04-06,47132297.26454328,46115020.26454328
2026-09,desktop,l,2027-04-07,47153927.30773472,46136650.30773472
2026-09,desktop,l,2027-04-08,47161926.16246171,46144649.16246171
2026-09,desktop,l,2027-04-09,47172520.98389331,46155243.98389331
2026-09,desktop,l,2027-04-10,47168610.37882335,46151333.37882335
2026-09,desktop,l,2027-04-11,47155469.71678821,46138192.71678821
2026-09,desktop,l,2027-04-12,47162978.81702817,46145701.81702817
2026-09,desktop,l,2027-04-13,47141141.36779597,46123864.36779597
2026-09,desktop,l,2027-04-14,47124016.63869581,46106739.63869581
2026-09,desktop,l,2027-04-15,47109114.07988165,46091837.07988165
2026-09,desktop,l,2027-04-16,47094468.016561046,46077191.016561046
2026-09,desktop,l,2027-04-17,47101893.30675679,46084616.30675679
2026-09,desktop,l,2027-04-18,47125788.16167171,46108511.16167171
2026-09,desktop,l,2027-04-19,47229462.75088204,46212185.75088204
2026-09,desktop,l,2027-04-20,47265949.715455174,46248672.715455174
2026-09,desktop,l,2027-04-21,47302825.92535651,46285548.92535651
2026-09,desktop,l,2027-04-22,47454243.61469871,46436966.61469871
2026-09,desktop,l,2027-04-23,47868451.11153458,46851174.11153458
2026-09,desktop,l,2027-04-24,47960817.65884798,46943540.65884798
2026-09,desktop,l,2027-04-25,48073436.62941162,47056159.62941162
2026-09,desktop,l,2027-04-26,48478767.1281261,47461490.1281261
2026-09,desktop,l,2027-04-27,48490023.45551771,47472746.45551771
2026-09,desktop,l,2027-04-28,48474069.56981059,47456792.56981059
2026-09,desktop,l,2027-04-29,48450315.471764185,47433038.471764185
2026-09,desktop,l,2027-04-30,48343770.65941232,47326493.65941232
2026-09,desktop,l,2027-05-01,47900675.73216691,46883398.73216691
2026-09,desktop,l,2027-05-02,47758485.57067416,46741208.57067416
2026-09,desktop,l,2027-05-03,47529240.84512149,46511963.84512149
2026-09,desktop,l,2027-05-04,47410868.41848483,46393591.41848483
2026-09,desktop,l,2027-05-05,47275974.0939476,46258697.0939476
2026-09,desktop,l,2027-05-06,46961069.10167559,45943792.10167559
2026-09,desktop,l,2027-05-07,46776959.69866097,45759682.69866097
2026-09,desktop,l,2027-05-08,46711492.460337885,45694215.460337885
2026-09,desktop,l,2027-05-09,46665588.23203671,45648311.23203671
2026-09,desktop,l,2027-05-10,46564161.94113862,45546884.94113862
2026-09,desktop,l,2027-05-11,46506027.18265866,45488750.18265866
2026-09,desktop,l,2027-05-12,46455368.367004,45438091.367004
2026-09,desktop,l,2027-05-13,46405928.71582938,45388651.71582938
2026-09,desktop,l,2027-05-14,46344594.090260506,45327317.090260506
2026-09,desktop,l,2027-05-15,46276557.20995658,45259280.20995658
2026-09,desktop,l,2027-05-16,46143216.04179011,45125939.04179011
2026-09,desktop,l,2027-05-17,45797697.52767767,44780420.52767767
2026-09,desktop,l,2027-05-18,45767035.58136869,44749758.58136869
2026-09,desktop,l,2027-05-19,45762865.20096392,44745588.20096392
2026-09,desktop,l,2027-05-20,45696861.099409536,44679584.099409536
2026-09,desktop,l,2027-05-21,45673252.59121732,44655975.59121732
2026-09,desktop,l,2027-05-22,45649334.05690398,44632057.05690398
2026-09,desktop,l,2027-05-23,45632576.00979112,44615299.00979112
2026-09,desktop,l,2027-05-24,45586658.79385626,44569381.79385626
2026-09,desktop,l,2027-05-25,45584331.308249965,44567054.308249965
2026-09,desktop,l,2027-05-26,45592112.75984293,44574835.75984293
2026-09,desktop,l,2027-05-27,45463979.352875546,44446702.352875546
2026-09,desktop,l,2027-05-28,45485452.584204935,44468175.584204935
2026-09,desktop,l,2027-05-29,45895993.08413426,44878716.08413426
2026-09,desktop,l,2027-05-30,45996285.175591476,44979008.175591476
2026-09,desktop,l,2027-05-31,46061138.6740432,45043861.6740432
2026-09,desktop,l,2027-06-01,46117659.557263896,45100382.557263896
2026-09,desktop,l,2027-06-02,46204338.73849569,45187061.73849569
2026-09,desktop,l,2027-06-03,46482095.24059566,45464818.24059566
2026-09,desktop,l,2027-06-04,46629518.490296006,45612241.490296006
2026-09,desktop,l,2027-06-05,46657781.383958876,45640504.383958876
2026-09,desktop,l,2027-06-06,46678656.01338094,45661379.01338094
2026-09,desktop,l,2027-06-07,46746156.16010701,45728879.16010701
2026-09,desktop,l,2027-06-08,46781028.617722735,45763751.617722735
2026-09,desktop,l,2027-06-09,46769655.136778235,45752378.136778235
2026-09,desktop,l,2027-06-10,46787268.57372977,45769991.57372977
2026-09,desktop,l,2027-06-11,46822384.188758865,45805107.188758865
2026-09,desktop,l,2027-06-12,46864990.189695425,45847713.189695425
2026-09,desktop,l,2027-06-13,46978167.83584176,45960890.83584176
2026-09,desktop,l,2027-06-14,47268065.31467172,46250788.31467172
2026-09,desktop,l,2027-06-15,47251031.83611842,46233754.83611842
2026-09,desktop,l,2027-06-16,47248935.62720303,46231658.62720303
2026-09,desktop,l,2027-06-17,47272592.04023473,46255315.04023473
2026-09,desktop,l,2027-06-18,47236383.10441758,46219106.10441758
2026-09,desktop,l,2027-06-19,47218044.53757359,46200767.53757359
2026-09,desktop,l,2027-06-20,47205430.77743677,46188153.77743677
2026-09,desktop,l,2027-06-21,47194928.28940676,46177651.28940676
2026-09,desktop,l,2027-06-22,47165221.41386951,46147944.41386951
2026-09,desktop,l,2027-06-23,47132029.09520792,46114752.09520792
2026-09,desktop,l,2027-06-24,47255647.23739826,46238370.23739826
2026-09,desktop,l,2027-06-25,47312028.34892904,46294751.34892904
2026-09,desktop,l,2027-06-26,47307156.71223621,46289879.71223621
2026-09,desktop,l,2027-06-27,47304580.9357381,46287303.9357381
2026-09,desktop,l,2027-06-28,47399804.87908765,46382527.87908765
2026-09,desktop,l,2027-06-29,47370503.99207827,46353226.99207827
2026-09,desktop,l,2027-06-30,47314626.53952046,46297349.53952046
2026-09,desktop,l,2027-07-01,47247479.995119475,46230202.995119475
2026-09,desktop,l,2027-07-02,47192148.11510619,46174871.11510619
2026-09,desktop,l,2027-07-03,47157400.01515437,46140123.01515437
2026-09,desktop,l,2027-07-04,47090902.15648728,46073625.15648728
2026-09,desktop,l,2027-07-05,46903076.14477763,45885799.14477763
2026-09,desktop,l,2027-07-06,46792955.79989922,45775678.79989922
2026-09,desktop,l,2027-07-07,46730151.183846354,45712874.183846354
2026-09,desktop,l,2027-07-08,46644192.91777421,45626915.91777421
2026-09,desktop,l,2027-07-09,46551269.296523355,45533992.296523355
2026-09,desktop,l,2027-07-10,46501995.36048845,45484718.36048845
2026-09,desktop,l,2027-07-11,46458376.59071225,45441099.59071225
2026-09,desktop,l,2027-07-12,46395138.416497745,45377861.416497745
2026-09,desktop,l,2027-07-13,46320850.56910499,45303573.56910499
2026-09,desktop,l,2027-07-14,46208924.760317005,45191647.760317005
2026-09,desktop,l,2027-07-15,46130839.489167295,45113562.489167295
2026-09,desktop,l,2027-07-16,46073140.33196704,45055863.33196704
2026-09,desktop,l,2027-07-17,46029934.313416064,45012657.313416064
2026-09,desktop,l,2027-07-18,45985890.544584595,44968613.544584595
2026-09,desktop,l,2027-07-19,45928195.752581105,44910918.752581105
2026-09,desktop,l,2027-07-20,45847678.268922485,44830401.268922485
2026-09,desktop,l,2027-07-21,45778418.27748854,44761141.27748854
2026-09,desktop,l,2027-07-22,45700280.01456272,44683003.01456272
2026-09,desktop,l,2027-07-23,45624865.02649232,44607588.02649232
2026-09,desktop,l,2027-07-24,45555060.92784708,44537783.92784708
2026-09,desktop,l,2027-07-25,45496944.838185646,44479667.838185646
2026-09,desktop,l,2027-07-26,45422009.69950492,44404732.69950492
2026-09,desktop,l,2027-07-27,45348585.10082422,44331308.10082422
2026-09,desktop,l,2027-07-28,45281352.78689333,44264075.78689333
2026-09,desktop,l,2027-07-29,45221673.50220633,44204396.50220633
2026-09,desktop,l,2027-07-30,45150766.73700766,44133489.73700766
2026-09,desktop,l,2027-07-31,45097908.1386977,44080631.1386977
2026-09,desktop,l,2027-08-01,45066616.83506719,44049339.83506719
2026-09,desktop,l,2027-08-02,45083022.547979854,44065745.547979854
2026-09,desktop,l,2027-08-03,45036039.905825615,44018762.905825615
2026-09,desktop,l,2027-08-04,44981000.22698746,43963723.22698746
2026-09,desktop,l,2027-08-05,44921172.69545792,43903895.69545792
2026-09,desktop,l,2027-08-06,44872841.23807018,43855564.23807018
2026-09,desktop,l,2027-08-07,44833495.051778845,43816218.051778845
2026-09,desktop,l,2027-08-08,44785292.82255189,43768015.82255189
2026-09,desktop,l,2027-08-09,44724654.647662565,43707377.647662565
2026-09,desktop,l,2027-08-10,44636216.83441603,43618939.83441603
2026-09,desktop,l,2027-08-11,44569702.96127876,43552425.96127876
2026-09,desktop,l,2027-08-12,44478404.5876063,43461127.5876063
2026-09,desktop,l,2027-08-13,44390508.20618397,43373231.20618397
2026-09,desktop,l,2027-08-14,44303998.86324721,43286721.86324721
2026-09,desktop,l,2027-08-15,44186846.919955604,43169569.919955604
2026-09,desktop,l,2027-08-16,44107279.54452808,43090002.54452808
2026-09,desktop,l,2027-08-17,44019802.804371424,43002525.804371424
2026-09,desktop,l,2027-08-18,43965166.8146307,42947889.8146307
2026-09,desktop,l,2027-08-19,43915880.6730442,42898603.6730442
2026-09,desktop,l,2027-08-20,43884096.61947119,42866819.61947119
2026-09,desktop,l,2027-08-21,43895331.295233145,42878054.295233145
2026-09,desktop,l,2027-08-22,43898552.9449466,42881275.9449466
2026-09,desktop,l,2027-08-23,43903180.79108066,42885903.79108066
2026-09,desktop,l,2027-08-24,43914553.47380998,42897276.47380998
2026-09,desktop,l,2027-08-25,43929043.349262714,42911766.349262714
2026-09,desktop,l,2027-08-26,43965587.44126142,42948310.44126142
2026-09,desktop,l,2027-08-27,44005301.038099065,42988024.038099065
2026-09,desktop,l,2027-08-28,44045084.450538255,43027807.450538255
2026-09,desktop,l,2027-08-29,44100283.90975584,43083006.90975584
2026-09,desktop,l,2027-08-30,44200724.23848743,43183447.23848743
2026-09,desktop,l,2027-08-31,44275263.47986887,43257986.47986887
2026-09,desktop,l,2027-09-01,44361560.512369014,43344283.512369014
2026-09,desktop,l,2027-09-02,44447091.876046285,43429814.876046285
2026-09,desktop,l,2027-09-03,44533089.60504331,43515812.60504331
2026-09,desktop,l,2027-09-04,44580700.06406635,43563423.06406635
2026-09,desktop,l,2027-09-05,44642708.77726359,43625431.77726359
2026-09,desktop,l,2027-09-06,44626646.94529718,43609369.94529718
2026-09,desktop,l,2027-09-07,44738149.68559376,43720872.68559376
2026-09,desktop,l,2027-09-08,44880227.87630369,43862950.87630369
2026-09,desktop,l,2027-09-09,45043690.552292824,44026413.552292824
2026-09,desktop,l,2027-09-10,45207505.90931159,44190228.90931159
2026-09,desktop,l,2027-09-11,45349386.13018547,44332109.13018547
2026-09,desktop,l,2027-09-12,45528668.33581893,44511391.33581893
2026-09,desktop,l,2027-09-13,45701474.55727102,44684197.55727102
2026-09,desktop,l,2027-09-14,45865732.18075441,44848455.18075441
2026-09,desktop,l,2027-09-15,45962322.687734194,44945045.687734194
2026-09,desktop,l,2027-09-16,46091020.23736475,45073743.23736475
2026-09,desktop,l,2027-09-17,46193204.841496244,45175927.841496244
2026-09,desktop,l,2027-09-18,46257603.061282925,45240326.061282925
2026-09,desktop,l,2027-09-19,46323947.203998566,45306670.203998566
2026-09,desktop,l,2027-09-20,46410311.791234836,45393034.791234836
2026-09,desktop,l,2027-09-21,46515037.33630096,45497760.33630096
2026-09,desktop,l,2027-09-22,46616486.298363306,45599209.298363306
2026-09,desktop,l,2027-09-23,46703501.04707271,45686224.04707271
2026-09,desktop,l,2027-09-24,46782681.0500723,45765404.0500723
2026-09,desktop,l,2027-09-25,46842287.947176054,45825010.947176054
2026-09,desktop,l,2027-09-26,46883407.01235765,45866130.01235765
2026-09,desktop,l,2027-09-27,46941816.51302014,45924539.51302014
2026-09,desktop,l,2027-09-28,46997524.31190352,45980247.31190352
2026-09,desktop,l,2027-09-29,47018175.82658611,46000898.82658611
2026-09,desktop,l,2027-09-30,47014136.28064487,45996859.28064487
2026-09,desktop,l,2027-10-01,46968524.55640723,45951247.55640723
2026-09,desktop,l,2027-10-02,46929155.1994612,45911878.1994612
2026-09,desktop,l,2027-10-03,46889840.700410426,45872563.700410426
2026-09,desktop,l,2027-10-04,46902844.3252608,45885567.3252608
2026-09,desktop,l,2027-10-05,46824231.10569781,45806954.10569781
2026-09,desktop,l,2027-10-06,46702690.38267908,45685413.38267908
2026-09,desktop,l,2027-10-07,46560419.96983753,45543142.96983753
2026-09,desktop,l,2027-10-08,46421941.097585864,45404664.097585864
2026-09,desktop,l,2027-10-09,46358228.061928086,45340951.061928086
2026-09,desktop,l,2027-10-10,46322241.34549732,45304964.34549732
2026-09,desktop,l,2027-10-11,46147123.82117806,45129846.82117806
2026-09,desktop,l,2027-10-12,46005210.73752356,44987933.73752356
2026-09,desktop,l,2027-10-13,45952717.261885524,44935440.261885524
2026-09,desktop,l,2027-10-14,45922721.70060293,44905444.70060293
2026-09,desktop,l,2027-10-15,45911513.9556304,44894236.9556304
2026-09,desktop,l,2027-10-16,45908957.16418755,44891680.16418755
2026-09,desktop,l,2027-10-17,45909754.40283296,44892477.40283296
2026-09,desktop,l,2027-10-18,45922721.75171619,44905444.75171619
2026-09,desktop,l,2027-10-19,45923833.36092473,44906556.36092473
2026-09,desktop,l,2027-10-20,45935432.908480704,44918155.908480704
2026-09,desktop,l,2027-10-21,45936812.29033494,44919535.29033494
2026-09,desktop,l,2027-10-22,45944161.417122304,44926884.417122304
2026-09,desktop,l,2027-10-23,45943521.28257118,44926244.28257118
2026-09,desktop,l,2027-10-24,45950763.62909403,44933486.62909403
2026-09,desktop,l,2027-10-25,45970166.539968945,44952889.539968945
2026-09,desktop,l,2027-10-26,45993649.760330014,44976372.760330014
2026-09,desktop,l,2027-10-27,46015308.7713453,44998031.7713453
2026-09,desktop,l,2027-10-28,46043018.44269091,45025741.44269091
2026-09,desktop,l,2027-10-29,46077979.83057238,45060702.83057238
2026-09,desktop,l,2027-10-30,46134038.22896908,45116761.22896908
2026-09,desktop,l,2027-10-31,46167161.388501815,45149884.388501815
2026-09,desktop,l,2027-11-01,46115226.06381629,45097949.06381629
2026-09,desktop,l,2027-11-02,46220532.7716287,45203255.7716287
2026-09,desktop,l,2027-11-03,46377327.624052055,45360050.624052055
2026-09,desktop,l,2027-11-04,46527303.49255884,45510026.49255884
2026-09,desktop,l,2027-11-05,46702803.864217274,45685526.864217274
2026-09,desktop,l,2027-11-06,46785927.55880261,45768650.55880261
2026-09,desktop,l,2027-11-07,46846820.168681204,45829543.168681204
2026-09,desktop,l,2027-11-08,47070519.72510411,46053242.72510411
2026-09,desktop,l,2027-11-09,47255989.59668018,46238712.59668018
2026-09,desktop,l,2027-11-10,47388878.03106647,46371601.03106647
2026-09,desktop,l,2027-11-11,47395349.445359185,46378072.445359185
2026-09,desktop,l,2027-11-12,47449214.47287388,46431937.47287388
2026-09,desktop,l,2027-11-13,47483762.27665769,46466485.27665769
2026-09,desktop,l,2027-11-14,47501847.89038656,46484570.89038656
2026-09,desktop,l,2027-11-15,47480414.43235285,46463137.43235285
2026-09,desktop,l,2027-11-16,47498930.00643559,46481653.00643559
2026-09,desktop,l,2027-11-17,47531464.975824215,46514187.975824215
2026-09,desktop,l,2027-11-18,47558399.39153772,46541122.39153772
2026-09,desktop,l,2027-11-19,47590700.42549556,46573423.42549556
2026-09,desktop,l,2027-11-20,47592101.06016274,46574824.06016274
2026-09,desktop,l,2027-11-21,47611459.54167972,46594182.54167972
2026-09,desktop,l,2027-11-22,47615511.37952663,46598234.37952663
2026-09,desktop,l,2027-11-23,47623117.51827114,46605840.51827114
2026-09,desktop,l,2027-11-24,47661263.9689679,46643986.9689679
2026-09,desktop,l,2027-11-25,47649334.56718331,46632057.56718331
2026-09,desktop,l,2027-11-26,47659351.43996884,46642074.43996884
2026-09,desktop,l,2027-11-27,47690734.829546265,46673457.829546265
2026-09,desktop,l,2027-11-28,47757946.05299479,46740669.05299479
2026-09,desktop,l,2027-11-29,48006184.03473358,46988907.03473358
2026-09,desktop,l,2027-11-30,48081390.78775246,47064113.78775246
2026-09,desktop,l,2027-12-01,48121347.39553411,47104070.39553411
2026-09,desktop,l,2027-12-02,48175285.610177,47158008.610177
2026-09,desktop,l,2027-12-03,48182896.70097002,47165619.70097002
2026-09,desktop,l,2027-12-04,48196642.240533166,47179365.240533166
2026-09,desktop,l,2027-12-05,48202596.17544306,47185319.17544306
2026-09,desktop,l,2027-12-06,48203903.17882676,47186626.17882676
2026-09,desktop,l,2027-12-07,48210043.80722197,47192766.80722197
2026-09,desktop,l,2027-12-08,48190056.30139143,47172779.30139143
2026-09,desktop,l,2027-12-09,48265092.09717037,47247815.09717037
2026-09,desktop,l,2027-12-10,48265015.13385097,47247738.13385097
2026-09,desktop,l,2027-12-11,48244271.91621871,47226994.91621871
2026-09,desktop,l,2027-12-12,48240856.49291564,47223579.49291564
2026-09,desktop,l,2027-12-13,48290777.03175219,47273500.03175219
2026-09,desktop,l,2027-12-14,48279551.16316434,47262274.16316434
2026-09,desktop,l,2027-12-15,48250310.8182665,47233033.8182665
2026-09,desktop,l,2027-12-16,48220144.03053407,47202867.03053407
2026-09,desktop,l,2027-12-17,48190237.88256764,47172960.88256764
2026-09,desktop,l,2027-12-18,48179237.06849385,47161960.06849385
2026-09,desktop,l,2027-12-19,48129105.35240662,47111828.35240662
2026-09,desktop,l,2027-12-20,47990020.75713339,46972743.75713339
2026-09,desktop,l,2027-12-21,47842921.37239368,46825644.37239368
2026-09,desktop,l,2027-12-22,47637563.12009779,46620286.12009779
2026-09,desktop,l,2027-12-23,47363077.70834882,46345800.70834882
2026-09,desktop,l,2027-12-24,46705480.716004245,45688203.716004245
2026-09,desktop,l,2027-12-25,46229656.29046825,45212379.29046825
2026-09,desktop,l,2027-12-26,45912200.133507386,44894923.133507386
2026-09,desktop,l,2027-12-27,45418211.412279084,44400934.412279084
2026-09,desktop,l,2027-12-28,45169075.50665153,44151798.50665153
2026-09,desktop,l,2027-12-29,44898902.237530105,43881625.237530105
2026-09,desktop,l,2027-12-30,44586074.17675532,43568797.17675532
2026-09,desktop,l,2027-12-31,44053315.89251769,43036038.89251769
2026-09,desktop,o,2026-09-09,47325413.103038244,47325413.103038244
2026-09,desktop,o,2026-09-10,47510556.529830605,47500069.13807803
2026-09,desktop,o,2026-09-11,47669656.15288269,47648681.36937753
2026-09,desktop,o,2026-09-12,47787825.58615203,47756363.4108943
2026-09,desktop,o,2026-09-13,47861644.913687356,47819695.34667705
2026-09,desktop,o,2026-09-14,48038017.10517374,47985580.14641085
2026-09,desktop,o,2026-09-15,48183994.68252833,48121070.33201287
2026-09,desktop,o,2026-09-16,48301649.062334426,48228237.320066385
2026-09,desktop,o,2026-09-17,48429989.05965593,48346089.92563531
2026-09,desktop,o,2026-09-18,48533076.57751614,48438690.05174294
2026-09,desktop,o,2026-09-19,48579029.91797493,48474156.00044915
2026-09,desktop,o,2026-09-20,48632501.492979445,48517140.18370109
2026-09,desktop,o,2026-09-21,48730080.991170585,48604232.29013966
2026-09,desktop,o,2026-09-22,48884535.59799331,48748199.5052098
2026-09,desktop,o,2026-09-23,49016748.71420423,48869925.22966815
2026-09,desktop,o,2026-09-24,49129776.04485897,48972465.16857031
2026-09,desktop,o,2026-09-25,49242653.81187303,49074855.543831795
2026-09,desktop,o,2026-09-26,49289926.617384,49111640.957590185
2026-09,desktop,o,2026-09-27,49342653.06641465,49153880.01486825
2026-09,desktop,o,2026-09-28,49379838.81267707,49180578.369378105
2026-09,desktop,o,2026-09-29,49414088.664043136,49204340.82899159
2026-09,desktop,o,2026-09-30,49401545.43161362,49181310.204809494
2026-09,desktop,o,2026-10-01,49402314.32908649,49171591.71052979
2026-09,desktop,o,2026-10-02,49388549.494858526,49147339.48454925
2026-09,desktop,o,2026-10-03,49414080.72672335,49162383.32466149
2026-09,desktop,o,2026-10-04,49437627.36129169,49175442.567477256
2026-09,desktop,o,2026-10-05,49524886.17155256,49252213.98598555
2026-09,desktop,o,2026-10-06,49526462.95064611,49243303.373326525
2026-09,desktop,o,2026-10-07,49529264.77381248,49235617.80474032
2026-09,desktop,o,2026-10-08,49532782.336296715,49228647.97547197
2026-09,desktop,o,2026-10-09,49553563.12435182,49238941.3717745
2026-09,desktop,o,2026-10-10,49564752.27016263,49239643.12583273
2026-09,desktop,o,2026-10-11,49582057.99341761,49246461.45733514
2026-09,desktop,o,2026-10-12,49519507.33155642,49173423.40372136
2026-09,desktop,o,2026-10-13,49528096.12072154,49171524.801133916
2026-09,desktop,o,2026-10-14,49555492.23489754,49188433.523557335
2026-09,desktop,o,2026-10-15,49572986.96832878,49195440.865236
2026-09,desktop,o,2026-10-16,49585671.12130382,49197637.62645846
2026-09,desktop,o,2026-10-17,49593069.27230984,49194548.3857119
2026-09,desktop,o,2026-10-18,49599492.943147466,49190484.66479695
2026-09,desktop,o,2026-10-19,49601545.88844905,49182050.218345955
2026-09,desktop,o,2026-10-20,49574629.858429715,49144646.79657404
2026-09,desktop,o,2026-10-21,49574699.036128506,49134228.58252026
2026-09,desktop,o,2026-10-22,49574727.15531616,49123769.309955336
2026-09,desktop,o,2026-10-23,49581177.91183776,49119732.674724355
2026-09,desktop,o,2026-10-24,49577500.855782986,49105568.226917006
2026-09,desktop,o,2026-10-25,49576622.75604266,49094202.7354241
2026-09,desktop,o,2026-10-26,49562218.13663955,49069310.724268414
2026-09,desktop,o,2026-10-27,49564668.991148256,49061274.18702454
2026-09,desktop,o,2026-10-28,49561948.414507315,49048066.21863103
2026-09,desktop,o,2026-10-29,49582993.77395088,49058624.18632202
2026-09,desktop,o,2026-10-30,49643459.125271834,49108602.14589039
2026-09,desktop,o,2026-10-31,49663458.6232077,49118114.25207368
2026-09,desktop,o,2026-11-01,49577034.18454772,49021202.42166112
2026-09,desktop,o,2026-11-02,49557503.840014756,48991184.68537558
2026-09,desktop,o,2026-11-03,49580239.17736734,49003432.63097558
2026-09,desktop,o,2026-11-04,49600483.13774608,49013189.199601755
2026-09,desktop,o,2026-11-05,49633982.560029276,49036201.23013237
2026-09,desktop,o,2026-11-06,49640250.226573005,49031981.50492352
2026-09,desktop,o,2026-11-07,49641495.822376534,49022739.70897447
2026-09,desktop,o,2026-11-08,49627076.8412975,48997833.33614286
2026-09,desktop,o,2026-11-09,49709725.01298525,49069994.116078034
2026-09,desktop,o,2026-11-10,49708496.6009326,49058278.3122728
2026-09,desktop,o,2026-11-11,49656191.3270977,48995485.646685325
2026-09,desktop,o,2026-11-12,49671436.77033808,49000243.698173136
2026-09,desktop,o,2026-11-13,49684677.7472114,49002997.28329387
2026-09,desktop,o,2026-11-14,49701019.22438636,49008851.368716255
2026-09,desktop,o,2026-11-15,49707122.294214174,49004467.046791494
2026-09,desktop,o,2026-11-16,49738114.856972076,49024972.21779682
2026-09,desktop,o,2026-11-17,49802906.60601397,49079276.57508613
2026-09,desktop,o,2026-11-18,49841502.68255714,49107385.25987673
2026-09,desktop,o,2026-11-19,49878868.50940192,49134263.69496893
2026-09,desktop,o,2026-11-20,49868387.324329905,49113295.11814434
2026-09,desktop,o,2026-11-21,49890670.17934567,49125090.581407525
2026-09,desktop,o,2026-11-22,49913044.37405985,49136977.38436913
2026-09,desktop,o,2026-11-23,49927751.55785774,49141197.17641444
2026-09,desktop,o,2026-11-24,49960143.28186971,49163101.50867383
2026-09,desktop,o,2026-11-25,49990046.649001054,49182517.4840526
2026-09,desktop,o,2026-11-26,49950937.10631776,49132920.549616724
2026-09,desktop,o,2026-11-27,49892703.71746845,49064199.76901484
2026-09,desktop,o,2026-11-28,49914757.55657939,49075766.216373205
2026-09,desktop,o,2026-11-29,50032833.6799605,49183354.948001735
2026-09,desktop,o,2026-11-30,50109462.44401697,49249496.32030563
2026-09,desktop,o,2026-12-01,50154247.43009601,49283793.91463209
2026-09,desktop,o,2026-12-02,50190378.90892224,49309438.00170574
2026-09,desktop,o,2026-12-03,50213060.66486333,49321632.36589426
2026-09,desktop,o,2026-12-04,50238061.966712244,49336146.2759906
2026-09,desktop,o,2026-12-05,50256698.21079315,49344295.12831893
2026-09,desktop,o,2026-12-06,50282196.75637334,49359306.282146536
2026-09,desktop,o,2026-12-07,50313226.92585896,49379849.05987958
2026-09,desktop,o,2026-12-08,50324924.83287094,49381059.57513898
2026-09,desktop,o,2026-12-09,50391425.04855476,49437072.399070226
2026-09,desktop,o,2026-12-10,50391791.386285566,49426951.34504845
2026-09,desktop,o,2026-12-11,50388879.37139232,49413551.93840262
2026-09,desktop,o,2026-12-12,50376079.870700836,49390265.04595857
2026-09,desktop,o,2026-12-13,50377530.41664191,49381228.20014707
2026-09,desktop,o,2026-12-14,50373356.392394245,49366566.78414682
2026-09,desktop,o,2026-12-15,50342156.96396841,49324879.96396841
2026-09,desktop,o,2026-12-16,50307214.805056915,49289937.805056915
2026-09,desktop,o,2026-12-17,50271805.05503215,49254528.05503215
2026-09,desktop,o,2026-12-18,50281206.25621325,49263929.25621325
2026-09,desktop,o,2026-12-19,50237807.800421104,49220530.800421104
2026-09,desktop,o,2026-12-20,50174982.29012906,49157705.29012906
2026-09,desktop,o,2026-12-21,50001601.312182285,48984324.312182285
2026-09,desktop,o,2026-12-22,49819192.97605982,48801915.97605982
2026-09,desktop,o,2026-12-23,49589033.72210264,48571756.72210264
2026-09,desktop,o,2026-12-24,49137993.22278792,48120716.22278792
2026-09,desktop,o,2026-12-25,48414409.57667196,47397132.57667196
2026-09,desktop,o,2026-12-26,48096861.56137554,47079584.56137554
2026-09,desktop,o,2026-12-27,47861024.6053675,46843747.6053675
2026-09,desktop,o,2026-12-28,47367419.005492546,46350142.005492546
2026-09,desktop,o,2026-12-29,47032411.74293651,46015134.74293651
2026-09,desktop,o,2026-12-30,46668953.05905409,45651676.05905409
2026-09,desktop,o,2026-12-31,46044189.46577776,45026912.46577776
2026-09,desktop,o,2027-01-01,45096650.90164463,44079373.90164463
2026-09,desktop,o,2027-01-02,44850995.80753894,43833718.80753894
2026-09,desktop,o,2027-01-03,44720202.65799143,43702925.65799143
2026-09,desktop,o,2027-01-04,44529283.31625784,43512006.31625784
2026-09,desktop,o,2027-01-05,44395089.511201225,43377812.511201225
2026-09,desktop,o,2027-01-06,44218098.198011525,43200821.198011525
2026-09,desktop,o,2027-01-07,44135061.85966772,43117784.85966772
2026-09,desktop,o,2027-01-08,44094896.566751204,43077619.566751204
2026-09,desktop,o,2027-01-09,44081647.34989463,43064370.34989463
2026-09,desktop,o,2027-01-10,44080612.80884973,43063335.80884973
2026-09,desktop,o,2027-01-11,44065941.55783893,43048664.55783893
2026-09,desktop,o,2027-01-12,44076096.0302527,43058819.0302527
2026-09,desktop,o,2027-01-13,44082380.34151689,43065103.34151689
2026-09,desktop,o,2027-01-14,44077547.61499065,43060270.61499065
2026-09,desktop,o,2027-01-15,44079001.85426897,43061724.85426897
2026-09,desktop,o,2027-01-16,44111936.34007828,43094659.34007828
2026-09,desktop,o,2027-01-17,44176461.898127615,43159184.898127615
2026-09,desktop,o,2027-01-18,44323843.29126007,43306566.29126007
2026-09,desktop,o,2027-01-19,44502772.12812072,43485495.12812072
2026-09,desktop,o,2027-01-20,44748083.81359361,43730806.81359361
2026-09,desktop,o,2027-01-21,45276144.8823607,44258867.8823607
2026-09,desktop,o,2027-01-22,46092975.21091181,45075698.21091181
2026-09,desktop,o,2027-01-23,46419454.06389397,45402177.06389397
2026-09,desktop,o,2027-01-24,46662836.63917525,45645559.63917525
2026-09,desktop,o,2027-01-25,47159632.67595355,46142355.67595355
2026-09,desktop,o,2027-01-26,47459134.34133881,46441857.34133881
2026-09,desktop,o,2027-01-27,47822109.50072395,46804832.50072395
2026-09,desktop,o,2027-01-28,48439893.38769214,47422616.38769214
2026-09,desktop,o,2027-01-29,49383486.87314786,48366209.87314786
2026-09,desktop,o,2027-01-30,49627005.17234751,48609728.17234751
2026-09,desktop,o,2027-01-31,49762375.464194514,48745098.464194514
2026-09,desktop,o,2027-02-01,49946028.45422232,48928751.45422232
2026-09,desktop,o,2027-02-02,50075502.47511099,49058225.47511099
2026-09,desktop,o,2027-02-03,50231115.18623252,49213838.18623252
2026-09,desktop,o,2027-02-04,50257183.17285627,49239906.17285627
2026-09,desktop,o,2027-02-05,50212763.82196274,49195486.82196274
2026-09,desktop,o,2027-02-06,50154416.173278786,49137139.173278786
2026-09,desktop,o,2027-02-07,50114924.47511903,49097647.47511903
2026-09,desktop,o,2027-02-08,49965414.11471125,48948137.11471125
2026-09,desktop,o,2027-02-09,49814530.5726409,48797253.5726409
2026-09,desktop,o,2027-02-10,49722523.31284209,48705246.31284209
2026-09,desktop,o,2027-02-11,49652726.185955584,48635449.185955584
2026-09,desktop,o,2027-02-12,49609030.84147198,48591753.84147198
2026-09,desktop,o,2027-02-13,49571517.44833304,48554240.44833304
2026-09,desktop,o,2027-02-14,49534032.38370228,48516755.38370228
2026-09,desktop,o,2027-02-15,49467762.283134244,48450485.283134244
2026-09,desktop,o,2027-02-16,49395069.41180877,48377792.41180877
2026-09,desktop,o,2027-02-17,49324749.10911119,48307472.10911119
2026-09,desktop,o,2027-02-18,49258589.7240963,48241312.7240963
2026-09,desktop,o,2027-02-19,49208963.42241437,48191686.42241437
2026-09,desktop,o,2027-02-20,49182545.36193048,48165268.36193048
2026-09,desktop,o,2027-02-21,49149117.89829363,48131840.89829363
2026-09,desktop,o,2027-02-22,49095982.57875978,48078705.57875978
2026-09,desktop,o,2027-02-23,49054356.4605699,48037079.4605699
2026-09,desktop,o,2027-02-24,49002945.53167959,47985668.53167959
2026-09,desktop,o,2027-02-25,48959264.954343036,47941987.954343036
2026-09,desktop,o,2027-02-26,48926036.064284876,47908759.064284876
2026-09,desktop,o,2027-02-27,48897349.903874956,47880072.903874956
2026-09,desktop,o,2027-02-28,48862131.20652961,47844854.20652961
2026-09,desktop,o,2027-03-01,48858909.62555932,47841632.62555932
2026-09,desktop,o,2027-03-02,48849671.33861799,47832394.33861799
2026-09,desktop,o,2027-03-03,48838719.45891301,47821442.45891301
2026-09,desktop,o,2027-03-04,48863091.369998336,47845814.369998336
2026-09,desktop,o,2027-03-05,48906378.44353341,47889101.44353341
2026-09,desktop,o,2027-03-06,48934441.82315526,47917164.82315526
2026-09,desktop,o,2027-03-07,48951574.68066655,47934297.68066655
2026-09,desktop,o,2027-03-08,49033475.36139905,48016198.36139905
2026-09,desktop,o,2027-03-09,49081186.7110943,48063909.7110943
2026-09,desktop,o,2027-03-10,49099680.54906054,48082403.54906054
2026-09,desktop,o,2027-03-11,49117862.337018035,48100585.337018035
2026-09,desktop,o,2027-03-12,49105289.61964097,48088012.61964097
2026-09,desktop,o,2027-03-13,49103128.67595637,48085851.67595637
2026-09,desktop,o,2027-03-14,49105279.76094235,48088002.76094235
2026-09,desktop,o,2027-03-15,49139048.85880276,48121771.85880276
2026-09,desktop,o,2027-03-16,49147298.66453167,48130021.66453167
2026-09,desktop,o,2027-03-17,49144143.0911093,48126866.0911093
2026-09,desktop,o,2027-03-18,49137289.832639374,48120012.832639374
2026-09,desktop,o,2027-03-19,49117794.981338926,48100517.981338926
2026-09,desktop,o,2027-03-20,49088312.5939476,48071035.5939476
2026-09,desktop,o,2027-03-21,49035651.13153585,48018374.13153585
2026-09,desktop,o,2027-03-22,48894371.41500646,47877094.41500646
2026-09,desktop,o,2027-03-23,48826170.70818885,47808893.70818885
2026-09,desktop,o,2027-03-24,48714086.50792121,47696809.50792121
2026-09,desktop,o,2027-03-25,48510208.066425875,47492931.066425875
2026-09,desktop,o,2027-03-26,48033060.75439308,47015783.75439308
2026-09,desktop,o,2027-03-27,47904521.9854876,46887244.9854876
2026-09,desktop,o,2027-03-28,47760769.83315216,46743492.83315216
2026-09,desktop,o,2027-03-29,47271624.69018392,46254347.69018392
2026-09,desktop,o,2027-03-30,47188195.8189083,46170918.8189083
2026-09,desktop,o,2027-03-31,47117793.986277625,46100516.986277625
2026-09,desktop,o,2027-04-01,47040636.88971597,46023359.88971597
2026-09,desktop,o,2027-04-02,46988562.271270886,45971285.271270886
2026-09,desktop,o,2027-04-03,46984733.75252705,45967456.75252705
2026-09,desktop,o,2027-04-04,46980355.39793415,45963078.39793415
2026-09,desktop,o,2027-04-05,47011214.25244499,45993937.25244499
2026-09,desktop,o,2027-04-06,47055222.495607115,46037945.495607115
2026-09,desktop,o,2027-04-07,47078211.404732145,46060934.404732145
2026-09,desktop,o,2027-04-08,47085615.40650903,46068338.40650903
2026-09,desktop,o,2027-04-09,47098589.291231684,46081312.291231684
2026-09,desktop,o,2027-04-10,47094450.84540387,46077173.84540387
2026-09,desktop,o,2027-04-11,47082151.20838895,46064874.20838895
2026-09,desktop,o,2027-04-12,47089763.928622976,46072486.928622976
2026-09,desktop,o,2027-04-13,47068267.81749863,46050990.81749863
2026-09,desktop,o,2027-04-14,47048050.44807253,46030773.44807253
2026-09,desktop,o,2027-04-15,47030586.12127118,46013309.12127118
2026-09,desktop,o,2027-04-16,47015245.25334489,45997968.25334489
2026-09,desktop,o,2027-04-17,47021360.56836986,46004083.56836986
2026-09,desktop,o,2027-04-18,47044779.782402344,46027502.782402344
2026-09,desktop,o,2027-04-19,47148228.28130644,46130951.28130644
2026-09,desktop,o,2027-04-20,47183737.884421535,46166460.884421535
2026-09,desktop,o,2027-04-21,47220242.27610941,46202965.27610941
2026-09,desktop,o,2027-04-22,47370561.30803688,46353284.30803688
2026-09,desktop,o,2027-04-23,47785311.24849392,46768034.24849392
2026-09,desktop,o,2027-04-24,47876947.47326283,46859670.47326283
2026-09,desktop,o,2027-04-25,47989571.92309554,46972294.92309554
2026-09,desktop,o,2027-04-26,48394645.196253724,47377368.196253724
2026-09,desktop,o,2027-04-27,48404678.135849126,47387401.135849126
2026-09,desktop,o,2027-04-28,48386999.54912702,47369722.54912702
2026-09,desktop,o,2027-04-29,48365101.24412627,47347824.24412627
2026-09,desktop,o,2027-04-30,48264951.976661325,47247674.976661325
2026-09,desktop,o,2027-05-01,47833054.3497561,46815777.3497561
2026-09,desktop,o,2027-05-02,47696837.788604006,46679560.788604006
2026-09,desktop,o,2027-05-03,47483945.933316216,46466668.933316216
2026-09,desktop,o,2027-05-04,47384628.18793756,46367351.18793756
2026-09,desktop,o,2027-05-05,47270435.58709149,46253158.58709149
2026-09,desktop,o,2027-05-06,46973917.561683305,45956640.561683305
2026-09,desktop,o,2027-05-07,46806003.337958954,45788726.337958954
2026-09,desktop,o,2027-05-08,46744477.65919205,45727200.65919205
2026-09,desktop,o,2027-05-09,46699759.76995208,45682482.76995208
2026-09,desktop,o,2027-05-10,46611629.243387505,45594352.243387505
2026-09,desktop,o,2027-05-11,46566488.36009437,45549211.36009437
2026-09,desktop,o,2027-05-12,46527740.52242764,45510463.52242764
2026-09,desktop,o,2027-05-13,46482652.94630867,45465375.94630867
2026-09,desktop,o,2027-05-14,46419915.66529237,45402638.66529237
2026-09,desktop,o,2027-05-15,46355476.85648829,45338199.85648829
2026-09,desktop,o,2027-05-16,46218409.32472551,45201132.32472551
2026-09,desktop,o,2027-05-17,45867168.58615563,44849891.58615563
2026-09,desktop,o,2027-05-18,45831937.56992789,44814660.56992789
2026-09,desktop,o,2027-05-19,45820270.696000576,44802993.696000576
2026-09,desktop,o,2027-05-20,45746752.04421954,44729475.04421954
2026-09,desktop,o,2027-05-21,45717785.32640848,44700508.32640848
2026-09,desktop,o,2027-05-22,45692639.574627504,44675362.574627504
2026-09,desktop,o,2027-05-23,45670932.862520315,44653655.862520315
2026-09,desktop,o,2027-05-24,45618064.884226665,44600787.884226665
2026-09,desktop,o,2027-05-25,45606977.550694324,44589700.550694324
2026-09,desktop,o,2027-05-26,45605265.10456854,44587988.10456854
2026-09,desktop,o,2027-05-27,45464133.99872547,44446856.99872547
2026-09,desktop,o,2027-05-28,45469509.06696249,44452232.06696249
2026-09,desktop,o,2027-05-29,45861508.35243734,44844231.35243734
2026-09,desktop,o,2027-05-30,45948307.0406576,44931030.0406576
2026-09,desktop,o,2027-05-31,45983193.712370716,44965916.712370716
2026-09,desktop,o,2027-06-01,46007983.98792572,44990706.98792572
2026-09,desktop,o,2027-06-02,46060180.36554436,45042903.36554436
2026-09,desktop,o,2027-06-03,46306378.82039753,45289101.82039753
2026-09,desktop,o,2027-06-04,46426095.862677656,45408818.862677656
2026-09,desktop,o,2027-06-05,46440749.424125664,45423472.424125664
2026-09,desktop,o,2027-06-06,46450019.04029537,45432742.04029537
2026-09,desktop,o,2027-06-07,46491920.81139097,45474643.81139097
2026-09,desktop,o,2027-06-08,46500541.3015856,45483264.3015856
2026-09,desktop,o,2027-06-09,46490015.466879785,45472738.466879785
2026-09,desktop,o,2027-06-10,46494644.23316824,45477367.23316824
2026-09,desktop,o,2027-06-11,46517812.48503629,45500535.48503629
2026-09,desktop,o,2027-06-12,46546831.63436138,45529554.63436138
2026-09,desktop,o,2027-06-13,46652958.05065688,45635681.05065688
2026-09,desktop,o,2027-06-14,46936065.182591744,45918788.182591744
2026-09,desktop,o,2027-06-15,46905472.89855605,45888195.89855605
2026-09,desktop,o,2027-06-16,46892682.57762627,45875405.57762627
2026-09,desktop,o,2027-06-17,46908630.261819445,45891353.261819445
2026-09,desktop,o,2027-06-18,46862972.295965336,45845695.295965336
2026-09,desktop,o,2027-06-19,46833976.882323965,45816699.882323965
2026-09,desktop,o,2027-06-20,46815450.095503226,45798173.095503226
2026-09,desktop,o,2027-06-21,46795125.466564536,45777848.466564536
2026-09,desktop,o,2027-06-22,46757578.135666534,45740301.135666534
2026-09,desktop,o,2027-06-23,46715848.70173241,45698571.70173241
2026-09,desktop,o,2027-06-24,46829796.61490737,45812519.61490737
2026-09,desktop,o,2027-06-25,46876394.459986664,45859117.459986664
2026-09,desktop,o,2027-06-26,46867029.0426262,45849752.0426262
2026-09,desktop,o,2027-06-27,46859243.677622534,45841966.677622534
2026-09,desktop,o,2027-06-28,46946345.419971086,45929068.419971086
2026-09,desktop,o,2027-06-29,46909124.16431518,45891847.16431518
2026-09,desktop,o,2027-06-30,46845563.56742767,45828286.56742767
2026-09,desktop,o,2027-07-01,46773360.14352157,45756083.14352157
2026-09,desktop,o,2027-07-02,46712261.42895122,45694984.42895122
2026-09,desktop,o,2027-07-03,46672645.95703869,45655368.95703869
2026-09,desktop,o,2027-07-04,46602014.522024155,45584737.522024155
2026-09,desktop,o,2027-07-05,46407402.926726036,45390125.926726036
2026-09,desktop,o,2027-07-06,46292468.33973829,45275191.33973829
2026-09,desktop,o,2027-07-07,46199570.65510072,45182293.65510072
2026-09,desktop,o,2027-07-08,46106226.51782838,45088949.51782838
2026-09,desktop,o,2027-07-09,46008569.88673759,44991292.88673759
2026-09,desktop,o,2027-07-10,45955884.163457595,44938607.163457595
2026-09,desktop,o,2027-07-11,45911000.83993129,44893723.83993129
2026-09,desktop,o,2027-07-12,45843414.982938,44826137.982938
2026-09,desktop,o,2027-07-13,45769709.166348055,44752432.166348055
2026-09,desktop,o,2027-07-14,45660228.48764001,44642951.48764001
2026-09,desktop,o,2027-07-15,45582037.56414349,44564760.56414349
2026-09,desktop,o,2027-07-16,45524457.72919798,44507180.72919798
2026-09,desktop,o,2027-07-17,45482590.082200065,44465313.082200065
2026-09,desktop,o,2027-07-18,45437956.10035444,44420679.10035444
2026-09,desktop,o,2027-07-19,45377413.89554554,44360136.89554554
2026-09,desktop,o,2027-07-20,45295121.19979826,44277844.19979826
2026-09,desktop,o,2027-07-21,45225775.14486987,44208498.14486987
2026-09,desktop,o,2027-07-22,45152570.16017906,44135293.16017906
2026-09,desktop,o,2027-07-23,45078770.95659316,44061493.95659316
2026-09,desktop,o,2027-07-24,45009238.89028277,43991961.89028277
2026-09,desktop,o,2027-07-25,44950741.715627305,43933464.715627305
2026-09,desktop,o,2027-07-26,44875758.07741867,43858481.07741867
2026-09,desktop,o,2027-07-27,44803169.37162801,43785892.37162801
2026-09,desktop,o,2027-07-28,44737417.068432346,43720140.068432346
2026-09,desktop,o,2027-07-29,44678689.26362272,43661412.26362272
2026-09,desktop,o,2027-07-30,44609252.83035611,43591975.83035611
2026-09,desktop,o,2027-07-31,44560894.198123015,43543617.198123015
2026-09,desktop,o,2027-08-01,44532083.5564695,43514806.5564695
2026-09,desktop,o,2027-08-02,44552196.92112668,43534919.92112668
2026-09,desktop,o,2027-08-03,44505097.343655385,43487820.343655385
2026-09,desktop,o,2027-08-04,44453767.78475927,43436490.78475927
2026-09,desktop,o,2027-08-05,44397645.49928044,43380368.49928044
2026-09,desktop,o,2027-08-06,44356073.9335872,43338796.9335872
2026-09,desktop,o,2027-08-07,44319706.11114758,43302429.11114758
2026-09,desktop,o,2027-08-08,44272598.49129212,43255321.49129212
2026-09,desktop,o,2027-08-09,44214802.85710843,43197525.85710843
2026-09,desktop,o,2027-08-10,44129330.43125782,43112053.43125782
2026-09,desktop,o,2027-08-11,44063500.383641236,43046223.383641236
2026-09,desktop,o,2027-08-12,43971831.109281436,42954554.109281436
2026-09,desktop,o,2027-08-13,43885899.127153054,42868622.127153054
2026-09,desktop,o,2027-08-14,43798937.49665137,42781660.49665137
2026-09,desktop,o,2027-08-15,43682841.36418887,42665564.36418887
2026-09,desktop,o,2027-08-16,43609634.19817947,42592357.19817947
2026-09,desktop,o,2027-08-17,43526825.59302155,42509548.59302155
2026-09,desktop,o,2027-08-18,43472475.36065768,42455198.36065768
2026-09,desktop,o,2027-08-19,43422886.819387734,42405609.819387734
2026-09,desktop,o,2027-08-20,43390823.43169652,42373546.43169652
2026-09,desktop,o,2027-08-21,43401768.11043249,42384491.11043249
2026-09,desktop,o,2027-08-22,43404542.669804834,42387265.669804834
2026-09,desktop,o,2027-08-23,43413296.80214516,42396019.80214516
2026-09,desktop,o,2027-08-24,43426888.65648633,42409611.65648633
2026-09,desktop,o,2027-08-25,43444160.67376405,42426883.67376405
2026-09,desktop,o,2027-08-26,43478382.17932309,42461105.17932309
2026-09,desktop,o,2027-08-27,43515597.68851473,42498320.68851473
2026-09,desktop,o,2027-08-28,43554624.084106684,42537347.084106684
2026-09,desktop,o,2027-08-29,43609081.73247006,42591804.73247006
2026-09,desktop,o,2027-08-30,43710766.89575703,42693489.89575703
2026-09,desktop,o,2027-08-31,43786633.73449452,42769356.73449452
2026-09,desktop,o,2027-09-01,43870442.32608942,42853165.32608942
2026-09,desktop,o,2027-09-02,43952729.41126234,42935452.41126234
2026-09,desktop,o,2027-09-03,44035223.59724369,43017946.59724369
2026-09,desktop,o,2027-09-04,44081345.64713391,43064068.64713391
2026-09,desktop,o,2027-09-05,44144004.5275839,43126727.5275839
2026-09,desktop,o,2027-09-06,44125241.41172942,43107964.41172942
2026-09,desktop,o,2027-09-07,44235496.35269765,43218219.35269765
2026-09,desktop,o,2027-09-08,44375431.97041852,43358154.97041852
2026-09,desktop,o,2027-09-09,44540655.99159048,43523378.99159048
2026-09,desktop,o,2027-09-10,44704967.801730074,43687690.801730074
2026-09,desktop,o,2027-09-11,44849456.003898695,43832179.003898695
2026-09,desktop,o,2027-09-12,45030959.017502844,44013682.017502844
2026-09,desktop,o,2027-09-13,45206983.39384044,44189706.39384044
2026-09,desktop,o,2027-09-14,45380250.79243309,44362973.79243309
2026-09,desktop,o,2027-09-15,45515165.82938004,44497888.82938004
2026-09,desktop,o,2027-09-16,45652310.98127418,44635033.98127418
2026-09,desktop,o,2027-09-17,45763639.85824869,44746362.85824869
2026-09,desktop,o,2027-09-18,45830164.028741956,44812887.028741956
2026-09,desktop,o,2027-09-19,45900586.05570049,44883309.05570049
2026-09,desktop,o,2027-09-20,45987709.84958904,44970432.84958904
2026-09,desktop,o,2027-09-21,46091790.58403982,45074513.58403982
2026-09,desktop,o,2027-09-22,46193260.84515595,45175983.84515595
2026-09,desktop,o,2027-09-23,46281432.69291097,45264155.69291097
2026-09,desktop,o,2027-09-24,46360969.739486806,45343692.739486806
2026-09,desktop,o,2027-09-25,46422716.08833278,45405439.08833278
2026-09,desktop,o,2027-09-26,46467973.612891175,45450696.612891175
2026-09,desktop,o,2027-09-27,46538787.81684161,45521510.81684161
2026-09,desktop,o,2027-09-28,46609375.48771088,45592098.48771088
2026-09,desktop,o,2027-09-29,46658968.845723175,45641691.845723175
2026-09,desktop,o,2027-09-30,46700223.93523129,45682946.93523129
2026-09,desktop,o,2027-10-01,46725091.01374333,45707814.01374333
2026-09,desktop,o,2027-10-02,46732948.66263891,45715671.66263891
2026-09,desktop,o,2027-10-03,46735567.64720762,45718290.64720762
2026-09,desktop,o,2027-10-04,46870536.53498333,45853259.53498333
2026-09,desktop,o,2027-10-05,46922349.14138697,45905072.14138697
2026-09,desktop,o,2027-10-06,46940431.65413618,45923154.65413618
2026-09,desktop,o,2027-10-07,46934480.76868592,45917203.76868592
2026-09,desktop,o,2027-10-08,46910042.22138502,45892765.22138502
2026-09,desktop,o,2027-10-09,46889106.64206945,45871829.64206945
2026-09,desktop,o,2027-10-10,46884960.967854865,45867683.967854865
2026-09,desktop,o,2027-10-11,46804187.26542516,45786910.26542516
2026-09,desktop,o,2027-10-12,46762677.549676105,45745400.549676105
2026-09,desktop,o,2027-10-13,46765554.07274186,45748277.07274186
2026-09,desktop,o,2027-10-14,46766982.37690808,45749705.37690808
2026-09,desktop,o,2027-10-15,46777439.62105108,45760162.62105108
2026-09,desktop,o,2027-10-16,46786663.944931634,45769386.944931634
2026-09,desktop,o,2027-10-17,46794136.27902321,45776859.27902321
2026-09,desktop,o,2027-10-18,46816767.01058773,45799490.01058773
2026-09,desktop,o,2027-10-19,46820976.778536186,45803699.778536186
2026-09,desktop,o,2027-10-20,46834098.78297455,45816821.78297455
2026-09,desktop,o,2027-10-21,46836225.797754765,45818948.797754765
2026-09,desktop,o,2027-10-22,46848002.95430343,45830725.95430343
2026-09,desktop,o,2027-10-23,46843443.08160757,45826166.08160757
2026-09,desktop,o,2027-10-24,46846362.81161215,45829085.81161215
2026-09,desktop,o,2027-10-25,46845198.056274824,45827921.056274824
2026-09,desktop,o,2027-10-26,46849831.69820483,45832554.69820483
2026-09,desktop,o,2027-10-27,46847471.48253564,45830194.48253564
2026-09,desktop,o,2027-10-28,46830665.95951302,45813388.95951302
2026-09,desktop,o,2027-10-29,46794160.56361472,45776883.56361472
2026-09,desktop,o,2027-10-30,46804262.786792696,45786985.786792696
2026-09,desktop,o,2027-10-31,46793635.93485646,45776358.93485646
2026-09,desktop,o,2027-11-01,46619661.546772785,45602384.546772785
2026-09,desktop,o,2027-11-02,46591141.36908371,45573864.36908371
2026-09,desktop,o,2027-11-03,46609397.36579869,45592120.36579869
2026-09,desktop,o,2027-11-04,46621771.45996081,45604494.45996081
2026-09,desktop,o,2027-11-05,46682020.08309568,45664743.08309568
2026-09,desktop,o,2027-11-06,46720029.37616803,45702752.37616803
2026-09,desktop,o,2027-11-07,46746804.13634609,45729527.13634609
2026-09,desktop,o,2027-11-08,46867774.40922975,45850497.40922975
2026-09,desktop,o,2027-11-09,46943532.61593245,45926255.61593245
2026-09,desktop,o,2027-11-10,46985952.04817946,45968675.04817946
2026-09,desktop,o,2027-11-11,46950170.55398249,45932893.55398249
2026-09,desktop,o,2027-11-12,46974462.89448505,45957185.89448505
2026-09,desktop,o,2027-11-13,46997201.55527807,45979924.55527807
2026-09,desktop,o,2027-11-14,47006893.83393003,45989616.83393003
2026-09,desktop,o,2027-11-15,46973886.45052181,45956609.45052181
2026-09,desktop,o,2027-11-16,46989878.07245444,45972601.07245444
2026-09,desktop,o,2027-11-17,47018585.50374793,46001308.50374793
2026-09,desktop,o,2027-11-18,47045049.37085981,46027772.37085981
2026-09,desktop,o,2027-11-19,47072147.691660345,46054870.691660345
2026-09,desktop,o,2027-11-20,47074329.21081317,46057052.21081317
2026-09,desktop,o,2027-11-21,47092263.06427257,46074986.06427257
2026-09,desktop,o,2027-11-22,47100328.33847225,46083051.33847225
2026-09,desktop,o,2027-11-23,47111746.080036625,46094469.080036625
2026-09,desktop,o,2027-11-24,47146353.10523029,46129076.10523029
2026-09,desktop,o,2027-11-25,47132651.32605587,46115374.32605587
2026-09,desktop,o,2027-11-26,47141171.831582084,46123894.831582084
2026-09,desktop,o,2027-11-27,47174141.87983058,46156864.87983058
2026-09,desktop,o,2027-11-28,47242031.91317213,46224754.91317213
2026-09,desktop,o,2027-11-29,47488842.18222787,46471565.18222787
2026-09,desktop,o,2027-11-30,47567854.28940221,46550577.28940221
2026-09,desktop,o,2027-12-01,47605984.30038828,46588707.30038828
2026-09,desktop,o,2027-12-02,47658061.85997476,46640784.85997476
2026-09,desktop,o,2027-12-03,47664215.36963491,46646938.36963491
2026-09,desktop,o,2027-12-04,47677072.52234205,46659795.52234205
2026-09,desktop,o,2027-12-05,47681727.515142,46664450.515142
2026-09,desktop,o,2027-12-06,47685721.457001165,46668444.457001165
2026-09,desktop,o,2027-12-07,47685945.47939925,46668668.47939925
2026-09,desktop,o,2027-12-08,47660366.86631288,46643089.86631288
2026-09,desktop,o,2027-12-09,47740303.499286525,46723026.499286525
2026-09,desktop,o,2027-12-10,47740057.640688755,46722780.640688755
2026-09,desktop,o,2027-12-11,47716170.54413637,46698893.54413637
2026-09,desktop,o,2027-12-12,47710761.72885585,46693484.72885585
2026-09,desktop,o,2027-12-13,47757578.41467082,46740301.41467082
2026-09,desktop,o,2027-12-14,47747259.33296489,46729982.33296489
2026-09,desktop,o,2027-12-15,47718249.4171002,46700972.4171002
2026-09,desktop,o,2027-12-16,47687057.18696859,46669780.18696859
2026-09,desktop,o,2027-12-17,47655512.139594026,46638235.139594026
2026-09,desktop,o,2027-12-18,47646086.23659194,46628809.23659194
2026-09,desktop,o,2027-12-19,47600593.011321366,46583316.011321366
2026-09,desktop,o,2027-12-20,47478153.92546548,46460876.92546548
2026-09,desktop,o,2027-12-21,47349553.71230071,46332276.71230071
2026-09,desktop,o,2027-12-22,47160127.10664656,46142850.10664656
2026-09,desktop,o,2027-12-23,46900893.586879894,45883616.586879894
2026-09,desktop,o,2027-12-24,46264254.67518985,45246977.67518985
2026-09,desktop,o,2027-12-25,45795281.35251097,44778004.35251097
2026-09,desktop,o,2027-12-26,45479180.182330646,44461903.182330646
2026-09,desktop,o,2027-12-27,45010155.22577124,43992878.22577124
2026-09,desktop,o,2027-12-28,44770368.938991845,43753091.938991845
2026-09,desktop,o,2027-12-29,44508490.18237927,43491213.18237927
2026-09,desktop,o,2027-12-30,44211370.38135034,43194093.38135034
2026-09,desktop,o,2027-12-31,43720392.39332806,42703115.39332806
2026-09,desktop,i+j,2026-09-09,47323327.35797808,47323327.35797808
2026-09,desktop,i+j,2026-09-10,47506913.30099318,47496425.9092406
2026-09,desktop,i+j,2026-09-11,47665050.15992603,47644075.37642087
2026-09,desktop,i+j,2026-09-12,47782313.70917918,47750851.53392144
2026-09,desktop,i+j,2026-09-13,47855241.52653046,47813291.95952015
2026-09,desktop,i+j,2026-09-14,48030344.093411595,47977907.13464871
2026-09,desktop,i+j,2026-09-15,48175063.477839604,48112139.12732414
2026-09,desktop,i+j,2026-09-16,48291540.53758752,48218128.79531948
2026-09,desktop,i+j,2026-09-17,48418714.76478854,48334815.63076792
2026-09,desktop,i+j,2026-09-18,48520625.64587346,48426239.12010026
2026-09,desktop,i+j,2026-09-19,48565605.46169672,48460731.544170946
2026-09,desktop,i+j,2026-09-20,48618100.50588928,48502739.19661093
2026-09,desktop,i+j,2026-09-21,48714393.41114452,48588544.71011359
2026-09,desktop,i+j,2026-09-22,48866634.38032176,48730298.28753826
2026-09,desktop,i+j,2026-09-23,48996523.59785061,48849700.11331453
2026-09,desktop,i+j,2026-09-24,49107048.685060546,48949737.808771886
2026-09,desktop,i+j,2026-09-25,49215716.57896252,49047918.31092128
2026-09,desktop,i+j,2026-09-26,49259799.367798604,49081513.70800479
2026-09,desktop,i+j,2026-09-27,49309570.37889734,49120797.327350944
2026-09,desktop,i+j,2026-09-28,49343617.4594249,49144357.01612593
2026-09,desktop,i+j,2026-09-29,49377037.17006143,49167289.33500989
2026-09,desktop,i+j,2026-09-30,49366524.06160228,49146288.83479816
2026-09,desktop,i+j,2026-10-01,49370155.329239756,49139432.710683055
2026-09,desktop,i+j,2026-10-02,49360125.64604689,49118915.63573761
2026-09,desktop,i+j,2026-10-03,49389393.12140643,49137695.71934457
2026-09,desktop,i+j,2026-10-04,49417087.024027415,49154902.23021298
2026-09,desktop,i+j,2026-10-05,49510065.124853745,49237392.93928673
2026-09,desktop,i+j,2026-10-06,49515590.859839216,49232431.28251963
2026-09,desktop,i+j,2026-10-07,49523770.18357713,49230123.214504965
2026-09,desktop,i+j,2026-10-08,49531697.606373794,49227563.24554905
2026-09,desktop,i+j,2026-10-09,49548602.23554378,49233980.48296646
2026-09,desktop,i+j,2026-10-10,49558171.019487634,49233061.875157736
2026-09,desktop,i+j,2026-10-11,49564252.226980224,49228655.69089775
2026-09,desktop,i+j,2026-10-12,49498473.23340009,49152389.30556504
2026-09,desktop,i+j,2026-10-13,49508309.8424543,49151738.522866674
2026-09,desktop,i+j,2026-10-14,49536716.67234667,49169657.96100646
2026-09,desktop,i+j,2026-10-15,49555574.31698372,49178028.21389094
2026-09,desktop,i+j,2026-10-16,49569769.10131536,49181735.606469996
2026-09,desktop,i+j,2026-10-17,49578508.54837601,49179987.66177807
2026-09,desktop,i+j,2026-10-18,49585495.5123847,49176487.23403418
2026-09,desktop,i+j,2026-10-19,49588585.48005248,49169089.80994938
2026-09,desktop,i+j,2026-10-20,49564564.27061915,49134581.20876347
2026-09,desktop,i+j,2026-10-21,49566971.43016518,49126500.976556934
2026-09,desktop,i+j,2026-10-22,49569083.407302335,49118125.56194151
2026-09,desktop,i+j,2026-10-23,49583156.94926228,49121711.712148875
2026-09,desktop,i+j,2026-10-24,49581818.617680185,49109885.988814205
2026-09,desktop,i+j,2026-10-25,49582476.68528928,49100056.66467072
2026-09,desktop,i+j,2026-10-26,49582812.11276113,49089904.700389996
2026-09,desktop,i+j,2026-10-27,49589128.78285469,49085733.97873098
2026-09,desktop,i+j,2026-10-28,49589368.62070269,49075486.424826406
2026-09,desktop,i+j,2026-10-29,49603427.79030804,49079058.20267918
2026-09,desktop,i+j,2026-10-30,49655557.60062237,49120700.62124093
2026-09,desktop,i+j,2026-10-31,49663636.459023856,49118292.087889835
2026-09,desktop,i+j,2026-11-01,49575148.68247696,49019316.91959036
2026-09,desktop,i+j,2026-11-02,49563622.659506515,48997303.50486734
2026-09,desktop,i+j,2026-11-03,49581643.004967764,49004836.45857601
2026-09,desktop,i+j,2026-11-04,49599482.409438305,49012188.47129397
2026-09,desktop,i+j,2026-11-05,49630749.70795007,49032968.378053166
2026-09,desktop,i+j,2026-11-06,49642894.99696134,49034626.27531186
2026-09,desktop,i+j,2026-11-07,49647942.55255704,49029186.439154975
2026-09,desktop,i+j,2026-11-08,49645553.83046251,49016310.32530787
2026-09,desktop,i+j,2026-11-09,49732337.53414435,49092606.63723713
2026-09,desktop,i+j,2026-11-10,49732301.260411195,49082082.9717514
2026-09,desktop,i+j,2026-11-11,49681092.99485703,49020387.31444465
2026-09,desktop,i+j,2026-11-12,49697033.03416128,49025839.96199633
2026-09,desktop,i+j,2026-11-13,49711423.859474055,49029743.39555653
2026-09,desktop,i+j,2026-11-14,49729367.31048705,49037199.454816945
2026-09,desktop,i+j,2026-11-15,49736723.78989241,49034068.54246973
2026-09,desktop,i+j,2026-11-16,49767963.558536045,49054820.91936079
2026-09,desktop,i+j,2026-11-17,49832828.73474204,49109198.7038142
2026-09,desktop,i+j,2026-11-18,49873195.50111832,49139078.0784379
2026-09,desktop,i+j,2026-11-19,49911936.28899278,49167331.47455979
2026-09,desktop,i+j,2026-11-20,49902777.86910744,49147685.662921876
2026-09,desktop,i+j,2026-11-21,49926773.20278842,49161193.60485028
2026-09,desktop,i+j,2026-11-22,49949875.10582503,49173808.11613431
2026-09,desktop,i+j,2026-11-23,49964454.900025435,49177900.518582135
2026-09,desktop,i+j,2026-11-24,49996522.64668838,49199480.8734925
2026-09,desktop,i+j,2026-11-25,50027228.060302384,49219698.89535393
2026-09,desktop,i+j,2026-11-26,49988485.43280945,49170468.876108415
2026-09,desktop,i+j,2026-11-27,49932029.42864774,49103525.48019414
2026-09,desktop,i+j,2026-11-28,49956006.13454839,49117014.794342205
2026-09,desktop,i+j,2026-11-29,50075225.79727342,49225747.06531466
2026-09,desktop,i+j,2026-11-30,50151173.328571275,49291207.204859935
2026-09,desktop,i+j,2026-12-01,50195334.79952514,49324881.28406122
2026-09,desktop,i+j,2026-12-02,50230958.87499381,49350017.96777731
2026-09,desktop,i+j,2026-12-03,50253434.00825887,49362005.7092898
2026-09,desktop,i+j,2026-12-04,50278578.52816766,49376662.83744601
2026-09,desktop,i+j,2026-12-05,50297911.80577004,49385508.723295815
2026-09,desktop,i+j,2026-12-06,50323767.8440916,49400877.3698648
2026-09,desktop,i+j,2026-12-07,50353813.49406737,49420435.62808799
2026-09,desktop,i+j,2026-12-08,50365414.62741794,49421549.36968598
2026-09,desktop,i+j,2026-12-09,50431953.358506806,49477600.70902227
2026-09,desktop,i+j,2026-12-10,50431767.18257067,49466927.14133356
2026-09,desktop,i+j,2026-12-11,50427360.21810294,49452032.785113245
2026-09,desktop,i+j,2026-12-12,50413719.25019402,49427904.425451756
2026-09,desktop,i+j,2026-12-13,50413996.34376626,49417694.127271414
2026-09,desktop,i+j,2026-12-14,50408210.80717623,49401421.19892881
2026-09,desktop,i+j,2026-12-15,50375952.07210404,49358675.07210404
2026-09,desktop,i+j,2026-12-16,50339022.70678443,49321745.70678443
2026-09,desktop,i+j,2026-12-17,50302067.13636343,49284790.13636343
2026-09,desktop,i+j,2026-12-18,50310135.89468706,49292858.89468706
2026-09,desktop,i+j,2026-12-19,50265952.11421508,49248675.11421508
2026-09,desktop,i+j,2026-12-20,50202272.72026942,49184995.72026942
2026-09,desktop,i+j,2026-12-21,50026027.28964088,49008750.28964088
2026-09,desktop,i+j,2026-12-22,49842250.35000863,48824973.35000863
2026-09,desktop,i+j,2026-12-23,49609874.924249046,48592597.924249046
2026-09,desktop,i+j,2026-12-24,49156822.38459826,48139545.38459826
2026-09,desktop,i+j,2026-12-25,48430976.4296489,47413699.4296489
2026-09,desktop,i+j,2026-12-26,48112723.19426392,47095446.19426392
2026-09,desktop,i+j,2026-12-27,47875336.747590005,46858059.747590005
2026-09,desktop,i+j,2026-12-28,47378708.28841034,46361431.28841034
2026-09,desktop,i+j,2026-12-29,47042071.299389556,46024794.299389556
2026-09,desktop,i+j,2026-12-30,46676968.666754104,45659691.666754104
2026-09,desktop,i+j,2026-12-31,46050192.910651855,45032915.910651855
2026-09,desktop,i+j,2027-01-01,45088665.12991265,44071388.12991265
2026-09,desktop,i+j,2027-01-02,44841271.36104746,43823994.36104746
2026-09,desktop,i+j,2027-01-03,44700792.42916407,43683515.42916407
2026-09,desktop,i+j,2027-01-04,44499265.60289931,43481988.60289931
2026-09,desktop,i+j,2027-01-05,44367756.009990945,43350479.009990945
2026-09,desktop,i+j,2027-01-06,44192860.12181997,43175583.12181997
2026-09,desktop,i+j,2027-01-07,44112751.53611352,43095474.53611352
2026-09,desktop,i+j,2027-01-08,44074935.81258353,43057658.81258353
2026-09,desktop,i+j,2027-01-09,44063801.32032321,43046524.32032321
2026-09,desktop,i+j,2027-01-10,44054817.995799705,43037540.995799705
2026-09,desktop,i+j,2027-01-11,44030102.15734279,43012825.15734279
2026-09,desktop,i+j,2027-01-12,44043518.352177255,43026241.352177255
2026-09,desktop,i+j,2027-01-13,44053185.59734255,43035908.59734255
2026-09,desktop,i+j,2027-01-14,44051665.075593874,43034388.075593874
2026-09,desktop,i+j,2027-01-15,44056421.540541954,43039144.540541954
2026-09,desktop,i+j,2027-01-16,44091636.962709434,43074359.962709434
2026-09,desktop,i+j,2027-01-17,44149128.95802356,43131851.95802356
2026-09,desktop,i+j,2027-01-18,44289501.82960935,43272224.82960935
2026-09,desktop,i+j,2027-01-19,44473027.556765206,43455750.556765206
2026-09,desktop,i+j,2027-01-20,44722816.415299885,43705539.415299885
2026-09,desktop,i+j,2027-01-21,45255825.10885048,44238548.10885048
2026-09,desktop,i+j,2027-01-22,46077796.11415732,45060519.11415732
2026-09,desktop,i+j,2027-01-23,46407310.973493636,45390033.973493636
2026-09,desktop,i+j,2027-01-24,46644469.58345573,45627192.58345573
2026-09,desktop,i+j,2027-01-25,47135578.29036454,46118301.29036454
2026-09,desktop,i+j,2027-01-26,47441697.738751896,46424420.738751896
2026-09,desktop,i+j,2027-01-27,47810644.059530236,46793367.059530236
2026-09,desktop,i+j,2027-01-28,48434785.50554637,47417508.50554637
2026-09,desktop,i+j,2027-01-29,49396562.65103565,48379285.65103565
2026-09,desktop,i+j,2027-01-30,49644614.081947915,48627337.081947915
2026-09,desktop,i+j,2027-01-31,49781523.94474006,48764246.94474006
2026-09,desktop,i+j,2027-02-01,49963082.07746278,48945805.07746278
2026-09,desktop,i+j,2027-02-02,50088101.880439036,49070824.880439036
2026-09,desktop,i+j,2027-02-03,50240486.76967843,49223209.76967843
2026-09,desktop,i+j,2027-02-04,50256367.60423077,49239090.60423077
2026-09,desktop,i+j,2027-02-05,50198714.10817634,49181437.10817634
2026-09,desktop,i+j,2027-02-06,50131949.431819245,49114672.431819245
2026-09,desktop,i+j,2027-02-07,50086116.879344165,49068839.879344165
2026-09,desktop,i+j,2027-02-08,49923374.40622773,48906097.40622773
2026-09,desktop,i+j,2027-02-09,49758171.8855943,48740894.8855943
2026-09,desktop,i+j,2027-02-10,49651958.669541724,48634681.669541724
2026-09,desktop,i+j,2027-02-11,49568817.77974124,48551540.77974124
2026-09,desktop,i+j,2027-02-12,49512493.52394464,48495216.52394464
2026-09,desktop,i+j,2027-02-13,49470864.46990503,48453587.46990503
2026-09,desktop,i+j,2027-02-14,49430181.06982402,48412904.06982402
2026-09,desktop,i+j,2027-02-15,49354303.7469949,48337026.7469949
2026-09,desktop,i+j,2027-02-16,49273253.12976239,48255976.12976239
2026-09,desktop,i+j,2027-02-17,49195782.900073245,48178505.900073245
2026-09,desktop,i+j,2027-02-18,49123874.15759202,48106597.15759202
2026-09,desktop,i+j,2027-02-19,49071058.121888824,48053781.121888824
2026-09,desktop,i+j,2027-02-20,49043827.88247874,48026550.88247874
2026-09,desktop,i+j,2027-02-21,49009531.42748075,47992254.42748075
2026-09,desktop,i+j,2027-02-22,48955821.72743078,47938544.72743078
2026-09,desktop,i+j,2027-02-23,48913034.556550846,47895757.556550846
2026-09,desktop,i+j,2027-02-24,48861064.22532586,47843787.22532586
2026-09,desktop,i+j,2027-02-25,48819362.38532017,47802085.38532017
2026-09,desktop,i+j,2027-02-26,48788293.94926975,47771016.94926975
2026-09,desktop,i+j,2027-02-27,48760799.534410365,47743522.534410365
2026-09,desktop,i+j,2027-02-28,48727728.16539737,47710451.16539737
2026-09,desktop,i+j,2027-03-01,48730338.23361052,47713061.23361052
2026-09,desktop,i+j,2027-03-02,48729484.12225467,47712207.12225467
2026-09,desktop,i+j,2027-03-03,48726100.117230855,47708823.117230855
2026-09,desktop,i+j,2027-03-04,48763699.22672747,47746422.22672747
2026-09,desktop,i+j,2027-03-05,48824867.15300401,47807590.15300401
2026-09,desktop,i+j,2027-03-06,48864087.3578056,47846810.3578056
2026-09,desktop,i+j,2027-03-07,48889487.01156268,47872210.01156268
2026-09,desktop,i+j,2027-03-08,48988964.30948156,47971687.30948156
2026-09,desktop,i+j,2027-03-09,49054945.30470109,48037668.30470109
2026-09,desktop,i+j,2027-03-10,49092103.377876826,48074826.377876826
2026-09,desktop,i+j,2027-03-11,49127464.096509755,48110187.096509755
2026-09,desktop,i+j,2027-03-12,49130706.637151726,48113429.637151726
2026-09,desktop,i+j,2027-03-13,49135032.11600601,48117755.11600601
2026-09,desktop,i+j,2027-03-14,49142081.33266591,48124804.33266591
2026-09,desktop,i+j,2027-03-15,49188295.88833535,48171018.88833535
2026-09,desktop,i+j,2027-03-16,49208570.79629777,48191293.79629777
2026-09,desktop,i+j,2027-03-17,49215600.231062464,48198323.231062464
2026-09,desktop,i+j,2027-03-18,49217763.01012496,48200486.01012496
2026-09,desktop,i+j,2027-03-19,49204102.1107893,48186825.1107893
2026-09,desktop,i+j,2027-03-20,49177879.237103395,48160602.237103395
2026-09,desktop,i+j,2027-03-21,49127596.15910991,48110319.15910991
2026-09,desktop,i+j,2027-03-22,48990593.33147151,47973316.33147151
2026-09,desktop,i+j,2027-03-23,48925734.63271687,47908457.63271687
2026-09,desktop,i+j,2027-03-24,48817049.73054149,47799772.73054149
2026-09,desktop,i+j,2027-03-25,48614058.32980327,47596781.32980327
2026-09,desktop,i+j,2027-03-26,48137898.26032653,47120621.26032653
2026-09,desktop,i+j,2027-03-27,48010251.87107482,46992974.87107482
2026-09,desktop,i+j,2027-03-28,47866423.630105026,46849146.630105026
2026-09,desktop,i+j,2027-03-29,47378715.60240177,46361438.60240177
2026-09,desktop,i+j,2027-03-30,47296049.74842137,46278772.74842137
2026-09,desktop,i+j,2027-03-31,47225571.434703395,46208294.434703395
2026-09,desktop,i+j,2027-04-01,47149322.50971116,46132045.50971116
2026-09,desktop,i+j,2027-04-02,47097135.70942766,46079858.70942766
2026-09,desktop,i+j,2027-04-03,47093431.07587434,46076154.07587434
2026-09,desktop,i+j,2027-04-04,47089393.04253424,46072116.04253424
2026-09,desktop,i+j,2027-04-05,47116112.00735359,46098835.00735359
2026-09,desktop,i+j,2027-04-06,47160239.75373375,46142962.75373375
2026-09,desktop,i+j,2027-04-07,47183301.187052496,46166024.187052496
2026-09,desktop,i+j,2027-04-08,47191486.27139409,46174209.27139409
2026-09,desktop,i+j,2027-04-09,47204565.349898614,46187288.349898614
2026-09,desktop,i+j,2027-04-10,47200856.66816558,46183579.66816558
2026-09,desktop,i+j,2027-04-11,47189094.16126527,46171817.16126527
2026-09,desktop,i+j,2027-04-12,47197925.73860222,46180648.73860222
2026-09,desktop,i+j,2027-04-13,47177029.73210623,46159752.73210623
2026-09,desktop,i+j,2027-04-14,47159628.338321626,46142351.338321626
2026-09,desktop,i+j,2027-04-15,47143795.61535261,46126518.61535261
2026-09,desktop,i+j,2027-04-16,47129741.76685215,46112464.76685215
2026-09,desktop,i+j,2027-04-17,47137218.0799955,46119941.0799955
2026-09,desktop,i+j,2027-04-18,47161908.49844477,46144631.49844477
2026-09,desktop,i+j,2027-04-19,47265730.0342911,46248453.0342911
2026-09,desktop,i+j,2027-04-20,47303264.527890064,46285987.527890064
2026-09,desktop,i+j,2027-04-21,47342207.12116306,46324930.12116306
2026-09,desktop,i+j,2027-04-22,47495047.48734288,46477770.48734288
2026-09,desktop,i+j,2027-04-23,47911628.59720574,46894351.59720574
2026-09,desktop,i+j,2027-04-24,48005271.45963366,46987994.45963366
2026-09,desktop,i+j,2027-04-25,48119510.370977595,47102233.370977595
2026-09,desktop,i+j,2027-04-26,48526732.677808225,47509455.677808225
2026-09,desktop,i+j,2027-04-27,48538301.7477978,47521024.7477978
2026-09,desktop,i+j,2027-04-28,48522186.22550016,47504909.22550016
2026-09,desktop,i+j,2027-04-29,48500030.590486206,47482753.590486206
2026-09,desktop,i+j,2027-04-30,48394071.249333315,47376794.249333315
2026-09,desktop,i+j,2027-05-01,47948959.07504044,46931682.07504044
2026-09,desktop,i+j,2027-05-02,47805622.86956731,46788345.86956731
2026-09,desktop,i+j,2027-05-03,47575612.33705244,46558335.33705244
2026-09,desktop,i+j,2027-05-04,47456506.41739575,46439229.41739575
2026-09,desktop,i+j,2027-05-05,47321548.14495533,46304271.14495533
2026-09,desktop,i+j,2027-05-06,47004735.69740831,45987458.69740831
2026-09,desktop,i+j,2027-05-07,46820902.15955182,45803625.15955182
2026-09,desktop,i+j,2027-05-08,46755533.66668587,45738256.66668587
2026-09,desktop,i+j,2027-05-09,46708362.964811616,45691085.964811616
2026-09,desktop,i+j,2027-05-10,46604738.58171814,45587461.58171814
2026-09,desktop,i+j,2027-05-11,46545992.23019128,45528715.23019128
2026-09,desktop,i+j,2027-05-12,46494736.00726365,45477459.00726365
2026-09,desktop,i+j,2027-05-13,46446358.283992834,45429081.283992834
2026-09,desktop,i+j,2027-05-14,46382126.516579725,45364849.516579725
2026-09,desktop,i+j,2027-05-15,46315158.04976709,45297881.04976709
2026-09,desktop,i+j,2027-05-16,46180496.24917839,45163219.24917839
2026-09,desktop,i+j,2027-05-17,45833389.120736845,44816112.120736845
2026-09,desktop,i+j,2027-05-18,45802579.11659153,44785302.11659153
2026-09,desktop,i+j,2027-05-19,45796716.508740194,44779439.508740194
2026-09,desktop,i+j,2027-05-20,45728153.75161545,44710876.75161545
2026-09,desktop,i+j,2027-05-21,45704698.65203569,44687421.65203569
2026-09,desktop,i+j,2027-05-22,45680707.89355365,44663430.89355365
2026-09,desktop,i+j,2027-05-23,45663331.60677538,44646054.60677538
2026-09,desktop,i+j,2027-05-24,45617571.62983293,44600294.62983293
2026-09,desktop,i+j,2027-05-25,45614717.89057881,44597440.89057881
2026-09,desktop,i+j,2027-05-26,45622351.63176225,44605074.63176225
2026-09,desktop,i+j,2027-05-27,45492753.18706779,44475476.18706779
2026-09,desktop,i+j,2027-05-28,45513967.29572462,44496690.29572462
2026-09,desktop,i+j,2027-05-29,45926486.11729968,44909209.11729968
2026-09,desktop,i+j,2027-05-30,46027435.94997018,45010158.94997018
2026-09,desktop,i+j,2027-05-31,46094584.89419552,45077307.89419552
2026-09,desktop,i+j,2027-06-01,46151010.10670694,45133733.10670694
2026-09,desktop,i+j,2027-06-02,46236613.418228745,45219336.418228745
2026-09,desktop,i+j,2027-06-03,46515629.45033742,45498352.45033742
2026-09,desktop,i+j,2027-06-04,46663178.7007993,45645901.7007993
2026-09,desktop,i+j,2027-06-05,46690445.24213517,45673168.24213517
2026-09,desktop,i+j,2027-06-06,46710434.70563417,45693157.70563417
2026-09,desktop,i+j,2027-06-07,46778208.79229847,45760931.79229847
2026-09,desktop,i+j,2027-06-08,46811662.578980945,45794385.578980945
2026-09,desktop,i+j,2027-06-09,46802800.73469104,45785523.73469104
2026-09,desktop,i+j,2027-06-10,46820409.96430329,45803132.96430329
2026-09,desktop,i+j,2027-06-11,46858591.96734648,45841314.96734648
2026-09,desktop,i+j,2027-06-12,46899744.439553276,45882467.439553276
2026-09,desktop,i+j,2027-06-13,47012923.01953358,45995646.01953358
2026-09,desktop,i+j,2027-06-14,47306990.351445794,46289713.351445794
2026-09,desktop,i+j,2027-06-15,47287342.10619507,46270065.10619507
2026-09,desktop,i+j,2027-06-16,47284489.96693867,46267212.96693867
2026-09,desktop,i+j,2027-06-17,47310710.05888791,46293433.05888791
2026-09,desktop,i+j,2027-06-18,47274363.028490506,46257086.028490506
2026-09,desktop,i+j,2027-06-19,47254274.94995575,46236997.94995575
2026-09,desktop,i+j,2027-06-20,47241288.93667947,46224011.93667947
2026-09,desktop,i+j,2027-06-21,47230215.53179161,46212938.53179161
2026-09,desktop,i+j,2027-06-22,47201477.84399178,46184200.84399178
2026-09,desktop,i+j,2027-06-23,47168029.717870586,46150752.717870586
2026-09,desktop,i+j,2027-06-24,47289885.70634563,46272608.70634563
2026-09,desktop,i+j,2027-06-25,47344669.94352087,46327392.94352087
2026-09,desktop,i+j,2027-06-26,47341013.15832246,46323736.15832246
2026-09,desktop,i+j,2027-06-27,47339033.984007835,46321756.984007835
2026-09,desktop,i+j,2027-06-28,47433560.60748845,46416283.60748845
2026-09,desktop,i+j,2027-06-29,47403893.840821244,46386616.840821244
2026-09,desktop,i+j,2027-06-30,47347266.255370714,46329989.255370714
2026-09,desktop,i+j,2027-07-01,47280509.2303408,46263232.2303408
2026-09,desktop,i+j,2027-07-02,47225365.068225324,46208088.068225324
2026-09,desktop,i+j,2027-07-03,47189732.69449582,46172455.69449582
2026-09,desktop,i+j,2027-07-04,47122951.48515171,46105674.48515171
2026-09,desktop,i+j,2027-07-05,46935502.414859936,45918225.414859936
2026-09,desktop,i+j,2027-07-06,46828431.266281724,45811154.266281724
2026-09,desktop,i+j,2027-07-07,46764172.40290568,45746895.40290568
2026-09,desktop,i+j,2027-07-08,46679063.725679286,45661786.725679286
2026-09,desktop,i+j,2027-07-09,46585432.47960651,45568155.47960651
2026-09,desktop,i+j,2027-07-10,46534661.95390826,45517384.95390826
2026-09,desktop,i+j,2027-07-11,46491542.53939835,45474265.53939835
2026-09,desktop,i+j,2027-07-12,46427116.825658344,45409839.825658344
2026-09,desktop,i+j,2027-07-13,46354744.670993745,45337467.670993745
2026-09,desktop,i+j,2027-07-14,46246064.041031934,45228787.041031934
2026-09,desktop,i+j,2027-07-15,46169120.19631022,45151843.19631022
2026-09,desktop,i+j,2027-07-16,46112274.72952528,45094997.72952528
2026-09,desktop,i+j,2027-07-17,46071621.71641652,45054344.71641652
2026-09,desktop,i+j,2027-07-18,46027866.43699262,45010589.43699262
2026-09,desktop,i+j,2027-07-19,45968037.19875889,44950760.19875889
2026-09,desktop,i+j,2027-07-20,45886946.72676708,44869669.72676708
2026-09,desktop,i+j,2027-07-21,45818052.677762575,44800775.677762575
2026-09,desktop,i+j,2027-07-22,45744867.79186966,44727590.79186966
2026-09,desktop,i+j,2027-07-23,45670967.661903866,44653690.661903866
2026-09,desktop,i+j,2027-07-24,45600998.787614584,44583721.787614584
2026-09,desktop,i+j,2027-07-25,45542600.728513405,44525323.728513405
2026-09,desktop,i+j,2027-07-26,45467642.94779266,44450365.94779266
2026-09,desktop,i+j,2027-07-27,45394828.27095769,44377551.27095769
2026-09,desktop,i+j,2027-07-28,45328152.50673659,44310875.50673659
2026-09,desktop,i+j,2027-07-29,45269069.49471337,44251792.49471337
2026-09,desktop,i+j,2027-07-30,45199361.800233856,44182084.800233856
2026-09,desktop,i+j,2027-07-31,45150233.64102877,44132956.64102877
2026-09,desktop,i+j,2027-08-01,45120145.32304455,44102868.32304455
2026-09,desktop,i+j,2027-08-02,45139644.261716984,44122367.261716984
2026-09,desktop,i+j,2027-08-03,45091944.658543006,44074667.658543006
2026-09,desktop,i+j,2027-08-04,45039605.69471223,44022328.69471223
2026-09,desktop,i+j,2027-08-05,44982318.352919295,43965041.352919295
2026-09,desktop,i+j,2027-08-06,44939119.45929066,43921842.45929066
2026-09,desktop,i+j,2027-08-07,44902477.70085319,43885200.70085319
2026-09,desktop,i+j,2027-08-08,44854582.538402915,43837305.538402915
2026-09,desktop,i+j,2027-08-09,44794385.05635742,43777108.05635742
2026-09,desktop,i+j,2027-08-10,44707800.085646994,43690523.085646994
2026-09,desktop,i+j,2027-08-11,44641575.689241774,43624298.689241774
2026-09,desktop,i+j,2027-08-12,44549484.0207211,43532207.0207211
2026-09,desktop,i+j,2027-08-13,44463313.07229876,43446036.07229876
2026-09,desktop,i+j,2027-08-14,44376461.32255066,43359184.32255066
2026-09,desktop,i+j,2027-08-15,44259700.64068841,43242423.64068841
2026-09,desktop,i+j,2027-08-16,44184267.12862558,43166990.12862558
2026-09,desktop,i+j,2027-08-17,44100647.871457525,43083370.871457525
2026-09,desktop,i+j,2027-08-18,44047472.06023727,43030195.06023727
2026-09,desktop,i+j,2027-08-19,43998231.376377046,42980954.376377046
2026-09,desktop,i+j,2027-08-20,43966315.59161882,42949038.59161882
2026-09,desktop,i+j,2027-08-21,43978510.8558305,42961233.8558305
2026-09,desktop,i+j,2027-08-22,43981732.023642786,42964455.023642786
2026-09,desktop,i+j,2027-08-23,43991743.47709185,42974466.47709185
2026-09,desktop,i+j,2027-08-24,44006553.71714228,42989276.71714228
2026-09,desktop,i+j,2027-08-25,44024976.53918628,43007699.53918628
2026-09,desktop,i+j,2027-08-26,44061865.41736901,43044588.41736901
2026-09,desktop,i+j,2027-08-27,44100797.65609396,43083520.65609396
2026-09,desktop,i+j,2027-08-28,44141349.61876658,43124072.61876658
2026-09,desktop,i+j,2027-08-29,44197494.946058646,43180217.946058646
2026-09,desktop,i+j,2027-08-30,44301080.28453545,43283803.28453545
2026-09,desktop,i+j,2027-08-31,44379018.78680914,43361741.78680914
2026-09,desktop,i+j,2027-09-01,44465965.624164805,43448688.624164805
2026-09,desktop,i+j,2027-09-02,44550949.92857063,43533672.92857063
2026-09,desktop,i+j,2027-09-03,44636257.78024851,43618980.78024851
2026-09,desktop,i+j,2027-09-04,44685591.453365974,43668314.453365974
2026-09,desktop,i+j,2027-09-05,44749857.27553951,43732580.27553951
2026-09,desktop,i+j,2027-09-06,44735224.74924695,43717947.74924695
2026-09,desktop,i+j,2027-09-07,44848923.53817798,43831646.53817798
2026-09,desktop,i+j,2027-09-08,44991602.915963784,43974325.915963784
2026-09,desktop,i+j,2027-09-09,45159323.999651924,44142046.999651924
2026-09,desktop,i+j,2027-09-10,45323965.81251065,44306688.81251065
2026-09,desktop,i+j,2027-09-11,45468904.42278093,44451627.42278093
2026-09,desktop,i+j,2027-09-12,45651373.00726665,44634096.00726665
2026-09,desktop,i+j,2027-09-13,45825091.25977249,44807814.25977249
2026-09,desktop,i+j,2027-09-14,45987706.84850957,44970429.84850957
2026-09,desktop,i+j,2027-09-15,46090076.77261818,45072799.77261818
2026-09,desktop,i+j,2027-09-16,46225592.174513474,45208315.174513474
2026-09,desktop,i+j,2027-09-17,46333290.85750949,45316013.85750949
2026-09,desktop,i+j,2027-09-18,46399595.30937279,45382318.30937279
2026-09,desktop,i+j,2027-09-19,46468498.13634338,45451221.13634338
2026-09,desktop,i+j,2027-09-20,46556879.09222782,45539602.09222782
2026-09,desktop,i+j,2027-09-21,46663364.855039574,45646087.855039574
2026-09,desktop,i+j,2027-09-22,46765264.91140828,45747987.91140828
2026-09,desktop,i+j,2027-09-23,46856112.00147607,45838835.00147607
2026-09,desktop,i+j,2027-09-24,46935542.046336174,45918265.046336174
2026-09,desktop,i+j,2027-09-25,46996241.06121947,45978964.06121947
2026-09,desktop,i+j,2027-09-26,47040271.70117088,46022994.70117088
2026-09,desktop,i+j,2027-09-27,47097896.162621185,46080619.162621185
2026-09,desktop,i+j,2027-09-28,47157303.09410166,46140026.09410166
2026-09,desktop,i+j,2027-09-29,47183725.084776096,46166448.084776096
2026-09,desktop,i+j,2027-09-30,47185143.35549812,46167866.35549812
2026-09,desktop,i+j,2027-10-01,47146464.81569377,46129187.81569377
2026-09,desktop,i+j,2027-10-02,47111763.375046805,46094486.375046805
2026-09,desktop,i+j,2027-10-03,47074711.071784,46057434.071784
2026-09,desktop,i+j,2027-10-04,47098560.966703095,46081283.966703095
2026-09,desktop,i+j,2027-10-05,47028971.8167649,46011694.8167649
2026-09,desktop,i+j,2027-10-06,46918322.520375505,45901045.520375505
2026-09,desktop,i+j,2027-10-07,46783754.28529105,45766477.28529105
2026-09,desktop,i+j,2027-10-08,46652654.07086793,45635377.07086793
2026-09,desktop,i+j,2027-10-09,46590200.55043813,45572923.55043813
2026-09,desktop,i+j,2027-10-10,46552641.711584054,45535364.711584054
2026-09,desktop,i+j,2027-10-11,46387014.860084295,45369737.860084295
2026-09,desktop,i+j,2027-10-12,46255672.21397549,45238395.21397549
2026-09,desktop,i+j,2027-10-13,46208790.987716556,45191513.987716556
2026-09,desktop,i+j,2027-10-14,46178085.055861615,45160808.055861615
2026-09,desktop,i+j,2027-10-15,46168810.14239617,45151533.14239617
2026-09,desktop,i+j,2027-10-16,46166877.89788474,45149600.89788474
2026-09,desktop,i+j,2027-10-17,46168359.92296272,45151082.92296272
2026-09,desktop,i+j,2027-10-18,46181539.18695562,45164262.18695562
2026-09,desktop,i+j,2027-10-19,46182726.078398414,45165449.078398414
2026-09,desktop,i+j,2027-10-20,46194628.159459785,45177351.159459785
2026-09,desktop,i+j,2027-10-21,46195954.93956589,45178677.93956589
2026-09,desktop,i+j,2027-10-22,46209141.478552185,45191864.478552185
2026-09,desktop,i+j,2027-10-23,46206694.29215183,45189417.29215183
2026-09,desktop,i+j,2027-10-24,46212154.17728373,45194877.17728373
2026-09,desktop,i+j,2027-10-25,46227162.28728552,45209885.28728552
2026-09,desktop,i+j,2027-10-26,46244572.53757087,45227295.53757087
2026-09,desktop,i+j,2027-10-27,46265657.18203384,45248380.18203384
2026-09,desktop,i+j,2027-10-28,46289040.3125766,45271763.3125766
2026-09,desktop,i+j,2027-10-29,46317966.02865075,45300689.02865075
2026-09,desktop,i+j,2027-10-30,46370176.14091478,45352899.14091478
2026-09,desktop,i+j,2027-10-31,46399889.06304266,45382612.06304266
2026-09,desktop,i+j,2027-11-01,46337946.38237606,45320669.38237606
2026-09,desktop,i+j,2027-11-02,46431599.465368226,45414322.465368226
2026-09,desktop,i+j,2027-11-03,46579756.05577527,45562479.05577527
2026-09,desktop,i+j,2027-11-04,46721287.46246699,45704010.46246699
2026-09,desktop,i+j,2027-11-05,46890364.22198166,45873087.22198166
2026-09,desktop,i+j,2027-11-06,46969992.963808104,45952715.963808104
2026-09,desktop,i+j,2027-11-07,47031664.29573818,46014387.29573818
2026-09,desktop,i+j,2027-11-08,47245030.78923281,46227753.78923281
2026-09,desktop,i+j,2027-11-09,47423048.1534306,46405771.1534306
2026-09,desktop,i+j,2027-11-10,47549893.87316219,46532616.87316219
2026-09,desktop,i+j,2027-11-11,47549815.61305235,46532538.61305235
2026-09,desktop,i+j,2027-11-12,47598909.13877287,46581632.13877287
2026-09,desktop,i+j,2027-11-13,47633103.04588927,46615826.04588927
2026-09,desktop,i+j,2027-11-14,47650614.93155308,46633337.93155308
2026-09,desktop,i+j,2027-11-15,47627505.49965564,46610228.49965564
2026-09,desktop,i+j,2027-11-16,47645133.97017747,46627856.97017747
2026-09,desktop,i+j,2027-11-17,47676358.20497055,46659081.20497055
2026-09,desktop,i+j,2027-11-18,47701296.7781549,46684019.7781549
2026-09,desktop,i+j,2027-11-19,47728262.1597264,46710985.1597264
2026-09,desktop,i+j,2027-11-20,47729500.6069843,46712223.6069843
2026-09,desktop,i+j,2027-11-21,47746624.082154274,46729347.082154274
2026-09,desktop,i+j,2027-11-22,47753270.365782276,46735993.365782276
2026-09,desktop,i+j,2027-11-23,47762545.11871369,46745268.11871369
2026-09,desktop,i+j,2027-11-24,47795618.45148227,46778341.45148227
2026-09,desktop,i+j,2027-11-25,47781192.775388815,46763915.775388815
2026-09,desktop,i+j,2027-11-26,47787581.90195447,46770304.90195447
2026-09,desktop,i+j,2027-11-27,47818781.87205577,46801504.87205577
2026-09,desktop,i+j,2027-11-28,47885594.317896366,46868317.317896366
2026-09,desktop,i+j,2027-11-29,48131135.12299083,47113858.12299083
2026-09,desktop,i+j,2027-11-30,48208438.80543803,47191161.80543803
2026-09,desktop,i+j,2027-12-01,48244900.08716854,47227623.08716854
2026-09,desktop,i+j,2027-12-02,48295250.80861028,47277973.80861028
2026-09,desktop,i+j,2027-12-03,48299945.43255935,47282668.43255935
2026-09,desktop,i+j,2027-12-04,48312540.26039672,47295263.26039672
2026-09,desktop,i+j,2027-12-05,48316367.61722054,47299090.61722054
2026-09,desktop,i+j,2027-12-06,48317083.39031875,47299806.39031875
2026-09,desktop,i+j,2027-12-07,48315575.191715434,47298298.191715434
2026-09,desktop,i+j,2027-12-08,48287974.90417428,47270697.90417428
2026-09,desktop,i+j,2027-12-09,48366105.897621,47348828.897621
2026-09,desktop,i+j,2027-12-10,48364477.63382266,47347200.63382266
2026-09,desktop,i+j,2027-12-11,48339444.470086895,47322167.470086895
2026-09,desktop,i+j,2027-12-12,48332541.999621965,47315264.999621965
2026-09,desktop,i+j,2027-12-13,48376627.8013295,47359350.8013295
2026-09,desktop,i+j,2027-12-14,48363519.554236464,47346242.554236464
2026-09,desktop,i+j,2027-12-15,48331891.51514537,47314614.51514537
2026-09,desktop,i+j,2027-12-16,48297547.10529434,47280270.10529434
2026-09,desktop,i+j,2027-12-17,48263595.67693638,47246318.67693638
2026-09,desktop,i+j,2027-12-18,48251800.61712927,47234523.61712927
2026-09,desktop,i+j,2027-12-19,48198509.14704848,47181232.14704848
2026-09,desktop,i+j,2027-12-20,48058389.340474956,47041112.340474956
2026-09,desktop,i+j,2027-12-21,47910925.42411255,46893648.42411255
2026-09,desktop,i+j,2027-12-22,47702641.20510643,46685364.20510643
2026-09,desktop,i+j,2027-12-23,47429317.57260675,46412040.57260675
2026-09,desktop,i+j,2027-12-24,46771076.234135404,45753799.234135404
2026-09,desktop,i+j,2027-12-25,46288435.78098442,45271158.78098442
2026-09,desktop,i+j,2027-12-26,45967185.842161946,44949908.842161946
2026-09,desktop,i+j,2027-12-27,45473453.98642725,44456176.98642725
2026-09,desktop,i+j,2027-12-28,45220075.12591221,44202798.12591221
2026-09,desktop,i+j,2027-12-29,44946135.786890276,43928858.786890276
2026-09,desktop,i+j,2027-12-30,44632732.78331953,43615455.78331953
2026-09,desktop,i+j,2027-12-31,44099738.86179937,43082461.86179937
2026-09,desktop,i+l,2026-09-09,47324087.78692883,47324087.78692883
2026-09,desktop,i+l,2026-09-10,47508429.06102877,47497941.66927619
2026-09,desktop,i+l,2026-09-11,47667303.64874049,47646328.865235336
2026-09,desktop,i+l,2026-09-12,47785139.59644497,47753677.42118724
2026-09,desktop,i+l,2026-09-13,47858632.638849564,47816683.07183926
2026-09,desktop,i+l,2026-09-14,48034617.47924558,47982180.5204827
2026-09,desktop,i+l,2026-09-15,48180287.99858471,48117363.64806925
2026-09,desktop,i+l,2026-09-16,48297755.98428031,48224344.24201227
2026-09,desktop,i+l,2026-09-17,48425941.25682675,48342042.12280613
2026-09,desktop,i+l,2026-09-18,48528797.06196359,48434410.53619039
2026-09,desktop,i+l,2026-09-19,48574508.26317941,48469634.34565363
2026-09,desktop,i+l,2026-09-20,48627701.46319782,48512340.153919466
2026-09,desktop,i+l,2026-09-21,48725050.707845606,48599202.00681468
2026-09,desktop,i+l,2026-09-22,48878414.63731908,48742078.54453558
2026-09,desktop,i+l,2026-09-23,49009422.11678275,48862598.632246666
2026-09,desktop,i+l,2026-09-24,49121089.03009108,48963778.15380242
2026-09,desktop,i+l,2026-09-25,49230856.27132429,49063058.00328305
2026-09,desktop,i+l,2026-09-26,49275738.62533996,49097452.965546146
2026-09,desktop,i+l,2026-09-27,49326249.71853455,49137476.66698816
2026-09,desktop,i+l,2026-09-28,49361446.1454358,49162185.70213684
2026-09,desktop,i+l,2026-09-29,49396097.26946053,49186349.434408985
2026-09,desktop,i+l,2026-09-30,49386802.95288702,49166567.7260829
2026-09,desktop,i+l,2026-10-01,49391619.57395556,49160896.95539886
2026-09,desktop,i+l,2026-10-02,49382690.47087421,49141480.46056493
2026-09,desktop,i+l,2026-10-03,49412683.00576467,49160985.60370281
2026-09,desktop,i+l,2026-10-04,49441000.48702813,49178815.693213694
2026-09,desktop,i+l,2026-10-05,49535095.87476697,49262423.689199954
2026-09,desktop,i+l,2026-10-06,49541728.982016034,49258569.40469645
2026-09,desktop,i+l,2026-10-07,49550441.32761528,49256794.35854312
2026-09,desktop,i+l,2026-10-08,49559250.069094524,49255115.70826978
2026-09,desktop,i+l,2026-10-09,49576948.738516554,49262326.985939234
2026-09,desktop,i+l,2026-10-10,49586933.10958159,49261823.96525169
2026-09,desktop,i+l,2026-10-11,49593449.083318606,49257852.54723613
2026-09,desktop,i+l,2026-10-12,49528603.84299474,49182519.91515969
2026-09,desktop,i+l,2026-10-13,49538995.877477504,49182424.55788988
2026-09,desktop,i+l,2026-10-14,49567948.62070191,49200889.909361705
2026-09,desktop,i+l,2026-10-15,49587552.89999825,49210006.796905465
2026-09,desktop,i+l,2026-10-16,49602167.56909592,49214134.07425056
2026-09,desktop,i+l,2026-10-17,49611215.54636445,49212694.65976651
2026-09,desktop,i+l,2026-10-18,49618573.03146349,49209564.75311297
2026-09,desktop,i+l,2026-10-19,49622971.30597055,49203475.635867454
2026-09,desktop,i+l,2026-10-20,49599581.06443912,49169598.002583444
2026-09,desktop,i+l,2026-10-21,49602103.509136975,49161633.05552873
2026-09,desktop,i+l,2026-10-22,49604709.05031945,49153751.204958625
2026-09,desktop,i+l,2026-10-23,49618583.349698655,49157138.112585254
2026-09,desktop,i+l,2026-10-24,49617650.63929317,49145718.01042719
2026-09,desktop,i+l,2026-10-25,49618419.895035885,49135999.87441733
2026-09,desktop,i+l,2026-10-26,49618952.02610506,49126044.613733925
2026-09,desktop,i+l,2026-10-27,49625476.91303879,49122082.108915076
2026-09,desktop,i+l,2026-10-28,49625867.7680189,49111985.572142616
2026-09,desktop,i+l,2026-10-29,49639866.85031761,49115497.26268875
2026-09,desktop,i+l,2026-10-30,49691994.827148065,49157137.84776662
2026-09,desktop,i+l,2026-10-31,49700033.99316603,49154689.62203201
2026-09,desktop,i+l,2026-11-01,49612158.85393554,49056327.09104894
2026-09,desktop,i+l,2026-11-02,49600722.31936224,49034403.16472306
2026-09,desktop,i+l,2026-11-03,49618361.88550269,49041555.33911093
2026-09,desktop,i+l,2026-11-04,49636120.63488078,49048826.696736455
2026-09,desktop,i+l,2026-11-05,49666924.39144142,49069143.061544515
2026-09,desktop,i+l,2026-11-06,49678818.512520805,49070549.79087132
2026-09,desktop,i+l,2026-11-07,49683786.51050323,49065030.39710117
2026-09,desktop,i+l,2026-11-08,49681429.32090002,49052185.81574538
2026-09,desktop,i+l,2026-11-09,49767865.327316545,49128134.43040933
2026-09,desktop,i+l,2026-11-10,49767966.01131404,49117747.722654246
2026-09,desktop,i+l,2026-11-11,49716857.53379103,49056151.85337865
2026-09,desktop,i+l,2026-11-12,49732668.82635675,49061475.75419181
2026-09,desktop,i+l,2026-11-13,49747010.93233564,49065330.468418114
2026-09,desktop,i+l,2026-11-14,49764547.14909048,49072379.293420374
2026-09,desktop,i+l,2026-11-15,49771611.58195859,49068956.33453591
2026-09,desktop,i+l,2026-11-16,49801969.23484484,49088826.59566958
2026-09,desktop,i+l,2026-11-17,49866299.572139926,49142669.54121209
2026-09,desktop,i+l,2026-11-18,49905792.37938552,49171674.95670511
2026-09,desktop,i+l,2026-11-19,49943750.94037142,49199146.12593843
2026-09,desktop,i+l,2026-11-20,49934665.31370013,49179573.10751457
2026-09,desktop,i+l,2026-11-21,49958167.31048677,49192587.71254863
2026-09,desktop,i+l,2026-11-22,49981108.66465689,49205041.67496617
2026-09,desktop,i+l,2026-11-23,49995170.8711998,49208616.4897565
2026-09,desktop,i+l,2026-11-24,50027219.0092846,49230177.23608872
2026-09,desktop,i+l,2026-11-25,50057262.71353687,49249733.54858842
2026-09,desktop,i+l,2026-11-26,50018708.23457388,49200691.677872844
2026-09,desktop,i+l,2026-11-27,49961883.65225296,49133379.70379935
2026-09,desktop,i+l,2026-11-28,49985526.98424675,49146535.64404057
2026-09,desktop,i+l,2026-11-29,50103945.50721256,49254466.775253795
2026-09,desktop,i+l,2026-11-30,50179537.591004744,49319571.467293404
2026-09,desktop,i+l,2026-12-01,50223639.20651306,49353185.69104914
2026-09,desktop,i+l,2026-12-02,50258815.16340582,49377874.256189324
2026-09,desktop,i+l,2026-12-03,50281152.22200259,49389723.92303351
2026-09,desktop,i+l,2026-12-04,50305860.36454981,49403944.67382816
2026-09,desktop,i+l,2026-12-05,50324947.69725791,49412544.61478369
2026-09,desktop,i+l,2026-12-06,50350340.56494265,49427450.09071585
2026-09,desktop,i+l,2026-12-07,50379797.594035305,49446419.728055924
2026-09,desktop,i+l,2026-12-08,50390840.16517623,49446974.90744427
2026-09,desktop,i+l,2026-12-09,50456605.290139176,49502252.64065464
2026-09,desktop,i+l,2026-12-10,50455972.14314808,49491132.10191096
2026-09,desktop,i+l,2026-12-11,50451076.58425032,49475749.15126063
2026-09,desktop,i+l,2026-12-12,50437488.33188067,49451673.5071384
2026-09,desktop,i+l,2026-12-13,50437687.60656018,49441385.390065335
2026-09,desktop,i+l,2026-12-14,50430931.5121756,49424141.903928176
2026-09,desktop,i+l,2026-12-15,50398152.15914808,49380875.15914808
2026-09,desktop,i+l,2026-12-16,50361749.49477654,49344472.49477654
2026-09,desktop,i+l,2026-12-17,50324939.52026393,49307662.52026393
2026-09,desktop,i+l,2026-12-18,50332485.52158761,49315208.52158761
2026-09,desktop,i+l,2026-12-19,50288069.747364596,49270792.747364596
2026-09,desktop,i+l,2026-12-20,50224125.42755196,49206848.42755196
2026-09,desktop,i+l,2026-12-21,50048292.39458667,49031015.39458667
2026-09,desktop,i+l,2026-12-22,49863197.89091605,48845920.89091605
2026-09,desktop,i+l,2026-12-23,49631283.344908156,48614006.344908156
2026-09,desktop,i+l,2026-12-24,49179073.56705277,48161796.56705277
2026-09,desktop,i+l,2026-12-25,48455721.37285501,47438444.37285501
2026-09,desktop,i+l,2026-12-26,48138445.58673445,47121168.58673445
2026-09,desktop,i+l,2026-12-27,47901663.26890313,46884386.26890313
2026-09,desktop,i+l,2026-12-28,47405451.4067414,46388174.4067414
2026-09,desktop,i+l,2026-12-29,47069360.13664539,46052083.13664539
2026-09,desktop,i+l,2026-12-30,46704975.03548645,45687698.03548645
2026-09,desktop,i+l,2026-12-31,46079610.39498638,45062333.39498638
2026-09,desktop,i+l,2027-01-01,45120924.2005818,44103647.2005818
2026-09,desktop,i+l,2027-01-02,44874282.580629565,43857005.580629565
2026-09,desktop,i+l,2027-01-03,44734480.793510206,43717203.793510206
2026-09,desktop,i+l,2027-01-04,44532685.84028549,43515408.84028549
2026-09,desktop,i+l,2027-01-05,44400265.876372635,43382988.876372635
2026-09,desktop,i+l,2027-01-06,44225453.13273167,43208176.13273167
2026-09,desktop,i+l,2027-01-07,44144761.78307966,43127484.78307966
2026-09,desktop,i+l,2027-01-08,44107825.76506374,43090548.76506374
2026-09,desktop,i+l,2027-01-09,44096374.27527522,43079097.27527522
2026-09,desktop,i+l,2027-01-10,44087229.74847998,43069952.74847998
2026-09,desktop,i+l,2027-01-11,44063150.208451904,43045873.208451904
2026-09,desktop,i+l,2027-01-12,44076140.37989611,43058863.37989611
2026-09,desktop,i+l,2027-01-13,44085464.93617412,43068187.93617412
2026-09,desktop,i+l,2027-01-14,44083848.757720195,43066571.757720195
2026-09,desktop,i+l,2027-01-15,44089097.39569392,43071820.39569392
2026-09,desktop,i+l,2027-01-16,44124120.255193606,43106843.255193606
2026-09,desktop,i+l,2027-01-17,44180977.52185089,43163700.52185089
2026-09,desktop,i+l,2027-01-18,44320223.815855995,43302946.815855995
2026-09,desktop,i+l,2027-01-19,44504238.27688707,43486961.27688707
2026-09,desktop,i+l,2027-01-20,44754029.12620758,43736752.12620758
2026-09,desktop,i+l,2027-01-21,45286214.19499208,44268937.19499208
2026-09,desktop,i+l,2027-01-22,46105298.92481256,45088021.92481256
2026-09,desktop,i+l,2027-01-23,46434138.950875215,45416861.950875215
2026-09,desktop,i+l,2027-01-24,46670347.863389894,45653070.863389894
2026-09,desktop,i+l,2027-01-25,47159956.255407766,46142679.255407766
2026-09,desktop,i+l,2027-01-26,47464997.62842711,46447720.62842711
2026-09,desktop,i+l,2027-01-27,47833113.060702346,46815836.060702346
2026-09,desktop,i+l,2027-01-28,48455200.13146146,47437923.13146146
2026-09,desktop,i+l,2027-01-29,49414213.61125624,48396936.61125624
2026-09,desktop,i+l,2027-01-30,49661798.0178219,48644521.0178219
2026-09,desktop,i+l,2027-01-31,49797539.5362839,48780262.5362839
2026-09,desktop,i+l,2027-02-01,49979895.39650123,48962618.39650123
2026-09,desktop,i+l,2027-02-02,50105554.58341537,49088277.58341537
2026-09,desktop,i+l,2027-02-03,50257899.84068949,49240622.84068949
2026-09,desktop,i+l,2027-02-04,50274575.58222582,49257298.58222582
2026-09,desktop,i+l,2027-02-05,50216122.05240232,49198845.05240232
2026-09,desktop,i+l,2027-02-06,50149704.59094209,49132427.59094209
2026-09,desktop,i+l,2027-02-07,50104014.24933438,49086737.24933438
2026-09,desktop,i+l,2027-02-08,49941225.951896526,48923948.951896526
2026-09,desktop,i+l,2027-02-09,49777073.84949357,48759796.84949357
2026-09,desktop,i+l,2027-02-10,49671385.0916237,48654108.0916237
2026-09,desktop,i+l,2027-02-11,49587796.35573053,48570519.35573053
2026-09,desktop,i+l,2027-02-12,49530701.664521135,48513424.664521135
2026-09,desktop,i+l,2027-02-13,49489470.76126517,48472193.76126517
2026-09,desktop,i+l,2027-02-14,49449934.243485644,48432657.243485644
2026-09,desktop,i+l,2027-02-15,49375074.31302666,48357797.31302666
2026-09,desktop,i+l,2027-02-16,49294677.44452442,48277400.44452442
2026-09,desktop,i+l,2027-02-17,49217126.36157488,48199849.36157488
2026-09,desktop,i+l,2027-02-18,49144790.90891391,48127513.90891391
2026-09,desktop,i+l,2027-02-19,49092681.73011839,48075404.73011839
2026-09,desktop,i+l,2027-02-20,49065319.47673856,48048042.47673856
2026-09,desktop,i+l,2027-02-21,49031784.30092542,48014507.30092542
2026-09,desktop,i+l,2027-02-22,48980008.53985443,47962731.53985443
2026-09,desktop,i+l,2027-02-23,48937473.47941972,47920196.47941972
2026-09,desktop,i+l,2027-02-24,48886362.10694085,47869085.10694085
2026-09,desktop,i+l,2027-02-25,48845685.07606014,47828408.07606014
2026-09,desktop,i+l,2027-02-26,48814235.45219,47796958.45219
2026-09,desktop,i+l,2027-02-27,48787385.874680266,47770108.874680266
2026-09,desktop,i+l,2027-02-28,48754921.17539813,47737644.17539813
2026-09,desktop,i+l,2027-03-01,48757731.428971596,47740454.428971596
2026-09,desktop,i+l,2027-03-02,48758055.89528238,47740778.89528238
2026-09,desktop,i+l,2027-03-03,48755472.08336884,47738195.08336884
2026-09,desktop,i+l,2027-03-04,48794499.79862903,47777222.79862903
2026-09,desktop,i+l,2027-03-05,48856281.033139944,47839004.033139944
2026-09,desktop,i+l,2027-03-06,48896228.129116595,47878951.129116595
2026-09,desktop,i+l,2027-03-07,48922717.82844525,47905440.82844525
2026-09,desktop,i+l,2027-03-08,49023042.30588627,48005765.30588627
2026-09,desktop,i+l,2027-03-09,49089185.57817692,48071908.57817692
2026-09,desktop,i+l,2027-03-10,49125842.41516454,48108565.41516454
2026-09,desktop,i+l,2027-03-11,49162629.686353266,48145352.686353266
2026-09,desktop,i+l,2027-03-12,49166847.48962482,48149570.48962482
2026-09,desktop,i+l,2027-03-13,49171258.09507679,48153981.09507679
2026-09,desktop,i+l,2027-03-14,49178447.076851524,48161170.076851524
2026-09,desktop,i+l,2027-03-15,49225749.635802336,48208472.635802336
2026-09,desktop,i+l,2027-03-16,49245719.57489268,48228442.57489268
2026-09,desktop,i+l,2027-03-17,49254111.85008989,48236834.85008989
2026-09,desktop,i+l,2027-03-18,49257298.2409919,48240021.2409919
2026-09,desktop,i+l,2027-03-19,49243848.47780786,48226571.47780786
2026-09,desktop,i+l,2027-03-20,49218117.94387863,48200840.94387863
2026-09,desktop,i+l,2027-03-21,49168154.1394123,48150877.1394123
2026-09,desktop,i+l,2027-03-22,49030462.033079386,48013185.033079386
2026-09,desktop,i+l,2027-03-23,48966752.97320423,47949475.97320423
2026-09,desktop,i+l,2027-03-24,48858425.94934913,47841148.94934913
2026-09,desktop,i+l,2027-03-25,48656588.63760371,47639311.63760371
2026-09,desktop,i+l,2027-03-26,48182902.513111815,47165625.513111815
2026-09,desktop,i+l,2027-03-27,48055148.56200165,47037871.56200165
2026-09,desktop,i+l,2027-03-28,47913196.888918705,46895919.888918705
2026-09,desktop,i+l,2027-03-29,47426308.8629841,46409031.8629841
2026-09,desktop,i+l,2027-03-30,47343483.80081462,46326206.80081462
2026-09,desktop,i+l,2027-03-31,47274549.0677866,46257272.0677866
2026-09,desktop,i+l,2027-04-01,47198057.70259996,46180780.70259996
2026-09,desktop,i+l,2027-04-02,47145814.32179805,46128537.32179805
2026-09,desktop,i+l,2027-04-03,47141564.18333574,46124287.18333574
2026-09,desktop,i+l,2027-04-04,47136688.78813883,46119411.78813883
2026-09,desktop,i+l,2027-04-05,47163037.21749216,46145760.21749216
2026-09,desktop,i+l,2027-04-06,47207070.27979737,46189793.27979737
2026-09,desktop,i+l,2027-04-07,47230475.4797853,46213198.4797853
2026-09,desktop,i+l,2027-04-08,47237892.28444966,46220615.28444966
2026-09,desktop,i+l,2027-04-09,47251615.43759716,46234338.43759716
2026-09,desktop,i+l,2027-04-10,47248022.762686275,46230745.762686275
2026-09,desktop,i+l,2027-04-11,47236478.042643905,46219201.042643905
2026-09,desktop,i+l,2027-04-12,47244324.27957841,46227047.27957841
2026-09,desktop,i+l,2027-04-13,47223998.71305526,46206721.71305526
2026-09,desktop,i+l,2027-04-14,47204921.32940967,46187644.32940967
2026-09,desktop,i+l,2027-04-15,47188135.15831129,46170858.15831129
2026-09,desktop,i+l,2027-04-16,47174012.30959024,46156735.30959024
2026-09,desktop,i+l,2027-04-17,47180617.928620055,46163340.928620055
2026-09,desktop,i+l,2027-04-18,47205057.74758264,46187780.74758264
2026-09,desktop,i+l,2027-04-19,47309392.72787642,46292115.72787642
2026-09,desktop,i+l,2027-04-20,47345522.481108464,46328245.481108464
2026-09,desktop,i+l,2027-04-21,47383067.45422504,46365790.45422504
2026-09,desktop,i+l,2027-04-22,47533958.41976967,46516681.41976967
2026-09,desktop,i+l,2027-04-23,47948640.21105634,46931363.21105634
2026-09,desktop,i+l,2027-04-24,48041126.508982375,47023849.508982375
2026-09,desktop,i+l,2027-04-25,48154043.586066484,47136766.586066484
2026-09,desktop,i+l,2027-04-26,48558591.78692864,47541314.78692864
2026-09,desktop,i+l,2027-04-27,48569527.15689192,47552250.15689192
2026-09,desktop,i+l,2027-04-28,48550859.22430276,47533582.22430276
2026-09,desktop,i+l,2027-04-29,48527175.505680434,47509898.505680434
2026-09,desktop,i+l,2027-04-30,48420952.00509496,47403675.00509496
2026-09,desktop,i+l,2027-05-01,47977383.76465196,46960106.76465196
2026-09,desktop,i+l,2027-05-02,47834420.81376879,46817143.81376879
2026-09,desktop,i+l,2027-05-03,47603383.30451923,46586106.30451923
2026-09,desktop,i+l,2027-05-04,47482486.43303436,46465209.43303436
2026-09,desktop,i+l,2027-05-05,47347769.30069692,46330492.30069692
2026-09,desktop,i+l,2027-05-06,47030876.69355913,46013599.69355913
2026-09,desktop,i+l,2027-05-07,46845614.50387307,45828337.50387307
2026-09,desktop,i+l,2027-05-08,46780250.76603067,45762973.76603067
2026-09,desktop,i+l,2027-05-09,46731753.724594794,45714476.724594794
2026-09,desktop,i+l,2027-05-10,46627727.5447681,45610450.5447681
2026-09,desktop,i+l,2027-05-11,46569122.75735589,45551845.75735589
2026-09,desktop,i+l,2027-05-12,46516595.18796409,45499318.18796409
2026-09,desktop,i+l,2027-05-13,46467613.09104691,45450336.09104691
2026-09,desktop,i+l,2027-05-14,46401491.88437001,45384214.88437001
2026-09,desktop,i+l,2027-05-15,46333865.378121085,45316588.378121085
2026-09,desktop,i+l,2027-05-16,46197821.5694616,45180544.5694616
2026-09,desktop,i+l,2027-05-17,45849336.716886416,44832059.716886416
2026-09,desktop,i+l,2027-05-18,45818417.33361727,44801140.33361727
2026-09,desktop,i+l,2027-05-19,45810875.05697054,44793598.05697054
2026-09,desktop,i+l,2027-05-20,45741744.32625802,44724467.32625802
2026-09,desktop,i+l,2027-05-21,45716616.572745964,44699339.572745964
2026-09,desktop,i+l,2027-05-22,45692552.15052277,44675275.15052277
2026-09,desktop,i+l,2027-05-23,45673820.86843901,44656543.86843901
2026-09,desktop,i+l,2027-05-24,45626732.69502734,44609455.69502734
2026-09,desktop,i+l,2027-05-25,45620791.39700405,44603514.39700405
2026-09,desktop,i+l,2027-05-26,45627388.29638038,44610111.29638038
2026-09,desktop,i+l,2027-05-27,45495516.31205738,44478239.31205738
2026-09,desktop,i+l,2027-05-28,45514749.278460346,44497472.278460346
2026-09,desktop,i+l,2027-05-29,45924116.2416386,44906839.2416386
2026-09,desktop,i+l,2027-05-30,46024058.397542045,45006781.397542045
2026-09,desktop,i+l,2027-05-31,46090484.63460559,45073207.63460559
2026-09,desktop,i+l,2027-06-01,46146913.924299076,45129636.924299076
2026-09,desktop,i+l,2027-06-02,46229522.18396883,45212245.18396883
2026-09,desktop,i+l,2027-06-03,46505438.03312804,45488161.03312804
2026-09,desktop,i+l,2027-06-04,46651621.59164903,45634344.59164903
2026-09,desktop,i+l,2027-06-05,46676896.62865991,45659619.62865991
2026-09,desktop,i+l,2027-06-06,46695567.10183943,45678290.10183943
2026-09,desktop,i+l,2027-06-07,46761439.69364891,45744162.69364891
2026-09,desktop,i+l,2027-06-08,46790219.84988404,45772942.84988404
2026-09,desktop,i+l,2027-06-09,46777400.10606293,45760123.10606293
2026-09,desktop,i+l,2027-06-10,46792609.444287755,45775332.444287755
2026-09,desktop,i+l,2027-06-11,46827892.48573395,45810615.48573395
2026-09,desktop,i+l,2027-06-12,46868026.46333343,45850749.46333343
2026-09,desktop,i+l,2027-06-13,46980079.43492939,45962802.43492939
2026-09,desktop,i+l,2027-06-14,47271386.15886092,46254109.15886092
2026-09,desktop,i+l,2027-06-15,47248618.34753989,46231341.34753989
2026-09,desktop,i+l,2027-06-16,47244112.566361375,46226835.566361375
2026-09,desktop,i+l,2027-06-17,47267605.34069626,46250328.34069626
2026-09,desktop,i+l,2027-06-18,47229009.28328135,46211732.28328135
2026-09,desktop,i+l,2027-06-19,47207083.75865127,46189806.75865127
2026-09,desktop,i+l,2027-06-20,47193270.6262066,46175993.6262066
2026-09,desktop,i+l,2027-06-21,47180210.87652637,46162933.87652637
2026-09,desktop,i+l,2027-06-22,47150405.581951104,46133128.581951104
2026-09,desktop,i+l,2027-06-23,47115566.31979223,46098289.31979223
2026-09,desktop,i+l,2027-06-24,47235948.04476964,46218671.04476964
2026-09,desktop,i+l,2027-06-25,47288856.08071115,46271579.08071115
2026-09,desktop,i+l,2027-06-26,47283997.72919206,46266720.72919206
2026-09,desktop,i+l,2027-06-27,47279415.50637989,46262138.50637989
2026-09,desktop,i+l,2027-06-28,47372017.77228527,46354740.77228527
2026-09,desktop,i+l,2027-06-29,47339780.87356133,46322503.87356133
2026-09,desktop,i+l,2027-06-30,47280616.6810623,46263339.6810623
2026-09,desktop,i+l,2027-07-01,47212925.48181816,46195648.48181816
2026-09,desktop,i+l,2027-07-02,47156181.213679336,46138904.213679336
2026-09,desktop,i+l,2027-07-03,47119242.60401886,46101965.60401886
2026-09,desktop,i+l,2027-07-04,47051746.16115039,46034469.16115039
2026-09,desktop,i+l,2027-07-05,46862645.67457199,45845368.67457199
2026-09,desktop,i+l,2027-07-06,46754448.135741726,45737171.135741726
2026-09,desktop,i+l,2027-07-07,46690426.39613918,45673149.39613918
2026-09,desktop,i+l,2027-07-08,46603395.076111846,45586118.076111846
2026-09,desktop,i+l,2027-07-09,46508750.296890475,45491473.296890475
2026-09,desktop,i+l,2027-07-10,46457388.87170341,45440111.87170341
2026-09,desktop,i+l,2027-07-11,46413756.31734758,45396479.31734758
2026-09,desktop,i+l,2027-07-12,46347186.23290811,45329909.23290811
2026-09,desktop,i+l,2027-07-13,46274729.51618944,45257452.51618944
2026-09,desktop,i+l,2027-07-14,46165366.92194648,45148089.92194648
2026-09,desktop,i+l,2027-07-15,46087983.40055313,45070706.40055313
2026-09,desktop,i+l,2027-07-16,46030580.71954814,45013303.71954814
2026-09,desktop,i+l,2027-07-17,45989146.275034726,44971869.275034726
2026-09,desktop,i+l,2027-07-18,45944389.0183628,44927112.0183628
2026-09,desktop,i+l,2027-07-19,45883831.41799583,44866554.41799583
2026-09,desktop,i+l,2027-07-20,45801818.82579028,44784541.82579028
2026-09,desktop,i+l,2027-07-21,45731632.675759114,44714355.675759114
2026-09,desktop,i+l,2027-07-22,45657667.74451351,44640390.74451351
2026-09,desktop,i+l,2027-07-23,45582874.92251394,44565597.92251394
2026-09,desktop,i+l,2027-07-24,45513316.3816337,44496039.3816337
2026-09,desktop,i+l,2027-07-25,45454453.43423947,44437176.43423947
2026-09,desktop,i+l,2027-07-26,45379096.359505944,44361819.359505944
2026-09,desktop,i+l,2027-07-27,45306014.8826005,44288737.8826005
2026-09,desktop,i+l,2027-07-28,45239736.007483445,44222459.007483445
2026-09,desktop,i+l,2027-07-29,45180536.79182762,44163259.79182762
2026-09,desktop,i+l,2027-07-30,45110371.16830265,44093094.16830265
2026-09,desktop,i+l,2027-07-31,45061798.89879968,44044521.89879968
2026-09,desktop,i+l,2027-08-01,45032632.58075013,44015355.58075013
2026-09,desktop,i+l,2027-08-02,45052469.79852102,44035192.79852102
2026-09,desktop,i+l,2027-08-03,45004959.691809915,43987682.691809915
2026-09,desktop,i+l,2027-08-04,44954250.45217746,43936973.45217746
2026-09,desktop,i+l,2027-08-05,44898429.49045271,43881152.49045271
2026-09,desktop,i+l,2027-08-06,44856193.26587675,43838916.26587675
2026-09,desktop,i+l,2027-08-07,44819354.81495182,43802077.81495182
2026-09,desktop,i+l,2027-08-08,44771551.50542081,43754274.50542081
2026-09,desktop,i+l,2027-08-09,44713227.91494071,43695950.91494071
2026-09,desktop,i+l,2027-08-10,44627166.19634386,43609889.19634386
2026-09,desktop,i+l,2027-08-11,44561293.88596015,43544016.88596015
2026-09,desktop,i+l,2027-08-12,44469927.96634611,43452650.96634611
2026-09,desktop,i+l,2027-08-13,44384237.03558193,43366960.03558193
2026-09,desktop,i+l,2027-08-14,44297360.961666666,43280083.961666666
2026-09,desktop,i+l,2027-08-15,44183271.85764681,43165994.85764681
2026-09,desktop,i+l,2027-08-16,44111783.01930487,43094506.01930487
2026-09,desktop,i+l,2027-08-17,44030001.53672963,43012724.53672963
2026-09,desktop,i+l,2027-08-18,43975878.1013434,42958601.1013434
2026-09,desktop,i+l,2027-08-19,43926814.76237676,42909537.76237676
2026-09,desktop,i+l,2027-08-20,43895988.06227953,42878711.06227953
2026-09,desktop,i+l,2027-08-21,43907551.375859275,42890274.375859275
2026-09,desktop,i+l,2027-08-22,43910732.23290844,42893455.23290844
2026-09,desktop,i+l,2027-08-23,43920771.58419665,42903494.58419665
2026-09,desktop,i+l,2027-08-24,43936054.9457934,42918777.9457934
2026-09,desktop,i+l,2027-08-25,43956239.489885926,42938962.489885926
2026-09,desktop,i+l,2027-08-26,43992022.82807376,42974745.82807376
2026-09,desktop,i+l,2027-08-27,44030655.601716354,43013378.601716354
2026-09,desktop,i+l,2027-08-28,44071182.5559669,43053905.5559669
2026-09,desktop,i+l,2027-08-29,44127069.63258489,43109792.63258489
2026-09,desktop,i+l,2027-08-30,44231007.37306182,43213730.37306182
2026-09,desktop,i+l,2027-08-31,44309796.8333006,43292519.8333006
2026-09,desktop,i+l,2027-09-01,44395289.8262558,43378012.8262558
2026-09,desktop,i+l,2027-09-02,44480385.70494964,43463108.70494964
2026-09,desktop,i+l,2027-09-03,44566267.409474656,43548990.409474656
2026-09,desktop,i+l,2027-09-04,44614513.7126113,43597236.7126113
2026-09,desktop,i+l,2027-09-05,44679352.427762724,43662075.427762724
2026-09,desktop,i+l,2027-09-06,44663594.163938046,43646317.163938046
2026-09,desktop,i+l,2027-09-07,44777673.049271345,43760396.049271345
2026-09,desktop,i+l,2027-09-08,44920743.205390714,43903466.205390714
2026-09,desktop,i+l,2027-09-09,45087282.227188505,44070005.227188505
2026-09,desktop,i+l,2027-09-10,45253034.65980072,44235757.65980072
2026-09,desktop,i+l,2027-09-11,45398539.244523115,44381262.244523115
2026-09,desktop,i+l,2027-09-12,45578864.63715904,44561587.63715904
2026-09,desktop,i+l,2027-09-13,45750037.9054606,44732760.9054606
2026-09,desktop,i+l,2027-09-14,45908321.880001,44891044.880001
2026-09,desktop,i+l,2027-09-15,46006936.54851987,44989659.54851987
2026-09,desktop,i+l,2027-09-16,46143669.3044243,45126392.3044243
2026-09,desktop,i+l,2027-09-17,46253825.32299953,45236548.32299953
2026-09,desktop,i+l,2027-09-18,46321470.56860676,45304193.56860676
2026-09,desktop,i+l,2027-09-19,46391280.73026705,45374003.73026705
2026-09,desktop,i+l,2027-09-20,46479614.32231636,45462337.32231636
2026-09,desktop,i+l,2027-09-21,46584984.11484284,45567707.11484284
2026-09,desktop,i+l,2027-09-22,46685763.490277015,45668486.490277015
2026-09,desktop,i+l,2027-09-23,46775759.00120943,45758482.00120943
2026-09,desktop,i+l,2027-09-24,46855754.41009811,45838477.41009811
2026-09,desktop,i+l,2027-09-25,46916866.84618352,45899589.84618352
2026-09,desktop,i+l,2027-09-26,46960975.73692071,45943698.73692071
2026-09,desktop,i+l,2027-09-27,47016069.8421898,45998792.8421898
2026-09,desktop,i+l,2027-09-28,47076485.39901919,46059208.39901919
2026-09,desktop,i+l,2027-09-29,47101901.2669603,46084624.2669603
2026-09,desktop,i+l,2027-09-30,47101377.89230858,46084100.89230858
2026-09,desktop,i+l,2027-10-01,47057966.65091317,46040689.65091317
2026-09,desktop,i+l,2027-10-02,47024522.80182724,46007245.80182724
2026-09,desktop,i+l,2027-10-03,46984436.49652646,45967159.49652646
2026-09,desktop,i+l,2027-10-04,46998615.42498354,45981338.42498354
2026-09,desktop,i+l,2027-10-05,46920701.58100074,45903424.58100074
2026-09,desktop,i+l,2027-10-06,46799130.393747605,45781853.393747605
2026-09,desktop,i+l,2027-10-07,46663981.32242858,45646704.32242858
2026-09,desktop,i+l,2027-10-08,46521957.231018916,45504680.231018916
2026-09,desktop,i+l,2027-10-09,46456974.68569734,45439697.68569734
2026-09,desktop,i+l,2027-10-10,46417789.39109503,45400512.39109503
2026-09,desktop,i+l,2027-10-11,46241396.88673515,45224119.88673515
2026-09,desktop,i+l,2027-10-12,46114042.84983356,45096765.84983356
2026-09,desktop,i+l,2027-10-13,46062977.49897506,45045700.49897506
2026-09,desktop,i+l,2027-10-14,46024121.66816644,45006844.66816644
2026-09,desktop,i+l,2027-10-15,46009541.931885995,44992264.931885995
2026-09,desktop,i+l,2027-10-16,46004215.923557445,44986938.923557445
2026-09,desktop,i+l,2027-10-17,46004486.33673412,44987209.33673412
2026-09,desktop,i+l,2027-10-18,46016073.61499928,44998796.61499928
2026-09,desktop,i+l,2027-10-19,46017852.78356729,45000575.78356729
2026-09,desktop,i+l,2027-10-20,46029758.6154355,45012481.6154355
2026-09,desktop,i+l,2027-10-21,46032701.86410249,45015424.86410249
2026-09,desktop,i+l,2027-10-22,46046654.78334906,45029377.78334906
2026-09,desktop,i+l,2027-10-23,46043687.074878454,45026410.074878454
2026-09,desktop,i+l,2027-10-24,46048277.93756101,45031000.93756101
2026-09,desktop,i+l,2027-10-25,46063349.002528235,45046072.002528235
2026-09,desktop,i+l,2027-10-26,46079442.7047107,45062165.7047107
2026-09,desktop,i+l,2027-10-27,46103671.6459558,45086394.6459558
2026-09,desktop,i+l,2027-10-28,46130336.046544686,45113059.046544686
2026-09,desktop,i+l,2027-10-29,46165308.89725061,45148031.89725061
2026-09,desktop,i+l,2027-10-30,46217950.35450457,45200673.35450457
2026-09,desktop,i+l,2027-10-31,46250891.90105169,45233614.90105169
2026-09,desktop,i+l,2027-11-01,46201304.18456049,45184027.18456049
2026-09,desktop,i+l,2027-11-02,46303922.24786497,45286645.24786497
2026-09,desktop,i+l,2027-11-03,46462786.016685896,45445509.016685896
2026-09,desktop,i+l,2027-11-04,46605724.82965076,45588447.82965076
2026-09,desktop,i+l,2027-11-05,46785659.67347296,45768382.67347296
2026-09,desktop,i+l,2027-11-06,46868687.34486901,45851410.34486901
2026-09,desktop,i+l,2027-11-07,46931516.198714815,45914239.198714815
2026-09,desktop,i+l,2027-11-08,47154034.70165283,46136757.70165283
2026-09,desktop,i+l,2027-11-09,47333009.2121896,46315732.2121896
2026-09,desktop,i+l,2027-11-10,47469156.65678341,46451879.65678341
2026-09,desktop,i+l,2027-11-11,47478509.5715717,46461232.5715717
2026-09,desktop,i+l,2027-11-12,47532367.094716884,46515090.094716884
2026-09,desktop,i+l,2027-11-13,47570216.25581952,46552939.25581952
2026-09,desktop,i+l,2027-11-14,47589631.69329057,46572354.69329057
2026-09,desktop,i+l,2027-11-15,47568147.49925546,46550870.49925546
2026-09,desktop,i+l,2027-11-16,47587116.70512683,46569839.70512683
2026-09,desktop,i+l,2027-11-17,47618531.29469645,46601254.29469645
2026-09,desktop,i+l,2027-11-18,47644545.77684306,46627268.77684306
2026-09,desktop,i+l,2027-11-19,47669892.055699214,46652615.055699214
2026-09,desktop,i+l,2027-11-20,47671736.208388545,46654459.208388545
2026-09,desktop,i+l,2027-11-21,47688880.564045966,46671603.564045966
2026-09,desktop,i+l,2027-11-22,47696062.53443921,46678785.53443921
2026-09,desktop,i+l,2027-11-23,47706452.1494815,46689175.1494815
2026-09,desktop,i+l,2027-11-24,47738722.82507264,46721445.82507264
2026-09,desktop,i+l,2027-11-25,47723184.68744,46705907.68744
2026-09,desktop,i+l,2027-11-26,47728365.99247251,46711088.99247251
2026-09,desktop,i+l,2027-11-27,47759474.29732021,46742197.29732021
2026-09,desktop,i+l,2027-11-28,47825586.66982329,46808309.66982329
2026-09,desktop,i+l,2027-11-29,48068724.51199628,47051447.51199628
2026-09,desktop,i+l,2027-11-30,48143954.87848659,47126677.87848659
2026-09,desktop,i+l,2027-12-01,48179984.89082213,47162707.89082213
2026-09,desktop,i+l,2027-12-02,48229668.673185304,47212391.673185304
2026-09,desktop,i+l,2027-12-03,48233055.26152972,47215778.26152972
2026-09,desktop,i+l,2027-12-04,48244353.60085769,47227076.60085769
2026-09,desktop,i+l,2027-12-05,48247055.86165957,47229778.86165957
2026-09,desktop,i+l,2027-12-06,48249259.979820795,47231982.979820795
2026-09,desktop,i+l,2027-12-07,48248769.80459978,47231492.80459978
2026-09,desktop,i+l,2027-12-08,48219914.87870032,47202637.87870032
2026-09,desktop,i+l,2027-12-09,48295481.033850856,47278204.033850856
2026-09,desktop,i+l,2027-12-10,48291645.113735154,47274368.113735154
2026-09,desktop,i+l,2027-12-11,48265408.74505375,47248131.74505375
2026-09,desktop,i+l,2027-12-12,48257899.5714512,47240622.5714512
2026-09,desktop,i+l,2027-12-13,48302874.41703925,47285597.41703925
2026-09,desktop,i+l,2027-12-14,48289457.35417651,47272180.35417651
2026-09,desktop,i+l,2027-12-15,48257224.27993015,47239947.27993015
2026-09,desktop,i+l,2027-12-16,48223017.092101626,47205740.092101626
2026-09,desktop,i+l,2027-12-17,48189078.26568015,47171801.26568015
2026-09,desktop,i+l,2027-12-18,48177313.3684985,47160036.3684985
2026-09,desktop,i+l,2027-12-19,48124652.49111242,47107375.49111242
2026-09,desktop,i+l,2027-12-20,47974033.28153114,46956756.28153114
2026-09,desktop,i+l,2027-12-21,47821634.93987912,46804357.93987912
2026-09,desktop,i+l,2027-12-22,47606002.01682355,46588725.01682355
2026-09,desktop,i+l,2027-12-23,47327933.34271265,46310656.34271265
2026-09,desktop,i+l,2027-12-24,46674064.002669334,45656787.002669334
2026-09,desktop,i+l,2027-12-25,46195520.15480108,45178243.15480108
2026-09,desktop,i+l,2027-12-26,45870427.46769885,44853150.46769885
2026-09,desktop,i+l,2027-12-27,45375167.076375715,44357890.076375715
2026-09,desktop,i+l,2027-12-28,45121410.29326113,44104133.29326113
2026-09,desktop,i+l,2027-12-29,44849326.67542336,43832049.67542336
2026-09,desktop,i+l,2027-12-30,44535071.63024511,43517794.63024511
2026-09,desktop,i+l,2027-12-31,44005175.39994484,42987898.39994484
2026-09,desktop,i+o,2026-09-09,47325956.690655515,47325956.690655515
2026-09,desktop,i+o,2026-09-10,47511676.02985233,47501188.63809975
2026-09,desktop,i+o,2026-09-11,47671410.030230165,47650435.24672501
2026-09,desktop,i+o,2026-09-12,47790087.91893142,47758625.74367368
2026-09,desktop,i+o,2026-09-13,47864422.766118385,47822473.19910808
2026-09,desktop,i+o,2026-09-14,48041619.70119084,47989182.74242795
2026-09,desktop,i+o,2026-09-15,48188514.02826766,48125589.6777522
2026-09,desktop,i+o,2026-09-16,48307120.451405615,48233708.709137574
2026-09,desktop,i+o,2026-09-17,48436445.22483248,48352546.09081186
2026-09,desktop,i+o,2026-09-18,48540439.30278751,48446052.777014315
2026-09,desktop,i+o,2026-09-19,48587073.123217836,48482199.20569206
2026-09,desktop,i+o,2026-09-20,48641206.6349862,48525845.325707845
2026-09,desktop,i+o,2026-09-21,48739806.03915606,48613957.33812513
2026-09,desktop,i+o,2026-09-22,48895359.741459675,48759023.64867617
2026-09,desktop,i+o,2026-09-23,49028681.21307104,48881857.72853496
2026-09,desktop,i+o,2026-09-24,49142846.21465516,48985535.3383665
2026-09,desktop,i+o,2026-09-25,49256796.012663536,49088997.7446223
2026-09,desktop,i+o,2026-09-26,49304841.695780665,49126556.03598685
2026-09,desktop,i+o,2026-09-27,49358279.03208841,49169505.98054201
2026-09,desktop,i+o,2026-09-28,49396648.04150566,49197387.59820669
2026-09,desktop,i+o,2026-09-29,49432175.74364948,49222427.90859794
2026-09,desktop,i+o,2026-09-30,49420899.017702274,49200663.79089815
2026-09,desktop,i+o,2026-10-01,49422897.3874209,49192174.7688642
2026-09,desktop,i+o,2026-10-02,49410296.61564286,49169086.60533358
2026-09,desktop,i+o,2026-10-03,49436625.34267709,49184927.94061523
2026-09,desktop,i+o,2026-10-04,49460885.891187444,49198701.09737301
2026-09,desktop,i+o,2026-10-05,49549311.068985224,49276638.88341821
2026-09,desktop,i+o,2026-10-06,49552001.734542325,49268842.15722274
2026-09,desktop,i+o,2026-10-07,49555561.01303435,49261914.04396219
2026-09,desktop,i+o,2026-10-08,49560025.04499576,49255890.68417102
2026-09,desktop,i+o,2026-10-09,49581458.32152305,49266836.56894573
2026-09,desktop,i+o,2026-10-10,49593055.33760069,49267946.193270795
2026-09,desktop,i+o,2026-10-11,49610760.61329312,49275164.07721064
2026-09,desktop,i+o,2026-10-12,49548641.49975944,49202557.57192439
2026-09,desktop,i+o,2026-10-13,49557253.921514146,49200682.60192652
2026-09,desktop,i+o,2026-10-14,49585014.676623285,49217955.96528308
2026-09,desktop,i+o,2026-10-15,49603054.33208382,49225508.22899104
2026-09,desktop,i+o,2026-10-16,49616150.52687696,49228117.0320316
2026-09,desktop,i+o,2026-10-17,49623893.37471167,49225372.48811373
2026-09,desktop,i+o,2026-10-18,49630618.35680705,49221610.078456536
2026-09,desktop,i+o,2026-10-19,49633692.00919757,49214196.339094475
2026-09,desktop,i+o,2026-10-20,49607822.775729835,49177839.71387416
2026-09,desktop,i+o,2026-10-21,49608203.792381585,49167733.33877334
2026-09,desktop,i+o,2026-10-22,49608610.04368691,49157652.19832609
2026-09,desktop,i+o,2026-10-23,49614882.92301967,49153437.68590627
2026-09,desktop,i+o,2026-10-24,49611236.65913575,49139304.03026977
2026-09,desktop,i+o,2026-10-25,49610202.66746903,49127782.646850474
2026-09,desktop,i+o,2026-10-26,49595570.12660762,49102662.71423648
2026-09,desktop,i+o,2026-10-27,49597918.99449991,49094524.19037619
2026-09,desktop,i+o,2026-10-28,49595796.05201113,49081913.85613485
2026-09,desktop,i+o,2026-10-29,49616653.0777771,49092283.49014824
2026-09,desktop,i+o,2026-10-30,49676589.52303324,49141732.5436518
2026-09,desktop,i+o,2026-10-31,49696316.23331404,49150971.86218002
2026-09,desktop,i+o,2026-11-01,49609641.09275579,49053809.32986919
2026-09,desktop,i+o,2026-11-02,49589698.90213477,49023379.74749559
2026-09,desktop,i+o,2026-11-03,49611597.40519059,49034790.85879883
2026-09,desktop,i+o,2026-11-04,49630855.127658404,49043561.18951407
2026-09,desktop,i+o,2026-11-05,49663450.029327944,49065668.69943104
2026-09,desktop,i+o,2026-11-06,49669579.76078687,49061311.039137386
2026-09,desktop,i+o,2026-11-07,49670358.38573461,49051602.27233255
2026-09,desktop,i+o,2026-11-08,49655525.13295627,49026281.62780163
2026-09,desktop,i+o,2026-11-09,49737340.75500915,49097609.858101934
2026-09,desktop,i+o,2026-11-10,49735483.63523104,49085265.346571244
2026-09,desktop,i+o,2026-11-11,49682109.160924785,49021403.48051241
2026-09,desktop,i+o,2026-11-12,49695996.27424134,49024803.2020764
2026-09,desktop,i+o,2026-11-13,49707924.52342845,49026244.059510924
2026-09,desktop,i+o,2026-11-14,49723064.84427822,49030896.988608114
2026-09,desktop,i+o,2026-11-15,49727999.86174842,49025344.61432574
2026-09,desktop,i+o,2026-11-16,49756436.99302828,49043294.353853025
2026-09,desktop,i+o,2026-11-17,49818876.48902589,49095246.458098054
2026-09,desktop,i+o,2026-11-18,49855405.02329284,49121287.600612424
2026-09,desktop,i+o,2026-11-19,49890844.70123254,49146239.88679955
2026-09,desktop,i+o,2026-11-20,49878562.93127041,49123470.72508485
2026-09,desktop,i+o,2026-11-21,49899522.49618095,49133942.89824281
2026-09,desktop,i+o,2026-11-22,49920770.591784224,49144703.6020935
2026-09,desktop,i+o,2026-11-23,49932957.6434117,49146403.261968404
2026-09,desktop,i+o,2026-11-24,49963327.03286691,49166285.25967103
2026-09,desktop,i+o,2026-11-25,49990440.17888943,49182911.013940975
2026-09,desktop,i+o,2026-11-26,49948999.18359573,49130982.6268947
2026-09,desktop,i+o,2026-11-27,49888698.031129524,49060194.08267592
2026-09,desktop,i+o,2026-11-28,49909202.88598854,49070211.54578236
2026-09,desktop,i+o,2026-11-29,50026112.34329556,49176633.6113368
2026-09,desktop,i+o,2026-11-30,50100302.36427168,49240336.24056034
2026-09,desktop,i+o,2026-12-01,50142744.485865064,49272290.970401146
2026-09,desktop,i+o,2026-12-02,50177079.20964682,49296138.302430324
2026-09,desktop,i+o,2026-12-03,50197331.16007369,49305902.861104615
2026-09,desktop,i+o,2026-12-04,50219562.68298694,49317646.99226529
2026-09,desktop,i+o,2026-12-05,50236714.583679594,49324311.50120537
2026-09,desktop,i+o,2026-12-06,50260855.54948479,49337965.07525799
2026-09,desktop,i+o,2026-12-07,50288756.78534437,49355378.91936499
2026-09,desktop,i+o,2026-12-08,50298058.45811842,49354193.20038646
2026-09,desktop,i+o,2026-12-09,50362788.48867553,49408435.83919099
2026-09,desktop,i+o,2026-12-10,50362218.745263234,49397378.70402612
2026-09,desktop,i+o,2026-12-11,50356566.29832827,49381238.86533858
2026-09,desktop,i+o,2026-12-12,50341844.228903785,49356029.40416152
2026-09,desktop,i+o,2026-12-13,50342111.76220334,49345809.5457085
2026-09,desktop,i+o,2026-12-14,50336153.649495944,49329364.04124852
2026-09,desktop,i+o,2026-12-15,50302084.6202526,49284807.6202526
2026-09,desktop,i+o,2026-12-16,50265026.562631205,49247749.562631205
2026-09,desktop,i+o,2026-12-17,50228005.97738768,49210728.97738768
2026-09,desktop,i+o,2026-12-18,50235573.09942514,49218296.09942514
2026-09,desktop,i+o,2026-12-19,50191288.45571929,49174011.45571929
2026-09,desktop,i+o,2026-12-20,50127244.78291667,49109967.78291667
2026-09,desktop,i+o,2026-12-21,49953334.34166718,48936057.34166718
2026-09,desktop,i+o,2026-12-22,49769142.11665814,48751865.11665814
2026-09,desktop,i+o,2026-12-23,49536947.956020065,48519670.956020065
2026-09,desktop,i+o,2026-12-24,49084911.97406044,48067634.97406044
2026-09,desktop,i+o,2026-12-25,48360413.40836607,47343136.40836607
2026-09,desktop,i+o,2026-12-26,48042049.45135569,47024772.45135569
2026-09,desktop,i+o,2026-12-27,47805134.80788068,46787857.80788068
2026-09,desktop,i+o,2026-12-28,47310411.43472067,46293134.43472067
2026-09,desktop,i+o,2026-12-29,46974428.856134415,45957151.856134415
2026-09,desktop,i+o,2026-12-30,46609104.91065347,45591827.91065347
2026-09,desktop,i+o,2026-12-31,45983451.2712273,44966174.2712273
2026-09,desktop,i+o,2027-01-01,45035470.125253,44018193.125253
2026-09,desktop,i+o,2027-01-02,44789138.74828489,43771861.74828489
2026-09,desktop,i+o,2027-01-03,44657819.8731925,43640542.8731925
2026-09,desktop,i+o,2027-01-04,44466198.16065543,43448921.16065543
2026-09,desktop,i+o,2027-01-05,44329763.59946633,43312486.59946633
2026-09,desktop,i+o,2027-01-06,44151339.69683423,43134062.69683423
2026-09,desktop,i+o,2027-01-07,44066599.417653225,43049322.417653225
2026-09,desktop,i+o,2027-01-08,44026669.24056506,43009392.24056506
2026-09,desktop,i+o,2027-01-09,44012891.52324187,42995614.52324187
2026-09,desktop,i+o,2027-01-10,44012069.03800361,42994792.03800361
2026-09,desktop,i+o,2027-01-11,43996741.86265032,42979464.86265032
2026-09,desktop,i+o,2027-01-12,44006553.7177953,42989276.7177953
2026-09,desktop,i+o,2027-01-13,44013067.76130831,42995790.76130831
2026-09,desktop,i+o,2027-01-14,44008382.775266394,42991105.775266394
2026-09,desktop,i+o,2027-01-15,44010911.88149465,42993634.88149465
2026-09,desktop,i+o,2027-01-16,44043739.407085106,43026462.407085106
2026-09,desktop,i+o,2027-01-17,44108581.85778313,43091304.85778313
2026-09,desktop,i+o,2027-01-18,44257010.26236413,43239733.26236413
2026-09,desktop,i+o,2027-01-19,44437080.02004013,43419803.02004013
2026-09,desktop,i+o,2027-01-20,44683756.46243153,43666479.46243153
2026-09,desktop,i+o,2027-01-21,45212409.799285136,44195132.799285136
2026-09,desktop,i+o,2027-01-22,46029844.60052767,45012567.60052767
2026-09,desktop,i+o,2027-01-23,46357549.66461603,45340272.66461603
2026-09,desktop,i+o,2027-01-24,46602254.764132366,45584977.764132366
2026-09,desktop,i+o,2027-01-25,47099855.79113285,46082578.79113285
2026-09,desktop,i+o,2027-01-26,47401801.22275103,46384524.22275103
2026-09,desktop,i+o,2027-01-27,47766926.6263841,46749649.6263841
2026-09,desktop,i+o,2027-01-28,48386262.34368038,47368985.34368038
2026-09,desktop,i+o,2027-01-29,49332200.28194358,48314923.28194358
2026-09,desktop,i+o,2027-01-30,49577456.4020287,48560179.4020287
2026-09,desktop,i+o,2027-01-31,49714206.5296163,48696929.5296163
2026-09,desktop,i+o,2027-02-01,49900853.95928013,48883576.95928013
2026-09,desktop,i+o,2027-02-02,50034448.36833773,49017171.36833773
2026-09,desktop,i+o,2027-02-03,50193336.96223911,49176059.96223911
2026-09,desktop,i+o,2027-02-04,50223102.27544909,49205825.27544909
2026-09,desktop,i+o,2027-02-05,50181308.654959716,49164031.654959716
2026-09,desktop,i+o,2027-02-06,50125798.58095266,49108521.58095266
2026-09,desktop,i+o,2027-02-07,50087299.261252925,49070022.261252925
2026-09,desktop,i+o,2027-02-08,49941083.46800136,48923806.46800136
2026-09,desktop,i+o,2027-02-09,49794282.79446956,48777005.79446956
2026-09,desktop,i+o,2027-02-10,49705509.001749255,48688232.001749255
2026-09,desktop,i+o,2027-02-11,49638386.69758551,48621109.69758551
2026-09,desktop,i+o,2027-02-12,49596421.26122767,48579144.26122767
2026-09,desktop,i+o,2027-02-13,49561210.78925475,48543933.78925475
2026-09,desktop,i+o,2027-02-14,49525997.907052085,48508720.907052085
2026-09,desktop,i+o,2027-02-15,49461989.25920414,48444712.25920414
2026-09,desktop,i+o,2027-02-16,49393300.97476633,48376023.97476633
2026-09,desktop,i+o,2027-02-17,49325949.7932188,48308672.7932188
2026-09,desktop,i+o,2027-02-18,49262631.8019431,48245354.8019431
2026-09,desktop,i+o,2027-02-19,49215827.29596162,48198550.29596162
2026-09,desktop,i+o,2027-02-20,49190880.87206549,48173603.87206549
2026-09,desktop,i+o,2027-02-21,49158912.752304256,48141635.752304256
2026-09,desktop,i+o,2027-02-22,49110513.2574451,48093236.2574451
2026-09,desktop,i+o,2027-02-23,49070973.95297147,48053696.95297147
2026-09,desktop,i+o,2027-02-24,49022036.59642053,48004759.59642053
2026-09,desktop,i+o,2027-02-25,48981992.99010653,47964715.99010653
2026-09,desktop,i+o,2027-02-26,48949275.28510671,47931998.28510671
2026-09,desktop,i+o,2027-02-27,48923147.79259921,47905870.79259921
2026-09,desktop,i+o,2027-02-28,48889667.7688845,47872390.7688845
2026-09,desktop,i+o,2027-03-01,48888436.78000712,47871159.78000712
2026-09,desktop,i+o,2027-03-02,48882621.25497531,47865344.25497531
2026-09,desktop,i+o,2027-03-03,48873997.52452354,47856720.52452354
2026-09,desktop,i+o,2027-03-04,48900180.85653677,47882903.85653677
2026-09,desktop,i+o,2027-03-05,48945732.21803988,47928455.21803988
2026-09,desktop,i+o,2027-03-06,48976058.59543819,47958781.59543819
2026-09,desktop,i+o,2027-03-07,48995440.10165206,47978163.10165206
2026-09,desktop,i+o,2027-03-08,49080815.23334594,48063538.23334594
2026-09,desktop,i+o,2027-03-09,49130139.06008271,48112862.06008271
2026-09,desktop,i+o,2027-03-10,49149932.227076225,48132655.227076225
2026-09,desktop,i+o,2027-03-11,49170348.825064994,48153071.825064994
2026-09,desktop,i+o,2027-03-12,49159661.76331621,48142384.76331621
2026-09,desktop,i+o,2027-03-13,49158298.63871718,48141021.63871718
2026-09,desktop,i+o,2027-03-14,49160936.91008739,48143659.91008739
2026-09,desktop,i+o,2027-03-15,49196906.116947986,48179629.116947986
2026-09,desktop,i+o,2027-03-16,49203314.893451236,48186037.893451236
2026-09,desktop,i+o,2027-03-17,49202086.68288404,48184809.68288404
2026-09,desktop,i+o,2027-03-18,49195940.87073203,48178663.87073203
2026-09,desktop,i+o,2027-03-19,49178474.134973146,48161197.134973146
2026-09,desktop,i+o,2027-03-20,49150008.4387955,48132731.4387955
2026-09,desktop,i+o,2027-03-21,49097731.17403549,48080454.17403549
2026-09,desktop,i+o,2027-03-22,48956643.69985207,47939366.69985207
2026-09,desktop,i+o,2027-03-23,48889753.71874291,47872476.71874291
2026-09,desktop,i+o,2027-03-24,48780911.22688197,47763634.22688197
2026-09,desktop,i+o,2027-03-25,48579708.62268729,47562431.62268729
2026-09,desktop,i+o,2027-03-26,48104378.39016717,47087101.39016717
2026-09,desktop,i+o,2027-03-27,47974829.06455312,46957552.06455312
2026-09,desktop,i+o,2027-03-28,47831699.58966182,46814422.58966182
2026-09,desktop,i+o,2027-03-29,47344127.270427704,46326850.270427704
2026-09,desktop,i+o,2027-03-30,47259748.03257959,46242471.03257959
2026-09,desktop,i+o,2027-03-31,47190502.27433498,46173225.27433498
2026-09,desktop,i+o,2027-04-01,47115175.0870692,46097898.0870692
2026-09,desktop,i+o,2027-04-02,47061864.6396022,46044587.6396022
2026-09,desktop,i+o,2027-04-03,47057560.44029004,46040283.44029004
2026-09,desktop,i+o,2027-04-04,47052990.777000286,46035713.777000286
2026-09,desktop,i+o,2027-04-05,47082364.50449328,46065087.50449328
2026-09,desktop,i+o,2027-04-06,47126910.24624818,46109633.24624818
2026-09,desktop,i+o,2027-04-07,47150733.03033429,46133456.03033429
2026-09,desktop,i+o,2027-04-08,47159293.49900819,46142016.49900819
2026-09,desktop,i+o,2027-04-09,47172049.451987684,46154772.451987684
2026-09,desktop,i+o,2027-04-10,47168730.07299775,46151453.07299775
2026-09,desktop,i+o,2027-04-11,47156495.36840691,46139218.36840691
2026-09,desktop,i+o,2027-04-12,47165478.49946208,46148201.49946208
2026-09,desktop,i+o,2027-04-13,47146289.88312798,46129012.88312798
2026-09,desktop,i+o,2027-04-14,47127060.12049721,46109783.12049721
2026-09,desktop,i+o,2027-04-15,47110140.783038616,46092863.783038616
2026-09,desktop,i+o,2027-04-16,47094427.35066166,46077150.35066166
2026-09,desktop,i+o,2027-04-17,47099764.01256103,46082487.01256103
2026-09,desktop,i+o,2027-04-18,47124489.51124524,46107212.51124524
2026-09,desktop,i+o,2027-04-19,47226847.49374694,46209570.49374694
2026-09,desktop,i+o,2027-04-20,47261131.40624409,46243854.40624409
2026-09,desktop,i+o,2027-04-21,47294372.17930248,46277095.17930248
2026-09,desktop,i+o,2027-04-22,47442594.99996816,46425317.99996816
2026-09,desktop,i+o,2027-04-23,47857763.08730646,46840486.08730646
2026-09,desktop,i+o,2027-04-24,47949290.92686542,46932013.92686542
2026-09,desktop,i+o,2027-04-25,48062338.68093767,47045061.68093767
2026-09,desktop,i+o,2027-04-26,48465116.552604616,47447839.552604616
2026-09,desktop,i+o,2027-04-27,48474782.339575164,47457505.339575164
2026-09,desktop,i+o,2027-04-28,48455113.31025047,47437836.31025047
2026-09,desktop,i+o,2027-04-29,48430369.13555085,47413092.13555085
2026-09,desktop,i+o,2027-04-30,48331984.486713484,47314707.486713484
2026-09,desktop,i+o,2027-05-01,47899663.42182822,46882386.42182822
2026-09,desktop,i+o,2027-05-02,47763049.052857004,46745772.052857004
2026-09,desktop,i+o,2027-05-03,47550306.69891679,46533029.69891679
2026-09,desktop,i+o,2027-05-04,47450186.48432928,46432909.48432928
2026-09,desktop,i+o,2027-05-05,47335835.616665415,46318558.616665415
2026-09,desktop,i+o,2027-05-06,47036901.62267066,46019624.62267066
2026-09,desktop,i+o,2027-05-07,46867771.93032451,45850494.93032451
2026-09,desktop,i+o,2027-05-08,46804933.17586164,45787656.17586164
2026-09,desktop,i+o,2027-05-09,46760466.31331406,45743189.31331406
2026-09,desktop,i+o,2027-05-10,46668718.69021034,45651441.69021034
2026-09,desktop,i+o,2027-05-11,46623620.35302119,45606343.35302119
2026-09,desktop,i+o,2027-05-12,46581252.46113831,45563975.46113831
2026-09,desktop,i+o,2027-05-13,46536195.980028115,45518918.980028115
2026-09,desktop,i+o,2027-05-14,46470574.63324229,45453297.63324229
2026-09,desktop,i+o,2027-05-15,46404957.00431713,45387680.00431713
2026-09,desktop,i+o,2027-05-16,46266750.76703701,45249473.76703701
2026-09,desktop,i+o,2027-05-17,45915295.56069207,44898018.56069207
2026-09,desktop,i+o,2027-05-18,45881247.042192854,44863970.042192854
2026-09,desktop,i+o,2027-05-19,45869993.0652151,44852716.0652151
2026-09,desktop,i+o,2027-05-20,45794011.92196145,44776734.92196145
2026-09,desktop,i+o,2027-05-21,45763675.33007828,44746398.33007828
2026-09,desktop,i+o,2027-05-22,45738560.39061737,44721283.39061737
2026-09,desktop,i+o,2027-05-23,45714821.52610422,44697544.52610422
2026-09,desktop,i+o,2027-05-24,45663182.84298765,44645905.84298765
2026-09,desktop,i+o,2027-05-25,45648866.977396175,44631589.977396175
2026-09,desktop,i+o,2027-05-26,45648512.08014892,44631235.08014892
2026-09,desktop,i+o,2027-05-27,45507086.8288206,44489809.8288206
2026-09,desktop,i+o,2027-05-28,45509365.6710695,44492088.6710695
2026-09,desktop,i+o,2027-05-29,45900578.28798703,44883301.28798703
2026-09,desktop,i+o,2027-05-30,45986932.149883576,44969655.149883576
2026-09,desktop,i+o,2027-05-31,46019557.48703914,45002280.48703914
2026-09,desktop,i+o,2027-06-01,46043635.30708434,45026358.30708434
2026-09,desktop,i+o,2027-06-02,46093137.20786571,45075860.20786571
2026-09,desktop,i+o,2027-06-03,46338907.722372696,45321630.722372696
2026-09,desktop,i+o,2027-06-04,46459177.95063133,45441900.95063133
2026-09,desktop,i+o,2027-06-05,46473030.97691999,45455753.97691999
2026-09,desktop,i+o,2027-06-06,46480687.847757064,45463410.847757064
2026-09,desktop,i+o,2027-06-07,46523170.0268448,45505893.0268448
2026-09,desktop,i+o,2027-06-08,46528234.6656782,45510957.6656782
2026-09,desktop,i+o,2027-06-09,46516304.111068174,45499027.111068174
2026-09,desktop,i+o,2027-06-10,46518696.79042308,45501419.79042308
2026-09,desktop,i+o,2027-06-11,46542354.0844908,45525077.0844908
2026-09,desktop,i+o,2027-06-12,46571343.0531752,45554066.0531752
2026-09,desktop,i+o,2027-06-13,46676804.08472123,45659527.08472123
2026-09,desktop,i+o,2027-06-14,46954626.507588826,45937349.507588826
2026-09,desktop,i+o,2027-06-15,46919634.830697246,45902357.830697246
2026-09,desktop,i+o,2027-06-16,46903920.08365115,45886643.08365115
2026-09,desktop,i+o,2027-06-17,46919627.212429285,45902350.212429285
2026-09,desktop,i+o,2027-06-18,46875459.10865426,45858182.10865426
2026-09,desktop,i+o,2027-06-19,46844426.909356475,45827149.909356475
2026-09,desktop,i+o,2027-06-20,46823521.780577615,45806244.780577615
2026-09,desktop,i+o,2027-06-21,46801269.62052286,45783992.62052286
2026-09,desktop,i+o,2027-06-22,46764490.781080194,45747213.781080194
2026-09,desktop,i+o,2027-06-23,46720384.98813348,45703107.98813348
2026-09,desktop,i+o,2027-06-24,46831859.077740006,45814582.077740006
2026-09,desktop,i+o,2027-06-25,46879628.39299862,45862351.39299862
2026-09,desktop,i+o,2027-06-26,46868623.714987434,45851346.714987434
2026-09,desktop,i+o,2027-06-27,46859513.195385754,45842236.195385754
2026-09,desktop,i+o,2027-06-28,46943406.35600762,45926129.35600762
2026-09,desktop,i+o,2027-06-29,46906192.185104124,45888915.185104124
2026-09,desktop,i+o,2027-06-30,46842741.76952148,45825464.76952148
2026-09,desktop,i+o,2027-07-01,46769254.09811347,45751977.09811347
2026-09,desktop,i+o,2027-07-02,46706730.875162944,45689453.875162944
2026-09,desktop,i+o,2027-07-03,46664999.60875379,45647722.60875379
2026-09,desktop,i+o,2027-07-04,46593312.52865423,45576035.52865423
2026-09,desktop,i+o,2027-07-05,46396025.89045827,45378748.89045827
2026-09,desktop,i+o,2027-07-06,46281596.003680006,45264319.003680006
2026-09,desktop,i+o,2027-07-07,46191538.26470443,45174261.26470443
2026-09,desktop,i+o,2027-07-08,46095250.9336589,45077973.9336589
2026-09,desktop,i+o,2027-07-09,45994423.1451181,44977146.1451181
2026-09,desktop,i+o,2027-07-10,45942784.57249148,44925507.57249148
2026-09,desktop,i+o,2027-07-11,45896163.34372389,44878886.34372389
2026-09,desktop,i+o,2027-07-12,45830005.370635286,44812728.370635286
2026-09,desktop,i+o,2027-07-13,45758024.53698675,44740747.53698675
2026-09,desktop,i+o,2027-07-14,45648885.39263513,44631608.39263513
2026-09,desktop,i+o,2027-07-15,45570614.174673736,44553337.174673736
2026-09,desktop,i+o,2027-07-16,45510896.29818807,44493619.29818807
2026-09,desktop,i+o,2027-07-17,45469065.974980436,44451788.974980436
2026-09,desktop,i+o,2027-07-18,45425662.03113134,44408385.03113134
2026-09,desktop,i+o,2027-07-19,45363194.74105962,44345917.74105962
2026-09,desktop,i+o,2027-07-20,45282424.61207102,44265147.61207102
2026-09,desktop,i+o,2027-07-21,45213499.951810025,44196222.951810025
2026-09,desktop,i+o,2027-07-22,45140106.85948582,44122829.85948582
2026-09,desktop,i+o,2027-07-23,45063756.6121931,44046479.6121931
2026-09,desktop,i+o,2027-07-24,44993193.88220135,43975916.88220135
2026-09,desktop,i+o,2027-07-25,44934062.14286934,43916785.14286934
2026-09,desktop,i+o,2027-07-26,44862958.69579766,43845681.69579766
2026-09,desktop,i+o,2027-07-27,44788829.052026525,43771552.052026525
2026-09,desktop,i+o,2027-07-28,44722574.94138646,43705297.94138646
2026-09,desktop,i+o,2027-07-29,44661766.09674569,43644489.09674569
2026-09,desktop,i+o,2027-07-30,44592773.44931192,43575496.44931192
2026-09,desktop,i+o,2027-07-31,44547474.42425229,43530197.42425229
2026-09,desktop,i+o,2027-08-01,44519680.92802644,43502403.92802644
2026-09,desktop,i+o,2027-08-02,44541230.09941193,43523953.09941193
2026-09,desktop,i+o,2027-08-03,44494866.87718817,43477589.87718817
2026-09,desktop,i+o,2027-08-04,44442202.97665729,43424925.97665729
2026-09,desktop,i+o,2027-08-05,44390365.25203461,43373088.25203461
2026-09,desktop,i+o,2027-08-06,44351200.54186839,43333923.54186839
2026-09,desktop,i+o,2027-08-07,44313181.0470298,43295904.0470298
2026-09,desktop,i+o,2027-08-08,44267671.88777048,43250394.88777048
2026-09,desktop,i+o,2027-08-09,44211216.10887279,43193939.10887279
2026-09,desktop,i+o,2027-08-10,44126582.313786946,43109305.313786946
2026-09,desktop,i+o,2027-08-11,44062876.9739873,43045599.9739873
2026-09,desktop,i+o,2027-08-12,43973222.79436918,42955945.79436918
2026-09,desktop,i+o,2027-08-13,43885919.42119324,42868642.42119324
2026-09,desktop,i+o,2027-08-14,43801616.00632149,42784339.00632149
2026-09,desktop,i+o,2027-08-15,43688287.186811045,42671010.186811045
2026-09,desktop,i+o,2027-08-16,43617958.06542114,42600681.06542114
2026-09,desktop,i+o,2027-08-17,43534664.23781991,42517387.23781991
2026-09,desktop,i+o,2027-08-18,43479292.22148349,42462015.22148349
2026-09,desktop,i+o,2027-08-19,43430574.14142309,42413297.14142309
2026-09,desktop,i+o,2027-08-20,43400615.243588686,42383338.243588686
2026-09,desktop,i+o,2027-08-21,43412826.76883496,42395549.76883496
2026-09,desktop,i+o,2027-08-22,43417031.90131211,42399754.90131211
2026-09,desktop,i+o,2027-08-23,43425805.393611796,42408528.393611796
2026-09,desktop,i+o,2027-08-24,43442506.20405222,42425229.20405222
2026-09,desktop,i+o,2027-08-25,43461569.398161694,42444292.398161694
2026-09,desktop,i+o,2027-08-26,43496394.16119172,42479117.16119172
2026-09,desktop,i+o,2027-08-27,43533763.63162992,42516486.63162992
2026-09,desktop,i+o,2027-08-28,43571247.29883707,42553970.29883707
2026-09,desktop,i+o,2027-08-29,43626964.8228538,42609687.8228538
2026-09,desktop,i+o,2027-08-30,43728513.48940468,42711236.48940468
2026-09,desktop,i+o,2027-08-31,43803077.01486064,42785800.01486064
2026-09,desktop,i+o,2027-09-01,43884450.71986283,42867173.71986283
2026-09,desktop,i+o,2027-09-02,43965835.48549028,42948558.48549028
2026-09,desktop,i+o,2027-09-03,44049330.06963279,43032053.06963279
2026-09,desktop,i+o,2027-09-04,44094899.09893949,43077622.09893949
2026-09,desktop,i+o,2027-09-05,44158207.434297554,43140930.434297554
2026-09,desktop,i+o,2027-09-06,44139807.37223368,43122530.37223368
2026-09,desktop,i+o,2027-09-07,44250699.20339098,43233422.20339098
2026-09,desktop,i+o,2027-09-08,44390238.915533714,43372961.915533714
2026-09,desktop,i+o,2027-09-09,44553299.32318151,43536022.32318151
2026-09,desktop,i+o,2027-09-10,44718276.68840359,43700999.68840359
2026-09,desktop,i+o,2027-09-11,44862120.44242916,43844843.44242916
2026-09,desktop,i+o,2027-09-12,45041336.25824005,44024059.25824005
2026-09,desktop,i+o,2027-09-13,45218462.575697795,44201185.575697795
2026-09,desktop,i+o,2027-09-14,45389815.747777045,44372538.747777045
2026-09,desktop,i+o,2027-09-15,45525892.86335523,44508615.86335523
2026-09,desktop,i+o,2027-09-16,45667065.59076963,44649788.59076963
2026-09,desktop,i+o,2027-09-17,45777555.40041696,44760278.40041696
2026-09,desktop,i+o,2027-09-18,45846333.18938775,44829056.18938775
2026-09,desktop,i+o,2027-09-19,45916736.32585593,44899459.32585593
2026-09,desktop,i+o,2027-09-20,46005128.349235006,44987851.349235006
2026-09,desktop,i+o,2027-09-21,46107563.79442685,45090286.79442685
2026-09,desktop,i+o,2027-09-22,46208175.97736975,45190898.97736975
2026-09,desktop,i+o,2027-09-23,46297463.06647284,45280186.06647284
2026-09,desktop,i+o,2027-09-24,46376939.323620334,45359662.323620334
2026-09,desktop,i+o,2027-09-25,46439100.10076155,45421823.10076155
2026-09,desktop,i+o,2027-09-26,46484241.230017856,45466964.230017856
2026-09,desktop,i+o,2027-09-27,46555075.621973194,45537798.621973194
2026-09,desktop,i+o,2027-09-28,46627596.313685894,45610319.313685894
2026-09,desktop,i+o,2027-09-29,46679533.220810115,45662256.220810115
2026-09,desktop,i+o,2027-09-30,46722812.29134602,45705535.29134602
2026-09,desktop,i+o,2027-10-01,46749216.43668549,45731939.43668549
2026-09,desktop,i+o,2027-10-02,46758737.417325474,45741460.417325474
2026-09,desktop,i+o,2027-10-03,46760625.80999093,45743348.80999093
2026-09,desktop,i+o,2027-10-04,46897858.73656766,45880581.73656766
2026-09,desktop,i+o,2027-10-05,46949472.960319474,45932195.960319474
2026-09,desktop,i+o,2027-10-06,46966540.16529983,45949263.16529983
2026-09,desktop,i+o,2027-10-07,46961010.12110955,45943733.12110955
2026-09,desktop,i+o,2027-10-08,46939496.87215421,45922219.87215421
2026-09,desktop,i+o,2027-10-09,46919865.7409294,45902588.7409294
2026-09,desktop,i+o,2027-10-10,46915804.52818831,45898527.52818831
2026-09,desktop,i+o,2027-10-11,46832766.81499418,45815489.81499418
2026-09,desktop,i+o,2027-10-12,46794828.23517972,45777551.23517972
2026-09,desktop,i+o,2027-10-13,46797295.86714548,45780018.86714548
2026-09,desktop,i+o,2027-10-14,46798496.5305864,45781219.5305864
2026-09,desktop,i+o,2027-10-15,46812038.62747771,45794761.62747771
2026-09,desktop,i+o,2027-10-16,46821919.57763141,45804642.57763141
2026-09,desktop,i+o,2027-10-17,46828172.38928201,45810895.38928201
2026-09,desktop,i+o,2027-10-18,46852019.765293,45834742.765293
2026-09,desktop,i+o,2027-10-19,46857093.29371579,45839816.29371579
2026-09,desktop,i+o,2027-10-20,46870368.652973294,45853091.652973294
2026-09,desktop,i+o,2027-10-21,46879911.40227862,45862634.40227862
2026-09,desktop,i+o,2027-10-22,46893483.66170282,45876206.66170282
2026-09,desktop,i+o,2027-10-23,46888812.37061315,45871535.37061315
2026-09,desktop,i+o,2027-10-24,46891154.41083015,45873877.41083015
2026-09,desktop,i+o,2027-10-25,46887287.0808643,45870010.0808643
2026-09,desktop,i+o,2027-10-26,46890852.48549622,45873575.48549622
2026-09,desktop,i+o,2027-10-27,46890709.918957956,45873432.918957956
2026-09,desktop,i+o,2027-10-28,46872985.132403545,45855708.132403545
2026-09,desktop,i+o,2027-10-29,46839046.177573934,45821769.177573934
2026-09,desktop,i+o,2027-10-30,46849719.37220112,45832442.37220112
2026-09,desktop,i+o,2027-10-31,46838948.873239614,45821671.873239614
2026-09,desktop,i+o,2027-11-01,46663755.52302378,45646478.52302378
2026-09,desktop,i+o,2027-11-02,46635479.07867984,45618202.07867984
2026-09,desktop,i+o,2027-11-03,46656036.36311419,45638759.36311419
2026-09,desktop,i+o,2027-11-04,46671239.656193994,45653962.656193994
2026-09,desktop,i+o,2027-11-05,46729289.89493298,45712012.89493298
2026-09,desktop,i+o,2027-11-06,46767537.16176095,45750260.16176095
2026-09,desktop,i+o,2027-11-07,46794972.50821739,45777695.50821739
2026-09,desktop,i+o,2027-11-08,46914313.96248909,45897036.96248909
2026-09,desktop,i+o,2027-11-09,46987603.1258906,45970326.1258906
2026-09,desktop,i+o,2027-11-10,47029782.54704123,46012505.54704123
2026-09,desktop,i+o,2027-11-11,46993371.00806849,45976094.00806849
2026-09,desktop,i+o,2027-11-12,47015842.79702568,45998565.79702568
2026-09,desktop,i+o,2027-11-13,47036855.217175715,46019578.217175715
2026-09,desktop,i+o,2027-11-14,47048816.570331536,46031539.570331536
2026-09,desktop,i+o,2027-11-15,47013771.61892007,45996494.61892007
2026-09,desktop,i+o,2027-11-16,47031158.54592433,46013881.54592433
2026-09,desktop,i+o,2027-11-17,47058573.46458242,46041296.46458242
2026-09,desktop,i+o,2027-11-18,47078310.329601526,46061033.329601526
2026-09,desktop,i+o,2027-11-19,47103463.79423195,46086186.79423195
2026-09,desktop,i+o,2027-11-20,47106181.27628141,46088904.27628141
2026-09,desktop,i+o,2027-11-21,47122823.80438719,46105546.80438719
2026-09,desktop,i+o,2027-11-22,47132356.37301359,46115079.37301359
2026-09,desktop,i+o,2027-11-23,47145043.42030847,46127766.42030847
2026-09,desktop,i+o,2027-11-24,47174462.864626355,46157185.864626355
2026-09,desktop,i+o,2027-11-25,47158120.38101613,46140843.38101613
2026-09,desktop,i+o,2027-11-26,47159625.75598758,46142348.75598758
2026-09,desktop,i+o,2027-11-27,47190501.667680345,46173224.667680345
2026-09,desktop,i+o,2027-11-28,47257018.179807626,46239741.179807626
2026-09,desktop,i+o,2027-11-29,47501482.7745825,46484205.7745825
2026-09,desktop,i+o,2027-11-30,47575425.518073015,46558148.518073015
2026-09,desktop,i+o,2027-12-01,47609694.56018416,46592417.56018416
2026-09,desktop,i+o,2027-12-02,47657386.91953363,46640109.91953363
2026-09,desktop,i+o,2027-12-03,47661913.834727,46644636.834727
2026-09,desktop,i+o,2027-12-04,47672163.59120225,46654886.59120225
2026-09,desktop,i+o,2027-12-05,47673791.57030122,46656514.57030122
2026-09,desktop,i+o,2027-12-06,47677943.62986272,46660666.62986272
2026-09,desktop,i+o,2027-12-07,47683153.12062884,46665876.12062884
2026-09,desktop,i+o,2027-12-08,47657940.87362008,46640663.87362008
2026-09,desktop,i+o,2027-12-09,47732997.579851985,46715720.579851985
2026-09,desktop,i+o,2027-12-10,47728887.288254276,46711610.288254276
2026-09,desktop,i+o,2027-12-11,47703446.30748254,46686169.30748254
2026-09,desktop,i+o,2027-12-12,47695180.8651218,46677903.8651218
2026-09,desktop,i+o,2027-12-13,47739999.82150085,46722722.82150085
2026-09,desktop,i+o,2027-12-14,47725831.20969211,46708554.20969211
2026-09,desktop,i+o,2027-12-15,47694253.42059467,46676976.42059467
2026-09,desktop,i+o,2027-12-16,47663548.67516924,46646271.67516924
2026-09,desktop,i+o,2027-12-17,47630288.21752448,46613011.21752448
2026-09,desktop,i+o,2027-12-18,47618076.97829827,46600799.97829827
2026-09,desktop,i+o,2027-12-19,47569264.25490974,46551987.25490974
2026-09,desktop,i+o,2027-12-20,47446978.289637916,46429701.289637916
2026-09,desktop,i+o,2027-12-21,47314880.56552566,46297603.56552566
2026-09,desktop,i+o,2027-12-22,47123921.36779605,46106644.36779605
2026-09,desktop,i+o,2027-12-23,46864316.457247086,45847039.457247086
2026-09,desktop,i+o,2027-12-24,46227972.41769211,45210695.41769211
2026-09,desktop,i+o,2027-12-25,45758397.490679786,44741120.490679786
2026-09,desktop,i+o,2027-12-26,45441919.0601976,44424642.0601976
2026-09,desktop,i+o,2027-12-27,44971336.17269407,43954059.17269407
2026-09,desktop,i+o,2027-12-28,44729013.90349315,43711736.90349315
2026-09,desktop,i+o,2027-12-29,44466132.42541474,43448855.42541474
2026-09,desktop,i+o,2027-12-30,44168946.76813748,43151669.76813748
2026-09,desktop,i+o,2027-12-31,43674998.52866335,42657721.52866335
2026-09,desktop,j+l,2026-09-09,47323300.16516695,47323300.16516695
2026-09,desktop,j+l,2026-09-10,47506924.87656391,47496437.48481133
2026-09,desktop,j+l,2026-09-11,47665129.99016968,47644155.206664525
2026-09,desktop,j+l,2026-09-12,47782503.574632615,47751041.39937488
2026-09,desktop,j+l,2026-09-13,47855604.22289637,47813654.65588606
2026-09,desktop,j+l,2026-09-14,48031079.21130526,47978642.25254238
2026-09,desktop,j+l,2026-09-15,48176305.220984615,48113380.87046915
2026-09,desktop,j+l,2026-09-16,48293379.24867574,48219967.5064077
2026-09,desktop,j+l,2026-09-17,48421284.15371228,48337385.01969166
2026-09,desktop,j+l,2026-09-18,48523999.53295119,48429613.00717799
2026-09,desktop,j+l,2026-09-19,48569652.81544813,48464778.89792235
2026-09,desktop,j+l,2026-09-20,48622879.96138962,48507518.65211127
2026-09,desktop,j+l,2026-09-21,48720496.180847965,48594647.47981704
2026-09,desktop,j+l,2026-09-22,48874410.03955801,48738073.946774505
2026-09,desktop,j+l,2026-09-23,49006095.568957515,48859272.08442143
2026-09,desktop,j+l,2026-09-24,49118539.08893812,48961228.21264946
2026-09,desktop,j+l,2026-09-25,49229094.10317328,49061295.83513204
2026-09,desktop,j+l,2026-09-26,49274533.205131516,49096247.5453377
2026-09,desktop,j+l,2026-09-27,49325534.256531015,49136761.20498462
2026-09,desktop,j+l,2026-09-28,49361733.86839228,49162473.425093316
2026-09,desktop,j+l,2026-09-29,49397265.18295382,49187517.347902276
2026-09,desktop,j+l,2026-09-30,49388938.61603985,49168703.38923573
2026-09,desktop,j+l,2026-10-01,49394745.588725485,49164022.970168784
2026-09,desktop,j+l,2026-10-02,49386829.89060116,49145619.88029188
2026-09,desktop,j+l,2026-10-03,49417695.03776806,49165997.6357062
2026-09,desktop,j+l,2026-10-04,49446954.27070257,49184769.476888135
2026-09,desktop,j+l,2026-10-05,49542343.40048592,49269671.214918904
2026-09,desktop,j+l,2026-10-06,49550513.56415246,49267353.98683287
2026-09,desktop,j+l,2026-10-07,49561295.69160796,49267648.7225358
2026-09,desktop,j+l,2026-10-08,49572110.32246734,49267975.9616426
2026-09,desktop,j+l,2026-10-09,49591849.349321544,49277227.596744224
2026-09,desktop,j+l,2026-10-10,49602870.449477196,49277761.3051473
2026-09,desktop,j+l,2026-10-11,49610480.60232138,49274884.0662389
2026-09,desktop,j+l,2026-10-12,49547620.660342626,49201536.73250757
2026-09,desktop,j+l,2026-10-13,49558839.8040359,49202268.48444828
2026-09,desktop,j+l,2026-10-14,49589037.493215896,49221978.78187569
2026-09,desktop,j+l,2026-10-15,49609657.90556329,49232111.802470505
2026-09,desktop,j+l,2026-10-16,49625274.99417188,49237241.49932652
2026-09,desktop,j+l,2026-10-17,49634801.64879655,49236280.76219861
2026-09,desktop,j+l,2026-10-18,49642036.87904794,49233028.60069742
2026-09,desktop,j+l,2026-10-19,49646674.478422776,49227178.80831968
2026-09,desktop,j+l,2026-10-20,49623027.94843387,49193044.886578195
2026-09,desktop,j+l,2026-10-21,49625709.51219789,49185239.058589645
2026-09,desktop,j+l,2026-10-22,49628645.158213176,49177687.31285235
2026-09,desktop,j+l,2026-10-23,49641286.761216395,49179841.52410299
2026-09,desktop,j+l,2026-10-24,49639947.20831706,49168014.57945108
2026-09,desktop,j+l,2026-10-25,49639863.86137955,49157443.84076099
2026-09,desktop,j+l,2026-10-26,49640098.23245543,49147190.820084296
2026-09,desktop,j+l,2026-10-27,49645622.68622089,49142227.88209718
2026-09,desktop,j+l,2026-10-28,49645895.78258847,49132013.58671218
2026-09,desktop,j+l,2026-10-29,49657732.522763595,49133362.93513473
2026-09,desktop,j+l,2026-10-30,49709279.168126985,49174422.18874554
2026-09,desktop,j+l,2026-10-31,49716077.881050594,49170733.509916574
2026-09,desktop,j+l,2026-11-01,49627733.234938614,49071901.472052015
2026-09,desktop,j+l,2026-11-02,49615222.66598643,49048903.51134726
2026-09,desktop,j+l,2026-11-03,49630766.97325893,49053960.42686717
2026-09,desktop,j+l,2026-11-04,49646876.76408308,49059582.82593875
2026-09,desktop,j+l,2026-11-05,49675372.880870774,49077591.55097387
2026-09,desktop,j+l,2026-11-06,49685733.76603181,49077465.04438233
2026-09,desktop,j+l,2026-11-07,49688598.27983976,49069842.1664377
2026-09,desktop,j+l,2026-11-08,49684257.340912744,49055013.835758105
2026-09,desktop,j+l,2026-11-09,49767816.50085125,49128085.60394403
2026-09,desktop,j+l,2026-11-10,49764812.17950293,49114593.89084313
2026-09,desktop,j+l,2026-11-11,49709686.562684454,49048980.88227208
2026-09,desktop,j+l,2026-11-12,49722146.661288194,49050953.58912325
2026-09,desktop,j+l,2026-11-13,49733172.15133666,49051491.68741914
2026-09,desktop,j+l,2026-11-14,49748231.1888509,49056063.3331808
2026-09,desktop,j+l,2026-11-15,49753412.815033,49050757.56761032
2026-09,desktop,j+l,2026-11-16,49779772.5666799,49066629.927504644
2026-09,desktop,j+l,2026-11-17,49840369.7942736,49116739.76334576
2026-09,desktop,j+l,2026-11-18,49876733.273969844,49142615.85128943
2026-09,desktop,j+l,2026-11-19,49910612.22005959,49166007.4056266
2026-09,desktop,j+l,2026-11-20,49897732.5066366,49142640.30045103
2026-09,desktop,j+l,2026-11-21,49918115.623776905,49152536.02583876
2026-09,desktop,j+l,2026-11-22,49938131.63749992,49162064.6478092
2026-09,desktop,j+l,2026-11-23,49946690.26126708,49160135.87982378
2026-09,desktop,j+l,2026-11-24,49975109.62424535,49178067.851049475
2026-09,desktop,j+l,2026-11-25,49999698.4881615,49192169.32321304
2026-09,desktop,j+l,2026-11-26,49957096.965816304,49139080.40911527
2026-09,desktop,j+l,2026-11-27,49896049.123474084,49067545.17502048
2026-09,desktop,j+l,2026-11-28,49916031.68660124,49077040.34639505
2026-09,desktop,j+l,2026-11-29,50031035.845232256,49181557.113273494
2026-09,desktop,j+l,2026-11-30,50099833.749958046,49239867.626246706
2026-09,desktop,j+l,2026-12-01,50138812.004297085,49268358.48883317
2026-09,desktop,j+l,2026-12-02,50169823.777162865,49288882.86994637
2026-09,desktop,j+l,2026-12-03,50186408.35872839,49294980.05975931
2026-09,desktop,j+l,2026-12-04,50206156.18321995,49304240.4924983
2026-09,desktop,j+l,2026-12-05,50222289.368321486,49309886.28584726
2026-09,desktop,j+l,2026-12-06,50244690.749781765,49321800.27555496
2026-09,desktop,j+l,2026-12-07,50268189.84170521,49334811.97572583
2026-09,desktop,j+l,2026-12-08,50274477.006624736,49330611.74889278
2026-09,desktop,j+l,2026-12-09,50335538.467168435,49381185.8176839
2026-09,desktop,j+l,2026-12-10,50330030.98882616,49365190.94758905
2026-09,desktop,j+l,2026-12-11,50319766.17415766,49344438.74116796
2026-09,desktop,j+l,2026-12-12,50302450.9390913,49316636.11434904
2026-09,desktop,j+l,2026-12-13,50299220.22216004,49302918.0056652
2026-09,desktop,j+l,2026-12-14,50287806.64343645,49281017.035189025
2026-09,desktop,j+l,2026-12-15,50249914.522292696,49232637.522292696
2026-09,desktop,j+l,2026-12-16,50208103.482766226,49190826.482766226
2026-09,desktop,j+l,2026-12-17,50165451.77721474,49148174.77721474
2026-09,desktop,j+l,2026-12-18,50166872.46973347,49149595.46973347
2026-09,desktop,j+l,2026-12-19,50118799.43306706,49101522.43306706
2026-09,desktop,j+l,2026-12-20,50052074.95303266,49034797.95303266
2026-09,desktop,j+l,2026-12-21,49871941.40600791,48854664.40600791
2026-09,desktop,j+l,2026-12-22,49680948.258705966,48663671.258705966
2026-09,desktop,j+l,2026-12-23,49443471.80580829,48426194.80580829
2026-09,desktop,j+l,2026-12-24,48986370.559439085,47969093.559439085
2026-09,desktop,j+l,2026-12-25,48256139.2682912,47238862.2682912
2026-09,desktop,j+l,2026-12-26,47935387.72330638,46918110.72330638
2026-09,desktop,j+l,2026-12-27,47695616.3905902,46678339.3905902
2026-09,desktop,j+l,2026-12-28,47195130.27621918,46177853.27621918
2026-09,desktop,j+l,2026-12-29,46853386.75002386,45836109.75002386
2026-09,desktop,j+l,2026-12-30,46481523.71762438,45464246.71762438
2026-09,desktop,j+l,2026-12-31,45852197.39058315,44834920.39058315
2026-09,desktop,j+l,2027-01-01,44885466.994727276,43868189.994727276
2026-09,desktop,j+l,2027-01-02,44635192.10272314,43617915.10272314
2026-09,desktop,j+l,2027-01-03,44492902.943435885,43475625.943435885
2026-09,desktop,j+l,2027-01-04,44286219.788136475,43268942.788136475
2026-09,desktop,j+l,2027-01-05,44147260.28924672,43129983.28924672
2026-09,desktop,j+l,2027-01-06,43967813.27158154,42950536.27158154
2026-09,desktop,j+l,2027-01-07,43880855.28455575,42863578.28455575
2026-09,desktop,j+l,2027-01-08,43838682.824078485,42821405.824078485
2026-09,desktop,j+l,2027-01-09,43824120.05431448,42806843.05431448
2026-09,desktop,j+l,2027-01-10,43812213.08946564,42794936.08946564
2026-09,desktop,j+l,2027-01-11,43784249.491067514,42766972.491067514
2026-09,desktop,j+l,2027-01-12,43792098.2721967,42774821.2721967
2026-09,desktop,j+l,2027-01-13,43796239.64011372,42778962.64011372
2026-09,desktop,j+l,2027-01-14,43791104.2485177,42773827.2485177
2026-09,desktop,j+l,2027-01-15,43793870.87161846,42776593.87161846
2026-09,desktop,j+l,2027-01-16,43827961.67140102,42810684.67140102
2026-09,desktop,j+l,2027-01-17,43883746.03142532,42866469.03142532
2026-09,desktop,j+l,2027-01-18,44022121.489557445,43004844.489557445
2026-09,desktop,j+l,2027-01-19,44205384.50100101,43188107.50100101
2026-09,desktop,j+l,2027-01-20,44454895.56608157,43437618.56608157
2026-09,desktop,j+l,2027-01-21,44985963.10060867,43968686.10060867
2026-09,desktop,j+l,2027-01-22,45806294.59260241,44789017.59260241
2026-09,desktop,j+l,2027-01-23,46135306.67650159,45118029.67650159
2026-09,desktop,j+l,2027-01-24,46372219.77868086,45354942.77868086
2026-09,desktop,j+l,2027-01-25,46865621.02992997,45848344.02992997
2026-09,desktop,j+l,2027-01-26,47171198.62139316,46153921.62139316
2026-09,desktop,j+l,2027-01-27,47542594.950849175,46525317.950849175
2026-09,desktop,j+l,2027-01-28,48167708.35754581,47150431.35754581
2026-09,desktop,j+l,2027-01-29,49132337.84921042,48115060.84921042
2026-09,desktop,j+l,2027-01-30,49382188.89586807,48364911.89586807
2026-09,desktop,j+l,2027-01-31,49520435.028637715,48503158.028637715
2026-09,desktop,j+l,2027-02-01,49708201.466285154,48690924.466285154
2026-09,desktop,j+l,2027-02-02,49842039.17148521,48824762.17148521
2026-09,desktop,j+l,2027-02-03,49999445.187547326,48982168.187547326
2026-09,desktop,j+l,2027-02-04,50023685.04841476,49006408.04841476
2026-09,desktop,j+l,2027-02-05,49973907.18083407,48956630.18083407
2026-09,desktop,j+l,2027-02-06,49913078.989371106,48895801.989371106
2026-09,desktop,j+l,2027-02-07,49872299.41793164,48855022.41793164
2026-09,desktop,j+l,2027-02-08,49716027.71526088,48698750.71526088
2026-09,desktop,j+l,2027-02-09,49560039.16403805,48542762.16403805
2026-09,desktop,j+l,2027-02-10,49462279.760647155,48445002.760647155
2026-09,desktop,j+l,2027-02-11,49387872.48668488,48370595.48668488
2026-09,desktop,j+l,2027-02-12,49339091.67439974,48321814.67439974
2026-09,desktop,j+l,2027-02-13,49303536.5686437,48286259.5686437
2026-09,desktop,j+l,2027-02-14,49269521.354611106,48252244.354611106
2026-09,desktop,j+l,2027-02-15,49202615.73037057,48185338.73037057
2026-09,desktop,j+l,2027-02-16,49131189.81022881,48113912.81022881
2026-09,desktop,j+l,2027-02-17,49062075.79456048,48044798.79456048
2026-09,desktop,j+l,2027-02-18,48998561.095682636,47981284.095682636
2026-09,desktop,j+l,2027-02-19,48955166.229851484,47937889.229851484
2026-09,desktop,j+l,2027-02-20,48934425.935325205,47917148.935325205
2026-09,desktop,j+l,2027-02-21,48904843.428406514,47887566.428406514
2026-09,desktop,j+l,2027-02-22,48859866.70821856,47842589.70821856
2026-09,desktop,j+l,2027-02-23,48826629.48264699,47809352.48264699
2026-09,desktop,j+l,2027-02-24,48781545.01508584,47764268.01508584
2026-09,desktop,j+l,2027-02-25,48749341.81164425,47732064.81164425
2026-09,desktop,j+l,2027-02-26,48725047.72891698,47707770.72891698
2026-09,desktop,j+l,2027-02-27,48704123.421933636,47686846.421933636
2026-09,desktop,j+l,2027-02-28,48677583.13539576,47660306.13539576
2026-09,desktop,j+l,2027-03-01,48687238.4772052,47669961.4772052
2026-09,desktop,j+l,2027-03-02,48692917.18193489,47675640.18193489
2026-09,desktop,j+l,2027-03-03,48696994.00222446,47679717.00222446
2026-09,desktop,j+l,2027-03-04,48742187.19774877,47724910.19774877
2026-09,desktop,j+l,2027-03-05,48810498.26884394,47793221.26884394
2026-09,desktop,j+l,2027-03-06,48855156.332634516,47837879.332634516
2026-09,desktop,j+l,2027-03-07,48886097.03078137,47868820.03078137
2026-09,desktop,j+l,2027-03-08,48995517.2097675,47978240.2097675
2026-09,desktop,j+l,2027-03-09,49067710.16114994,48050433.16114994
2026-09,desktop,j+l,2027-03-10,49109822.32686734,48092545.32686734
2026-09,desktop,j+l,2027-03-11,49151053.783342965,48133776.783342965
2026-09,desktop,j+l,2027-03-12,49163135.68880252,48145858.68880252
2026-09,desktop,j+l,2027-03-13,49171676.4452505,48154399.4452505
2026-09,desktop,j+l,2027-03-14,49181466.49775655,48164189.49775655
2026-09,desktop,j+l,2027-03-15,49234856.25111327,48217579.25111327
2026-09,desktop,j+l,2027-03-16,49258848.27844467,48241571.27844467
2026-09,desktop,j+l,2027-03-17,49272773.94653986,48255496.94653986
2026-09,desktop,j+l,2027-03-18,49278759.61050828,48261482.61050828
2026-09,desktop,j+l,2027-03-19,49270866.689484075,48253589.689484075
2026-09,desktop,j+l,2027-03-20,49248015.356932245,48230738.356932245
2026-09,desktop,j+l,2027-03-21,49201944.254845075,48184667.254845075
2026-09,desktop,j+l,2027-03-22,49068659.24257399,48051382.24257399
2026-09,desktop,j+l,2027-03-23,49011055.998630546,47993778.998630546
2026-09,desktop,j+l,2027-03-24,48909983.45287339,47892706.45287339
2026-09,desktop,j+l,2027-03-25,48712163.745996885,47694886.745996885
2026-09,desktop,j+l,2027-03-26,48242148.85520534,47224871.85520534
2026-09,desktop,j+l,2027-03-27,48117561.58519946,47100284.58519946
2026-09,desktop,j+l,2027-03-28,47976369.804445244,46959092.804445244
2026-09,desktop,j+l,2027-03-29,47495578.498220555,46478301.498220555
2026-09,desktop,j+l,2027-03-30,47415327.395998284,46398050.395998284
2026-09,desktop,j+l,2027-03-31,47351431.12326211,46334154.12326211
2026-09,desktop,j+l,2027-04-01,47282400.68286125,46265123.68286125
2026-09,desktop,j+l,2027-04-02,47230448.56522053,46213171.56522053
2026-09,desktop,j+l,2027-04-03,47229558.63393998,46212281.63393998
2026-09,desktop,j+l,2027-04-04,47226152.68080556,46208875.68080556
2026-09,desktop,j+l,2027-04-05,47253988.87948346,46236711.87948346
2026-09,desktop,j+l,2027-04-06,47300268.285210766,46282991.285210766
2026-09,desktop,j+l,2027-04-07,47328152.04397088,46310875.04397088
2026-09,desktop,j+l,2027-04-08,47341815.450769916,46324538.450769916
2026-09,desktop,j+l,2027-04-09,47355108.17313929,46337831.17313929
2026-09,desktop,j+l,2027-04-10,47354960.56366206,46337683.56366206
2026-09,desktop,j+l,2027-04-11,47345075.01662324,46327798.01662324
2026-09,desktop,j+l,2027-04-12,47358812.09726281,46341535.09726281
2026-09,desktop,j+l,2027-04-13,47343174.45808192,46325897.45808192
2026-09,desktop,j+l,2027-04-14,47328799.491768695,46311522.491768695
2026-09,desktop,j+l,2027-04-15,47315610.759883285,46298333.759883285
2026-09,desktop,j+l,2027-04-16,47302719.58881529,46285442.58881529
2026-09,desktop,j+l,2027-04-17,47311757.09853379,46294480.09853379
2026-09,desktop,j+l,2027-04-18,47338163.87529478,46320886.87529478
2026-09,desktop,j+l,2027-04-19,47444875.924618535,46427598.924618535
2026-09,desktop,j+l,2027-04-20,47483676.7572798,46466399.7572798
2026-09,desktop,j+l,2027-04-21,47524153.56963753,46506876.56963753
2026-09,desktop,j+l,2027-04-22,47677597.757489994,46660320.757489994
2026-09,desktop,j+l,2027-04-23,48095868.534503415,47078591.534503415
2026-09,desktop,j+l,2027-04-24,48188450.11204783,47171173.11204783
2026-09,desktop,j+l,2027-04-25,48303805.62188952,47286528.62188952
2026-09,desktop,j+l,2027-04-26,48706777.26557128,47689500.26557128
2026-09,desktop,j+l,2027-04-27,48719110.40259319,47701833.40259319
2026-09,desktop,j+l,2027-04-28,48702423.49405853,47685146.49405853
2026-09,desktop,j+l,2027-04-29,48673478.233032,47656201.233032
2026-09,desktop,j+l,2027-04-30,48570490.11381715,47553213.11381715
2026-09,desktop,j+l,2027-05-01,48121267.89428731,47103990.89428731
2026-09,desktop,j+l,2027-05-02,47976685.43489675,46959408.43489675
2026-09,desktop,j+l,2027-05-03,47740032.39241522,46722755.39241522
2026-09,desktop,j+l,2027-05-04,47619273.33790245,46601996.33790245
2026-09,desktop,j+l,2027-05-05,47482803.61576517,46465526.61576517
2026-09,desktop,j+l,2027-05-06,47156908.174458854,46139631.174458854
2026-09,desktop,j+l,2027-05-07,46970788.04206706,45953511.04206706
2026-09,desktop,j+l,2027-05-08,46902413.587752536,45885136.587752536
2026-09,desktop,j+l,2027-05-09,46854921.86910548,45837644.86910548
2026-09,desktop,j+l,2027-05-10,46746200.83064356,45728923.83064356
2026-09,desktop,j+l,2027-05-11,46682462.257947035,45665185.257947035
2026-09,desktop,j+l,2027-05-12,46622870.54985298,45605593.54985298
2026-09,desktop,j+l,2027-05-13,46571765.561379686,45554488.561379686
2026-09,desktop,j+l,2027-05-14,46502685.22791315,45485408.22791315
2026-09,desktop,j+l,2027-05-15,46432503.096780896,45415226.096780896
2026-09,desktop,j+l,2027-05-16,46295198.91113425,45277921.91113425
2026-09,desktop,j+l,2027-05-17,45942898.430358805,44925621.430358805
2026-09,desktop,j+l,2027-05-18,45907634.65229911,44890357.65229911
2026-09,desktop,j+l,2027-05-19,45892558.69857105,44875281.69857105
2026-09,desktop,j+l,2027-05-20,45818481.29743004,44801204.29743004
2026-09,desktop,j+l,2027-05-21,45786783.519151025,44769506.519151025
2026-09,desktop,j+l,2027-05-22,45760505.886543736,44743228.886543736
2026-09,desktop,j+l,2027-05-23,45737171.75434873,44719894.75434873
2026-09,desktop,j+l,2027-05-24,45686707.628417,44669430.628417
2026-09,desktop,j+l,2027-05-25,45680429.115510985,44663152.115510985
2026-09,desktop,j+l,2027-05-26,45683121.776129365,44665844.776129365
2026-09,desktop,j+l,2027-05-27,45551992.79343836,44534715.79343836
2026-09,desktop,j+l,2027-05-28,45567534.41511174,44550257.41511174
2026-09,desktop,j+l,2027-05-29,45979237.70799029,44961960.70799029
2026-09,desktop,j+l,2027-05-30,46077823.039353795,45060546.039353795
2026-09,desktop,j+l,2027-05-31,46144300.51610269,45127023.51610269
2026-09,desktop,j+l,2027-06-01,46198213.51721746,45180936.51721746
2026-09,desktop,j+l,2027-06-02,46277337.68001358,45260060.68001358
2026-09,desktop,j+l,2027-06-03,46557858.036167264,45540581.036167264
2026-09,desktop,j+l,2027-06-04,46702439.709176995,45685162.709176995
2026-09,desktop,j+l,2027-06-05,46723872.26241766,45706595.26241766
2026-09,desktop,j+l,2027-06-06,46738853.439292476,45721576.439292476
2026-09,desktop,j+l,2027-06-07,46797555.271622874,45780278.271622874
2026-09,desktop,j+l,2027-06-08,46825762.16529147,45808485.16529147
2026-09,desktop,j+l,2027-06-09,46807797.4465736,45790520.4465736
2026-09,desktop,j+l,2027-06-10,46819007.66534657,45801730.66534657
2026-09,desktop,j+l,2027-06-11,46850594.44096869,45833317.44096869
2026-09,desktop,j+l,2027-06-12,46886656.84857333,45869379.84857333
2026-09,desktop,j+l,2027-06-13,46997531.17366231,45980254.17366231
2026-09,desktop,j+l,2027-06-14,47282034.97039085,46264757.97039085
2026-09,desktop,j+l,2027-06-15,47255310.64372904,46238033.64372904
2026-09,desktop,j+l,2027-06-16,47245379.606949344,46228102.606949344
2026-09,desktop,j+l,2027-06-17,47262898.432541534,46245621.432541534
2026-09,desktop,j+l,2027-06-18,47223873.617758386,46206596.617758386
2026-09,desktop,j+l,2027-06-19,47198308.714884266,46181031.714884266
2026-09,desktop,j+l,2027-06-20,47182362.05758236,46165085.05758236
2026-09,desktop,j+l,2027-06-21,47171741.10174943,46154464.10174943
2026-09,desktop,j+l,2027-06-22,47134431.3028254,46117154.3028254
2026-09,desktop,j+l,2027-06-23,47093817.44760925,46076540.44760925
2026-09,desktop,j+l,2027-06-24,47209112.877194226,46191835.877194226
2026-09,desktop,j+l,2027-06-25,47258561.97251773,46241284.97251773
2026-09,desktop,j+l,2027-06-26,47249106.478971615,46231829.478971615
2026-09,desktop,j+l,2027-06-27,47242463.733567975,46225186.733567975
2026-09,desktop,j+l,2027-06-28,47329651.94521792,46312374.94521792
2026-09,desktop,j+l,2027-06-29,47295513.01013569,46278236.01013569
2026-09,desktop,j+l,2027-06-30,47234313.857274435,46217036.857274435
2026-09,desktop,j+l,2027-07-01,47161293.338271044,46144016.338271044
2026-09,desktop,j+l,2027-07-02,47099843.3368096,46082566.3368096
2026-09,desktop,j+l,2027-07-03,47060465.72240696,46043188.72240696
2026-09,desktop,j+l,2027-07-04,46988745.699392274,45971468.699392274
2026-09,desktop,j+l,2027-07-05,46795427.88618027,45778150.88618027
2026-09,desktop,j+l,2027-07-06,46679316.51113609,45662039.51113609
2026-09,desktop,j+l,2027-07-07,46618922.93266249,45601645.93266249
2026-09,desktop,j+l,2027-07-08,46524578.33097481,45507301.33097481
2026-09,desktop,j+l,2027-07-09,46425654.74361136,45408377.74361136
2026-09,desktop,j+l,2027-07-10,46373208.37075772,45355931.37075772
2026-09,desktop,j+l,2027-07-11,46321899.84538935,45304622.84538935
2026-09,desktop,j+l,2027-07-12,46253220.0818826,45235943.0818826
2026-09,desktop,j+l,2027-07-13,46179443.09937171,45162166.09937171
2026-09,desktop,j+l,2027-07-14,46071797.467360534,45054520.467360534
2026-09,desktop,j+l,2027-07-15,45994627.88957763,44977350.88957763
2026-09,desktop,j+l,2027-07-16,45936451.78262973,44919174.78262973
2026-09,desktop,j+l,2027-07-17,45893085.4309914,44875808.4309914
2026-09,desktop,j+l,2027-07-18,45849903.110616304,44832626.110616304
2026-09,desktop,j+l,2027-07-19,45779483.62872795,44762206.62872795
2026-09,desktop,j+l,2027-07-20,45700540.04857161,44683263.04857161
2026-09,desktop,j+l,2027-07-21,45628011.855414756,44610734.855414756
2026-09,desktop,j+l,2027-07-22,45552394.76086264,44535117.76086264
2026-09,desktop,j+l,2027-07-23,45474284.446505226,44457007.446505226
2026-09,desktop,j+l,2027-07-24,45401793.76523411,44384516.76523411
2026-09,desktop,j+l,2027-07-25,45344112.05349256,44326835.05349256
2026-09,desktop,j+l,2027-07-26,45270847.58387178,44253570.58387178
2026-09,desktop,j+l,2027-07-27,45192814.68116987,44175537.68116987
2026-09,desktop,j+l,2027-07-28,45125137.65286965,44107860.65286965
2026-09,desktop,j+l,2027-07-29,45060870.52186595,44043593.52186595
2026-09,desktop,j+l,2027-07-30,44991267.44689665,43973990.44689665
2026-09,desktop,j+l,2027-07-31,44946809.02191072,43929532.02191072
2026-09,desktop,j+l,2027-08-01,44919756.15005545,43902479.15005545
2026-09,desktop,j+l,2027-08-02,44942793.64010403,43925516.64010403
2026-09,desktop,j+l,2027-08-03,44900868.17789476,43883591.17789476
2026-09,desktop,j+l,2027-08-04,44847213.05329744,43829936.05329744
2026-09,desktop,j+l,2027-08-05,44800074.079010606,43782797.079010606
2026-09,desktop,j+l,2027-08-06,44759341.25905075,43742064.25905075
2026-09,desktop,j+l,2027-08-07,44720767.89708375,43703490.89708375
2026-09,desktop,j+l,2027-08-08,44680036.44687785,43662759.44687785
2026-09,desktop,j+l,2027-08-09,44625989.81372751,43608712.81372751
2026-09,desktop,j+l,2027-08-10,44540409.79155802,43523132.79155802
2026-09,desktop,j+l,2027-08-11,44478830.7206003,43461553.7206003
2026-09,desktop,j+l,2027-08-12,44387146.29712958,43369869.29712958
2026-09,desktop,j+l,2027-08-13,44299024.13413052,43281747.13413052
2026-09,desktop,j+l,2027-08-14,44217793.301821716,43200516.301821716
2026-09,desktop,j+l,2027-08-15,44100984.64957452,43083707.64957452
2026-09,desktop,j+l,2027-08-16,44034342.38262721,43017065.38262721
2026-09,desktop,j+l,2027-08-17,43948630.072261855,42931353.072261855
2026-09,desktop,j+l,2027-08-18,43899116.40271377,42881839.40271377
2026-09,desktop,j+l,2027-08-19,43852188.507339604,42834911.507339604
2026-09,desktop,j+l,2027-08-20,43825013.15056594,42807736.15056594
2026-09,desktop,j+l,2027-08-21,43839767.47522861,42822490.47522861
2026-09,desktop,j+l,2027-08-22,43843074.53010233,42825797.53010233
2026-09,desktop,j+l,2027-08-23,43851446.83456089,42834169.83456089
2026-09,desktop,j+l,2027-08-24,43873205.000781015,42855928.000781015
2026-09,desktop,j+l,2027-08-25,43895766.30312884,42878489.30312884
2026-09,desktop,j+l,2027-08-26,43934691.71452325,42917414.71452325
2026-09,desktop,j+l,2027-08-27,43975184.83473557,42957907.83473557
2026-09,desktop,j+l,2027-08-28,44013737.00895392,42996460.00895392
2026-09,desktop,j+l,2027-08-29,44071443.53642692,43054166.53642692
2026-09,desktop,j+l,2027-08-30,44175153.155397035,43157876.155397035
2026-09,desktop,j+l,2027-08-31,44252104.84251698,43234827.84251698
2026-09,desktop,j+l,2027-09-01,44337606.786725655,43320329.786725655
2026-09,desktop,j+l,2027-09-02,44422393.26202526,43405116.26202526
2026-09,desktop,j+l,2027-09-03,44510400.18177527,43493123.18177527
2026-09,desktop,j+l,2027-09-04,44560662.56948749,43543385.56948749
2026-09,desktop,j+l,2027-09-05,44626094.77403997,43608817.77403997
2026-09,desktop,j+l,2027-09-06,44613375.248552926,43596098.248552926
2026-09,desktop,j+l,2027-09-07,44733316.956903934,43716039.956903934
2026-09,desktop,j+l,2027-09-08,44878370.39827236,43861093.39827236
2026-09,desktop,j+l,2027-09-09,45048290.32230246,44031013.32230246
2026-09,desktop,j+l,2027-09-10,45217935.36150545,44200658.36150545
2026-09,desktop,j+l,2027-09-11,45362178.37429355,44344901.37429355
2026-09,desktop,j+l,2027-09-12,45542128.96839173,44524851.96839173
2026-09,desktop,j+l,2027-09-13,45718962.29985573,44701685.29985573
2026-09,desktop,j+l,2027-09-14,45875179.75426571,44857902.75426571
2026-09,desktop,j+l,2027-09-15,45969048.00463016,44951771.00463016
2026-09,desktop,j+l,2027-09-16,46104762.360245146,45087485.360245146
2026-09,desktop,j+l,2027-09-17,46217388.24415537,45200111.24415537
2026-09,desktop,j+l,2027-09-18,46289781.09015589,45272504.09015589
2026-09,desktop,j+l,2027-09-19,46360632.34390769,45343355.34390769
2026-09,desktop,j+l,2027-09-20,46453677.023105614,45436400.023105614
2026-09,desktop,j+l,2027-09-21,46561195.25024378,45543918.25024378
2026-09,desktop,j+l,2027-09-22,46669394.05319535,45652117.05319535
2026-09,desktop,j+l,2027-09-23,46769171.34364515,45751894.34364515
2026-09,desktop,j+l,2027-09-24,46852217.1403184,45834940.1403184
2026-09,desktop,j+l,2027-09-25,46910994.589817405,45893717.589817405
2026-09,desktop,j+l,2027-09-26,46957023.43261751,45939746.43261751
2026-09,desktop,j+l,2027-09-27,47004174.308696166,45986897.308696166
2026-09,desktop,j+l,2027-09-28,47056827.01919682,46039550.01919682
2026-09,desktop,j+l,2027-09-29,47082800.15971041,46065523.15971041
2026-09,desktop,j+l,2027-09-30,47073037.32804371,46055760.32804371
2026-09,desktop,j+l,2027-10-01,47027058.902559474,46009781.902559474
2026-09,desktop,j+l,2027-10-02,46990711.2661835,45973434.2661835
2026-09,desktop,j+l,2027-10-03,46941227.04015469,45923950.04015469
2026-09,desktop,j+l,2027-10-04,46954265.6266597,45936988.6266597
2026-09,desktop,j+l,2027-10-05,46875229.41631926,45857952.41631926
2026-09,desktop,j+l,2027-10-06,46755202.547014795,45737925.547014795
2026-09,desktop,j+l,2027-10-07,46621987.90147217,45604710.90147217
2026-09,desktop,j+l,2027-10-08,46485101.188328244,45467824.188328244
2026-09,desktop,j+l,2027-10-09,46410223.86544156,45392946.86544156
2026-09,desktop,j+l,2027-10-10,46374312.35378351,45357035.35378351
2026-09,desktop,j+l,2027-10-11,46188496.935626335,45171219.935626335
2026-09,desktop,j+l,2027-10-12,46063164.68690532,45045887.68690532
2026-09,desktop,j+l,2027-10-13,46017741.9758569,45000464.9758569
2026-09,desktop,j+l,2027-10-14,45973036.05283173,44955759.05283173
2026-09,desktop,j+l,2027-10-15,45953939.71725132,44936662.71725132
2026-09,desktop,j+l,2027-10-16,45945447.798748635,44928170.798748635
2026-09,desktop,j+l,2027-10-17,45945480.8050995,44928203.8050995
2026-09,desktop,j+l,2027-10-18,45953068.13435239,44935791.13435239
2026-09,desktop,j+l,2027-10-19,45952657.68802178,44935380.68802178
2026-09,desktop,j+l,2027-10-20,45956070.57625675,44938793.57625675
2026-09,desktop,j+l,2027-10-21,45961047.86534451,44943770.86534451
2026-09,desktop,j+l,2027-10-22,45972883.34634577,44955606.34634577
2026-09,desktop,j+l,2027-10-23,45972894.90206976,44955617.90206976
2026-09,desktop,j+l,2027-10-24,45977493.029949434,44960216.029949434
2026-09,desktop,j+l,2027-10-25,46000390.63062116,44983113.63062116
2026-09,desktop,j+l,2027-10-26,46029346.661921926,45012069.661921926
2026-09,desktop,j+l,2027-10-27,46055843.84853435,45038566.84853435
2026-09,desktop,j+l,2027-10-28,46090612.79339774,45073335.79339774
2026-09,desktop,j+l,2027-10-29,46130635.66535336,45113358.66535336
2026-09,desktop,j+l,2027-10-30,46190022.41483403,45172745.41483403
2026-09,desktop,j+l,2027-10-31,46229919.303717636,45212642.303717636
2026-09,desktop,j+l,2027-11-01,46180911.19261863,45163634.19261863
2026-09,desktop,j+l,2027-11-02,46282487.7961442,45265210.7961442
2026-09,desktop,j+l,2027-11-03,46443363.51251985,45426086.51251985
2026-09,desktop,j+l,2027-11-04,46592351.122753404,45575074.122753404
2026-09,desktop,j+l,2027-11-05,46768168.30767507,45750891.30767507
2026-09,desktop,j+l,2027-11-06,46865647.09883572,45848370.09883572
2026-09,desktop,j+l,2027-11-07,46928925.48400305,45911648.48400305
2026-09,desktop,j+l,2027-11-08,47156352.28414203,46139075.28414203
2026-09,desktop,j+l,2027-11-09,47336365.56523937,46319088.56523937
2026-09,desktop,j+l,2027-11-10,47472323.22149887,46455046.22149887
2026-09,desktop,j+l,2027-11-11,47496515.47862183,46479238.47862183
2026-09,desktop,j+l,2027-11-12,47551261.00221308,46533984.00221308
2026-09,desktop,j+l,2027-11-13,47587651.68363047,46570374.68363047
2026-09,desktop,j+l,2027-11-14,47607495.613419786,46590218.613419786
2026-09,desktop,j+l,2027-11-15,47593626.876501806,46576349.876501806
2026-09,desktop,j+l,2027-11-16,47620360.59792608,46603083.59792608
2026-09,desktop,j+l,2027-11-17,47655181.284262784,46637904.284262784
2026-09,desktop,j+l,2027-11-18,47672543.63201018,46655266.63201018
2026-09,desktop,j+l,2027-11-19,47696132.470575444,46678855.470575444
2026-09,desktop,j+l,2027-11-20,47699054.24152875,46681777.24152875
2026-09,desktop,j+l,2027-11-21,47710838.08117741,46693561.08117741
2026-09,desktop,j+l,2027-11-22,47726403.40024365,46709126.40024365
2026-09,desktop,j+l,2027-11-23,47735158.84626957,46717881.84626957
2026-09,desktop,j+l,2027-11-24,47767184.97749076,46749907.97749076
2026-09,desktop,j+l,2027-11-25,47754832.5890612,46737555.5890612
2026-09,desktop,j+l,2027-11-26,47755402.941018574,46738125.941018574
2026-09,desktop,j+l,2027-11-27,47783436.31101199,46766159.31101199
2026-09,desktop,j+l,2027-11-28,47849642.18510409,46832365.18510409
2026-09,desktop,j+l,2027-11-29,48088096.2925884,47070819.2925884
2026-09,desktop,j+l,2027-11-30,48159290.691318944,47142013.691318944
2026-09,desktop,j+l,2027-12-01,48185763.728872634,47168486.728872634
2026-09,desktop,j+l,2027-12-02,48229539.90719585,47212262.90719585
2026-09,desktop,j+l,2027-12-03,48229395.71996613,47212118.71996613
2026-09,desktop,j+l,2027-12-04,48233677.13959766,47216400.13959766
2026-09,desktop,j+l,2027-12-05,48234343.781635165,47217066.781635165
2026-09,desktop,j+l,2027-12-06,48235384.662594125,47218107.662594125
2026-09,desktop,j+l,2027-12-07,48238819.05753981,47221542.05753981
2026-09,desktop,j+l,2027-12-08,48212272.4415582,47194995.4415582
2026-09,desktop,j+l,2027-12-09,48277582.66629029,47260305.66629029
2026-09,desktop,j+l,2027-12-10,48271369.970559634,47254092.970559634
2026-09,desktop,j+l,2027-12-11,48246522.49139372,47229245.49139372
2026-09,desktop,j+l,2027-12-12,48235596.53901913,47218319.53901913
2026-09,desktop,j+l,2027-12-13,48269386.58939574,47252109.58939574
2026-09,desktop,j+l,2027-12-14,48239710.53473593,47222433.53473593
2026-09,desktop,j+l,2027-12-15,48201862.28685955,47184585.28685955
2026-09,desktop,j+l,2027-12-16,48164304.01244976,47147027.01244976
2026-09,desktop,j+l,2027-12-17,48126267.45228829,47108990.45228829
2026-09,desktop,j+l,2027-12-18,48108380.20643616,47091103.20643616
2026-09,desktop,j+l,2027-12-19,48053655.71683288,47036378.71683288
2026-09,desktop,j+l,2027-12-20,47891708.72768444,46874431.72768444
2026-09,desktop,j+l,2027-12-21,47726330.70103885,46709053.70103885
2026-09,desktop,j+l,2027-12-22,47500782.491817586,46483505.491817586
2026-09,desktop,j+l,2027-12-23,47207322.16158674,46190045.16158674
2026-09,desktop,j+l,2027-12-24,46545177.92331123,45527900.92331123
2026-09,desktop,j+l,2027-12-25,46055185.73141384,45037908.73141384
2026-09,desktop,j+l,2027-12-26,45725544.012368575,44708267.012368575
2026-09,desktop,j+l,2027-12-27,45228022.34533862,44210745.34533862
2026-09,desktop,j+l,2027-12-28,44963549.49208511,43946272.49208511
2026-09,desktop,j+l,2027-12-29,44685957.13060746,43668680.13060746
2026-09,desktop,j+l,2027-12-30,44361773.126693256,43344496.126693256
2026-09,desktop,j+l,2027-12-31,43820874.168762445,42803597.168762445
2026-09,desktop,j+o,2026-09-09,47325910.54632078,47325910.54632078
2026-09,desktop,j+o,2026-09-10,47511642.29854376,47501154.90679118
2026-09,desktop,j+o,2026-09-11,47671359.30573021,47650384.52222505
2026-09,desktop,j+o,2026-09-12,47790019.847733326,47758557.67247559
2026-09,desktop,j+o,2026-09-13,47864375.20251963,47822425.63550933
2026-09,desktop,j+o,2026-09-14,48041657.873037644,47989220.91427476
2026-09,desktop,j+o,2026-09-15,48188689.89503697,48125765.54452151
2026-09,desktop,j+o,2026-09-16,48307436.37577731,48234024.63350927
2026-09,desktop,j+o,2026-09-17,48436960.43359058,48353061.299569964
2026-09,desktop,j+o,2026-09-18,48541256.006581925,48446869.48080873
2026-09,desktop,j+o,2026-09-19,48588160.6303182,48483286.71279243
2026-09,desktop,j+o,2026-09-20,48642586.51276563,48527225.20348728
2026-09,desktop,j+o,2026-09-21,48741722.00193066,48615873.30089974
2026-09,desktop,j+o,2026-09-22,48897910.83886614,48761574.746082634
2026-09,desktop,j+o,2026-09-23,49031935.30957391,48885111.82503783
2026-09,desktop,j+o,2026-09-24,49146827.741368264,48989516.865079604
2026-09,desktop,j+o,2026-09-25,49261437.295808904,49093639.027767666
2026-09,desktop,j+o,2026-09-26,49309963.12329917,49131677.46350535
2026-09,desktop,j+o,2026-09-27,49363800.33714262,49175027.28559622
2026-09,desktop,j+o,2026-09-28,49402872.20789531,49203611.76459634
2026-09,desktop,j+o,2026-09-29,49439057.8683422,49229310.033290654
2026-09,desktop,j+o,2026-09-30,49428500.60860997,49208265.381805845
2026-09,desktop,j+o,2026-10-01,49431227.11726089,49200504.49870419
2026-09,desktop,j+o,2026-10-02,49419369.86946288,49178159.8591536
2026-09,desktop,j+o,2026-10-03,49446253.45456944,49194556.05250758
2026-09,desktop,j+o,2026-10-04,49471082.22810559,49208897.434291154
2026-09,desktop,j+o,2026-10-05,49560347.13949128,49287674.95392427
2026-09,desktop,j+o,2026-10-06,49564069.81495483,49280910.23763525
2026-09,desktop,j+o,2026-10-07,49568632.48636846,49274985.5172963
2026-09,desktop,j+o,2026-10-08,49573935.73204387,49269801.37121913
2026-09,desktop,j+o,2026-10-09,49596762.36020517,49282140.607627854
2026-09,desktop,j+o,2026-10-10,49608949.65113862,49283840.50680872
2026-09,desktop,j+o,2026-10-11,49627281.3510427,49291684.81496023
2026-09,desktop,j+o,2026-10-12,49566728.04223285,49220644.114397794
2026-09,desktop,j+o,2026-10-13,49576144.02625745,49219572.70666982
2026-09,desktop,j+o,2026-10-14,49604860.733213775,49237802.02187357
2026-09,desktop,j+o,2026-10-15,49623466.73781554,49245920.634722754
2026-09,desktop,j+o,2026-10-16,49636945.10336257,49248911.60851721
2026-09,desktop,j+o,2026-10-17,49644805.75152886,49246284.86493092
2026-09,desktop,j+o,2026-10-18,49651362.93646323,49242354.65811271
2026-09,desktop,j+o,2026-10-19,49654513.35955464,49235017.689451545
2026-09,desktop,j+o,2026-10-20,49628465.501714684,49198482.43985901
2026-09,desktop,j+o,2026-10-21,49628648.85062648,49188178.39701824
2026-09,desktop,j+o,2026-10-22,49629454.41471306,49178496.56935224
2026-09,desktop,j+o,2026-10-23,49635757.99206825,49174312.75495485
2026-09,desktop,j+o,2026-10-24,49632249.55444286,49160316.92557688
2026-09,desktop,j+o,2026-10-25,49631162.39932471,49148742.37870615
2026-09,desktop,j+o,2026-10-26,49617048.60282486,49124141.19045372
2026-09,desktop,j+o,2026-10-27,49619552.95255148,49116158.14842776
2026-09,desktop,j+o,2026-10-28,49617569.71638499,49103687.52050871
2026-09,desktop,j+o,2026-10-29,49638082.77167761,49113713.18404875
2026-09,desktop,j+o,2026-10-30,49698311.478512146,49163454.4991307
2026-09,desktop,j+o,2026-10-31,49717708.28942602,49172363.918292
2026-09,desktop,j+o,2026-11-01,49631001.52828352,49075169.76539692
2026-09,desktop,j+o,2026-11-02,49610808.05415142,49044488.899512246
2026-09,desktop,j+o,2026-11-03,49632409.99934185,49055603.4529501
2026-09,desktop,j+o,2026-11-04,49651799.49236543,49064505.55422109
2026-09,desktop,j+o,2026-11-05,49683979.00107294,49086197.67117604
2026-09,desktop,j+o,2026-11-06,49689208.43297774,49080939.71132826
2026-09,desktop,j+o,2026-11-07,49689638.662803136,49070882.549401075
2026-09,desktop,j+o,2026-11-08,49674265.15708331,49045021.65192867
2026-09,desktop,j+o,2026-11-09,49754821.019275345,49115090.12236813
2026-09,desktop,j+o,2026-11-10,49752440.99507411,49102222.70641431
2026-09,desktop,j+o,2026-11-11,49697768.70479709,49037063.024384715
2026-09,desktop,j+o,2026-11-12,49711369.23360721,49040176.161442265
2026-09,desktop,j+o,2026-11-13,49722756.220072195,49041075.75615467
2026-09,desktop,j+o,2026-11-14,49737543.293886974,49045375.43821687
2026-09,desktop,j+o,2026-11-15,49742370.28254219,49039715.03511951
2026-09,desktop,j+o,2026-11-16,49770048.52184751,49056905.88267225
2026-09,desktop,j+o,2026-11-17,49831992.19663404,49108362.1657062
2026-09,desktop,j+o,2026-11-18,49868519.29760458,49134401.87492417
2026-09,desktop,j+o,2026-11-19,49902948.462312,49158343.64787901
2026-09,desktop,j+o,2026-11-20,49890028.31118107,49134936.104995504
2026-09,desktop,j+o,2026-11-21,49910021.97017666,49144442.37223852
2026-09,desktop,j+o,2026-11-22,49930219.89952801,49154152.90983729
2026-09,desktop,j+o,2026-11-23,49941069.58841453,49154515.20697123
2026-09,desktop,j+o,2026-11-24,49971109.90838692,49174068.135191046
2026-09,desktop,j+o,2026-11-25,49997468.906837404,49189939.74188895
2026-09,desktop,j+o,2026-11-26,49954897.32521228,49136880.76851124
2026-09,desktop,j+o,2026-11-27,49893484.92256097,49064980.97410736
2026-09,desktop,j+o,2026-11-28,49913014.82625665,49074023.486050464
2026-09,desktop,j+o,2026-11-29,50028948.395429425,49179469.66347066
2026-09,desktop,j+o,2026-11-30,50101252.66861993,49241286.54490859
2026-09,desktop,j+o,2026-12-01,50142863.13477688,49272409.619312964
2026-09,desktop,j+o,2026-12-02,50176309.85786239,49295368.950645894
2026-09,desktop,j+o,2026-12-03,50195112.39001864,49303684.09104957
2026-09,desktop,j+o,2026-12-04,50216992.33293841,49315076.642216764
2026-09,desktop,j+o,2026-12-05,50233147.27788415,49320744.195409924
2026-09,desktop,j+o,2026-12-06,50256599.35583846,49333708.88161166
2026-09,desktop,j+o,2026-12-07,50283096.68840506,49349718.82242568
2026-09,desktop,j+o,2026-12-08,50290546.52657992,49346681.26884796
2026-09,desktop,j+o,2026-12-09,50354227.4443382,49399874.794853665
2026-09,desktop,j+o,2026-12-10,50350948.279212795,49386108.23797568
2026-09,desktop,j+o,2026-12-11,50343466.48019634,49368139.04720665
2026-09,desktop,j+o,2026-12-12,50327991.064767085,49342176.24002482
2026-09,desktop,j+o,2026-12-13,50327164.487176694,49330862.27068185
2026-09,desktop,j+o,2026-12-14,50319461.15853881,49312671.55029139
2026-09,desktop,j+o,2026-12-15,50284503.73784049,49267226.73784049
2026-09,desktop,j+o,2026-12-16,50246310.08416834,49229033.08416834
2026-09,desktop,j+o,2026-12-17,50207184.611737795,49189907.611737795
2026-09,desktop,j+o,2026-12-18,50212173.29315395,49194896.29315395
2026-09,desktop,j+o,2026-12-19,50166681.38941068,49149404.38941068
2026-09,desktop,j+o,2026-12-20,50101899.51225038,49084622.51225038
2026-09,desktop,j+o,2026-12-21,49926651.8811916,48909374.8811916
2026-09,desktop,j+o,2026-12-22,49739172.79286536,48721895.79286536
2026-09,desktop,j+o,2026-12-23,49505046.14417791,48487769.14417791
2026-09,desktop,j+o,2026-12-24,49051257.03874833,48033980.03874833
2026-09,desktop,j+o,2026-12-25,48323901.90321058,47306624.90321058
2026-09,desktop,j+o,2026-12-26,48004021.21872349,46986744.21872349
2026-09,desktop,j+o,2026-12-27,47766526.905361906,46749249.905361906
2026-09,desktop,j+o,2026-12-28,47270003.11256886,46252726.11256886
2026-09,desktop,j+o,2026-12-29,46931609.31107698,45914332.31107698
2026-09,desktop,j+o,2026-12-30,46563319.77118989,45546042.77118989
2026-09,desktop,j+o,2026-12-31,45936645.88711035,44919368.88711035
2026-09,desktop,j+o,2027-01-01,44985644.240747735,43968367.240747735
2026-09,desktop,j+o,2027-01-02,44738066.820817605,43720789.820817605
2026-09,desktop,j+o,2027-01-03,44605639.08607178,43588362.08607178
2026-09,desktop,j+o,2027-01-04,44412718.010308586,43395441.010308586
2026-09,desktop,j+o,2027-01-05,44274394.70372433,43257117.70372433
2026-09,desktop,j+o,2027-01-06,44094186.58151327,43076909.58151327
2026-09,desktop,j+o,2027-01-07,44007811.94108431,42990534.94108431
2026-09,desktop,j+o,2027-01-08,43965818.565065674,42948541.565065674
2026-09,desktop,j+o,2027-01-09,43950914.72512764,42933637.72512764
2026-09,desktop,j+o,2027-01-10,43948725.645963445,42931448.645963445
2026-09,desktop,j+o,2027-01-11,43932828.31669994,42915551.31669994
2026-09,desktop,j+o,2027-01-12,43940621.1506292,42923344.1506292
2026-09,desktop,j+o,2027-01-13,43944320.97498954,42927043.97498954
2026-09,desktop,j+o,2027-01-14,43937894.73048297,42920617.73048297
2026-09,desktop,j+o,2027-01-15,43939721.02695554,42922444.02695554
2026-09,desktop,j+o,2027-01-16,43972088.26725335,42954811.26725335
2026-09,desktop,j+o,2027-01-17,44036442.81264454,43019165.81264454
2026-09,desktop,j+o,2027-01-18,44183839.50349171,43166562.50349171
2026-09,desktop,j+o,2027-01-19,44363957.97844312,43346680.97844312
2026-09,desktop,j+o,2027-01-20,44609950.704335846,43592673.704335846
2026-09,desktop,j+o,2027-01-21,45138307.53280483,44121030.53280483
2026-09,desktop,j+o,2027-01-22,45956370.935892925,44939093.935892925
2026-09,desktop,j+o,2027-01-23,46284498.10211066,45267221.10211066
2026-09,desktop,j+o,2027-01-24,46529074.46968727,45511797.46968727
2026-09,desktop,j+o,2027-01-25,47028890.06121142,46011613.06121142
2026-09,desktop,j+o,2027-01-26,47329878.537161306,46312601.537161306
2026-09,desktop,j+o,2027-01-27,47695674.47408287,46678397.47408287
2026-09,desktop,j+o,2027-01-28,48315459.44861297,47298182.44861297
2026-09,desktop,j+o,2027-01-29,49262031.94802429,48244754.94802429
2026-09,desktop,j+o,2027-01-30,49507781.62227571,48490504.62227571
2026-09,desktop,j+o,2027-01-31,49645292.82132181,48628015.82132181
2026-09,desktop,j+o,2027-02-01,49832979.45835054,48815702.45835054
2026-09,desktop,j+o,2027-02-02,49968442.340062365,48951165.340062365
2026-09,desktop,j+o,2027-02-03,50128690.32309916,49111413.32309916
2026-09,desktop,j+o,2027-02-04,50161865.11542441,49144588.11542441
2026-09,desktop,j+o,2027-02-05,50124068.14331949,49106791.14331949
2026-09,desktop,j+o,2027-02-06,50069725.21035956,49052448.21035956
2026-09,desktop,j+o,2027-02-07,50033535.19020384,49016258.19020384
2026-09,desktop,j+o,2027-02-08,49888154.52499598,48870877.52499598
2026-09,desktop,j+o,2027-02-09,49743651.97935646,48726374.97935646
2026-09,desktop,j+o,2027-02-10,49657732.23917588,48640455.23917588
2026-09,desktop,j+o,2027-02-11,49593885.747465946,48576608.747465946
2026-09,desktop,j+o,2027-02-12,49554146.51068868,48536869.51068868
2026-09,desktop,j+o,2027-02-13,49520950.5357142,48503673.5357142
2026-09,desktop,j+o,2027-02-14,49487581.35917457,48470304.35917457
2026-09,desktop,j+o,2027-02-15,49426788.51284152,48409511.51284152
2026-09,desktop,j+o,2027-02-16,49359479.431699745,48342202.431699745
2026-09,desktop,j+o,2027-02-17,49294610.498603836,48277333.498603836
2026-09,desktop,j+o,2027-02-18,49233783.07735997,48216506.07735997
2026-09,desktop,j+o,2027-02-19,49189810.44386933,48172533.44386933
2026-09,desktop,j+o,2027-02-20,49166587.43569268,48149310.43569268
2026-09,desktop,j+o,2027-02-21,49135350.48416566,48118073.48416566
2026-09,desktop,j+o,2027-02-22,49087825.27537795,48070548.27537795
2026-09,desktop,j+o,2027-02-23,49051834.4441933,48034557.4441933
2026-09,desktop,j+o,2027-02-24,49004164.46470717,47986887.46470717
2026-09,desktop,j+o,2027-02-25,48966934.63745977,47949657.63745977
2026-09,desktop,j+o,2027-02-26,48936488.38960532,47919211.38960532
2026-09,desktop,j+o,2027-02-27,48911771.737922706,47894494.737922706
2026-09,desktop,j+o,2027-02-28,48880477.39661033,47863200.39661033
2026-09,desktop,j+o,2027-03-01,48880775.31603541,47863498.31603541
2026-09,desktop,j+o,2027-03-02,48876594.07244618,47859317.07244618
2026-09,desktop,j+o,2027-03-03,48869272.79623008,47851995.79623008
2026-09,desktop,j+o,2027-03-04,48894733.36099406,47877456.36099406
2026-09,desktop,j+o,2027-03-05,48941332.45702449,47924055.45702449
2026-09,desktop,j+o,2027-03-06,48973293.710739665,47956016.710739665
2026-09,desktop,j+o,2027-03-07,48993085.35431624,47975808.35431624
2026-09,desktop,j+o,2027-03-08,49080326.52116319,48063049.52116319
2026-09,desktop,j+o,2027-03-09,49131274.57517039,48113997.57517039
2026-09,desktop,j+o,2027-03-10,49151673.985707656,48134396.985707656
2026-09,desktop,j+o,2027-03-11,49173545.15759561,48156268.15759561
2026-09,desktop,j+o,2027-03-12,49166331.31423999,48149054.31423999
2026-09,desktop,j+o,2027-03-13,49166449.9700913,48149172.9700913
2026-09,desktop,j+o,2027-03-14,49169972.39407088,48152695.39407088
2026-09,desktop,j+o,2027-03-15,49207296.939770594,48190019.939770594
2026-09,desktop,j+o,2027-03-16,49218004.86401855,48200727.86401855
2026-09,desktop,j+o,2027-03-17,49219305.83748274,48202028.83748274
2026-09,desktop,j+o,2027-03-18,49213451.93130529,48196174.93130529
2026-09,desktop,j+o,2027-03-19,49197443.89338005,48180166.89338005
2026-09,desktop,j+o,2027-03-20,49169608.735558696,48152331.735558696
2026-09,desktop,j+o,2027-03-21,49118691.97219376,48101414.97219376
2026-09,desktop,j+o,2027-03-22,48978523.34088087,47961246.34088087
2026-09,desktop,j+o,2027-03-23,48913497.0567212,47896220.0567212
2026-09,desktop,j+o,2027-03-24,48806493.55386642,47789216.55386642
2026-09,desktop,j+o,2027-03-25,48605119.27312852,47587842.27312852
2026-09,desktop,j+o,2027-03-26,48130737.48742964,47113460.48742964
2026-09,desktop,j+o,2027-03-27,48002378.75539713,46985101.75539713
2026-09,desktop,j+o,2027-03-28,47859200.44180987,46841923.44180987
2026-09,desktop,j+o,2027-03-29,47373892.07411594,46356615.07411594
2026-09,desktop,j+o,2027-03-30,47290028.024579786,46272751.024579786
2026-09,desktop,j+o,2027-03-31,47222000.13357777,46204723.13357777
2026-09,desktop,j+o,2027-04-01,47149162.92955019,46131885.92955019
2026-09,desktop,j+o,2027-04-02,47094329.85064488,46077052.85064488
2026-09,desktop,j+o,2027-04-03,47091590.67152699,46074313.67152699
2026-09,desktop,j+o,2027-04-04,47087233.19638304,46069956.19638304
2026-09,desktop,j+o,2027-04-05,47118087.56302265,46100810.56302265
2026-09,desktop,j+o,2027-04-06,47162654.807715714,46145377.807715714
2026-09,desktop,j+o,2027-04-07,47188060.189795114,46170783.189795114
2026-09,desktop,j+o,2027-04-08,47198203.427246414,46180926.427246414
2026-09,desktop,j+o,2027-04-09,47210153.926802896,46192876.926802896
2026-09,desktop,j+o,2027-04-10,47207545.91583375,46190268.91583375
2026-09,desktop,j+o,2027-04-11,47195171.25306129,46177894.25306129
2026-09,desktop,j+o,2027-04-12,47204615.28618403,46187338.28618403
2026-09,desktop,j+o,2027-04-13,47184838.76975121,46167561.76975121
2026-09,desktop,j+o,2027-04-14,47165779.85992538,46148502.85992538
2026-09,desktop,j+o,2027-04-15,47148611.47722844,46131334.47722844
2026-09,desktop,j+o,2027-04-16,47131515.664734386,46114238.664734386
2026-09,desktop,j+o,2027-04-17,47138734.06734557,46121457.06734557
2026-09,desktop,j+o,2027-04-18,47163139.48998595,46145862.48998595
2026-09,desktop,j+o,2027-04-19,47266342.58972796,46249065.58972796
2026-09,desktop,j+o,2027-04-20,47300947.91748584,46283670.91748584
2026-09,desktop,j+o,2027-04-21,47335510.90712048,46318233.90712048
2026-09,desktop,j+o,2027-04-22,47484626.19473984,46467349.19473984
2026-09,desktop,j+o,2027-04-23,47900647.81676386,46883370.81676386
2026-09,desktop,j+o,2027-04-24,47991920.75276445,46974643.75276445
2026-09,desktop,j+o,2027-04-25,48104748.24868689,47087471.24868689
2026-09,desktop,j+o,2027-04-26,48505972.537562884,47488695.537562884
2026-09,desktop,j+o,2027-04-27,48516505.21373592,47499228.21373592
2026-09,desktop,j+o,2027-04-28,48497814.783211194,47480537.783211194
2026-09,desktop,j+o,2027-04-29,48471780.763259515,47454503.763259515
2026-09,desktop,j+o,2027-04-30,48375622.91279726,47358345.91279726
2026-09,desktop,j+o,2027-05-01,47941143.177480765,46923866.177480765
2026-09,desktop,j+o,2027-05-02,47804433.303534456,46787156.303534456
2026-09,desktop,j+o,2027-05-03,47589415.246763356,46572138.246763356
2026-09,desktop,j+o,2027-05-04,47490454.13779872,46473177.13779872
2026-09,desktop,j+o,2027-05-05,47375195.705561094,46357918.705561094
2026-09,desktop,j+o,2027-05-06,47074257.56122399,46056980.56122399
2026-09,desktop,j+o,2027-05-07,46905622.14843685,45888345.14843685
2026-09,desktop,j+o,2027-05-08,46841845.15034083,45824568.15034083
2026-09,desktop,j+o,2027-05-09,46796990.972464785,45779713.972464785
2026-09,desktop,j+o,2027-05-10,46705179.93661697,45687902.93661697
2026-09,desktop,j+o,2027-05-11,46658465.74936577,45641188.74936577
2026-09,desktop,j+o,2027-05-12,46612776.54711845,45595499.54711845
2026-09,desktop,j+o,2027-05-13,46567731.00465757,45550454.00465757
2026-09,desktop,j+o,2027-05-14,46503433.80801427,45486156.80801427
2026-09,desktop,j+o,2027-05-15,46435765.28173275,45418488.28173275
2026-09,desktop,j+o,2027-05-16,46298171.247375384,45280894.247375384
2026-09,desktop,j+o,2027-05-17,45944946.68277768,44927669.68277768
2026-09,desktop,j+o,2027-05-18,45909966.101329386,44892689.101329386
2026-09,desktop,j+o,2027-05-19,45895189.235874936,44877912.235874936
2026-09,desktop,j+o,2027-05-20,45819121.46816442,44801844.46816442
2026-09,desktop,j+o,2027-05-21,45787238.221997455,44769961.221997455
2026-09,desktop,j+o,2027-05-22,45761623.283381425,44744346.283381425
2026-09,desktop,j+o,2027-05-23,45737279.76967072,44720002.76967072
2026-09,desktop,j+o,2027-05-24,45683844.28424625,44666567.28424625
2026-09,desktop,j+o,2027-05-25,45670447.35896655,44653170.35896655
2026-09,desktop,j+o,2027-05-26,45668274.7726341,44650997.7726341
2026-09,desktop,j+o,2027-05-27,45527473.52152097,44510196.52152097
2026-09,desktop,j+o,2027-05-28,45528197.81108207,44510920.81108207
2026-09,desktop,j+o,2027-05-29,45920680.479261465,44903403.479261465
2026-09,desktop,j+o,2027-05-30,46006228.471045904,44988951.471045904
2026-09,desktop,j+o,2027-05-31,46040905.08384993,45023628.08384993
2026-09,desktop,j+o,2027-06-01,46062775.4701287,45045498.4701287
2026-09,desktop,j+o,2027-06-02,46112444.418790065,45095167.418790065
2026-09,desktop,j+o,2027-06-03,46361028.55919246,45343751.55919246
2026-09,desktop,j+o,2027-06-04,46480049.982369386,45462772.982369386
2026-09,desktop,j+o,2027-06-05,46492047.55273942,45474770.55273942
2026-09,desktop,j+o,2027-06-06,46499176.277111344,45481899.277111344
2026-09,desktop,j+o,2027-06-07,46538262.87503866,45520985.87503866
2026-09,desktop,j+o,2027-06-08,46543860.1770913,45526583.1770913
2026-09,desktop,j+o,2027-06-09,46530775.439326115,45513498.439326115
2026-09,desktop,j+o,2027-06-10,46532124.26221156,45514847.26221156
2026-09,desktop,j+o,2027-06-11,46554451.38558488,45537174.38558488
2026-09,desktop,j+o,2027-06-12,46582157.32252817,45564880.32252817
2026-09,desktop,j+o,2027-06-13,46687202.854326315,45669925.854326315
2026-09,desktop,j+o,2027-06-14,46964902.36070907,45947625.36070907
2026-09,desktop,j+o,2027-06-15,46930080.03436861,45912803.03436861
2026-09,desktop,j+o,2027-06-16,46914177.068519354,45896900.068519354
2026-09,desktop,j+o,2027-06-17,46925843.568593465,45908566.568593465
2026-09,desktop,j+o,2027-06-18,46880980.11106352,45863703.11106352
2026-09,desktop,j+o,2027-06-19,46850105.29836805,45832828.29836805
2026-09,desktop,j+o,2027-06-20,46829716.226376556,45812439.226376556
2026-09,desktop,j+o,2027-06-21,46812936.80810998,45795659.80810998
2026-09,desktop,j+o,2027-06-22,46773176.14157444,45755899.14157444
2026-09,desktop,j+o,2027-06-23,46728539.034163274,45711262.034163274
2026-09,desktop,j+o,2027-06-24,46840251.07390099,45822974.07390099
2026-09,desktop,j+o,2027-06-25,46887391.53197291,45870114.53197291
2026-09,desktop,j+o,2027-06-26,46874522.61565156,45857245.61565156
2026-09,desktop,j+o,2027-06-27,46864698.8832415,45847421.8832415
2026-09,desktop,j+o,2027-06-28,46945866.196727,45928589.196727
2026-09,desktop,j+o,2027-06-29,46909476.75380515,45892199.75380515
2026-09,desktop,j+o,2027-06-30,46844095.175843276,45826818.175843276
2026-09,desktop,j+o,2027-07-01,46768996.758027926,45751719.758027926
2026-09,desktop,j+o,2027-07-02,46705712.69418479,45688435.69418479
2026-09,desktop,j+o,2027-07-03,46664485.81286808,45647208.81286808
2026-09,desktop,j+o,2027-07-04,46592435.44817691,45575158.44817691
2026-09,desktop,j+o,2027-07-05,46394189.39079673,45376912.39079673
2026-09,desktop,j+o,2027-07-06,46275289.1774267,45258012.1774267
2026-09,desktop,j+o,2027-07-07,46188363.07777151,45171086.07777151
2026-09,desktop,j+o,2027-07-08,46090955.00238579,45073678.00238579
2026-09,desktop,j+o,2027-07-09,45989996.23413878,44972719.23413878
2026-09,desktop,j+o,2027-07-10,45938244.36080483,44920967.36080483
2026-09,desktop,j+o,2027-07-11,45888121.031797335,44870844.031797335
2026-09,desktop,j+o,2027-07-12,45819865.68606403,44802588.68606403
2026-09,desktop,j+o,2027-07-13,45745095.66053097,44727818.66053097
2026-09,desktop,j+o,2027-07-14,45637529.00628946,44620252.00628946
2026-09,desktop,j+o,2027-07-15,45559969.66396542,44542692.66396542
2026-09,desktop,j+o,2027-07-16,45500702.92783085,44483425.92783085
2026-09,desktop,j+o,2027-07-17,45457356.84466034,44440079.84466034
2026-09,desktop,j+o,2027-07-18,45413848.50082338,44396571.50082338
2026-09,desktop,j+o,2027-07-19,45345221.323451065,44327944.323451065
2026-09,desktop,j+o,2027-07-20,45264402.26818716,44247125.26818716
2026-09,desktop,j+o,2027-07-21,45193757.537435904,44176480.537435904
2026-09,desktop,j+o,2027-07-22,45119789.4937558,44102512.4937558
2026-09,desktop,j+o,2027-07-23,45042205.088291705,44024928.088291705
2026-09,desktop,j+o,2027-07-24,44971485.44004259,43954208.44004259
2026-09,desktop,j+o,2027-07-25,44914852.665940225,43897575.665940225
2026-09,desktop,j+o,2027-07-26,44842784.506877355,43825507.506877355
2026-09,desktop,j+o,2027-07-27,44766600.40597023,43749323.40597023
2026-09,desktop,j+o,2027-07-28,44700514.2170349,43683237.2170349
2026-09,desktop,j+o,2027-07-29,44635766.370554335,43618489.370554335
2026-09,desktop,j+o,2027-07-30,44566227.02909937,43548950.02909937
2026-09,desktop,j+o,2027-07-31,44520505.925397836,43503228.925397836
2026-09,desktop,j+o,2027-08-01,44492682.86779918,43475405.86779918
2026-09,desktop,j+o,2027-08-02,44515202.00603121,43497925.00603121
2026-09,desktop,j+o,2027-08-03,44472382.64914545,43455105.64914545
2026-09,desktop,j+o,2027-08-04,44417571.269924834,43400294.269924834
2026-09,desktop,j+o,2027-08-05,44368858.87229194,43351581.87229194
2026-09,desktop,j+o,2027-08-06,44328093.60095727,43310816.60095727
2026-09,desktop,j+o,2027-08-07,44290326.19510351,43273049.19510351
2026-09,desktop,j+o,2027-08-08,44248218.086175725,43230941.086175725
2026-09,desktop,j+o,2027-08-09,44193760.1737539,43176483.1737539
2026-09,desktop,j+o,2027-08-10,44111172.5756472,43093895.5756472
2026-09,desktop,j+o,2027-08-11,44048613.54355318,43031336.54355318
2026-09,desktop,j+o,2027-08-12,43958202.23393346,42940925.23393346
2026-09,desktop,j+o,2027-08-13,43870652.44150979,42853375.44150979
2026-09,desktop,j+o,2027-08-14,43786271.95934148,42768994.95934148
2026-09,desktop,j+o,2027-08-15,43669662.13609796,42652385.13609796
2026-09,desktop,j+o,2027-08-16,43599702.5735444,42582425.5735444
2026-09,desktop,j+o,2027-08-17,43515433.62569957,42498156.62569957
2026-09,desktop,j+o,2027-08-18,43463550.7618797,42446273.7618797
2026-09,desktop,j+o,2027-08-19,43414723.58030045,42397446.58030045
2026-09,desktop,j+o,2027-08-20,43387247.7394429,42369970.7394429
2026-09,desktop,j+o,2027-08-21,43399640.02142191,42382363.02142191
2026-09,desktop,j+o,2027-08-22,43402091.27679377,42384814.27679377
2026-09,desktop,j+o,2027-08-23,43411656.23361451,42394379.23361451
2026-09,desktop,j+o,2027-08-24,43429044.99704265,42411767.99704265
2026-09,desktop,j+o,2027-08-25,43447915.5365956,42430638.5365956
2026-09,desktop,j+o,2027-08-26,43483765.211846925,42466488.211846925
2026-09,desktop,j+o,2027-08-27,43521125.60715676,42503848.60715676
2026-09,desktop,j+o,2027-08-28,43558371.545502976,42541094.545502976
2026-09,desktop,j+o,2027-08-29,43614950.93710743,42597673.93710743
2026-09,desktop,j+o,2027-08-30,43716083.40386136,42698806.40386136
2026-09,desktop,j+o,2027-08-31,43788234.89818727,42770957.89818727
2026-09,desktop,j+o,2027-09-01,43870508.66556553,42853231.66556553
2026-09,desktop,j+o,2027-09-02,43949677.80123272,42932400.80123272
2026-09,desktop,j+o,2027-09-03,44032915.06461324,43015638.06461324
2026-09,desktop,j+o,2027-09-04,44078561.58943779,43061284.58943779
2026-09,desktop,j+o,2027-09-05,44142683.72562069,43125406.72562069
2026-09,desktop,j+o,2027-09-06,44127643.81404288,43110366.81404288
2026-09,desktop,j+o,2027-09-07,44241182.43766548,43223905.43766548
2026-09,desktop,j+o,2027-09-08,44381771.66282292,43364494.66282292
2026-09,desktop,j+o,2027-09-09,44547597.54647689,43530320.54647689
2026-09,desktop,j+o,2027-09-10,44714598.01253604,43697321.01253604
2026-09,desktop,j+o,2027-09-11,44860151.55536889,43842874.55536889
2026-09,desktop,j+o,2027-09-12,45041752.33321608,44024475.33321608
2026-09,desktop,j+o,2027-09-13,45222714.983682625,44205437.983682625
2026-09,desktop,j+o,2027-09-14,45396599.65047468,44379322.65047468
2026-09,desktop,j+o,2027-09-15,45531812.76954715,44514535.76954715
2026-09,desktop,j+o,2027-09-16,45672486.20426728,44655209.20426728
2026-09,desktop,j+o,2027-09-17,45784439.62522093,44767162.62522093
2026-09,desktop,j+o,2027-09-18,45855380.682113804,44838103.682113804
2026-09,desktop,j+o,2027-09-19,45926736.97351382,44909459.97351382
2026-09,desktop,j+o,2027-09-20,46014870.29107837,44997593.29107837
2026-09,desktop,j+o,2027-09-21,46118465.71849769,45101188.71849769
2026-09,desktop,j+o,2027-09-22,46224608.90739167,45207331.90739167
2026-09,desktop,j+o,2027-09-23,46319093.82060633,45301816.82060633
2026-09,desktop,j+o,2027-09-24,46401169.22362334,45383892.22362334
2026-09,desktop,j+o,2027-09-25,46461897.79716795,45444620.79716795
2026-09,desktop,j+o,2027-09-26,46508447.59241096,45491170.59241096
2026-09,desktop,j+o,2027-09-27,46579721.21255632,45562444.21255632
2026-09,desktop,j+o,2027-09-28,46658524.31326191,45641247.31326191
2026-09,desktop,j+o,2027-09-29,46712738.84760161,45695461.84760161
2026-09,desktop,j+o,2027-09-30,46757241.21617713,45739964.21617713
2026-09,desktop,j+o,2027-10-01,46789507.885376096,45772230.885376096
2026-09,desktop,j+o,2027-10-02,46803348.87321074,45786071.87321074
2026-09,desktop,j+o,2027-10-03,46803447.63930606,45786170.63930606
2026-09,desktop,j+o,2027-10-04,46940824.718648486,45923547.718648486
2026-09,desktop,j+o,2027-10-05,46989780.25582843,45972503.25582843
2026-09,desktop,j+o,2027-10-06,47005449.209879644,45988172.209879644
2026-09,desktop,j+o,2027-10-07,46999114.37400579,45981837.37400579
2026-09,desktop,j+o,2027-10-08,46976064.87809817,45958787.87809817
2026-09,desktop,j+o,2027-10-09,46957126.47706364,45939849.47706364
2026-09,desktop,j+o,2027-10-10,46953006.03456805,45935729.03456805
2026-09,desktop,j+o,2027-10-11,46871256.977319025,45853979.977319025
2026-09,desktop,j+o,2027-10-12,46834846.64661918,45817569.64661918
2026-09,desktop,j+o,2027-10-13,46836906.702143,45819629.702143
2026-09,desktop,j+o,2027-10-14,46840313.91379624,45823036.91379624
2026-09,desktop,j+o,2027-10-15,46856355.121159725,45839078.121159725
2026-09,desktop,j+o,2027-10-16,46865335.40845858,45848058.40845858
2026-09,desktop,j+o,2027-10-17,46872225.794106565,45854948.794106565
2026-09,desktop,j+o,2027-10-18,46898356.353809305,45881079.353809305
2026-09,desktop,j+o,2027-10-19,46905124.55178565,45887847.55178565
2026-09,desktop,j+o,2027-10-20,46914432.26806092,45897155.26806092
2026-09,desktop,j+o,2027-10-21,46921889.02164094,45904612.02164094
2026-09,desktop,j+o,2027-10-22,46933022.506614245,45915745.506614245
2026-09,desktop,j+o,2027-10-23,46930833.80309994,45913556.80309994
2026-09,desktop,j+o,2027-10-24,46933322.88366278,45916045.88366278
2026-09,desktop,j+o,2027-10-25,46930763.69952071,45913486.69952071
2026-09,desktop,j+o,2027-10-26,46931740.427269615,45914463.427269615
2026-09,desktop,j+o,2027-10-27,46930134.05147338,45912857.05147338
2026-09,desktop,j+o,2027-10-28,46913202.904836945,45895925.904836945
2026-09,desktop,j+o,2027-10-29,46874498.97752512,45857221.97752512
2026-09,desktop,j+o,2027-10-30,46881287.531533144,45864010.531533144
2026-09,desktop,j+o,2027-10-31,46870839.15557428,45853562.15557428
2026-09,desktop,j+o,2027-11-01,46693786.122943856,45676509.122943856
2026-09,desktop,j+o,2027-11-02,46667894.352545716,45650617.352545716
2026-09,desktop,j+o,2027-11-03,46692097.77535472,45674820.77535472
2026-09,desktop,j+o,2027-11-04,46713299.59478546,45696022.59478546
2026-09,desktop,j+o,2027-11-05,46773578.455976926,45756301.455976926
2026-09,desktop,j+o,2027-11-06,46813764.559443705,45796487.559443705
2026-09,desktop,j+o,2027-11-07,46841548.79196038,45824271.79196038
2026-09,desktop,j+o,2027-11-08,46958676.17135482,45941399.17135482
2026-09,desktop,j+o,2027-11-09,47029671.77800154,46012394.77800154
2026-09,desktop,j+o,2027-11-10,47072353.21817496,46055076.21817496
2026-09,desktop,j+o,2027-11-11,47036750.17678208,46019473.17678208
2026-09,desktop,j+o,2027-11-12,47054781.56530573,46037504.56530573
2026-09,desktop,j+o,2027-11-13,47075361.66557689,46058084.66557689
2026-09,desktop,j+o,2027-11-14,47086621.53300727,46069344.53300727
2026-09,desktop,j+o,2027-11-15,47053448.43835888,46036171.43835888
2026-09,desktop,j+o,2027-11-16,47072879.87411729,46055602.87411729
2026-09,desktop,j+o,2027-11-17,47100645.96575238,46083368.96575238
2026-09,desktop,j+o,2027-11-18,47120933.35331746,46103656.35331746
2026-09,desktop,j+o,2027-11-19,47146579.229211554,46129302.229211554
2026-09,desktop,j+o,2027-11-20,47150653.8482305,46133376.8482305
2026-09,desktop,j+o,2027-11-21,47165732.182509325,46148455.182509325
2026-09,desktop,j+o,2027-11-22,47180778.78859795,46163501.78859795
2026-09,desktop,j+o,2027-11-23,47192416.74389309,46175139.74389309
2026-09,desktop,j+o,2027-11-24,47222770.72560816,46205493.72560816
2026-09,desktop,j+o,2027-11-25,47208954.02802918,46191677.02802918
2026-09,desktop,j+o,2027-11-26,47210195.165380314,46192918.165380314
2026-09,desktop,j+o,2027-11-27,47241369.574650295,46224092.574650295
2026-09,desktop,j+o,2027-11-28,47309024.272563286,46291747.272563286
2026-09,desktop,j+o,2027-11-29,47552290.1630342,46535013.1630342
2026-09,desktop,j+o,2027-11-30,47625125.540517494,46607848.540517494
2026-09,desktop,j+o,2027-12-01,47656841.29066557,46639564.29066557
2026-09,desktop,j+o,2027-12-02,47702002.40611504,46684725.40611504
2026-09,desktop,j+o,2027-12-03,47703734.81460538,46686457.81460538
2026-09,desktop,j+o,2027-12-04,47710540.76840385,46693263.76840385
2026-09,desktop,j+o,2027-12-05,47712244.54902553,46694967.54902553
2026-09,desktop,j+o,2027-12-06,47715702.65098029,46698425.65098029
2026-09,desktop,j+o,2027-12-07,47719837.49886552,46702560.49886552
2026-09,desktop,j+o,2027-12-08,47697982.89446969,46680705.89446969
2026-09,desktop,j+o,2027-12-09,47770858.7169617,46753581.7169617
2026-09,desktop,j+o,2027-12-10,47767665.7755047,46750388.7755047
2026-09,desktop,j+o,2027-12-11,47742506.04471956,46725229.04471956
2026-09,desktop,j+o,2027-12-12,47733394.79920847,46716117.79920847
2026-09,desktop,j+o,2027-12-13,47772910.30341498,46755633.30341498
2026-09,desktop,j+o,2027-12-14,47754102.61979153,46736825.61979153
2026-09,desktop,j+o,2027-12-15,47722197.538395606,46704920.538395606
2026-09,desktop,j+o,2027-12-16,47687179.16642781,46669902.16642781
2026-09,desktop,j+o,2027-12-17,47653032.35986328,46635755.35986328
2026-09,desktop,j+o,2027-12-18,47638187.9940142,46620910.9940142
2026-09,desktop,j+o,2027-12-19,47589706.89659493,46572429.89659493
2026-09,desktop,j+o,2027-12-20,47456991.81665524,46439714.81665524
2026-09,desktop,j+o,2027-12-21,47322580.577279486,46305303.577279486
2026-09,desktop,j+o,2027-12-22,47128604.00965905,46111327.00965905
2026-09,desktop,j+o,2027-12-23,46862798.94129042,45845521.94129042
2026-09,desktop,j+o,2027-12-24,46226517.9664043,45209240.9664043
2026-09,desktop,j+o,2027-12-25,45753054.297212906,44735777.297212906
2026-09,desktop,j+o,2027-12-26,45434218.858039126,44416941.858039126
2026-09,desktop,j+o,2027-12-27,44962184.38868004,43944907.38868004
2026-09,desktop,j+o,2027-12-28,44717333.30550976,43700056.30550976
2026-09,desktop,j+o,2027-12-29,44451488.753302716,43434211.753302716
2026-09,desktop,j+o,2027-12-30,44149470.51319331,43132193.51319331
2026-09,desktop,j+o,2027-12-31,43653982.493773304,42636705.493773304
2026-09,desktop,l+o,2026-09-09,47325718.577090524,47325718.577090524
2026-09,desktop,l+o,2026-09-10,47511243.21497059,47500755.82321801
2026-09,desktop,l+o,2026-09-11,47670778.53421849,47649803.75071333
2026-09,desktop,l+o,2026-09-12,47789311.621736266,47757849.44647853
2026-09,desktop,l+o,2026-09-13,47863532.39374152,47821582.82673121
2026-09,desktop,l+o,2026-09-14,48040585.74659759,47988148.787834704
2026-09,desktop,l+o,2026-09-15,48187365.21098036,48124440.8604649
2026-09,desktop,l+o,2026-09-16,48305854.573510304,48232442.83124226
2026-09,desktop,l+o,2026-09-17,48435102.77202835,48351203.63800773
2026-09,desktop,l+o,2026-09-18,48539109.94307022,48444723.41729702
2026-09,desktop,l+o,2026-09-19,48585795.69045102,48480921.77292524
2026-09,desktop,l+o,2026-09-20,48640005.13239871,48524643.823120356
2026-09,desktop,l+o,2026-09-21,48738794.66084476,48612945.95981383
2026-09,desktop,l+o,2026-09-22,48894626.18442903,48758290.091645524
2026-09,desktop,l+o,2026-09-23,49028300.75143354,48881477.266897455
2026-09,desktop,l+o,2026-09-24,49142843.17142295,48985532.29513429
2026-09,desktop,l+o,2026-09-25,49257140.59983436,49089342.33179312
2026-09,desktop,l+o,2026-09-26,49305445.410071984,49127159.75027817
2026-09,desktop,l+o,2026-09-27,49359091.98708139,49170318.935535
2026-09,desktop,l+o,2026-09-28,49397869.82194995,49198609.378650986
2026-09,desktop,l+o,2026-09-29,49433788.12089549,49224040.285843946
2026-09,desktop,l+o,2026-09-30,49422985.610427275,49202750.38362315
2026-09,desktop,l+o,2026-10-01,49425490.6801221,49194768.0615654
2026-09,desktop,l+o,2026-10-02,49413428.45483531,49172218.44452603
2026-09,desktop,l+o,2026-10-03,49440180.466013916,49188483.06395206
2026-09,desktop,l+o,2026-10-04,49464891.18884182,49202706.395027384
2026-09,desktop,l+o,2026-10-05,49553959.00801729,49281286.82245027
2026-09,desktop,l+o,2026-10-06,49557443.512644805,49274283.93532522
2026-09,desktop,l+o,2026-10-07,49561820.31796754,49268173.34889538
2026-09,desktop,l+o,2026-10-08,49567020.57169437,49262886.210869625
2026-09,desktop,l+o,2026-10-09,49589758.72253138,49275136.96995406
2026-09,desktop,l+o,2026-10-10,49601982.09348724,49276872.94915734
2026-09,desktop,l+o,2026-10-11,49620288.12335672,49284691.587274246
2026-09,desktop,l+o,2026-10-12,49559757.86288358,49213673.93504853
2026-09,desktop,l+o,2026-10-13,49569226.57425871,49212655.25467108
2026-09,desktop,l+o,2026-10-14,49598038.76196677,49230980.05062657
2026-09,desktop,l+o,2026-10-15,49616813.84376289,49239267.74067011
2026-09,desktop,l+o,2026-10-16,49630495.22050149,49242461.72565613
2026-09,desktop,l+o,2026-10-17,49638486.25498456,49239965.36838662
2026-09,desktop,l+o,2026-10-18,49645255.46502826,49236247.18667775
2026-09,desktop,l+o,2026-10-19,49648847.5197555,49229351.8496524
2026-09,desktop,l+o,2026-10-20,49623157.253981106,49193174.19212543
2026-09,desktop,l+o,2026-10-21,49623716.16774922,49183245.714140974
2026-09,desktop,l+o,2026-10-22,49624905.08433263,49173947.23897181
2026-09,desktop,l+o,2026-10-23,49631665.80482398,49170220.56771058
2026-09,desktop,l+o,2026-10-24,49628463.349131286,49156530.72026531
2026-09,desktop,l+o,2026-10-25,49627649.90341487,49145229.88279631
2026-09,desktop,l+o,2026-10-26,49613750.1970908,49120842.78471966
2026-09,desktop,l+o,2026-10-27,49616673.28916446,49113278.48504075
2026-09,desktop,l+o,2026-10-28,49615217.96099736,49101335.76512107
2026-09,desktop,l+o,2026-10-29,49636359.82482858,49111990.237199716
2026-09,desktop,l+o,2026-10-30,49696917.08390448,49162060.10452304
2026-09,desktop,l+o,2026-10-31,49716729.99776094,49171385.626626916
2026-09,desktop,l+o,2026-11-01,49630886.77564568,49075055.01275908
2026-09,desktop,l+o,2026-11-02,49611590.8803953,49045271.72575612
2026-09,desktop,l+o,2026-11-03,49633666.05948599,49056859.51309423
2026-09,desktop,l+o,2026-11-04,49653444.09101889,49066150.15287456
2026-09,desktop,l+o,2026-11-05,49686296.53296222,49088515.20306531
2026-09,desktop,l+o,2026-11-06,49692342.80357469,49084074.081925206
2026-09,desktop,l+o,2026-11-07,49693317.8910693,49074561.77766724
2026-09,desktop,l+o,2026-11-08,49678482.66055834,49049239.1554037
2026-09,desktop,l+o,2026-11-09,49759747.75456365,49120016.857656434
2026-09,desktop,l+o,2026-11-10,49758171.61429965,49107953.32563985
2026-09,desktop,l+o,2026-11-11,49704530.0381458,49043824.35773343
2026-09,desktop,l+o,2026-11-12,49719332.066874966,49048138.99471002
2026-09,desktop,l+o,2026-11-13,49731480.932669245,49049800.46875172
2026-09,desktop,l+o,2026-11-14,49747029.74572776,49054861.89005766
2026-09,desktop,l+o,2026-11-15,49752446.18333522,49049790.93591254
2026-09,desktop,l+o,2026-11-16,49780965.64202088,49067823.00284562
2026-09,desktop,l+o,2026-11-17,49843737.73401157,49120107.70308373
2026-09,desktop,l+o,2026-11-18,49880937.117972136,49146819.69529172
2026-09,desktop,l+o,2026-11-19,49916299.76225566,49171694.947822675
2026-09,desktop,l+o,2026-11-20,49904167.86681936,49149075.660633795
2026-09,desktop,l+o,2026-11-21,49924865.645981155,49159286.04804301
2026-09,desktop,l+o,2026-11-22,49945649.48535089,49169582.49566017
2026-09,desktop,l+o,2026-11-23,49957589.0327886,49171034.6513453
2026-09,desktop,l+o,2026-11-24,49988620.28465788,49191578.511462
2026-09,desktop,l+o,2026-11-25,50016031.570670195,49208502.40572174
2026-09,desktop,l+o,2026-11-26,49974496.193586834,49156479.6368858
2026-09,desktop,l+o,2026-11-27,49914411.6667301,49085907.71827649
2026-09,desktop,l+o,2026-11-28,49934717.58437533,49095726.244169146
2026-09,desktop,l+o,2026-11-29,50050985.9585389,49201507.226580136
2026-09,desktop,l+o,2026-11-30,50124043.61086249,49264077.48715115
2026-09,desktop,l+o,2026-12-01,50167067.24335377,49296613.72788985
2026-09,desktop,l+o,2026-12-02,50202028.42616483,49321087.51894833
2026-09,desktop,l+o,2026-12-03,50222376.57501364,49330948.27604456
2026-09,desktop,l+o,2026-12-04,50244983.120283864,49343067.42956222
2026-09,desktop,l+o,2026-12-05,50261845.373733304,49349442.29125908
2026-09,desktop,l+o,2026-12-06,50285989.11886605,49363098.644639246
2026-09,desktop,l+o,2026-12-07,50313560.87643105,49380183.01045167
2026-09,desktop,l+o,2026-12-08,50322255.61442752,49378390.35669556
2026-09,desktop,l+o,2026-12-09,50386695.48680825,49432342.83732371
2026-09,desktop,l+o,2026-12-10,50384164.35059882,49419324.3093617
2026-09,desktop,l+o,2026-12-11,50377969.612756945,49402642.17976725
2026-09,desktop,l+o,2026-12-12,50363087.60319026,49377272.77844799
2026-09,desktop,l+o,2026-12-13,50363038.62841725,49366736.41192241
2026-09,desktop,l+o,2026-12-14,50356388.71562946,49349599.10738204
2026-09,desktop,l+o,2026-12-15,50322360.67224558,49305083.67224558
2026-09,desktop,l+o,2026-12-16,50285711.506652914,49268434.506652914
2026-09,desktop,l+o,2026-12-17,50247736.29811745,49230459.29811745
2026-09,desktop,l+o,2026-12-18,50253953.99132551,49236676.99132551
2026-09,desktop,l+o,2026-12-19,50209259.508534834,49191982.508534834
2026-09,desktop,l+o,2026-12-20,50145218.9574964,49127941.9574964
2026-09,desktop,l+o,2026-12-21,49971467.62517441,48954190.62517441
2026-09,desktop,l+o,2026-12-22,49785799.09565431,48768522.09565431
2026-09,desktop,l+o,2026-12-23,49553069.618182495,48535792.618182495
2026-09,desktop,l+o,2026-12-24,49101484.695796,48084207.695796
2026-09,desktop,l+o,2026-12-25,48376860.62061225,47359583.62061225
2026-09,desktop,l+o,2026-12-26,48058613.17079563,47041336.17079563
2026-09,desktop,l+o,2026-12-27,47822369.79540051,46805092.79540051
2026-09,desktop,l+o,2026-12-28,47327792.207448244,46310515.207448244
2026-09,desktop,l+o,2026-12-29,46990783.61836517,45973506.61836517
2026-09,desktop,l+o,2026-12-30,46624166.439250946,45606889.439250946
2026-09,desktop,l+o,2026-12-31,45999341.05881554,44982064.05881554
2026-09,desktop,l+o,2027-01-01,45051929.592638254,44034652.592638254
2026-09,desktop,l+o,2027-01-02,44805651.79992521,43788374.79992521
2026-09,desktop,l+o,2027-01-03,44674131.859150335,43656854.859150335
2026-09,desktop,l+o,2027-01-04,44482398.8466167,43465121.8466167
2026-09,desktop,l+o,2027-01-05,44345639.87689396,43328362.87689396
2026-09,desktop,l+o,2027-01-06,44166974.933485135,43149697.933485135
2026-09,desktop,l+o,2027-01-07,44081693.90395982,43064416.90395982
2026-09,desktop,l+o,2027-01-08,44040546.93179123,43023269.93179123
2026-09,desktop,l+o,2027-01-09,44026300.88344151,43009023.88344151
2026-09,desktop,l+o,2027-01-10,44024437.71918706,43007160.71918706
2026-09,desktop,l+o,2027-01-11,44009685.26570779,42992408.26570779
2026-09,desktop,l+o,2027-01-12,44018366.981430575,43001089.981430575
2026-09,desktop,l+o,2027-01-13,44022761.729594395,43005484.729594395
2026-09,desktop,l+o,2027-01-14,44017147.875750795,42999870.875750795
2026-09,desktop,l+o,2027-01-15,44019467.92651034,43002190.92651034
2026-09,desktop,l+o,2027-01-16,44052040.147677585,43034763.147677585
2026-09,desktop,l+o,2027-01-17,44116991.00045971,43099714.00045971
2026-09,desktop,l+o,2027-01-18,44264689.9920414,43247412.9920414
2026-09,desktop,l+o,2027-01-19,44445058.583300576,43427781.583300576
2026-09,desktop,l+o,2027-01-20,44690871.396684,43673594.396684
2026-09,desktop,l+o,2027-01-21,45218475.939210534,44201198.939210534
2026-09,desktop,l+o,2027-01-22,46034454.54246991,45017177.54246991
2026-09,desktop,l+o,2027-01-23,46361461.947610244,45344184.947610244
2026-09,desktop,l+o,2027-01-24,46605126.1725418,45587849.1725418
2026-09,desktop,l+o,2027-01-25,47103930.146775536,46086653.146775536
2026-09,desktop,l+o,2027-01-26,47405123.910642065,46387846.910642065
2026-09,desktop,l+o,2027-01-27,47770295.031978115,46753018.031978115
2026-09,desktop,l+o,2027-01-28,48388253.15112626,47370976.15112626
2026-09,desktop,l+o,2027-01-29,49332128.18445395,48314851.18445395
2026-09,desktop,l+o,2027-01-30,49577134.50594521,48559857.50594521
2026-09,desktop,l+o,2027-01-31,49714278.00389536,48697001.00389536
2026-09,desktop,l+o,2027-02-01,49901431.33792912,48884154.33792912
2026-09,desktop,l+o,2027-02-02,50035719.70096774,49018442.70096774
2026-09,desktop,l+o,2027-02-03,50195142.23558112,49177865.23558112
2026-09,desktop,l+o,2027-02-04,50227646.15331585,49210369.15331585
2026-09,desktop,l+o,2027-02-05,50189122.74191696,49171845.74191696
2026-09,desktop,l+o,2027-02-06,50134437.47700088,49117160.47700088
2026-09,desktop,l+o,2027-02-07,50097927.15443961,49080650.15443961
2026-09,desktop,l+o,2027-02-08,49951929.89667444,48934652.89667444
2026-09,desktop,l+o,2027-02-09,49807225.71847917,48789948.71847917
2026-09,desktop,l+o,2027-02-10,49720372.74656547,48703095.74656547
2026-09,desktop,l+o,2027-02-11,49655507.856772624,48638230.856772624
2026-09,desktop,l+o,2027-02-12,49614927.86898514,48597650.86898514
2026-09,desktop,l+o,2027-02-13,49581200.07291742,48563923.07291742
2026-09,desktop,l+o,2027-02-14,49547280.95128853,48530003.95128853
2026-09,desktop,l+o,2027-02-15,49485101.011013865,48467824.011013865
2026-09,desktop,l+o,2027-02-16,49416352.00381503,48399075.00381503
2026-09,desktop,l+o,2027-02-17,49350698.315941766,48333421.315941766
2026-09,desktop,l+o,2027-02-18,49288740.9095997,48271463.9095997
2026-09,desktop,l+o,2027-02-19,49244051.073283136,48226774.073283136
2026-09,desktop,l+o,2027-02-20,49220368.413746335,48203091.413746335
2026-09,desktop,l+o,2027-02-21,49188848.361458294,48171571.361458294
2026-09,desktop,l+o,2027-02-22,49140733.217913985,48123456.217913985
2026-09,desktop,l+o,2027-02-23,49103299.31079607,48086022.31079607
2026-09,desktop,l+o,2027-02-24,49054555.9732017,48037278.9732017
2026-09,desktop,l+o,2027-02-25,49016697.12218048,47999420.12218048
2026-09,desktop,l+o,2027-02-26,48985166.70489415,47967889.70489415
2026-09,desktop,l+o,2027-02-27,48959821.90481709,47942544.90481709
2026-09,desktop,l+o,2027-02-28,48927896.32413162,47910619.32413162
2026-09,desktop,l+o,2027-03-01,48927231.50221245,47909954.50221245
2026-09,desktop,l+o,2027-03-02,48922728.44103501,47905451.44103501
2026-09,desktop,l+o,2027-03-03,48914593.708607495,47897316.708607495
2026-09,desktop,l+o,2027-03-04,48939683.616004065,47922406.616004065
2026-09,desktop,l+o,2027-03-05,48985237.445463784,47967960.445463784
2026-09,desktop,l+o,2027-03-06,49016627.04839768,47999350.04839768
2026-09,desktop,l+o,2027-03-07,49035902.57797425,48018625.57797425
2026-09,desktop,l+o,2027-03-08,49122515.73013409,48105238.73013409
2026-09,desktop,l+o,2027-03-09,49172184.223132245,48154907.223132245
2026-09,desktop,l+o,2027-03-10,49191974.75128679,48174697.75128679
2026-09,desktop,l+o,2027-03-11,49213395.70338114,48196118.70338114
2026-09,desktop,l+o,2027-03-12,49205395.48468876,48188118.48468876
2026-09,desktop,l+o,2027-03-13,49205217.57287715,48187940.57287715
2026-09,desktop,l+o,2027-03-14,49208092.2488002,48190815.2488002
2026-09,desktop,l+o,2027-03-15,49245163.14145547,48227886.14145547
2026-09,desktop,l+o,2027-03-16,49254858.964299135,48237581.964299135
2026-09,desktop,l+o,2027-03-17,49255750.87170612,48238473.87170612
2026-09,desktop,l+o,2027-03-18,49249279.76350589,48232002.76350589
2026-09,desktop,l+o,2027-03-19,49232431.95885254,48215154.95885254
2026-09,desktop,l+o,2027-03-20,49204105.3593391,48186828.3593391
2026-09,desktop,l+o,2027-03-21,49152858.14015194,48135581.14015194
2026-09,desktop,l+o,2027-03-22,49012545.671523765,47995268.671523765
2026-09,desktop,l+o,2027-03-23,48946627.76202697,47929350.76202697
2026-09,desktop,l+o,2027-03-24,48839037.54926844,47821760.54926844
2026-09,desktop,l+o,2027-03-25,48638113.13637679,47620836.13637679
2026-09,desktop,l+o,2027-03-26,48165288.49094796,47148011.49094796
2026-09,desktop,l+o,2027-03-27,48036909.13197453,47019632.13197453
2026-09,desktop,l+o,2027-03-28,47893987.23148571,46876710.23148571
2026-09,desktop,l+o,2027-03-29,47409536.75358893,46392259.75358893
2026-09,desktop,l+o,2027-03-30,47324710.7734643,46307433.7734643
2026-09,desktop,l+o,2027-03-31,47256189.58378381,46238912.58378381
2026-09,desktop,l+o,2027-04-01,47182088.65432338,46164811.65432338
2026-09,desktop,l+o,2027-04-02,47127040.717802025,46109763.717802025
2026-09,desktop,l+o,2027-04-03,47123629.17936107,46106352.17936107
2026-09,desktop,l+o,2027-04-04,47119048.99250062,46101771.99250062
2026-09,desktop,l+o,2027-04-05,47148411.834280916,46131134.834280916
2026-09,desktop,l+o,2027-04-06,47192812.10030185,46175535.10030185
2026-09,desktop,l+o,2027-04-07,47217360.6216153,46200083.6216153
2026-09,desktop,l+o,2027-04-08,47226187.847724445,46208910.847724445
2026-09,desktop,l+o,2027-04-09,47237949.011485286,46220672.011485286
2026-09,desktop,l+o,2027-04-10,47234893.24864694,46217616.24864694
2026-09,desktop,l+o,2027-04-11,47222230.53110623,46204953.53110623
2026-09,desktop,l+o,2027-04-12,47230472.11566508,46213195.11566508
2026-09,desktop,l+o,2027-04-13,47210090.81738503,46192813.81738503
2026-09,desktop,l+o,2027-04-14,47190499.217265554,46173222.217265554
2026-09,desktop,l+o,2027-04-15,47172734.38667906,46155457.38667906
2026-09,desktop,l+o,2027-04-16,47156041.561109796,46138764.561109796
2026-09,desktop,l+o,2027-04-17,47163214.76023239,46145937.76023239
2026-09,desktop,l+o,2027-04-18,47187196.141824596,46169919.141824596
2026-09,desktop,l+o,2027-04-19,47289100.791417405,46271823.791417405
2026-09,desktop,l+o,2027-04-20,47322360.807045,46305083.807045
2026-09,desktop,l+o,2027-04-21,47356089.148786254,46338812.148786254
2026-09,desktop,l+o,2027-04-22,47503703.276164256,46486426.276164256
2026-09,desktop,l+o,2027-04-23,47917203.12816386,46899926.12816386
2026-09,desktop,l+o,2027-04-24,48007717.67458681,46990440.67458681
2026-09,desktop,l+o,2027-04-25,48119498.6098358,47102221.6098358
2026-09,desktop,l+o,2027-04-26,48518553.27257491,47501276.27257491
2026-09,desktop,l+o,2027-04-27,48527603.081650436,47510326.081650436
2026-09,desktop,l+o,2027-04-28,48508872.46530739,47491595.46530739
2026-09,desktop,l+o,2027-04-29,48482333.12611864,47465056.12611864
2026-09,desktop,l+o,2027-04-30,48385658.05204267,47368381.05204267
2026-09,desktop,l+o,2027-05-01,47953211.11847008,46935934.11847008
2026-09,desktop,l+o,2027-05-02,47816785.128513515,46799508.128513515
2026-09,desktop,l+o,2027-05-03,47602415.822826944,46585138.822826944
2026-09,desktop,l+o,2027-05-04,47502160.4078517,46484883.4078517
2026-09,desktop,l+o,2027-05-05,47386440.49796843,46369163.49796843
2026-09,desktop,l+o,2027-05-06,47086639.669128194,46069362.669128194
2026-09,desktop,l+o,2027-05-07,46917335.72018652,45900058.72018652
2026-09,desktop,l+o,2027-05-08,46852805.85071765,45835528.85071765
2026-09,desktop,l+o,2027-05-09,46807800.54377089,45790523.54377089
2026-09,desktop,l+o,2027-05-10,46715584.700785674,45698307.700785674
2026-09,desktop,l+o,2027-05-11,46668893.276463576,45651616.276463576
2026-09,desktop,l+o,2027-05-12,46621665.7065695,45604388.7065695
2026-09,desktop,l+o,2027-05-13,46575447.81072723,45558170.81072723
2026-09,desktop,l+o,2027-05-14,46509932.70907937,45492655.70907937
2026-09,desktop,l+o,2027-05-15,46441449.356126025,45424172.356126025
2026-09,desktop,l+o,2027-05-16,46303916.012848206,45286639.012848206
2026-09,desktop,l+o,2027-05-17,45951371.20383977,44934094.20383977
2026-09,desktop,l+o,2027-05-18,45916459.08345736,44899182.08345736
2026-09,desktop,l+o,2027-05-19,45900955.94355981,44883678.94355981
2026-09,desktop,l+o,2027-05-20,45823660.36420775,44806383.36420775
2026-09,desktop,l+o,2027-05-21,45791157.04778464,44773880.04778464
2026-09,desktop,l+o,2027-05-22,45764592.881284244,44747315.881284244
2026-09,desktop,l+o,2027-05-23,45739969.8271166,44722692.8271166
2026-09,desktop,l+o,2027-05-24,45685713.61220976,44668436.61220976
2026-09,desktop,l+o,2027-05-25,45671409.33676322,44654132.33676322
2026-09,desktop,l+o,2027-05-26,45667109.59789232,44649832.59789232
2026-09,desktop,l+o,2027-05-27,45525849.41223379,44508572.41223379
2026-09,desktop,l+o,2027-05-28,45525017.70761787,44507740.70761787
2026-09,desktop,l+o,2027-05-29,45913298.371218905,44896021.371218905
2026-09,desktop,l+o,2027-05-30,45996990.41947259,44979713.41947259
2026-09,desktop,l+o,2027-05-31,46029818.50094106,45012541.50094106
2026-09,desktop,l+o,2027-06-01,46050442.73028028,45033165.73028028
2026-09,desktop,l+o,2027-06-02,46098722.15189247,45081445.15189247
2026-09,desktop,l+o,2027-06-03,46344323.48584422,45327046.48584422
2026-09,desktop,l+o,2027-06-04,46460688.83841226,45443411.83841226
2026-09,desktop,l+o,2027-06-05,46472291.09086532,45455014.09086532
2026-09,desktop,l+o,2027-06-06,46478066.9477281,45460789.9477281
2026-09,desktop,l+o,2027-06-07,46515889.002155975,45498612.002155975
2026-09,desktop,l+o,2027-06-08,46518633.53232161,45501356.53232161
2026-09,desktop,l+o,2027-06-09,46504819.722314335,45487542.722314335
2026-09,desktop,l+o,2027-06-10,46504967.164145805,45487690.164145805
2026-09,desktop,l+o,2027-06-11,46525172.30195562,45507895.30195562
2026-09,desktop,l+o,2027-06-12,46551831.71969116,45534554.71969116
2026-09,desktop,l+o,2027-06-13,46655166.36821096,45637889.36821096
2026-09,desktop,l+o,2027-06-14,46929843.77763772,45912566.77763772
2026-09,desktop,l+o,2027-06-15,46892686.57362467,45875409.57362467
2026-09,desktop,l+o,2027-06-16,46875368.35454091,45858091.35454091
2026-09,desktop,l+o,2027-06-17,46886733.853863165,45869456.853863165
2026-09,desktop,l+o,2027-06-18,46840517.633337855,45823240.633337855
2026-09,desktop,l+o,2027-06-19,46809069.56013607,45791792.56013607
2026-09,desktop,l+o,2027-06-20,46787243.446175136,45769966.446175136
2026-09,desktop,l+o,2027-06-21,46767256.39037033,45749979.39037033
2026-09,desktop,l+o,2027-06-22,46726824.504735574,45709547.504735574
2026-09,desktop,l+o,2027-06-23,46680877.795722246,45663600.795722246
2026-09,desktop,l+o,2027-06-24,46790143.911576696,45772866.911576696
2026-09,desktop,l+o,2027-06-25,46835618.104370534,45818341.104370534
2026-09,desktop,l+o,2027-06-26,46822810.63058442,45805533.63058442
2026-09,desktop,l+o,2027-06-27,46812513.916836776,45795236.916836776
2026-09,desktop,l+o,2027-06-28,46891412.73465179,45874135.73465179
2026-09,desktop,l+o,2027-06-29,46853981.47667175,45836704.47667175
2026-09,desktop,l+o,2027-06-30,46787299.03652631,45770022.03652631
2026-09,desktop,l+o,2027-07-01,46710502.00513773,45693225.00513773
2026-09,desktop,l+o,2027-07-02,46646825.415140055,45629548.415140055
2026-09,desktop,l+o,2027-07-03,46604060.6319294,45586783.6319294
2026-09,desktop,l+o,2027-07-04,46531794.6533617,45514517.6533617
2026-09,desktop,l+o,2027-07-05,46333022.47833753,45315745.47833753
2026-09,desktop,l+o,2027-07-06,46213908.10240692,45196631.10240692
2026-09,desktop,l+o,2027-07-07,46124019.13195857,45106742.13195857
2026-09,desktop,l+o,2027-07-08,46024789.11873369,45007512.11873369
2026-09,desktop,l+o,2027-07-09,45923065.34279727,44905788.34279727
2026-09,desktop,l+o,2027-07-10,45870906.321191266,44853629.321191266
2026-09,desktop,l+o,2027-07-11,45820424.70010451,44803147.70010451
2026-09,desktop,l+o,2027-07-12,45750785.59630426,44733508.59630426
2026-09,desktop,l+o,2027-07-13,45675704.161676876,44658427.161676876
2026-09,desktop,l+o,2027-07-14,45566797.52651505,44549520.52651505
2026-09,desktop,l+o,2027-07-15,45487290.08448975,44470013.08448975
2026-09,desktop,l+o,2027-07-16,45426212.38116871,44408935.38116871
2026-09,desktop,l+o,2027-07-17,45382415.81900601,44365138.81900601
2026-09,desktop,l+o,2027-07-18,45338494.827092685,44321217.827092685
2026-09,desktop,l+o,2027-07-19,45270323.0862179,44253046.0862179
2026-09,desktop,l+o,2027-07-20,45188245.12123625,44170968.12123625
2026-09,desktop,l+o,2027-07-21,45116952.98349578,44099675.98349578
2026-09,desktop,l+o,2027-07-22,45041168.601062715,44023891.601062715
2026-09,desktop,l+o,2027-07-23,44964046.29402716,43946769.29402716
2026-09,desktop,l+o,2027-07-24,44892776.90402109,43875499.90402109
2026-09,desktop,l+o,2027-07-25,44834959.2030231,43817682.2030231
2026-09,desktop,l+o,2027-07-26,44763010.61841367,43745733.61841367
2026-09,desktop,l+o,2027-07-27,44686161.93158287,43668884.93158287
2026-09,desktop,l+o,2027-07-28,44620384.82322874,43603107.82322874
2026-09,desktop,l+o,2027-07-29,44555567.038755834,43538290.038755834
2026-09,desktop,l+o,2027-07-30,44485654.953184195,43468377.953184195
2026-09,desktop,l+o,2027-07-31,44440212.82085247,43422935.82085247
2026-09,desktop,l+o,2027-08-01,44411570.292692475,43394293.292692475
2026-09,desktop,l+o,2027-08-02,44432184.32577936,43414907.32577936
2026-09,desktop,l+o,2027-08-03,44388172.35769536,43370895.35769536
2026-09,desktop,l+o,2027-08-04,44334062.60258831,43316785.60258831
2026-09,desktop,l+o,2027-08-05,44285209.628474765,43267932.628474765
2026-09,desktop,l+o,2027-08-06,44244316.80402611,43227039.80402611
2026-09,desktop,l+o,2027-08-07,44206151.464231506,43188874.464231506
2026-09,desktop,l+o,2027-08-08,44163521.72838358,43146244.72838358
2026-09,desktop,l+o,2027-08-09,44108112.08485643,43090835.08485643
2026-09,desktop,l+o,2027-08-10,44024683.633547,43007406.633547
2026-09,desktop,l+o,2027-08-11,43961507.5814,42944230.5814
2026-09,desktop,l+o,2027-08-12,43871386.047275744,42854109.047275744
2026-09,desktop,l+o,2027-08-13,43784019.73572267,42766742.73572267
2026-09,desktop,l+o,2027-08-14,43699249.6037845,42681972.6037845
2026-09,desktop,l+o,2027-08-15,43583508.562126175,42566231.562126175
2026-09,desktop,l+o,2027-08-16,43513974.8832723,42496697.8832723
2026-09,desktop,l+o,2027-08-17,43429749.82923776,42412472.82923776
2026-09,desktop,l+o,2027-08-18,43377026.19986909,42359749.19986909
2026-09,desktop,l+o,2027-08-19,43329138.920811005,42311861.920811005
2026-09,desktop,l+o,2027-08-20,43300342.512869194,42283065.512869194
2026-09,desktop,l+o,2027-08-21,43312358.60840132,42295081.60840132
2026-09,desktop,l+o,2027-08-22,43315368.6353792,42298091.6353792
2026-09,desktop,l+o,2027-08-23,43323658.71119066,42306381.71119066
2026-09,desktop,l+o,2027-08-24,43339880.07723248,42322603.07723248
2026-09,desktop,l+o,2027-08-25,43356478.25565314,42339201.25565314
2026-09,desktop,l+o,2027-08-26,43391668.576687515,42374391.576687515
2026-09,desktop,l+o,2027-08-27,43427826.28146164,42410549.28146164
2026-09,desktop,l+o,2027-08-28,43464224.88965695,42446947.88965695
2026-09,desktop,l+o,2027-08-29,43520485.17242812,42503208.17242812
2026-09,desktop,l+o,2027-08-30,43622173.89831269,42604896.89831269
2026-09,desktop,l+o,2027-08-31,43693927.491560675,42676650.491560675
2026-09,desktop,l+o,2027-09-01,43775597.46128093,42758320.46128093
2026-09,desktop,l+o,2027-09-02,43854374.9220994,42837097.9220994
2026-09,desktop,l+o,2027-09-03,43937305.0312277,42920028.0312277
2026-09,desktop,l+o,2027-09-04,43981806.76413181,42964529.76413181
2026-09,desktop,l+o,2027-09-05,44045448.421935126,43028171.421935126
2026-09,desktop,l+o,2027-09-06,44030493.340618886,43013216.340618886
2026-09,desktop,l+o,2027-09-07,44142878.20303394,43125601.20303394
2026-09,desktop,l+o,2027-09-08,44282085.73167402,43264808.73167402
2026-09,desktop,l+o,2027-09-09,44446673.126821324,43429396.126821324
2026-09,desktop,l+o,2027-09-10,44612723.56494914,43595446.56494914
2026-09,desktop,l+o,2027-09-11,44757751.00713598,43740474.00713598
2026-09,desktop,l+o,2027-09-12,44937553.548392795,43920276.548392795
2026-09,desktop,l+o,2027-09-13,45116842.39374093,44099565.39374093
2026-09,desktop,l+o,2027-09-14,45289415.511979505,44272138.511979505
2026-09,desktop,l+o,2027-09-15,45423581.26062012,44406304.26062012
2026-09,desktop,l+o,2027-09-16,45563558.81595896,44546281.81595896
2026-09,desktop,l+o,2027-09-17,45674629.37107484,44657352.37107484
2026-09,desktop,l+o,2027-09-18,45744780.737043455,44727503.737043455
2026-09,desktop,l+o,2027-09-19,45815180.50368553,44797903.50368553
2026-09,desktop,l+o,2027-09-20,45902603.562437296,44885326.562437296
2026-09,desktop,l+o,2027-09-21,46005244.18783639,44987967.18783639
2026-09,desktop,l+o,2027-09-22,46110019.118689016,45092742.118689016
2026-09,desktop,l+o,2027-09-23,46201529.15746931,45184252.15746931
2026-09,desktop,l+o,2027-09-24,46283549.68864225,45266272.68864225
2026-09,desktop,l+o,2027-09-25,46344105.06198052,45326828.06198052
2026-09,desktop,l+o,2027-09-26,46389994.097756945,45372717.097756945
2026-09,desktop,l+o,2027-09-27,46460607.40016051,45443330.40016051
2026-09,desktop,l+o,2027-09-28,46538239.60636755,45520962.60636755
2026-09,desktop,l+o,2027-09-29,46591593.68644633,45574316.68644633
2026-09,desktop,l+o,2027-09-30,46635746.44917587,45618469.44917587
2026-09,desktop,l+o,2027-10-01,46666720.64436638,45649443.64436638
2026-09,desktop,l+o,2027-10-02,46679836.67840359,45662559.67840359
2026-09,desktop,l+o,2027-10-03,46679994.76444583,45662717.76444583
2026-09,desktop,l+o,2027-10-04,46816157.31969853,45798880.31969853
2026-09,desktop,l+o,2027-10-05,46865390.827006295,45848113.827006295
2026-09,desktop,l+o,2027-10-06,46881835.94313981,45864558.94313981
2026-09,desktop,l+o,2027-10-07,46875047.711525984,45857770.711525984
2026-09,desktop,l+o,2027-10-08,46851964.27198827,45834687.27198827
2026-09,desktop,l+o,2027-10-09,46832538.13119299,45815261.13119299
2026-09,desktop,l+o,2027-10-10,46828626.1002308,45811349.1002308
2026-09,desktop,l+o,2027-10-11,46747498.85705734,45730221.85705734
2026-09,desktop,l+o,2027-10-12,46712017.36593424,45694740.36593424
2026-09,desktop,l+o,2027-10-13,46713947.56385827,45696670.56385827
2026-09,desktop,l+o,2027-10-14,46717112.8968148,45699835.8968148
2026-09,desktop,l+o,2027-10-15,46732302.83748598,45715025.83748598
2026-09,desktop,l+o,2027-10-16,46741397.15737976,45724120.15737976
2026-09,desktop,l+o,2027-10-17,46748282.25624978,45731005.25624978
2026-09,desktop,l+o,2027-10-18,46774085.75604661,45756808.75604661
2026-09,desktop,l+o,2027-10-19,46781288.26958644,45764011.26958644
2026-09,desktop,l+o,2027-10-20,46791527.330918916,45774250.330918916
2026-09,desktop,l+o,2027-10-21,46800358.22368501,45783081.22368501
2026-09,desktop,l+o,2027-10-22,46812249.56675239,45794972.56675239
2026-09,desktop,l+o,2027-10-23,46810068.75729003,45792791.75729003
2026-09,desktop,l+o,2027-10-24,46812578.43521195,45795301.43521195
2026-09,desktop,l+o,2027-10-25,46809876.60851294,45792599.60851294
2026-09,desktop,l+o,2027-10-26,46812150.16580649,45794873.16580649
2026-09,desktop,l+o,2027-10-27,46811446.82924145,45794169.82924145
2026-09,desktop,l+o,2027-10-28,46796343.97453817,45779066.97453817
2026-09,desktop,l+o,2027-10-29,46759069.24929564,45741792.24929564
2026-09,desktop,l+o,2027-10-30,46767167.39276372,45749890.39276372
2026-09,desktop,l+o,2027-10-31,46757337.9715415,45740060.9715415
2026-09,desktop,l+o,2027-11-01,46582785.40154181,45565508.40154181
2026-09,desktop,l+o,2027-11-02,46557852.03484039,45540575.03484039
2026-09,desktop,l+o,2027-11-03,46580999.146263815,45563722.146263815
2026-09,desktop,l+o,2027-11-04,46602036.752828464,45584759.752828464
2026-09,desktop,l+o,2027-11-05,46662453.10060559,45645176.10060559
2026-09,desktop,l+o,2027-11-06,46702625.03159916,45685348.03159916
2026-09,desktop,l+o,2027-11-07,46730441.57748928,45713164.57748928
2026-09,desktop,l+o,2027-11-08,46846952.09784309,45829675.09784309
2026-09,desktop,l+o,2027-11-09,46916360.476949595,45899083.476949595
2026-09,desktop,l+o,2027-11-10,46959622.2947695,45942345.2947695
2026-09,desktop,l+o,2027-11-11,46924614.47165828,45907337.47165828
2026-09,desktop,l+o,2027-11-12,46943577.548850596,45926300.548850596
2026-09,desktop,l+o,2027-11-13,46965097.38770837,45947820.38770837
2026-09,desktop,l+o,2027-11-14,46976818.75020314,45959541.75020314
2026-09,desktop,l+o,2027-11-15,46944458.95184115,45927181.95184115
2026-09,desktop,l+o,2027-11-16,46964268.48100082,45946991.48100082
2026-09,desktop,l+o,2027-11-17,46992724.897625506,45975447.897625506
2026-09,desktop,l+o,2027-11-18,47014034.980058804,45996757.980058804
2026-09,desktop,l+o,2027-11-19,47039682.523400046,46022405.523400046
2026-09,desktop,l+o,2027-11-20,47043963.149350815,46026686.149350815
2026-09,desktop,l+o,2027-11-21,47059982.702475056,46042705.702475056
2026-09,desktop,l+o,2027-11-22,47074611.833412655,46057334.833412655
2026-09,desktop,l+o,2027-11-23,47086771.53895251,46069494.53895251
2026-09,desktop,l+o,2027-11-24,47117588.30178988,46100311.30178988
2026-09,desktop,l+o,2027-11-25,47102175.64538479,46084898.64538479
2026-09,desktop,l+o,2027-11-26,47103228.369366355,46085951.369366355
2026-09,desktop,l+o,2027-11-27,47134940.4857723,46117663.4857723
2026-09,desktop,l+o,2027-11-28,47202135.83425357,46184858.83425357
2026-09,desktop,l+o,2027-11-29,47444851.46770262,46427574.46770262
2026-09,desktop,l+o,2027-11-30,47517504.231838524,46500227.231838524
2026-09,desktop,l+o,2027-12-01,47550380.739306726,46533103.739306726
2026-09,desktop,l+o,2027-12-02,47596858.4418823,46579581.4418823
2026-09,desktop,l+o,2027-12-03,47599883.314208694,46582606.314208694
2026-09,desktop,l+o,2027-12-04,47607823.68960584,46590546.68960584
2026-09,desktop,l+o,2027-12-05,47610020.00302273,46592743.00302273
2026-09,desktop,l+o,2027-12-06,47614506.15813355,46597229.15813355
2026-09,desktop,l+o,2027-12-07,47620642.89335139,46603365.89335139
2026-09,desktop,l+o,2027-12-08,47599764.85422136,46582487.85422136
2026-09,desktop,l+o,2027-12-09,47673153.944260046,46655876.944260046
2026-09,desktop,l+o,2027-12-10,47670718.761234686,46653441.761234686
2026-09,desktop,l+o,2027-12-11,47645845.8328001,46628568.8328001
2026-09,desktop,l+o,2027-12-12,47637600.85687446,46620323.85687446
2026-09,desktop,l+o,2027-12-13,47679503.762199745,46662226.762199745
2026-09,desktop,l+o,2027-12-14,47662672.8523175,46645395.8523175
2026-09,desktop,l+o,2027-12-15,47631309.34931817,46614032.34931817
2026-09,desktop,l+o,2027-12-16,47598122.728604846,46580845.728604846
2026-09,desktop,l+o,2027-12-17,47564793.35009982,46547516.35009982
2026-09,desktop,l+o,2027-12-18,47551351.069293104,46534074.069293104
2026-09,desktop,l+o,2027-12-19,47503250.03361773,46485973.03361773
2026-09,desktop,l+o,2027-12-20,47373848.491133496,46356571.491133496
2026-09,desktop,l+o,2027-12-21,47241502.817752406,46224225.817752406
2026-09,desktop,l+o,2027-12-22,47050145.14831014,46032868.14831014
2026-09,desktop,l+o,2027-12-23,46788197.09812269,45770920.09812269
2026-09,desktop,l+o,2027-12-24,46157047.89866034,45139770.89866034
2026-09,desktop,l+o,2027-12-25,45687470.2755515,44670193.2755515
2026-09,desktop,l+o,2027-12-26,45371431.98417491,44354154.98417491
2026-09,desktop,l+o,2027-12-27,44903036.98763395,43885759.98763395
2026-09,desktop,l+o,2027-12-28,44660378.82859194,43643101.82859194
2026-09,desktop,l+o,2027-12-29,44397302.292330444,43380025.292330444
2026-09,desktop,l+o,2027-12-30,44098322.78590178,43081045.78590178
2026-09,desktop,l+o,2027-12-31,43606639.89549877,42589362.89549877
2026-09,desktop,i+j+l,2026-09-09,47325540.33443928,47325540.33443928
2026-09,desktop,i+j+l,2026-09-10,47511353.82121632,47500866.429463744
2026-09,desktop,i+j+l,2026-09-11,47671643.8425036,47650669.05899844
2026-09,desktop,i+j+l,2026-09-12,47790540.211855136,47759078.0365974
2026-09,desktop,i+j+l,2026-09-13,47865055.494026214,47823105.92701591
2026-09,desktop,i+j+l,2026-09-14,48042600.44616796,47990163.48740508
2026-09,desktop,i+j+l,2026-09-15,48189890.0543944,48126965.70387894
2026-09,desktop,i+j+l,2026-09-16,48308936.49884012,48235524.75657208
2026-09,desktop,i+j+l,2026-09-17,48438691.843596466,48354792.70957585
2026-09,desktop,i+j+l,2026-09-18,48543054.8420647,48448668.3162915
2026-09,desktop,i+j+l,2026-09-19,48589897.139935635,48485023.22240986
2026-09,desktop,i+j+l,2026-09-20,48644143.64347004,48528782.33419169
2026-09,desktop,i+j+l,2026-09-21,48743016.447242595,48617167.74621167
2026-09,desktop,i+j+l,2026-09-22,48897919.591962546,48761583.49917904
2026-09,desktop,i+j+l,2026-09-23,49030416.4284932,48883592.94395712
2026-09,desktop,i+j+l,2026-09-24,49143498.791038014,48986187.914749354
2026-09,desktop,i+j+l,2026-09-25,49254523.1954065,49086724.92736526
2026-09,desktop,i+j+l,2026-09-26,49300296.35550713,49122010.69571331
2026-09,desktop,i+j+l,2026-09-27,49351594.00998381,49162820.95843741
2026-09,desktop,i+j+l,2026-09-28,49387968.57964715,49188708.13634819
2026-09,desktop,i+j+l,2026-09-29,49423759.23676134,49214011.401709795
2026-09,desktop,i+j+l,2026-09-30,49415530.52219361,49195295.29538949
2026-09,desktop,i+j+l,2026-10-01,49421369.693537176,49190647.074980475
2026-09,desktop,i+j+l,2026-10-02,49413311.18065492,49172101.17034564
2026-09,desktop,i+j+l,2026-10-03,49443806.149060905,49192108.74699905
2026-09,desktop,i+j+l,2026-10-04,49472510.33567007,49210325.54185563
2026-09,desktop,i+j+l,2026-10-05,49567285.632872604,49294613.44730559
2026-09,desktop,i+j+l,2026-10-06,49574552.49994117,49291392.922621585
2026-09,desktop,i+j+l,2026-10-07,49583092.70533846,49289445.7362663
2026-09,desktop,i+j+l,2026-10-08,49591319.81055327,49287185.449728526
2026-09,desktop,i+j+l,2026-10-09,49608444.37489382,49293822.6223165
2026-09,desktop,i+j+l,2026-10-10,49618200.16120627,49293091.01687637
2026-09,desktop,i+j+l,2026-10-11,49624419.463386945,49288822.92730447
2026-09,desktop,i+j+l,2026-10-12,49559110.657543406,49213026.72970835
2026-09,desktop,i+j+l,2026-10-13,49569174.91415809,49212603.594570465
2026-09,desktop,i+j+l,2026-10-14,49597711.81358924,49230653.102249034
2026-09,desktop,i+j+l,2026-10-15,49616734.88660393,49239188.78351115
2026-09,desktop,i+j+l,2026-10-16,49631095.65013869,49243062.15529333
2026-09,desktop,i+j+l,2026-10-17,49639989.69382363,49241468.80722569
2026-09,desktop,i+j+l,2026-10-18,49647087.875413835,49238079.59706332
2026-09,desktop,i+j+l,2026-10-19,49650300.59210146,49230804.92199837
2026-09,desktop,i+j+l,2026-10-20,49626550.17378108,49196567.11192541
2026-09,desktop,i+j+l,2026-10-21,49629155.280164704,49188684.82655646
2026-09,desktop,i+j+l,2026-10-22,49631485.94187194,49180528.09651112
2026-09,desktop,i+j+l,2026-10-23,49645702.6595008,49184257.4223874
2026-09,desktop,i+j+l,2026-10-24,49644495.103918016,49172562.47505204
2026-09,desktop,i+j+l,2026-10-25,49645293.17027299,49162873.14965443
2026-09,desktop,i+j+l,2026-10-26,49645880.97135407,49152973.55898293
2026-09,desktop,i+j+l,2026-10-27,49652377.62957168,49148982.82544797
2026-09,desktop,i+j+l,2026-10-28,49652904.224846475,49139022.02897019
2026-09,desktop,i+j+l,2026-10-29,49666957.591074064,49142588.0034452
2026-09,desktop,i+j+l,2026-10-30,49719108.59446303,49184251.615081586
2026-09,desktop,i+j+l,2026-10-31,49727388.09923973,49182043.72810571
2026-09,desktop,i+j+l,2026-11-01,49639397.691953264,49083565.929066665
2026-09,desktop,i+j+l,2026-11-02,49628080.979028754,49061761.82438958
2026-09,desktop,i+j+l,2026-11-03,49646275.39788566,49069468.8514939
2026-09,desktop,i+j+l,2026-11-04,49664189.632729456,49076895.69458513
2026-09,desktop,i+j+l,2026-11-05,49695612.42711001,49097831.097213104
2026-09,desktop,i+j+l,2026-11-06,49707865.42315272,49099596.70150324
2026-09,desktop,i+j+l,2026-11-07,49712992.48896547,49094236.375563405
2026-09,desktop,i+j+l,2026-11-08,49710810.411800034,49081566.906645395
2026-09,desktop,i+j+l,2026-11-09,49797498.511455536,49157767.61454832
2026-09,desktop,i+j+l,2026-11-10,49797539.84189312,49147321.553233325
2026-09,desktop,i+j+l,2026-11-11,49746644.060842566,49085938.38043019
2026-09,desktop,i+j+l,2026-11-12,49762654.71776967,49091461.64560472
2026-09,desktop,i+j+l,2026-11-13,49777082.41844715,49095401.95452963
2026-09,desktop,i+j+l,2026-11-14,49795001.91654425,49102834.06087415
2026-09,desktop,i+j+l,2026-11-15,49802390.30869394,49099735.06127126
2026-09,desktop,i+j+l,2026-11-16,49833737.29980684,49120594.66063158
2026-09,desktop,i+j+l,2026-11-17,49898467.00040109,49174836.96947325
2026-09,desktop,i+j+l,2026-11-18,49938856.31464088,49204738.891960464
2026-09,desktop,i+j+l,2026-11-19,49977524.20322924,49232919.388796255
2026-09,desktop,i+j+l,2026-11-20,49968370.57184986,49213278.365664296
2026-09,desktop,i+j+l,2026-11-21,49992326.398095705,49226746.80015756
2026-09,desktop,i+j+l,2026-11-22,50015471.49633553,49239404.50664481
2026-09,desktop,i+j+l,2026-11-23,50030019.7332309,49243465.3517876
2026-09,desktop,i+j+l,2026-11-24,50062144.28072903,49265102.507533155
2026-09,desktop,i+j+l,2026-11-25,50092830.185581185,49285301.02063273
2026-09,desktop,i+j+l,2026-11-26,50054279.68333016,49236263.12662913
2026-09,desktop,i+j+l,2026-11-27,49997904.03863211,49169400.090178505
2026-09,desktop,i+j+l,2026-11-28,50021767.50488702,49182776.16468084
2026-09,desktop,i+j+l,2026-11-29,50140530.5429036,49291051.81094484
2026-09,desktop,i+j+l,2026-11-30,50216394.94553846,49356428.82182712
2026-09,desktop,i+j+l,2026-12-01,50260589.77623624,49390136.260772325
2026-09,desktop,i+j+l,2026-12-02,50296320.4052574,49415379.4980409
2026-09,desktop,i+j+l,2026-12-03,50318829.38747311,49427401.08850403
2026-09,desktop,i+j+l,2026-12-04,50344093.799857534,49442178.10913589
2026-09,desktop,i+j+l,2026-12-05,50363487.73045037,49451084.647976145
2026-09,desktop,i+j+l,2026-12-06,50389212.3344199,49466321.860193096
2026-09,desktop,i+j+l,2026-12-07,50419485.1649848,49486107.29900542
2026-09,desktop,i+j+l,2026-12-08,50431240.47486643,49487375.21713447
2026-09,desktop,i+j+l,2026-12-09,50497792.134921834,49543439.4854373
2026-09,desktop,i+j+l,2026-12-10,50497909.54320538,49533069.501968265
2026-09,desktop,i+j+l,2026-12-11,50493714.21898152,49518386.785991825
2026-09,desktop,i+j+l,2026-12-12,50480232.09426667,49494417.2695244
2026-09,desktop,i+j+l,2026-12-13,50480575.00180935,49484272.78531451
2026-09,desktop,i+j+l,2026-12-14,50474905.23972793,49468115.63148051
2026-09,desktop,i+j+l,2026-12-15,50442949.43363308,49425672.43363308
2026-09,desktop,i+j+l,2026-12-16,50406362.549155705,49389085.549155705
2026-09,desktop,i+j+l,2026-12-17,50369808.72467015,49352531.72467015
2026-09,desktop,i+j+l,2026-12-18,50377959.75009968,49360682.75009968
2026-09,desktop,i+j+l,2026-12-19,50334257.14257002,49316980.14257002
2026-09,desktop,i+j+l,2026-12-20,50270926.713803954,49253649.713803954
2026-09,desktop,i+j+l,2026-12-21,50095293.89544765,49078016.89544765
2026-09,desktop,i+j+l,2026-12-22,49912493.82258681,48895216.82258681
2026-09,desktop,i+j+l,2026-12-23,49681126.32488384,48663849.32488384
2026-09,desktop,i+j+l,2026-12-24,49230075.76782852,48212798.76782852
2026-09,desktop,i+j+l,2026-12-25,48507258.35698921,47489981.35698921
2026-09,desktop,i+j+l,2026-12-26,48190385.190024495,47173108.190024495
2026-09,desktop,i+j+l,2026-12-27,47954189.915295236,46936912.915295236
2026-09,desktop,i+j+l,2026-12-28,47459137.67252735,46441860.67252735
2026-09,desktop,i+j+l,2026-12-29,47123713.52774321,46106436.52774321
2026-09,desktop,i+j+l,2026-12-30,46760180.4023289,45742903.4023289
2026-09,desktop,i+j+l,2026-12-31,46135735.646370344,45118458.646370344
2026-09,desktop,i+j+l,2027-01-01,45177963.26799272,44160686.26799272
2026-09,desktop,i+j+l,2027-01-02,44931832.851097114,43914555.851097114
2026-09,desktop,i+j+l,2027-01-03,44792348.91692827,43775071.91692827
2026-09,desktop,i+j+l,2027-01-04,44591650.533291586,43574373.533291586
2026-09,desktop,i+j+l,2027-01-05,44461112.63070568,43443835.63070568
2026-09,desktop,i+j+l,2027-01-06,44287217.69889958,43269940.69889958
2026-09,desktop,i+j+l,2027-01-07,44207538.877246596,43190261.877246596
2026-09,desktop,i+j+l,2027-01-08,44170506.32463289,43153229.32463289
2026-09,desktop,i+j+l,2027-01-09,44159690.25061027,43142413.25061027
2026-09,desktop,i+j+l,2027-01-10,44151064.51133857,43133787.51133857
2026-09,desktop,i+j+l,2027-01-11,44126584.126697026,43109307.126697026
2026-09,desktop,i+j+l,2027-01-12,44140350.20132524,43123073.20132524
2026-09,desktop,i+j+l,2027-01-13,44150282.41895283,43133005.41895283
2026-09,desktop,i+j+l,2027-01-14,44149008.75143843,43131731.75143843
2026-09,desktop,i+j+l,2027-01-15,44154121.43668089,43136844.43668089
2026-09,desktop,i+j+l,2027-01-16,44189299.634445846,43172022.634445846
2026-09,desktop,i+j+l,2027-01-17,44246613.69950966,43229336.69950966
2026-09,desktop,i+j+l,2027-01-18,44386889.70160355,43369612.70160355
2026-09,desktop,i+j+l,2027-01-19,44569700.29728215,43552423.29728215
2026-09,desktop,i+j+l,2027-01-20,44818667.19530487,43801390.19530487
2026-09,desktop,i+j+l,2027-01-21,45350015.74746414,44332738.74746414
2026-09,desktop,i+j+l,2027-01-22,46169081.562167905,45151804.562167905
2026-09,desktop,i+j+l,2027-01-23,46497352.18427869,45480075.18427869
2026-09,desktop,i+j+l,2027-01-24,46733354.52766495,45716077.52766495
2026-09,desktop,i+j+l,2027-01-25,47223168.06081233,46205891.06081233
2026-09,desktop,i+j+l,2027-01-26,47527953.84050215,46510676.84050215
2026-09,desktop,i+j+l,2027-01-27,47895335.87407779,46878058.87407779
2026-09,desktop,i+j+l,2027-01-28,48517210.0197163,47499933.0197163
2026-09,desktop,i+j+l,2027-01-29,49475221.3726537,48457944.3726537
2026-09,desktop,i+j+l,2027-01-30,49721988.329971865,48704711.329971865
2026-09,desktop,i+j+l,2027-01-31,49858023.02627891,48840746.02627891
2026-09,desktop,i+j+l,2027-02-01,50038443.053496726,49021166.053496726
2026-09,desktop,i+j+l,2027-02-02,50162279.10282506,49145002.10282506
2026-09,desktop,i+j+l,2027-02-03,50313653.59890168,49296376.59890168
2026-09,desktop,i+j+l,2027-02-04,50328948.59314055,49311671.59314055
2026-09,desktop,i+j+l,2027-02-05,50270636.91905248,49253359.91905248
2026-09,desktop,i+j+l,2027-02-06,50203709.81877734,49186432.81877734
2026-09,desktop,i+j+l,2027-02-07,50157689.949286565,49140412.949286565
2026-09,desktop,i+j+l,2027-02-08,49994952.63791536,48977675.63791536
2026-09,desktop,i+j+l,2027-02-09,49829495.62718537,48812218.62718537
2026-09,desktop,i+j+l,2027-02-10,49722998.98474836,48705721.98474836
2026-09,desktop,i+j+l,2027-02-11,49639244.37096899,48621967.37096899
2026-09,desktop,i+j+l,2027-02-12,49582404.084492914,48565127.084492914
2026-09,desktop,i+j+l,2027-02-13,49540347.51181374,48523070.51181374
2026-09,desktop,i+j+l,2027-02-14,49499467.09949464,48482190.09949464
2026-09,desktop,i+j+l,2027-02-15,49423145.398163594,48405868.398163594
2026-09,desktop,i+j+l,2027-02-16,49341638.91252713,48324361.91252713
2026-09,desktop,i+j+l,2027-02-17,49263497.4786278,48246220.4786278
2026-09,desktop,i+j+l,2027-02-18,49190979.46935473,48173702.46935473
2026-09,desktop,i+j+l,2027-02-19,49137719.02740263,48120442.02740263
2026-09,desktop,i+j+l,2027-02-20,49110176.29859267,48092899.29859267
2026-09,desktop,i+j+l,2027-02-21,49075776.33252824,48058499.33252824
2026-09,desktop,i+j+l,2027-02-22,49021516.07503797,48004239.07503797
2026-09,desktop,i+j+l,2027-02-23,48978379.916062735,47961102.916062735
2026-09,desktop,i+j+l,2027-02-24,48926019.77724309,47908742.77724309
2026-09,desktop,i+j+l,2027-02-25,48883846.47592104,47866569.47592104
2026-09,desktop,i+j+l,2027-02-26,48852190.00688013,47834913.00688013
2026-09,desktop,i+j+l,2027-02-27,48824387.06022656,47807110.06022656
2026-09,desktop,i+j+l,2027-02-28,48791118.74335313,47773841.74335313
2026-09,desktop,i+j+l,2027-03-01,48793337.70412141,47776060.70412141
2026-09,desktop,i+j+l,2027-03-02,48791972.88606296,47774695.88606296
2026-09,desktop,i+j+l,2027-03-03,48788044.41603221,47770767.41603221
2026-09,desktop,i+j+l,2027-03-04,48825045.37408536,47807768.37408536
2026-09,desktop,i+j+l,2027-03-05,48885488.04463172,47868211.04463172
2026-09,desktop,i+j+l,2027-03-06,48924325.36925807,47907048.36925807
2026-09,desktop,i+j+l,2027-03-07,48949295.24293467,47932018.24293467
2026-09,desktop,i+j+l,2027-03-08,49048034.85293675,48030757.85293675
2026-09,desktop,i+j+l,2027-03-09,49113443.31529879,48096166.31529879
2026-09,desktop,i+j+l,2027-03-10,49150108.03984963,48132831.03984963
2026-09,desktop,i+j+l,2027-03-11,49185309.203934535,48168032.203934535
2026-09,desktop,i+j+l,2027-03-12,49188253.79927189,48170976.79927189
2026-09,desktop,i+j+l,2027-03-13,49192383.01772459,48175106.01772459
2026-09,desktop,i+j+l,2027-03-14,49199143.14649843,48181866.14649843
2026-09,desktop,i+j+l,2027-03-15,49244786.434957266,48227509.434957266
2026-09,desktop,i+j+l,2027-03-16,49264629.08823881,48247352.08823881
2026-09,desktop,i+j+l,2027-03-17,49271886.84793018,48254609.84793018
2026-09,desktop,i+j+l,2027-03-18,49274015.52353864,48256738.52353864
2026-09,desktop,i+j+l,2027-03-19,49260114.294851966,48242837.294851966
2026-09,desktop,i+j+l,2027-03-20,49233907.184427015,48216630.184427015
2026-09,desktop,i+j+l,2027-03-21,49183420.014318265,48166143.014318265
2026-09,desktop,i+j+l,2027-03-22,49046482.0516737,48029205.0516737
2026-09,desktop,i+j+l,2027-03-23,48981453.848672524,47964176.848672524
2026-09,desktop,i+j+l,2027-03-24,48872784.89193845,47855507.89193845
2026-09,desktop,i+j+l,2027-03-25,48670216.45248372,47652939.45248372
2026-09,desktop,i+j+l,2027-03-26,48195625.70451718,47178348.70451718
2026-09,desktop,i+j+l,2027-03-27,48068241.42505086,47050964.42505086
2026-09,desktop,i+j+l,2027-03-28,47924674.10191118,46907397.10191118
2026-09,desktop,i+j+l,2027-03-29,47437987.14674008,46420710.14674008
2026-09,desktop,i+j+l,2027-03-30,47355344.79892076,46338067.79892076
2026-09,desktop,i+j+l,2027-03-31,47284553.269229166,46267276.269229166
2026-09,desktop,i+j+l,2027-04-01,47207949.83101749,46190672.83101749
2026-09,desktop,i+j+l,2027-04-02,47155679.53085144,46138402.53085144
2026-09,desktop,i+j+l,2027-04-03,47151707.24081386,46134430.24081386
2026-09,desktop,i+j+l,2027-04-04,47147441.7793691,46130164.7793691
2026-09,desktop,i+j+l,2027-04-05,47173904.332691036,46156627.332691036
2026-09,desktop,i+j+l,2027-04-06,47216978.45940448,46199701.45940448
2026-09,desktop,i+j+l,2027-04-07,47239513.911360204,46222236.911360204
2026-09,desktop,i+j+l,2027-04-08,47246997.57055712,46229720.57055712
2026-09,desktop,i+j+l,2027-04-09,47259610.78115676,46242333.78115676
2026-09,desktop,i+j+l,2027-04-10,47255620.685952164,46238343.685952164
2026-09,desktop,i+j+l,2027-04-11,47243644.55342013,46226367.55342013
2026-09,desktop,i+j+l,2027-04-12,47251867.152411155,46234590.152411155
2026-09,desktop,i+j+l,2027-04-13,47230461.60444706,46213184.60444706
2026-09,desktop,i+j+l,2027-04-14,47212118.325263634,46194841.325263634
2026-09,desktop,i+j+l,2027-04-15,47195434.86754055,46178157.86754055
2026-09,desktop,i+j+l,2027-04-16,47180766.23693799,46163489.23693799
2026-09,desktop,i+j+l,2027-04-17,47187712.82576079,46170435.82576079
2026-09,desktop,i+j+l,2027-04-18,47212010.06984886,46194733.06984886
2026-09,desktop,i+j+l,2027-04-19,47314726.06520938,46297449.06520938
2026-09,desktop,i+j+l,2027-04-20,47351679.966271825,46334402.966271825
2026-09,desktop,i+j+l,2027-04-21,47389831.08873296,46372554.08873296
2026-09,desktop,i+j+l,2027-04-22,47541351.891184464,46524074.891184464
2026-09,desktop,i+j+l,2027-04-23,47955568.32650513,46938291.32650513
2026-09,desktop,i+j+l,2027-04-24,48048542.36590958,47031265.36590958
2026-09,desktop,i+j+l,2027-04-25,48161709.839017965,47144432.839017965
2026-09,desktop,i+j+l,2027-04-26,48566880.55563937,47549603.55563937
2026-09,desktop,i+j+l,2027-04-27,48577645.22519958,47560368.22519958
2026-09,desktop,i+j+l,2027-04-28,48560999.0427999,47543722.0427999
2026-09,desktop,i+j+l,2027-04-29,48538404.30180411,47521127.30180411
2026-09,desktop,i+j+l,2027-04-30,48432098.543403104,47414821.543403104
2026-09,desktop,i+j+l,2027-05-01,47988823.00026499,46971546.00026499
2026-09,desktop,i+j+l,2027-05-02,47845772.28779322,46828495.28779322
2026-09,desktop,i+j+l,2027-05-03,47615803.37051595,46598526.37051595
2026-09,desktop,i+j+l,2027-05-04,47496992.93069829,46479715.93069829
2026-09,desktop,i+j+l,2027-05-05,47361470.484741226,46344193.484741226
2026-09,desktop,i+j+l,2027-05-06,47045134.36444906,46027857.36444906
2026-09,desktop,i+j+l,2027-05-07,46861586.075222895,45844309.075222895
2026-09,desktop,i+j+l,2027-05-08,46795889.18182609,45778612.18182609
2026-09,desktop,i+j+l,2027-05-09,46748451.182200484,45731174.182200484
2026-09,desktop,i+j+l,2027-05-10,46643770.6800686,45626493.6800686
2026-09,desktop,i+j+l,2027-05-11,46584308.5894193,45567031.5894193
2026-09,desktop,i+j+l,2027-05-12,46532569.872696556,45515292.872696556
2026-09,desktop,i+j+l,2027-05-13,46483524.428252295,45466247.428252295
2026-09,desktop,i+j+l,2027-05-14,46418748.96370634,45401471.96370634
2026-09,desktop,i+j+l,2027-05-15,46351263.825233005,45333986.825233005
2026-09,desktop,i+j+l,2027-05-16,46216433.38392065,45199156.38392065
2026-09,desktop,i+j+l,2027-05-17,45869724.10764117,44852447.10764117
2026-09,desktop,i+j+l,2027-05-18,45837909.86593353,44820632.86593353
2026-09,desktop,i+j+l,2027-05-19,45831126.04570571,44813849.04570571
2026-09,desktop,i+j+l,2027-05-20,45761722.02752078,44744445.02752078
2026-09,desktop,i+j+l,2027-05-21,45737593.6058767,44720316.6058767
2026-09,desktop,i+j+l,2027-05-22,45712953.82715837,44695676.82715837
2026-09,desktop,i+j+l,2027-05-23,45695122.15230561,44677845.15230561
2026-09,desktop,i+j+l,2027-05-24,45648459.644899465,44631182.644899465
2026-09,desktop,i+j+l,2027-05-25,45644845.42056262,44627568.42056262
2026-09,desktop,i+j+l,2027-05-26,45651490.70265813,44634213.70265813
2026-09,desktop,i+j+l,2027-05-27,45521767.015030764,44504490.015030764
2026-09,desktop,i+j+l,2027-05-28,45542062.35451561,44524785.35451561
2026-09,desktop,i+j+l,2027-05-29,45951387.764498554,44934110.764498554
2026-09,desktop,i+j+l,2027-05-30,46050944.541920014,45033667.541920014
2026-09,desktop,i+j+l,2027-05-31,46116438.23896759,45099161.23896759
2026-09,desktop,i+j+l,2027-06-01,46171036.73386585,45153759.73386585
2026-09,desktop,i+j+l,2027-06-02,46255217.5668366,45237940.5668366
2026-09,desktop,i+j+l,2027-06-03,46531880.89548413,45514603.89548413
2026-09,desktop,i+j+l,2027-06-04,46677291.86347147,45660014.86347147
2026-09,desktop,i+j+l,2027-06-05,46703516.26401693,45686239.26401693
2026-09,desktop,i+j+l,2027-06-06,46722532.148895465,45705255.148895465
2026-09,desktop,i+j+l,2027-06-07,46789447.106288485,45772170.106288485
2026-09,desktop,i+j+l,2027-06-08,46821741.90984186,45804464.90984186
2026-09,desktop,i+j+l,2027-06-09,46811767.7703358,45794490.7703358
2026-09,desktop,i+j+l,2027-06-10,46828010.51538265,45810733.51538265
2026-09,desktop,i+j+l,2027-06-11,46864860.77887799,45847583.77887799
2026-09,desktop,i+j+l,2027-06-12,46904891.56524601,45887614.56524601
2026-09,desktop,i+j+l,2027-06-13,47016897.40461266,45999620.40461266
2026-09,desktop,i+j+l,2027-06-14,47308427.84002739,46291150.84002739
2026-09,desktop,i+j+l,2027-06-15,47287935.88076913,46270658.88076913
2026-09,desktop,i+j+l,2027-06-16,47283559.3504716,46266282.3504716
2026-09,desktop,i+j+l,2027-06-17,47308305.12763707,46291028.12763707
2026-09,desktop,i+j+l,2027-06-18,47270690.40360362,46253413.40360362
2026-09,desktop,i+j+l,2027-06-19,47249797.910746135,46232520.910746135
2026-09,desktop,i+j+l,2027-06-20,47235821.29273147,46218544.29273147
2026-09,desktop,i+j+l,2027-06-21,47223668.97472172,46206391.97472172
2026-09,desktop,i+j+l,2027-06-22,47193226.03731043,46175949.03731043
2026-09,desktop,i+j+l,2027-06-23,47158102.81151891,46140825.81151891
2026-09,desktop,i+j+l,2027-06-24,47277797.9651656,46260520.9651656
2026-09,desktop,i+j+l,2027-06-25,47331089.78965891,46313812.78965891
2026-09,desktop,i+j+l,2027-06-26,47326639.58000584,46309362.58000584
2026-09,desktop,i+j+l,2027-06-27,47323770.90955105,46306493.90955105
2026-09,desktop,i+j+l,2027-06-28,47416410.31126838,46399133.31126838
2026-09,desktop,i+j+l,2027-06-29,47385558.417461924,46368281.417461924
2026-09,desktop,i+j+l,2027-06-30,47327777.06426787,46310500.06426787
2026-09,desktop,i+j+l,2027-07-01,47259833.10408996,46242556.10408996
2026-09,desktop,i+j+l,2027-07-02,47203806.04299615,46186529.04299615
2026-09,desktop,i+j+l,2027-07-03,47167632.125155844,46150355.125155844
2026-09,desktop,i+j+l,2027-07-04,47100421.46298383,46083144.46298383
2026-09,desktop,i+j+l,2027-07-05,46912370.51768572,45895093.51768572
2026-09,desktop,i+j+l,2027-07-06,46803627.40433448,45786350.40433448
2026-09,desktop,i+j+l,2027-07-07,46737078.15720616,45719801.15720616
2026-09,desktop,i+j+l,2027-07-08,46650474.540341,45633197.540341
2026-09,desktop,i+j+l,2027-07-09,46556118.08709729,45538841.08709729
2026-09,desktop,i+j+l,2027-07-10,46505024.59985082,45487747.59985082
2026-09,desktop,i+j+l,2027-07-11,46461472.996974714,45444195.996974714
2026-09,desktop,i+j+l,2027-07-12,46396091.717219345,45378814.717219345
2026-09,desktop,i+j+l,2027-07-13,46322361.650963284,45305084.650963284
2026-09,desktop,i+j+l,2027-07-14,46212882.034760214,45195605.034760214
2026-09,desktop,i+j+l,2027-07-15,46135257.09121345,45117980.09121345
2026-09,desktop,i+j+l,2027-07-16,46077526.481259406,45060249.481259406
2026-09,desktop,i+j+l,2027-07-17,46036454.78282379,45019177.78282379
2026-09,desktop,i+j+l,2027-07-18,45992553.00284434,44975276.00284434
2026-09,desktop,i+j+l,2027-07-19,45932057.29074472,44914780.29074472
2026-09,desktop,i+j+l,2027-07-20,45850616.17281604,44833339.17281604
2026-09,desktop,i+j+l,2027-07-21,45781129.398664124,44763852.398664124
2026-09,desktop,i+j+l,2027-07-22,45707141.7387336,44689864.7387336
2026-09,desktop,i+j+l,2027-07-23,45632592.65453281,44615315.65453281
2026-09,desktop,i+j+l,2027-07-24,45562318.43991833,44545041.43991833
2026-09,desktop,i+j+l,2027-07-25,45503905.19923509,44486628.19923509
2026-09,desktop,i+j+l,2027-07-26,45428591.78963707,44411314.78963707
2026-09,desktop,i+j+l,2027-07-27,45355235.124763586,44337958.124763586
2026-09,desktop,i+j+l,2027-07-28,45287797.70860554,44270520.70860554
2026-09,desktop,i+j+l,2027-07-29,45228348.35536192,44211071.35536192
2026-09,desktop,i+j+l,2027-07-30,45158223.15601457,44140946.15601457
2026-09,desktop,i+j+l,2027-07-31,45108788.832225285,44091511.832225285
2026-09,desktop,i+j+l,2027-08-01,45078323.67702739,44061046.67702739
2026-09,desktop,i+j+l,2027-08-02,45097247.66113914,44079970.66113914
2026-09,desktop,i+j+l,2027-08-03,45049835.424902245,44032558.424902245
2026-09,desktop,i+j+l,2027-08-04,44998274.30780083,43980997.30780083
2026-09,desktop,i+j+l,2027-08-05,44941303.55708208,43924026.55708208
2026-09,desktop,i+j+l,2027-08-06,44897670.53270721,43880393.53270721
2026-09,desktop,i+j+l,2027-08-07,44860929.78996769,43843652.78996769
2026-09,desktop,i+j+l,2027-08-08,44813079.50985602,43795802.50985602
2026-09,desktop,i+j+l,2027-08-09,44752777.908446565,43735500.908446565
2026-09,desktop,i+j+l,2027-08-10,44665824.27804958,43648547.27804958
2026-09,desktop,i+j+l,2027-08-11,44599696.24799271,43582419.24799271
2026-09,desktop,i+j+l,2027-08-12,44507863.90646789,43490586.90646789
2026-09,desktop,i+j+l,2027-08-13,44422199.646379046,43404922.646379046
2026-09,desktop,i+j+l,2027-08-14,44335851.051039524,43318574.051039524
2026-09,desktop,i+j+l,2027-08-15,44219935.24226909,43202658.24226909
2026-09,desktop,i+j+l,2027-08-16,44144271.43586741,43126994.43586741
2026-09,desktop,i+j+l,2027-08-17,44060458.855979696,43043181.855979696
2026-09,desktop,i+j+l,2027-08-18,44007557.23023451,42990280.23023451
2026-09,desktop,i+j+l,2027-08-19,43958574.015255526,42941297.015255526
2026-09,desktop,i+j+l,2027-08-20,43926504.518741265,42909227.518741265
2026-09,desktop,i+j+l,2027-08-21,43938563.90014555,42921286.90014555
2026-09,desktop,i+j+l,2027-08-22,43941641.17233793,42924364.17233793
2026-09,desktop,i+j+l,2027-08-23,43951190.45934702,42933913.45934702
2026-09,desktop,i+j+l,2027-08-24,43965713.04939674,42948436.04939674
2026-09,desktop,i+j+l,2027-08-25,43984023.528672054,42966746.528672054
2026-09,desktop,i+j+l,2027-08-26,44020691.959410116,43003414.959410116
2026-09,desktop,i+j+l,2027-08-27,44059116.39172595,43041839.39172595
2026-09,desktop,i+j+l,2027-08-28,44099275.06460204,43081998.06460204
2026-09,desktop,i+j+l,2027-08-29,44155049.50789163,43137772.50789163
2026-09,desktop,i+j+l,2027-08-30,44257592.40970074,43240315.40970074
2026-09,desktop,i+j+l,2027-08-31,44334777.46190089,43317500.46190089
2026-09,desktop,i+j+l,2027-09-01,44420944.86165859,43403667.86165859
2026-09,desktop,i+j+l,2027-09-02,44505051.57013192,43487774.57013192
2026-09,desktop,i+j+l,2027-09-03,44589680.49496992,43572403.49496992
2026-09,desktop,i+j+l,2027-09-04,44638528.74160216,43621251.74160216
2026-09,desktop,i+j+l,2027-09-05,44702242.13261658,43684965.13261658
2026-09,desktop,i+j+l,2027-09-06,44687788.07234127,43670511.07234127
2026-09,desktop,i+j+l,2027-09-07,44800875.07241694,43783598.07241694
2026-09,desktop,i+j+l,2027-09-08,44942715.79819912,43925438.79819912
2026-09,desktop,i+j+l,2027-09-09,45109203.01053679,44091926.01053679
2026-09,desktop,i+j+l,2027-09-10,45272492.3886765,44255215.3886765
2026-09,desktop,i+j+l,2027-09-11,45415998.243621685,44398721.243621685
2026-09,desktop,i+j+l,2027-09-12,45597115.02614774,44579838.02614774
2026-09,desktop,i+j+l,2027-09-13,45769997.64134429,44752720.64134429
2026-09,desktop,i+j+l,2027-09-14,45932041.17451497,44914764.17451497
2026-09,desktop,i+j+l,2027-09-15,46032356.330149636,45015079.330149636
2026-09,desktop,i+j+l,2027-09-16,46165803.40563563,45148526.40563563
2026-09,desktop,i+j+l,2027-09-17,46272791.949249946,45255514.949249946
2026-09,desktop,i+j+l,2027-09-18,46338973.98814062,45321696.98814062
2026-09,desktop,i+j+l,2027-09-19,46407552.53535919,45390275.53535919
2026-09,desktop,i+j+l,2027-09-20,46495794.16606401,45478517.16606401
2026-09,desktop,i+j+l,2027-09-21,46602113.46756649,45584836.46756649
2026-09,desktop,i+j+l,2027-09-22,46703867.40762959,45686590.40762959
2026-09,desktop,i+j+l,2027-09-23,46794349.17970999,45777072.17970999
2026-09,desktop,i+j+l,2027-09-24,46873803.4587457,45856526.4587457
2026-09,desktop,i+j+l,2027-09-25,46933576.70780848,45916299.70780848
2026-09,desktop,i+j+l,2027-09-26,46977313.64697053,45960036.64697053
2026-09,desktop,i+j+l,2027-09-27,47034177.85239172,46016900.85239172
2026-09,desktop,i+j+l,2027-09-28,47093499.92060814,46076222.92060814
2026-09,desktop,i+j+l,2027-09-29,47119452.1668449,46102175.1668449
2026-09,desktop,i+j+l,2027-09-30,47121427.12035889,46104150.12035889
2026-09,desktop,i+j+l,2027-10-01,47079655.69449807,46062378.69449807
2026-09,desktop,i+j+l,2027-10-02,47045210.2394699,46027933.2394699
2026-09,desktop,i+j+l,2027-10-03,47008616.471358456,45991339.471358456
2026-09,desktop,i+j+l,2027-10-04,47031984.99074906,46014707.99074906
2026-09,desktop,i+j+l,2027-10-05,46960630.57946292,45943353.57946292
2026-09,desktop,i+j+l,2027-10-06,46846695.241613075,45829418.241613075
2026-09,desktop,i+j+l,2027-10-07,46712688.221281104,45695411.221281104
2026-09,desktop,i+j+l,2027-10-08,46577336.912463464,45560059.912463464
2026-09,desktop,i+j+l,2027-10-09,46514012.74019967,45496735.74019967
2026-09,desktop,i+j+l,2027-10-10,46477112.701743685,45459835.701743685
2026-09,desktop,i+j+l,2027-10-11,46312689.7218594,45295412.7218594
2026-09,desktop,i+j+l,2027-10-12,46181163.97491265,45163886.97491265
2026-09,desktop,i+j+l,2027-10-13,46134707.96105247,45117430.96105247
2026-09,desktop,i+j+l,2027-10-14,46104515.61358433,45087238.61358433
2026-09,desktop,i+j+l,2027-10-15,46095764.337143086,45078487.337143086
2026-09,desktop,i+j+l,2027-10-16,46094019.127529,45076742.127529
2026-09,desktop,i+j+l,2027-10-17,46095663.263470985,45078386.263470985
2026-09,desktop,i+j+l,2027-10-18,46109259.7628338,45091982.7628338
2026-09,desktop,i+j+l,2027-10-19,46110520.35142762,45093243.35142762
2026-09,desktop,i+j+l,2027-10-20,46122541.78427388,45105264.78427388
2026-09,desktop,i+j+l,2027-10-21,46123968.307050206,45106691.307050206
2026-09,desktop,i+j+l,2027-10-22,46137078.11633376,45119801.11633376
2026-09,desktop,i+j+l,2027-10-23,46135666.61951764,45118389.61951764
2026-09,desktop,i+j+l,2027-10-24,46141563.99688413,45124286.99688413
2026-09,desktop,i+j+l,2027-10-25,46157942.48799728,45140665.48799728
2026-09,desktop,i+j+l,2027-10-26,46175972.229734436,45158695.229734436
2026-09,desktop,i+j+l,2027-10-27,46197985.646567106,45180708.646567106
2026-09,desktop,i+j+l,2027-10-28,46221574.684018634,45204297.684018634
2026-09,desktop,i+j+l,2027-10-29,46254420.78813962,45237143.78813962
2026-09,desktop,i+j+l,2027-10-30,46306732.397709325,45289455.397709325
2026-09,desktop,i+j+l,2027-10-31,46336280.02239772,45319003.02239772
2026-09,desktop,i+j+l,2027-11-01,46276094.565416805,45258817.565416805
2026-09,desktop,i+j+l,2027-11-02,46372213.520782344,45354936.520782344
2026-09,desktop,i+j+l,2027-11-03,46523979.16718302,45506702.16718302
2026-09,desktop,i+j+l,2027-11-04,46665626.42831428,45648349.42831428
2026-09,desktop,i+j+l,2027-11-05,46839534.23347937,45822257.23347937
2026-09,desktop,i+j+l,2027-11-06,46920409.049435906,45903132.049435906
2026-09,desktop,i+j+l,2027-11-07,46981523.64984072,45964246.64984072
2026-09,desktop,i+j+l,2027-11-08,47193924.894764304,46176647.894764304
2026-09,desktop,i+j+l,2027-11-09,47371822.06267543,46354545.06267543
2026-09,desktop,i+j+l,2027-11-10,47499579.47259633,46482302.47259633
2026-09,desktop,i+j+l,2027-11-11,47500750.683452494,46483473.683452494
2026-09,desktop,i+j+l,2027-11-12,47549591.940159686,46532314.940159686
2026-09,desktop,i+j+l,2027-11-13,47583320.857729554,46566043.857729554
2026-09,desktop,i+j+l,2027-11-14,47600660.61333193,46583383.61333193
2026-09,desktop,i+j+l,2027-11-15,47577354.56746117,46560077.56746117
2026-09,desktop,i+j+l,2027-11-16,47594761.23806231,46577484.23806231
2026-09,desktop,i+j+l,2027-11-17,47625943.042995624,46608666.042995624
2026-09,desktop,i+j+l,2027-11-18,47650934.074943654,46633657.074943654
2026-09,desktop,i+j+l,2027-11-19,47677930.8326226,46660653.8326226
2026-09,desktop,i+j+l,2027-11-20,47679027.76144106,46661750.76144106
2026-09,desktop,i+j+l,2027-11-21,47696140.54521603,46678863.54521603
2026-09,desktop,i+j+l,2027-11-22,47702805.40877132,46685528.40877132
2026-09,desktop,i+j+l,2027-11-23,47711438.41168964,46694161.41168964
2026-09,desktop,i+j+l,2027-11-24,47744100.219114244,46726823.219114244
2026-09,desktop,i+j+l,2027-11-25,47729720.40976433,46712443.40976433
2026-09,desktop,i+j+l,2027-11-26,47735908.129420824,46718631.129420824
2026-09,desktop,i+j+l,2027-11-27,47766863.04822844,46749586.04822844
2026-09,desktop,i+j+l,2027-11-28,47833422.04834801,46816145.04834801
2026-09,desktop,i+j+l,2027-11-29,48077220.40605724,47059943.40605724
2026-09,desktop,i+j+l,2027-11-30,48154276.20923066,47136999.20923066
2026-09,desktop,i+j+l,2027-12-01,48190784.03721758,47173507.03721758
2026-09,desktop,i+j+l,2027-12-02,48240876.18149906,47223599.18149906
2026-09,desktop,i+j+l,2027-12-03,48245704.833286636,47228427.833286636
2026-09,desktop,i+j+l,2027-12-04,48258477.55328319,47241200.55328319
2026-09,desktop,i+j+l,2027-12-05,48262485.67451937,47245208.67451937
2026-09,desktop,i+j+l,2027-12-06,48263269.966982834,47245992.966982834
2026-09,desktop,i+j+l,2027-12-07,48262661.31389189,47245384.31389189
2026-09,desktop,i+j+l,2027-12-08,48235621.428246796,47218344.428246796
2026-09,desktop,i+j+l,2027-12-09,48313280.1391791,47296003.1391791
2026-09,desktop,i+j+l,2027-12-10,48311888.8243935,47294611.8243935
2026-09,desktop,i+j+l,2027-12-11,48287274.499447644,47269997.499447644
2026-09,desktop,i+j+l,2027-12-12,48280659.66365235,47263382.66365235
2026-09,desktop,i+j+l,2027-12-13,48325043.48581416,47307766.48581416
2026-09,desktop,i+j+l,2027-12-14,48312298.76513326,47295021.76513326
2026-09,desktop,i+j+l,2027-12-15,48280974.643049635,47263697.643049635
2026-09,desktop,i+j+l,2027-12-16,48247182.70193959,47229905.70193959
2026-09,desktop,i+j+l,2027-12-17,48213895.54327057,47196618.54327057
2026-09,desktop,i+j+l,2027-12-18,48202323.069759905,47185046.069759905
2026-09,desktop,i+j+l,2027-12-19,48149418.1288575,47132141.1288575
2026-09,desktop,i+j+l,2027-12-20,48007804.86694032,46990527.86694032
2026-09,desktop,i+j+l,2027-12-21,47859840.22758616,46842563.22758616
2026-09,desktop,i+j+l,2027-12-22,47653266.53657149,46635989.53657149
2026-09,desktop,i+j+l,2027-12-23,47380067.70554104,46362790.70554104
2026-09,desktop,i+j+l,2027-12-24,46726191.12051086,45708914.12051086
2026-09,desktop,i+j+l,2027-12-25,46247092.80912985,45229815.80912985
2026-09,desktop,i+j+l,2027-12-26,45928462.90077416,44911185.90077416
2026-09,desktop,i+j+l,2027-12-27,45436155.439770214,44418878.439770214
2026-09,desktop,i+j+l,2027-12-28,45183358.00923369,44166081.00923369
2026-09,desktop,i+j+l,2027-12-29,44911448.84742199,43894171.84742199
2026-09,desktop,i+j+l,2027-12-30,44600071.46241554,43582794.46241554
2026-09,desktop,i+j+l,2027-12-31,44070016.01891762,43052739.01891762
2026-09,desktop,i+j+o,2026-09-09,47325706.1555221,47325706.1555221
2026-09,desktop,i+j+o,2026-09-10,47511241.63253209,47500754.24077951
2026-09,desktop,i+j+o,2026-09-11,47670833.411941536,47649858.62843638
2026-09,desktop,i+j+o,2026-09-12,47789436.766349755,47757974.59109202
2026-09,desktop,i+j+o,2026-09-13,47863752.91576088,47821803.34875058
2026-09,desktop,i+j+o,2026-09-14,48041031.54007285,47988594.58130997
2026-09,desktop,i+j+o,2026-09-15,48188095.17920929,48125170.82869383
2026-09,desktop,i+j+o,2026-09-16,48306924.603513286,48233512.861245245
2026-09,desktop,i+j+o,2026-09-17,48436583.51864985,48352684.38462923
2026-09,desktop,i+j+o,2026-09-18,48540993.34811229,48446606.822339095
2026-09,desktop,i+j+o,2026-09-19,48588009.35935536,48483135.441829585
2026-09,desktop,i+j+o,2026-09-20,48642588.74379461,48527227.43451626
2026-09,desktop,i+j+o,2026-09-21,48742047.5166503,48616198.81561937
2026-09,desktop,i+j+o,2026-09-22,48898732.500337645,48762396.40755414
2026-09,desktop,i+j+o,2026-09-23,49033299.86747464,48886476.38293856
2026-09,desktop,i+j+o,2026-09-24,49148806.82466455,48991495.94837589
2026-09,desktop,i+j+o,2026-09-25,49264041.34485222,49096243.07681098
2026-09,desktop,i+j+o,2026-09-26,49313017.90083771,49134732.241043895
2026-09,desktop,i+j+o,2026-09-27,49367296.512938075,49178523.46139168
2026-09,desktop,i+j+o,2026-09-28,49407142.05123598,49207881.607937016
2026-09,desktop,i+j+o,2026-09-29,49444143.107726105,49234395.27267456
2026-09,desktop,i+j+o,2026-09-30,49434414.30615747,49214179.07935335
2026-09,desktop,i+j+o,2026-10-01,49437987.564457566,49207264.945900865
2026-09,desktop,i+j+o,2026-10-02,49426956.3673877,49185746.35707842
2026-09,desktop,i+j+o,2026-10-03,49454508.98456895,49202811.582507096
2026-09,desktop,i+j+o,2026-10-04,49480005.75407906,49217820.96026462
2026-09,desktop,i+j+o,2026-10-05,49570273.825129054,49297601.63956204
2026-09,desktop,i+j+o,2026-10-06,49575008.400943734,49291848.82362415
2026-09,desktop,i+j+o,2026-10-07,49580808.69061874,49287161.721546575
2026-09,desktop,i+j+o,2026-10-08,49587253.41212521,49283119.051300466
2026-09,desktop,i+j+o,2026-10-09,49611051.59579803,49296429.84322071
2026-09,desktop,i+j+o,2026-10-10,49623896.17922451,49298787.034894615
2026-09,desktop,i+j+o,2026-10-11,49642930.75533818,49307334.2192557
2026-09,desktop,i+j+o,2026-10-12,49582657.43591721,49236573.50808216
2026-09,desktop,i+j+o,2026-10-13,49592807.21142521,49236235.89183758
2026-09,desktop,i+j+o,2026-10-14,49622171.06895127,49255112.35761107
2026-09,desktop,i+j+o,2026-10-15,49641687.08039646,49264140.97730368
2026-09,desktop,i+j+o,2026-10-16,49656227.62915202,49268194.13430666
2026-09,desktop,i+j+o,2026-10-17,49664618.31885062,49266097.43225268
2026-09,desktop,i+j+o,2026-10-18,49671500.518195875,49262492.23984536
2026-09,desktop,i+j+o,2026-10-19,49675549.88200513,49256054.21190204
2026-09,desktop,i+j+o,2026-10-20,49650368.56047704,49220385.49862137
2026-09,desktop,i+j+o,2026-10-21,49651485.48165362,49211015.02804538
2026-09,desktop,i+j+o,2026-10-22,49652693.67961228,49201735.834251456
2026-09,desktop,i+j+o,2026-10-23,49658665.10117524,49197219.86406184
2026-09,desktop,i+j+o,2026-10-24,49655253.69096695,49183321.06210097
2026-09,desktop,i+j+o,2026-10-25,49653842.22163892,49171422.20102036
2026-09,desktop,i+j+o,2026-10-26,49640065.70159143,49147158.289220296
2026-09,desktop,i+j+o,2026-10-27,49641405.58569796,49138010.78157424
2026-09,desktop,i+j+o,2026-10-28,49639123.53182779,49125241.33595151
2026-09,desktop,i+j+o,2026-10-29,49658228.40292565,49133858.815296784
2026-09,desktop,i+j+o,2026-10-30,49717795.00009053,49182938.02070909
2026-09,desktop,i+j+o,2026-10-31,49736801.86893888,49191457.49780486
2026-09,desktop,i+j+o,2026-11-01,49650270.83611656,49094439.07322996
2026-09,desktop,i+j+o,2026-11-02,49629636.1967237,49063317.04208452
2026-09,desktop,i+j+o,2026-11-03,49650474.41358353,49073667.86719178
2026-09,desktop,i+j+o,2026-11-04,49669363.81340032,49082069.87525599
2026-09,desktop,i+j+o,2026-11-05,49700831.717712484,49103050.38781558
2026-09,desktop,i+j+o,2026-11-06,49705895.32283791,49097626.60118843
2026-09,desktop,i+j+o,2026-11-07,49705396.32312297,49086640.20972091
2026-09,desktop,i+j+o,2026-11-08,49689490.5160628,49060247.010908164
2026-09,desktop,i+j+o,2026-11-09,49770552.601422176,49130821.70451496
2026-09,desktop,i+j+o,2026-11-10,49767039.016403496,49116820.7277437
2026-09,desktop,i+j+o,2026-11-11,49711414.247256465,49050708.56684409
2026-09,desktop,i+j+o,2026-11-12,49723675.953245595,49052482.88108065
2026-09,desktop,i+j+o,2026-11-13,49733128.564523496,49051448.10060597
2026-09,desktop,i+j+o,2026-11-14,49747113.76235444,49054945.90668434
2026-09,desktop,i+j+o,2026-11-15,49751035.91181453,49048380.66439185
2026-09,desktop,i+j+o,2026-11-16,49776579.676022865,49063437.03684761
2026-09,desktop,i+j+o,2026-11-17,49835524.57354127,49111894.54261343
2026-09,desktop,i+j+o,2026-11-18,49870361.01982812,49136243.5971477
2026-09,desktop,i+j+o,2026-11-19,49902800.05183943,49158195.23740645
2026-09,desktop,i+j+o,2026-11-20,49887856.70087262,49132764.49468706
2026-09,desktop,i+j+o,2026-11-21,49906455.172853716,49140875.57491557
2026-09,desktop,i+j+o,2026-11-22,49925886.585991494,49149819.59630077
2026-09,desktop,i+j+o,2026-11-23,49934450.104947746,49147895.72350445
2026-09,desktop,i+j+o,2026-11-24,49962705.43713122,49165663.66393534
2026-09,desktop,i+j+o,2026-11-25,49986370.33702632,49178841.172077864
2026-09,desktop,i+j+o,2026-11-26,49942915.0290485,49124898.47234747
2026-09,desktop,i+j+o,2026-11-27,49879414.22798612,49050910.279532515
2026-09,desktop,i+j+o,2026-11-28,49897509.598447196,49058518.25824101
2026-09,desktop,i+j+o,2026-11-29,50011475.25404892,49161996.52209016
2026-09,desktop,i+j+o,2026-11-30,50081668.2382434,49221702.11453206
2026-09,desktop,i+j+o,2026-12-01,50120959.45487615,49250505.93941223
2026-09,desktop,i+j+o,2026-12-02,50152768.458444655,49271827.55122816
2026-09,desktop,i+j+o,2026-12-03,50169943.26927697,49278514.970307894
2026-09,desktop,i+j+o,2026-12-04,50188825.914008275,49286910.22328663
2026-09,desktop,i+j+o,2026-12-05,50203955.960584044,49291552.87810982
2026-09,desktop,i+j+o,2026-12-06,50225507.86018406,49302617.385957256
2026-09,desktop,i+j+o,2026-12-07,50249033.98209618,49315656.1161168
2026-09,desktop,i+j+o,2026-12-08,50254408.32009294,49310543.06236098
2026-09,desktop,i+j+o,2026-12-09,50315444.69181883,49361092.042334296
2026-09,desktop,i+j+o,2026-12-10,50309874.418877296,49345034.37764018
2026-09,desktop,i+j+o,2026-12-11,50301319.023697056,49325991.59070736
2026-09,desktop,i+j+o,2026-12-12,50284961.337031715,49299146.51228945
2026-09,desktop,i+j+o,2026-12-13,50282778.68740131,49286476.470906466
2026-09,desktop,i+j+o,2026-12-14,50273139.24270352,49266349.6344561
2026-09,desktop,i+j+o,2026-12-15,50237223.79530196,49219946.79530196
2026-09,desktop,i+j+o,2026-12-16,50196539.61191696,49179262.61191696
2026-09,desktop,i+j+o,2026-12-17,50155520.96951989,49138243.96951989
2026-09,desktop,i+j+o,2026-12-18,50158471.10388975,49141194.10388975
2026-09,desktop,i+j+o,2026-12-19,50110903.619351044,49093626.619351044
2026-09,desktop,i+j+o,2026-12-20,50044748.82035105,49027471.82035105
2026-09,desktop,i+j+o,2026-12-21,49866674.21855328,48849397.21855328
2026-09,desktop,i+j+o,2026-12-22,49678605.922276214,48661328.922276214
2026-09,desktop,i+j+o,2026-12-23,49443279.06498749,48426002.06498749
2026-09,desktop,i+j+o,2026-12-24,48987577.53321282,47970300.53321282
2026-09,desktop,i+j+o,2026-12-25,48259146.18002067,47241869.18002067
2026-09,desktop,i+j+o,2026-12-26,47938074.924996145,46920797.924996145
2026-09,desktop,i+j+o,2026-12-27,47699281.55291527,46682004.55291527
2026-09,desktop,i+j+o,2026-12-28,47200919.2600859,46183642.2600859
2026-09,desktop,i+j+o,2026-12-29,46860216.03385248,45842939.03385248
2026-09,desktop,i+j+o,2026-12-30,46489230.71603275,45471953.71603275
2026-09,desktop,i+j+o,2026-12-31,45860219.624025285,44842942.624025285
2026-09,desktop,i+j+o,2027-01-01,44908006.345298894,43890729.345298894
2026-09,desktop,i+j+o,2027-01-02,44659074.50259142,43641797.50259142
2026-09,desktop,i+j+o,2027-01-03,44526334.666730784,43509057.666730784
2026-09,desktop,i+j+o,2027-01-04,44330587.19959014,43313310.19959014
2026-09,desktop,i+j+o,2027-01-05,44190795.69202632,43173518.69202632
2026-09,desktop,i+j+o,2027-01-06,44009163.92114518,42991886.92114518
2026-09,desktop,i+j+o,2027-01-07,43920537.80077896,42903260.80077896
2026-09,desktop,i+j+o,2027-01-08,43876119.50459408,42858842.50459408
2026-09,desktop,i+j+o,2027-01-09,43859828.357691646,42842551.357691646
2026-09,desktop,i+j+o,2027-01-10,43856314.1905398,42839037.1905398
2026-09,desktop,i+j+o,2027-01-11,43839362.83214114,42822085.83214114
2026-09,desktop,i+j+o,2027-01-12,43845177.11250363,42827900.11250363
2026-09,desktop,i+j+o,2027-01-13,43847563.072024636,42830286.072024636
2026-09,desktop,i+j+o,2027-01-14,43841103.521714136,42823826.521714136
2026-09,desktop,i+j+o,2027-01-15,43841738.776886865,42824461.776886865
2026-09,desktop,i+j+o,2027-01-16,43875048.07474601,42857771.07474601
2026-09,desktop,i+j+o,2027-01-17,43939265.14897091,42921988.14897091
2026-09,desktop,i+j+o,2027-01-18,44087163.98761854,43069886.98761854
2026-09,desktop,i+j+o,2027-01-19,44267174.45749038,43249897.45749038
2026-09,desktop,i+j+o,2027-01-20,44513051.06214802,43495774.06214802
2026-09,desktop,i+j+o,2027-01-21,45041942.706244946,44024665.706244946
2026-09,desktop,i+j+o,2027-01-22,45859736.1208123,44842459.1208123
2026-09,desktop,i+j+o,2027-01-23,46188076.90099013,45170799.90099013
2026-09,desktop,i+j+o,2027-01-24,46432945.01494745,45415668.01494745
2026-09,desktop,i+j+o,2027-01-25,46934614.60508366,45917337.60508366
2026-09,desktop,i+j+o,2027-01-26,47237409.20586092,46220132.20586092
2026-09,desktop,i+j+o,2027-01-27,47604911.78736753,46587634.78736753
2026-09,desktop,i+j+o,2027-01-28,48227149.833248794,47209872.833248794
2026-09,desktop,i+j+o,2027-01-29,49173874.735836245,48156597.735836245
2026-09,desktop,i+j+o,2027-01-30,49420572.131578274,48403295.131578274
2026-09,desktop,i+j+o,2027-01-31,49558999.604396336,48541722.604396336
2026-09,desktop,i+j+o,2027-02-01,49750160.81084488,48732883.81084488
2026-09,desktop,i+j+o,2027-02-02,49889207.48442996,48871930.48442996
2026-09,desktop,i+j+o,2027-02-03,50051920.78025926,49034643.78025926
2026-09,desktop,i+j+o,2027-02-04,50087860.87545973,49070583.87545973
2026-09,desktop,i+j+o,2027-02-05,50053368.049138114,49036091.049138114
2026-09,desktop,i+j+o,2027-02-06,50001704.89707068,48984427.89707068
2026-09,desktop,i+j+o,2027-02-07,49968342.12648781,48951065.12648781
2026-09,desktop,i+j+o,2027-02-08,49826743.443265066,48809466.443265066
2026-09,desktop,i+j+o,2027-02-09,49686764.045467965,48669487.045467965
2026-09,desktop,i+j+o,2027-02-10,49604741.59502939,48587464.59502939
2026-09,desktop,i+j+o,2027-02-11,49544726.40902468,48527449.40902468
2026-09,desktop,i+j+o,2027-02-12,49509888.07834395,48492611.07834395
2026-09,desktop,i+j+o,2027-02-13,49478902.23979465,48461625.23979465
2026-09,desktop,i+j+o,2027-02-14,49448207.01935972,48430930.01935972
2026-09,desktop,i+j+o,2027-02-15,49391290.28549816,48374013.28549816
2026-09,desktop,i+j+o,2027-02-16,49328934.093120106,48311657.093120106
2026-09,desktop,i+j+o,2027-02-17,49269297.33767266,48252020.33767266
2026-09,desktop,i+j+o,2027-02-18,49212115.85347869,48194838.85347869
2026-09,desktop,i+j+o,2027-02-19,49172332.54686129,48155055.54686129
2026-09,desktop,i+j+o,2027-02-20,49152213.882806435,48134936.882806435
2026-09,desktop,i+j+o,2027-02-21,49124312.17518019,48107035.17518019
2026-09,desktop,i+j+o,2027-02-22,49079593.98250353,48062316.98250353
2026-09,desktop,i+j+o,2027-02-23,49047142.22250193,48029865.22250193
2026-09,desktop,i+j+o,2027-02-24,49002614.24845256,47985337.24845256
2026-09,desktop,i+j+o,2027-02-25,48967701.15197171,47950424.15197171
2026-09,desktop,i+j+o,2027-02-26,48942992.16278893,47925715.16278893
2026-09,desktop,i+j+o,2027-02-27,48921270.60140962,47903993.60140962
2026-09,desktop,i+j+o,2027-02-28,48893316.73272481,47876039.73272481
2026-09,desktop,i+j+o,2027-03-01,48897492.368690394,47880215.368690394
2026-09,desktop,i+j+o,2027-03-02,48894208.741621114,47876931.741621114
2026-09,desktop,i+j+o,2027-03-03,48890995.54990844,47873718.54990844
2026-09,desktop,i+j+o,2027-03-04,48920866.27638469,47903589.27638469
2026-09,desktop,i+j+o,2027-03-05,48970529.45755769,47953252.45755769
2026-09,desktop,i+j+o,2027-03-06,49003631.36290278,47986354.36290278
2026-09,desktop,i+j+o,2027-03-07,49025447.84153004,48008170.84153004
2026-09,desktop,i+j+o,2027-03-08,49116825.06024318,48099548.06024318
2026-09,desktop,i+j+o,2027-03-09,49168945.53493593,48151668.53493593
2026-09,desktop,i+j+o,2027-03-10,49190835.2096626,48173558.2096626
2026-09,desktop,i+j+o,2027-03-11,49212398.53273585,48195121.53273585
2026-09,desktop,i+j+o,2027-03-12,49207538.76722125,48190261.76722125
2026-09,desktop,i+j+o,2027-03-13,49208816.99958,48191539.99958
2026-09,desktop,i+j+o,2027-03-14,49213224.14419234,48195947.14419234
2026-09,desktop,i+j+o,2027-03-15,49253199.94632406,48235922.94632406
2026-09,desktop,i+j+o,2027-03-16,49264383.21659876,48247106.21659876
2026-09,desktop,i+j+o,2027-03-17,49265733.65198233,48248456.65198233
2026-09,desktop,i+j+o,2027-03-18,49262600.28635342,48245323.28635342
2026-09,desktop,i+j+o,2027-03-19,49245634.98220413,48228357.98220413
2026-09,desktop,i+j+o,2027-03-20,49218432.372419514,48201155.372419514
2026-09,desktop,i+j+o,2027-03-21,49168577.161945306,48151300.161945306
2026-09,desktop,i+j+o,2027-03-22,49032070.729597576,48014793.729597576
2026-09,desktop,i+j+o,2027-03-23,48969394.40006346,47952117.40006346
2026-09,desktop,i+j+o,2027-03-24,48864074.141768694,47846797.141768694
2026-09,desktop,i+j+o,2027-03-25,48663350.845038615,47646073.845038615
2026-09,desktop,i+j+o,2027-03-26,48189632.941866376,47172355.941866376
2026-09,desktop,i+j+o,2027-03-27,48062517.12048019,47045240.12048019
2026-09,desktop,i+j+o,2027-03-28,47918155.3208428,46900878.3208428
2026-09,desktop,i+j+o,2027-03-29,47433044.56248717,46415767.56248717
2026-09,desktop,i+j+o,2027-03-30,47350680.814727366,46333403.814727366
2026-09,desktop,i+j+o,2027-03-31,47282435.51819891,46265158.51819891
2026-09,desktop,i+j+o,2027-04-01,47211095.00116158,46193818.00116158
2026-09,desktop,i+j+o,2027-04-02,47156440.39419692,46139163.39419692
2026-09,desktop,i+j+o,2027-04-03,47153396.1653101,46136119.1653101
2026-09,desktop,i+j+o,2027-04-04,47148898.82904325,46131621.82904325
2026-09,desktop,i+j+o,2027-04-05,47178534.85241354,46161257.85241354
2026-09,desktop,i+j+o,2027-04-06,47223779.09889283,46206502.09889283
2026-09,desktop,i+j+o,2027-04-07,47249992.541666605,46232715.541666605
2026-09,desktop,i+j+o,2027-04-08,47262558.566032656,46245281.566032656
2026-09,desktop,i+j+o,2027-04-09,47273610.21213172,46256333.21213172
2026-09,desktop,i+j+o,2027-04-10,47272056.5812522,46254779.5812522
2026-09,desktop,i+j+o,2027-04-11,47260528.79721739,46243251.79721739
2026-09,desktop,i+j+o,2027-04-12,47269988.540054224,46252711.540054224
2026-09,desktop,i+j+o,2027-04-13,47250886.530713506,46233609.530713506
2026-09,desktop,i+j+o,2027-04-14,47233049.43148054,46215772.43148054
2026-09,desktop,i+j+o,2027-04-15,47216020.65734591,46198743.65734591
2026-09,desktop,i+j+o,2027-04-16,47201910.992027976,46184633.992027976
2026-09,desktop,i+j+o,2027-04-17,47209434.37220222,46192157.37220222
2026-09,desktop,i+j+o,2027-04-18,47233926.574185334,46216649.574185334
2026-09,desktop,i+j+o,2027-04-19,47336389.12742655,46319112.12742655
2026-09,desktop,i+j+o,2027-04-20,47371909.53977011,46354632.53977011
2026-09,desktop,i+j+o,2027-04-21,47408149.44150859,46390872.44150859
2026-09,desktop,i+j+o,2027-04-22,47558776.40786297,46541499.40786297
2026-09,desktop,i+j+o,2027-04-23,47975194.282828294,46957917.282828294
2026-09,desktop,i+j+o,2027-04-24,48065752.93840649,47048475.93840649
2026-09,desktop,i+j+o,2027-04-25,48179314.82048658,47162037.82048658
2026-09,desktop,i+j+o,2027-04-26,48580218.40979167,47562941.40979167
2026-09,desktop,i+j+o,2027-04-27,48590609.835157566,47573332.835157566
2026-09,desktop,i+j+o,2027-04-28,48572454.688073754,47555177.688073754
2026-09,desktop,i+j+o,2027-04-29,48543752.746128276,47526475.746128276
2026-09,desktop,i+j+o,2027-04-30,48447067.92321686,47429790.92321686
2026-09,desktop,i+j+o,2027-05-01,48013069.81892268,46995792.81892268
2026-09,desktop,i+j+o,2027-05-02,47875719.783464074,46858442.783464074
2026-09,desktop,i+j+o,2027-05-03,47659515.69467046,46642238.69467046
2026-09,desktop,i+j+o,2027-05-04,47560551.11293558,46543274.11293558
2026-09,desktop,i+j+o,2027-05-05,47445425.08795716,46428148.08795716
2026-09,desktop,i+j+o,2027-05-06,47141676.66947524,46124399.66947524
2026-09,desktop,i+j+o,2027-05-07,46972103.44411339,45954826.44411339
2026-09,desktop,i+j+o,2027-05-08,46906752.36900092,45889475.36900092
2026-09,desktop,i+j+o,2027-05-09,46861307.730127014,45844030.730127014
2026-09,desktop,i+j+o,2027-05-10,46769298.553663306,45752021.553663306
2026-09,desktop,i+j+o,2027-05-11,46720828.98445783,45703551.98445783
2026-09,desktop,i+j+o,2027-05-12,46674684.697391585,45657407.697391585
2026-09,desktop,i+j+o,2027-05-13,46627327.49276483,45610050.49276483
2026-09,desktop,i+j+o,2027-05-14,46559979.634511285,45542702.634511285
2026-09,desktop,i+j+o,2027-05-15,46491540.58185173,45474263.58185173
2026-09,desktop,i+j+o,2027-05-16,46352009.63189815,45334732.63189815
2026-09,desktop,i+j+o,2027-05-17,45996352.42004143,44979075.42004143
2026-09,desktop,i+j+o,2027-05-18,45957298.97647501,44940021.97647501
2026-09,desktop,i+j+o,2027-05-19,45937208.81722882,44919931.81722882
2026-09,desktop,i+j+o,2027-05-20,45859800.630647495,44842523.630647495
2026-09,desktop,i+j+o,2027-05-21,45824170.92293727,44806893.92293727
2026-09,desktop,i+j+o,2027-05-22,45796926.93221205,44779649.93221205
2026-09,desktop,i+j+o,2027-05-23,45771115.08992754,44753838.08992754
2026-09,desktop,i+j+o,2027-05-24,45715873.0548672,44698596.0548672
2026-09,desktop,i+j+o,2027-05-25,45701985.03849567,44684708.03849567
2026-09,desktop,i+j+o,2027-05-26,45698674.52031975,44681397.52031975
2026-09,desktop,i+j+o,2027-05-27,45557370.48003648,44540093.48003648
2026-09,desktop,i+j+o,2027-05-28,45559118.32516454,44541841.32516454
2026-09,desktop,i+j+o,2027-05-29,45950128.9769776,44932851.9769776
2026-09,desktop,i+j+o,2027-05-30,46033701.78482349,45016424.78482349
2026-09,desktop,i+j+o,2027-05-31,46066294.03227788,45049017.03227788
2026-09,desktop,i+j+o,2027-06-01,46086200.6937118,45068923.6937118
2026-09,desktop,i+j+o,2027-06-02,46132495.26483679,45115218.26483679
2026-09,desktop,i+j+o,2027-06-03,46379662.413735054,45362385.413735054
2026-09,desktop,i+j+o,2027-06-04,46497055.86861158,45479778.86861158
2026-09,desktop,i+j+o,2027-06-05,46508914.85400064,45491637.85400064
2026-09,desktop,i+j+o,2027-06-06,46515232.51061094,45497955.51061094
2026-09,desktop,i+j+o,2027-06-07,46550591.75606302,45533314.75606302
2026-09,desktop,i+j+o,2027-06-08,46555134.14784638,45537857.14784638
2026-09,desktop,i+j+o,2027-06-09,46539938.32276303,45522661.32276303
2026-09,desktop,i+j+o,2027-06-10,46539768.97295233,45522491.97295233
2026-09,desktop,i+j+o,2027-06-11,46560212.43819293,45542935.43819293
2026-09,desktop,i+j+o,2027-06-12,46584794.45562556,45567517.45562556
2026-09,desktop,i+j+o,2027-06-13,46690438.32194234,45673161.32194234
2026-09,desktop,i+j+o,2027-06-14,46965148.15758363,45947871.15758363
2026-09,desktop,i+j+o,2027-06-15,46928546.561061166,45911269.561061166
2026-09,desktop,i+j+o,2027-06-16,46911066.010102786,45893789.010102786
2026-09,desktop,i+j+o,2027-06-17,46919036.0594822,45901759.0594822
2026-09,desktop,i+j+o,2027-06-18,46871495.37880759,45854218.37880759
2026-09,desktop,i+j+o,2027-06-19,46838400.97742569,45821123.97742569
2026-09,desktop,i+j+o,2027-06-20,46816917.90619396,45799640.90619396
2026-09,desktop,i+j+o,2027-06-21,46798089.47617906,45780812.47617906
2026-09,desktop,i+j+o,2027-06-22,46752562.83906929,45735285.83906929
2026-09,desktop,i+j+o,2027-06-23,46702532.9545629,45685255.9545629
2026-09,desktop,i+j+o,2027-06-24,46810996.10257578,45793719.10257578
2026-09,desktop,i+j+o,2027-06-25,46853124.4383114,45835847.4383114
2026-09,desktop,i+j+o,2027-06-26,46838845.859614275,45821568.859614275
2026-09,desktop,i+j+o,2027-06-27,46829114.486918755,45811837.486918755
2026-09,desktop,i+j+o,2027-06-28,46909918.14730712,45892641.14730712
2026-09,desktop,i+j+o,2027-06-29,46871232.91365101,45853955.91365101
2026-09,desktop,i+j+o,2027-06-30,46806571.9172659,45789294.9172659
2026-09,desktop,i+j+o,2027-07-01,46728356.51067162,45711079.51067162
2026-09,desktop,i+j+o,2027-07-02,46662916.96295061,45645639.96295061
2026-09,desktop,i+j+o,2027-07-03,46619398.59455903,45602121.59455903
2026-09,desktop,i+j+o,2027-07-04,46543922.075356714,45526645.075356714
2026-09,desktop,i+j+o,2027-07-05,46342617.44745757,45325340.44745757
2026-09,desktop,i+j+o,2027-07-06,46220577.33489616,45203300.33489616
2026-09,desktop,i+j+o,2027-07-07,46130162.12439926,45112885.12439926
2026-09,desktop,i+j+o,2027-07-08,46028416.653358474,45011139.653358474
2026-09,desktop,i+j+o,2027-07-09,45926753.68748779,44909476.68748779
2026-09,desktop,i+j+o,2027-07-10,45873957.27294173,44856680.27294173
2026-09,desktop,i+j+o,2027-07-11,45820303.5326759,44803026.5326759
2026-09,desktop,i+j+o,2027-07-12,45752286.92036627,44735009.92036627
2026-09,desktop,i+j+o,2027-07-13,45679718.501266114,44662441.501266114
2026-09,desktop,i+j+o,2027-07-14,45570062.11075109,44552785.11075109
2026-09,desktop,i+j+o,2027-07-15,45493665.18592565,44476388.18592565
2026-09,desktop,i+j+o,2027-07-16,45434314.013107605,44417037.013107605
2026-09,desktop,i+j+o,2027-07-17,45391436.732609496,44374159.732609496
2026-09,desktop,i+j+o,2027-07-18,45348800.38841858,44331523.38841858
2026-09,desktop,i+j+o,2027-07-19,45279134.57281019,44261857.57281019
2026-09,desktop,i+j+o,2027-07-20,45201324.69293712,44184047.69293712
2026-09,desktop,i+j+o,2027-07-21,45131454.70690125,44114177.70690125
2026-09,desktop,i+j+o,2027-07-22,45057449.734149516,44040172.734149516
2026-09,desktop,i+j+o,2027-07-23,44981338.997999385,43964061.997999385
2026-09,desktop,i+j+o,2027-07-24,44908882.3542305,43891605.3542305
2026-09,desktop,i+j+o,2027-07-25,44851912.685088,43834635.685088
2026-09,desktop,i+j+o,2027-07-26,44778977.757220246,43761700.757220246
2026-09,desktop,i+j+o,2027-07-27,44699969.21948997,43682692.21948997
2026-09,desktop,i+j+o,2027-07-28,44633020.23525282,43615743.23525282
2026-09,desktop,i+j+o,2027-07-29,44569784.76149197,43552507.76149197
2026-09,desktop,i+j+o,2027-07-30,44500304.84598341,43483027.84598341
2026-09,desktop,i+j+o,2027-07-31,44457287.2515428,43440010.2515428
2026-09,desktop,i+j+o,2027-08-01,44430985.19208356,43413708.19208356
2026-09,desktop,i+j+o,2027-08-02,44455770.03617637,43438493.03617637
2026-09,desktop,i+j+o,2027-08-03,44413713.82842954,43396436.82842954
2026-09,desktop,i+j+o,2027-08-04,44361008.807316974,43343731.807316974
2026-09,desktop,i+j+o,2027-08-05,44313786.97609782,43296509.97609782
2026-09,desktop,i+j+o,2027-08-06,44272625.86984702,43255348.86984702
2026-09,desktop,i+j+o,2027-08-07,44234336.972079955,43217059.972079955
2026-09,desktop,i+j+o,2027-08-08,44194910.534796655,43177633.534796655
2026-09,desktop,i+j+o,2027-08-09,44140446.32736893,43123169.32736893
2026-09,desktop,i+j+o,2027-08-10,44054852.833226755,43037575.833226755
2026-09,desktop,i+j+o,2027-08-11,43995663.80582659,42978386.80582659
2026-09,desktop,i+j+o,2027-08-12,43902775.052237175,42885498.052237175
2026-09,desktop,i+j+o,2027-08-13,43815152.79481511,42797875.79481511
2026-09,desktop,i+j+o,2027-08-14,43732503.782074414,42715226.782074414
2026-09,desktop,i+j+o,2027-08-15,43614944.49579952,42597667.49579952
2026-09,desktop,i+j+o,2027-08-16,43548799.75738408,42531522.75738408
2026-09,desktop,i+j+o,2027-08-17,43462952.4765203,42445675.4765203
2026-09,desktop,i+j+o,2027-08-18,43412126.962547585,42394849.962547585
2026-09,desktop,i+j+o,2027-08-19,43364272.67745717,42346995.67745717
2026-09,desktop,i+j+o,2027-08-20,43335911.94268972,42318634.94268972
2026-09,desktop,i+j+o,2027-08-21,43349147.58757602,42331870.58757602
2026-09,desktop,i+j+o,2027-08-22,43352066.50807063,42334789.50807063
2026-09,desktop,i+j+o,2027-08-23,43359299.76958286,42342022.76958286
2026-09,desktop,i+j+o,2027-08-24,43381277.07991464,42364000.07991464
2026-09,desktop,i+j+o,2027-08-25,43401038.53977915,42383761.53977915
2026-09,desktop,i+j+o,2027-08-26,43438661.6812577,42421384.6812577
2026-09,desktop,i+j+o,2027-08-27,43476403.16295994,42459126.16295994
2026-09,desktop,i+j+o,2027-08-28,43512644.46543581,42495367.46543581
2026-09,desktop,i+j+o,2027-08-29,43568809.80056561,42551532.80056561
2026-09,desktop,i+j+o,2027-08-30,43670601.555145614,42653324.555145614
2026-09,desktop,i+j+o,2027-08-31,43745466.78894315,42728189.78894315
2026-09,desktop,i+j+o,2027-09-01,43827278.49373429,42810001.49373429
2026-09,desktop,i+j+o,2027-09-02,43909791.79296822,42892514.79296822
2026-09,desktop,i+j+o,2027-09-03,43996587.809990965,42979310.809990965
2026-09,desktop,i+j+o,2027-09-04,44044065.753471956,43026788.753471956
2026-09,desktop,i+j+o,2027-09-05,44106568.732789315,43089291.732789315
2026-09,desktop,i+j+o,2027-09-06,44092217.98078554,43074940.98078554
2026-09,desktop,i+j+o,2027-09-07,44207246.98640046,43189969.98640046
2026-09,desktop,i+j+o,2027-09-08,44350178.940930784,43332901.940930784
2026-09,desktop,i+j+o,2027-09-09,44517536.9355185,43500259.9355185
2026-09,desktop,i+j+o,2027-09-10,44686414.22773588,43669137.22773588
2026-09,desktop,i+j+o,2027-09-11,44830400.37035938,43813123.37035938
2026-09,desktop,i+j+o,2027-09-12,45011004.742483094,43993727.742483094
2026-09,desktop,i+j+o,2027-09-13,45194039.828274675,44176762.828274675
2026-09,desktop,i+j+o,2027-09-14,45368857.49271368,44351580.49271368
2026-09,desktop,i+j+o,2027-09-15,45506650.31147274,44489373.31147274
2026-09,desktop,i+j+o,2027-09-16,45648342.445214935,44631065.445214935
2026-09,desktop,i+j+o,2027-09-17,45762538.96616231,44745261.96616231
2026-09,desktop,i+j+o,2027-09-18,45836318.61745504,44819041.61745504
2026-09,desktop,i+j+o,2027-09-19,45908129.227903776,44890852.227903776
2026-09,desktop,i+j+o,2027-09-20,46000148.98483049,44982871.98483049
2026-09,desktop,i+j+o,2027-09-21,46107002.07008239,45089725.07008239
2026-09,desktop,i+j+o,2027-09-22,46215580.53167384,45198303.53167384
2026-09,desktop,i+j+o,2027-09-23,46312174.66023917,45294897.66023917
2026-09,desktop,i+j+o,2027-09-24,46397815.0956308,45380538.0956308
2026-09,desktop,i+j+o,2027-09-25,46458633.96775679,45441356.96775679
2026-09,desktop,i+j+o,2027-09-26,46506323.918068185,45489046.918068185
2026-09,desktop,i+j+o,2027-09-27,46576400.23177756,45559123.23177756
2026-09,desktop,i+j+o,2027-09-28,46652353.82359187,45635076.82359187
2026-09,desktop,i+j+o,2027-09-29,46709038.47414415,45691761.47414415
2026-09,desktop,i+j+o,2027-09-30,46754031.686806224,45736754.686806224
2026-09,desktop,i+j+o,2027-10-01,46785756.45675602,45768479.45675602
2026-09,desktop,i+j+o,2027-10-02,46802309.38693094,45785032.38693094
2026-09,desktop,i+j+o,2027-10-03,46804880.56422121,45787603.56422121
2026-09,desktop,i+j+o,2027-10-04,46945423.53433104,45928146.53433104
2026-09,desktop,i+j+o,2027-10-05,46994696.43240867,45977419.43240867
2026-09,desktop,i+j+o,2027-10-06,47008092.48825483,45990815.48825483
2026-09,desktop,i+j+o,2027-10-07,47004063.3929518,45986786.3929518
2026-09,desktop,i+j+o,2027-10-08,46983003.50343995,45965726.50343995
2026-09,desktop,i+j+o,2027-10-09,46965813.58378488,45948536.58378488
2026-09,desktop,i+j+o,2027-10-10,46963482.04174546,45946205.04174546
2026-09,desktop,i+j+o,2027-10-11,46880109.32420652,45862832.32420652
2026-09,desktop,i+j+o,2027-10-12,46847350.08414287,45830073.08414287
2026-09,desktop,i+j+o,2027-10-13,46848960.00723638,45831683.00723638
2026-09,desktop,i+j+o,2027-10-14,46854869.14259656,45837592.14259656
2026-09,desktop,i+j+o,2027-10-15,46871830.844615534,45854553.844615534
2026-09,desktop,i+j+o,2027-10-16,46881191.94623195,45863914.94623195
2026-09,desktop,i+j+o,2027-10-17,46888375.39803893,45871098.39803893
2026-09,desktop,i+j+o,2027-10-18,46913377.080874875,45896100.080874875
2026-09,desktop,i+j+o,2027-10-19,46918625.32458442,45901348.32458442
2026-09,desktop,i+j+o,2027-10-20,46919439.70044493,45902162.70044493
2026-09,desktop,i+j+o,2027-10-21,46925396.59918088,45908119.59918088
2026-09,desktop,i+j+o,2027-10-22,46935462.1668267,45918185.1668267
2026-09,desktop,i+j+o,2027-10-23,46933596.86264819,45916319.86264819
2026-09,desktop,i+j+o,2027-10-24,46936963.12826722,45919686.12826722
2026-09,desktop,i+j+o,2027-10-25,46936648.81249424,45919371.81249424
2026-09,desktop,i+j+o,2027-10-26,46940540.197371386,45923263.197371386
2026-09,desktop,i+j+o,2027-10-27,46935976.2711466,45918699.2711466
2026-09,desktop,i+j+o,2027-10-28,46917339.30518437,45900062.30518437
2026-09,desktop,i+j+o,2027-10-29,46879190.594108626,45861913.594108626
2026-09,desktop,i+j+o,2027-10-30,46887881.71682032,45870604.71682032
2026-09,desktop,i+j+o,2027-10-31,46877306.35061654,45860029.35061654
2026-09,desktop,i+j+o,2027-11-01,46697690.482073344,45680413.482073344
2026-09,desktop,i+j+o,2027-11-02,46671737.22075779,45654460.22075779
2026-09,desktop,i+j+o,2027-11-03,46698127.049523875,45680850.049523875
2026-09,desktop,i+j+o,2027-11-04,46720576.46597091,45703299.46597091
2026-09,desktop,i+j+o,2027-11-05,46778570.07367981,45761293.07367981
2026-09,desktop,i+j+o,2027-11-06,46819134.90964367,45801857.90964367
2026-09,desktop,i+j+o,2027-11-07,46847205.650719,45829928.650719
2026-09,desktop,i+j+o,2027-11-08,46962067.86301168,45944790.86301168
2026-09,desktop,i+j+o,2027-11-09,47028507.06458603,46011230.06458603
2026-09,desktop,i+j+o,2027-11-10,47071625.838143684,46054348.838143684
2026-09,desktop,i+j+o,2027-11-11,47036776.315195225,46019499.315195225
2026-09,desktop,i+j+o,2027-11-12,47052668.36357303,46035391.36357303
2026-09,desktop,i+j+o,2027-11-13,47069045.64073826,46051768.64073826
2026-09,desktop,i+j+o,2027-11-14,47079253.12191151,46061976.12191151
2026-09,desktop,i+j+o,2027-11-15,47049528.59025385,46032251.59025385
2026-09,desktop,i+j+o,2027-11-16,47068721.28694819,46051444.28694819
2026-09,desktop,i+j+o,2027-11-17,47106315.76629538,46089038.76629538
2026-09,desktop,i+j+o,2027-11-18,47125152.0524671,46107875.0524671
2026-09,desktop,i+j+o,2027-11-19,47147355.88305209,46130078.88305209
2026-09,desktop,i+j+o,2027-11-20,47150313.92483323,46133036.92483323
2026-09,desktop,i+j+o,2027-11-21,47161875.03969728,46144598.03969728
2026-09,desktop,i+j+o,2027-11-22,47179306.30430132,46162029.30430132
2026-09,desktop,i+j+o,2027-11-23,47190354.97757422,46173077.97757422
2026-09,desktop,i+j+o,2027-11-24,47223937.01234324,46206660.01234324
2026-09,desktop,i+j+o,2027-11-25,47212088.083595835,46194811.083595835
2026-09,desktop,i+j+o,2027-11-26,47211680.976003386,46194403.976003386
2026-09,desktop,i+j+o,2027-11-27,47239452.656685606,46222175.656685606
2026-09,desktop,i+j+o,2027-11-28,47305562.540201716,46288285.540201716
2026-09,desktop,i+j+o,2027-11-29,47546842.17393808,46529565.17393808
2026-09,desktop,i+j+o,2027-11-30,47622510.73686974,46605233.73686974
2026-09,desktop,i+j+o,2027-12-01,47651104.23321172,46633827.23321172
2026-09,desktop,i+j+o,2027-12-02,47694219.69635523,46676942.69635523
2026-09,desktop,i+j+o,2027-12-03,47697037.86591577,46679760.86591577
2026-09,desktop,i+j+o,2027-12-04,47702778.891493805,46685501.891493805
2026-09,desktop,i+j+o,2027-12-05,47704434.847403035,46687157.847403035
2026-09,desktop,i+j+o,2027-12-06,47708934.86981181,46691657.86981181
2026-09,desktop,i+j+o,2027-12-07,47712349.82219102,46695072.82219102
2026-09,desktop,i+j+o,2027-12-08,47688574.80438177,46671297.80438177
2026-09,desktop,i+j+o,2027-12-09,47757058.58103311,46739781.58103311
2026-09,desktop,i+j+o,2027-12-10,47752444.02544129,46735167.02544129
2026-09,desktop,i+j+o,2027-12-11,47728776.02727349,46711499.02727349
2026-09,desktop,i+j+o,2027-12-12,47719872.01681279,46702595.01681279
2026-09,desktop,i+j+o,2027-12-13,47754199.76224548,46736922.76224548
2026-09,desktop,i+j+o,2027-12-14,47728323.14596333,46711046.14596333
2026-09,desktop,i+j+o,2027-12-15,47692205.03734022,46674928.03734022
2026-09,desktop,i+j+o,2027-12-16,47657169.916586004,46639892.916586004
2026-09,desktop,i+j+o,2027-12-17,47622717.828976475,46605440.828976475
2026-09,desktop,i+j+o,2027-12-18,47607262.04742552,46589985.04742552
2026-09,desktop,i+j+o,2027-12-19,47558415.991341345,46541138.991341345
2026-09,desktop,i+j+o,2027-12-20,47419086.24387883,46401809.24387883
2026-09,desktop,i+j+o,2027-12-21,47282697.874950774,46265420.874950774
2026-09,desktop,i+j+o,2027-12-22,47081815.30545258,46064538.30545258
2026-09,desktop,i+j+o,2027-12-23,46811784.699047334,45794507.699047334
2026-09,desktop,i+j+o,2027-12-24,46174329.089063704,45157052.089063704
2026-09,desktop,i+j+o,2027-12-25,45693410.633403085,44676133.633403085
2026-09,desktop,i+j+o,2027-12-26,45373872.439008825,44356595.439008825
2026-09,desktop,i+j+o,2027-12-27,44900258.26735718,43882981.26735718
2026-09,desktop,i+j+o,2027-12-28,44651923.76329898,43634646.76329898
2026-09,desktop,i+j+o,2027-12-29,44386499.68563957,43369222.68563957
2026-09,desktop,i+j+o,2027-12-30,44082048.74150603,43064771.74150603
2026-09,desktop,i+j+o,2027-12-31,43583637.469874404,42566360.469874404
2026-09,desktop,i+l+o,2026-09-09,47326854.057672836,47326854.057672836
2026-09,desktop,i+l+o,2026-09-10,47513543.20842295,47503055.81667037
2026-09,desktop,i+l+o,2026-09-11,47674263.52395753,47653288.74045237
2026-09,desktop,i+l+o,2026-09-12,47793725.09792971,47762262.92267197
2026-09,desktop,i+l+o,2026-09-13,47868867.72227983,47826918.155269526
2026-09,desktop,i+l+o,2026-09-14,48047404.874318965,47994967.91555608
2026-09,desktop,i+l+o,2026-09-15,48195791.567901894,48132867.21738643
2026-09,desktop,i+l+o,2026-09-16,48315946.00877459,48242534.26650655
2026-09,desktop,i+l+o,2026-09-17,48446923.50918112,48363024.3751605
2026-09,desktop,i+l+o,2026-09-18,48552545.375199035,48458158.84942584
2026-09,desktop,i+l+o,2026-09-19,48600483.98877327,48495610.071247496
2026-09,desktop,i+l+o,2026-09-20,48655926.10621709,48540564.79693873
2026-09,desktop,i+l+o,2026-09-21,48756648.04060129,48630799.339570366
2026-09,desktop,i+l+o,2026-09-22,48914633.58992511,48778297.49714161
2026-09,desktop,i+l+o,2026-09-23,49050478.67823662,48903655.19370054
2026-09,desktop,i+l+o,2026-09-24,49167246.830224946,49009935.953936286
2026-09,desktop,i+l+o,2026-09-25,49283674.338905774,49115876.070864536
2026-09,desktop,i+l+o,2026-09-26,49333504.95480142,49155219.2950076
2026-09,desktop,i+l+o,2026-09-27,49388553.69071108,49199780.639164686
2026-09,desktop,i+l+o,2026-09-28,49429558.05808822,49230297.614789255
2026-09,desktop,i+l+o,2026-09-29,49467755.62415872,49258007.78910717
2026-09,desktop,i+l+o,2026-09-30,49459174.73598018,49238939.50917606
2026-09,desktop,i+l+o,2026-10-01,49463839.97684292,49233117.35828622
2026-09,desktop,i+l+o,2026-10-02,49453768.374460354,49212558.364151075
2026-09,desktop,i+l+o,2026-10-03,49481904.61703606,49230207.2149742
2026-09,desktop,i+l+o,2026-10-04,49507869.39486641,49245684.60105197
2026-09,desktop,i+l+o,2026-10-05,49598970.85629277,49326298.670725755
2026-09,desktop,i+l+o,2026-10-06,49604477.401244685,49321317.8239251
2026-09,desktop,i+l+o,2026-10-07,49610282.36523169,49316635.39615953
2026-09,desktop,i+l+o,2026-10-08,49616675.12951112,49312540.76868638
2026-09,desktop,i+l+o,2026-10-09,49640535.10448991,49325913.35191259
2026-09,desktop,i+l+o,2026-10-10,49653440.23259233,49328331.08826243
2026-09,desktop,i+l+o,2026-10-11,49672466.20744232,49336869.671359845
2026-09,desktop,i+l+o,2026-10-12,49612260.83126051,49266176.903425455
2026-09,desktop,i+l+o,2026-10-13,49622429.20335541,49265857.88376778
2026-09,desktop,i+l+o,2026-10-14,49651850.94492007,49284792.23357987
2026-09,desktop,i+l+o,2026-10-15,49671427.994965635,49293881.89187285
2026-09,desktop,i+l+o,2026-10-16,49685991.35312061,49297957.85827525
2026-09,desktop,i+l+o,2026-10-17,49694473.00675708,49295952.12015914
2026-09,desktop,i+l+o,2026-10-18,49701494.651458405,49292486.37310789
2026-09,desktop,i+l+o,2026-10-19,49705932.510606214,49286436.84050312
2026-09,desktop,i+l+o,2026-10-20,49680979.06442104,49250996.00256537
2026-09,desktop,i+l+o,2026-10-21,49682286.10246284,49241815.6488546
2026-09,desktop,i+l+o,2026-10-22,49683562.47764645,49232604.632285625
2026-09,desktop,i+l+o,2026-10-23,49689552.09540037,49228106.85828697
2026-09,desktop,i+l+o,2026-10-24,49686203.84966118,49214271.2207952
2026-09,desktop,i+l+o,2026-10-25,49684877.941333234,49202457.92071468
2026-09,desktop,i+l+o,2026-10-26,49671195.152613506,49178287.74024237
2026-09,desktop,i+l+o,2026-10-27,49672818.870782316,49169424.0666586
2026-09,desktop,i+l+o,2026-10-28,49670732.643446885,49156850.4475706
2026-09,desktop,i+l+o,2026-10-29,49689977.80760892,49165608.21998005
2026-09,desktop,i+l+o,2026-10-30,49749508.235061,49214651.255679555
2026-09,desktop,i+l+o,2026-10-31,49768732.76679679,49223388.39566277
2026-09,desktop,i+l+o,2026-11-01,49682814.04503199,49126982.28214539
2026-09,desktop,i+l+o,2026-11-02,49662562.858636744,49096243.70399757
2026-09,desktop,i+l+o,2026-11-03,49683594.38084916,49106787.834457405
2026-09,desktop,i+l+o,2026-11-04,49702661.97490536,49115368.03676103
2026-09,desktop,i+l+o,2026-11-05,49734528.74095004,49136747.411053136
2026-09,desktop,i+l+o,2026-11-06,49739669.27517699,49131400.553527504
2026-09,desktop,i+l+o,2026-11-07,49739353.53677161,49120597.42336955
2026-09,desktop,i+l+o,2026-11-08,49723742.57088236,49094499.06572772
2026-09,desktop,i+l+o,2026-11-09,49804879.03472133,49165148.13781411
2026-09,desktop,i+l+o,2026-11-10,49801706.47314435,49151488.18448456
2026-09,desktop,i+l+o,2026-11-11,49746569.658561036,49085863.97814866
2026-09,desktop,i+l+o,2026-11-12,49759090.83486811,49087897.762703165
2026-09,desktop,i+l+o,2026-11-13,49768971.93943286,49087291.475515336
2026-09,desktop,i+l+o,2026-11-14,49782924.382602096,49090756.52693199
2026-09,desktop,i+l+o,2026-11-15,49786980.505190074,49084325.257767394
2026-09,desktop,i+l+o,2026-11-16,49812672.122300975,49099529.48312572
2026-09,desktop,i+l+o,2026-11-17,49871597.510702886,49147967.47977505
2026-09,desktop,i+l+o,2026-11-18,49906629.235513784,49172511.81283337
2026-09,desktop,i+l+o,2026-11-19,49939213.29375585,49194608.479322866
2026-09,desktop,i+l+o,2026-11-20,49924526.939486444,49169434.73330088
2026-09,desktop,i+l+o,2026-11-21,49943313.51420631,49177733.91626817
2026-09,desktop,i+l+o,2026-11-22,49962779.37134689,49186712.38165617
2026-09,desktop,i+l+o,2026-11-23,49971575.1368646,49185020.7554213
2026-09,desktop,i+l+o,2026-11-24,50000033.51586235,49202991.742666475
2026-09,desktop,i+l+o,2026-11-25,50023976.97172795,49216447.8067795
2026-09,desktop,i+l+o,2026-11-26,49981048.42086393,49163031.86416289
2026-09,desktop,i+l+o,2026-11-27,49918094.37774327,49089590.42928966
2026-09,desktop,i+l+o,2026-11-28,49936243.53188164,49097252.191675454
2026-09,desktop,i+l+o,2026-11-29,50049904.73182924,49200425.99987048
2026-09,desktop,i+l+o,2026-11-30,50120254.72437402,49260288.60066268
2026-09,desktop,i+l+o,2026-12-01,50159834.54667513,49289381.03121121
2026-09,desktop,i+l+o,2026-12-02,50192017.26777475,49311076.36055826
2026-09,desktop,i+l+o,2026-12-03,50209358.65208374,49317930.353114665
2026-09,desktop,i+l+o,2026-12-04,50228711.035044156,49326795.34432251
2026-09,desktop,i+l+o,2026-12-05,50244051.35678212,49331648.2743079
2026-09,desktop,i+l+o,2026-12-06,50265718.51848756,49342828.044260755
2026-09,desktop,i+l+o,2026-12-07,50289600.15313191,49356222.28715253
2026-09,desktop,i+l+o,2026-12-08,50295366.61672294,49351501.35899098
2026-09,desktop,i+l+o,2026-12-09,50356285.14465881,49401932.495174274
2026-09,desktop,i+l+o,2026-12-10,50351109.4870878,49386269.445850685
2026-09,desktop,i+l+o,2026-12-11,50342790.18491701,49367462.751927316
2026-09,desktop,i+l+o,2026-12-12,50326876.71726041,49341061.89251815
2026-09,desktop,i+l+o,2026-12-13,50324856.15713459,49328553.94063975
2026-09,desktop,i+l+o,2026-12-14,50315880.6482767,49309091.04002928
2026-09,desktop,i+l+o,2026-12-15,50280595.90498466,49263318.90498466
2026-09,desktop,i+l+o,2026-12-16,50240309.00591912,49223032.00591912
2026-09,desktop,i+l+o,2026-12-17,50199992.7508089,49182715.7508089
2026-09,desktop,i+l+o,2026-12-18,50203358.40247711,49186081.40247711
2026-09,desktop,i+l+o,2026-12-19,50156344.50723975,49139067.50723975
2026-09,desktop,i+l+o,2026-12-20,50090835.77922808,49073558.77922808
2026-09,desktop,i+l+o,2026-12-21,49913570.98246411,48896293.98246411
2026-09,desktop,i+l+o,2026-12-22,49726236.61070438,48708959.61070438
2026-09,desktop,i+l+o,2026-12-23,49491782.32335154,48474505.32335154
2026-09,desktop,i+l+o,2026-12-24,49037566.01090383,48020289.01090383
2026-09,desktop,i+l+o,2026-12-25,48311493.52129676,47294216.52129676
2026-09,desktop,i+l+o,2026-12-26,47991768.26727631,46974491.26727631
2026-09,desktop,i+l+o,2026-12-27,47754014.06017353,46736737.06017353
2026-09,desktop,i+l+o,2026-12-28,47256792.71034763,46239515.71034763
2026-09,desktop,i+l+o,2026-12-29,46917000.51810356,45899723.51810356
2026-09,desktop,i+l+o,2026-12-30,46547105.91086082,45529828.91086082
2026-09,desktop,i+l+o,2026-12-31,45919855.87704269,44902578.87704269
2026-09,desktop,i+l+o,2027-01-01,44970189.07775642,43952912.07775642
2026-09,desktop,i+l+o,2027-01-02,44722299.14240612,43705022.14240612
2026-09,desktop,i+l+o,2027-01-03,44590258.96325148,43572981.96325148
2026-09,desktop,i+l+o,2027-01-04,44395289.345113754,43378012.345113754
2026-09,desktop,i+l+o,2027-01-05,44256188.10687937,43238911.10687937
2026-09,desktop,i+l+o,2027-01-06,44075686.90458214,43058409.90458214
2026-09,desktop,i+l+o,2027-01-07,43987695.79960787,42970418.79960787
2026-09,desktop,i+l+o,2027-01-08,43943682.73230647,42926405.73230647
2026-09,desktop,i+l+o,2027-01-09,43927560.961005725,42910283.961005725
2026-09,desktop,i+l+o,2027-01-10,43924465.43453341,42907188.43453341
2026-09,desktop,i+l+o,2027-01-11,43907802.8603253,42890525.8603253
2026-09,desktop,i+l+o,2027-01-12,43913851.997742854,42896574.997742854
2026-09,desktop,i+l+o,2027-01-13,43916323.37288387,42899046.37288387
2026-09,desktop,i+l+o,2027-01-14,43909910.85622917,42892633.85622917
2026-09,desktop,i+l+o,2027-01-15,43910871.14013713,42893594.14013713
2026-09,desktop,i+l+o,2027-01-16,43943989.76393946,42926712.76393946
2026-09,desktop,i+l+o,2027-01-17,44008062.11358603,42990785.11358603
2026-09,desktop,i+l+o,2027-01-18,44155646.091682486,43138369.091682486
2026-09,desktop,i+l+o,2027-01-19,44335327.49132343,43318050.49132343
2026-09,desktop,i+l+o,2027-01-20,44580761.85317089,43563484.85317089
2026-09,desktop,i+l+o,2027-01-21,45108242.52029653,44090965.52029653
2026-09,desktop,i+l+o,2027-01-22,45923528.26477315,44906251.26477315
2026-09,desktop,i+l+o,2027-01-23,46250458.47527405,45233181.47527405
2026-09,desktop,i+l+o,2027-01-24,46494446.66535734,45477169.66535734
2026-09,desktop,i+l+o,2027-01-25,46994974.04643228,45977697.04643228
2026-09,desktop,i+l+o,2027-01-26,47296874.4861151,46279597.4861151
2026-09,desktop,i+l+o,2027-01-27,47663313.20233525,46646036.20233525
2026-09,desktop,i+l+o,2027-01-28,48283660.551366255,47266383.551366255
2026-09,desktop,i+l+o,2027-01-29,49227574.400403984,48210297.400403984
2026-09,desktop,i+l+o,2027-01-30,49473133.35597755,48455856.35597755
2026-09,desktop,i+l+o,2027-01-31,49610670.20825676,48593393.20825676
2026-09,desktop,i+l+o,2027-02-01,49800904.217495196,48783627.217495196
2026-09,desktop,i+l+o,2027-02-02,49938800.30271084,48921523.30271084
2026-09,desktop,i+l+o,2027-02-03,50100121.85468335,49082844.85468335
2026-09,desktop,i+l+o,2027-02-04,50134909.350259736,49117632.350259736
2026-09,desktop,i+l+o,2027-02-05,50099715.49763228,49082438.49763228
2026-09,desktop,i+l+o,2027-02-06,50047837.849654496,49030560.849654496
2026-09,desktop,i+l+o,2027-02-07,50014014.44676467,48996737.44676467
2026-09,desktop,i+l+o,2027-02-08,49871537.014548734,48854260.014548734
2026-09,desktop,i+l+o,2027-02-09,49731061.9783492,48713784.9783492
2026-09,desktop,i+l+o,2027-02-10,49648457.09900111,48631180.09900111
2026-09,desktop,i+l+o,2027-02-11,49587514.908702455,48570237.908702455
2026-09,desktop,i+l+o,2027-02-12,49551689.24497906,48534412.24497906
2026-09,desktop,i+l+o,2027-02-13,49520068.97794001,48502791.97794001
2026-09,desktop,i+l+o,2027-02-14,49488802.585717365,48471525.585717365
2026-09,desktop,i+l+o,2027-02-15,49430895.17115337,48413618.17115337
2026-09,desktop,i+l+o,2027-02-16,49367248.357919,48349971.357919
2026-09,desktop,i+l+o,2027-02-17,49306470.28480329,48289193.28480329
2026-09,desktop,i+l+o,2027-02-18,49248029.405670665,48230752.405670665
2026-09,desktop,i+l+o,2027-02-19,49207325.705219045,48190048.705219045
2026-09,desktop,i+l+o,2027-02-20,49186710.26004271,48169433.26004271
2026-09,desktop,i+l+o,2027-02-21,49158069.32534512,48140792.32534512
2026-09,desktop,i+l+o,2027-02-22,49112331.776147,48095054.776147
2026-09,desktop,i+l+o,2027-02-23,49078521.691639245,48061244.691639245
2026-09,desktop,i+l+o,2027-02-24,49032801.88015226,48015524.88015226
2026-09,desktop,i+l+o,2027-02-25,48996912.92481111,47979635.92481111
2026-09,desktop,i+l+o,2027-02-26,48971184.89092413,47953907.89092413
2026-09,desktop,i+l+o,2027-02-27,48948813.04243646,47931536.04243646
2026-09,desktop,i+l+o,2027-02-28,48920212.48617435,47902935.48617435
2026-09,desktop,i+l+o,2027-03-01,48923229.82446892,47905952.82446892
2026-09,desktop,i+l+o,2027-03-02,48918927.27531975,47901650.27531975
2026-09,desktop,i+l+o,2027-03-03,48914638.71939651,47897361.71939651
2026-09,desktop,i+l+o,2027-03-04,48943580.51804743,47926303.51804743
2026-09,desktop,i+l+o,2027-03-05,48992205.411694296,47974928.411694296
2026-09,desktop,i+l+o,2027-03-06,49024301.79046951,48007024.79046951
2026-09,desktop,i+l+o,2027-03-07,49045371.92249425,48028094.92249425
2026-09,desktop,i+l+o,2027-03-08,49135640.16424964,48118363.16424964
2026-09,desktop,i+l+o,2027-03-09,49186386.16037593,48169109.16037593
2026-09,desktop,i+l+o,2027-03-10,49207723.56693107,48190446.56693107
2026-09,desktop,i+l+o,2027-03-11,49228489.322519355,48211212.322519355
2026-09,desktop,i+l+o,2027-03-12,49222485.91843784,48205208.91843784
2026-09,desktop,i+l+o,2027-03-13,49223320.828093685,48206043.828093685
2026-09,desktop,i+l+o,2027-03-14,49227090.05099499,48209813.05099499
2026-09,desktop,i+l+o,2027-03-15,49265862.13324311,48248585.13324311
2026-09,desktop,i+l+o,2027-03-16,49276170.84913777,48258893.84913777
2026-09,desktop,i+l+o,2027-03-17,49276268.51792582,48258991.51792582
2026-09,desktop,i+l+o,2027-03-18,49272231.40491537,48254954.40491537
2026-09,desktop,i+l+o,2027-03-19,49254717.94528037,48237440.94528037
2026-09,desktop,i+l+o,2027-03-20,49227185.32478744,48209908.32478744
2026-09,desktop,i+l+o,2027-03-21,49176859.881814525,48159582.881814525
2026-09,desktop,i+l+o,2027-03-22,49039627.8387257,48022350.8387257
2026-09,desktop,i+l+o,2027-03-23,48976360.43326751,47959083.43326751
2026-09,desktop,i+l+o,2027-03-24,48870367.685538806,47853090.685538806
2026-09,desktop,i+l+o,2027-03-25,48669423.956982434,47652146.956982434
2026-09,desktop,i+l+o,2027-03-26,48196911.808172524,47179634.808172524
2026-09,desktop,i+l+o,2027-03-27,48069637.24622298,47052360.24622298
2026-09,desktop,i+l+o,2027-03-28,47925513.65553431,46908236.65553431
2026-09,desktop,i+l+o,2027-03-29,47440842.16995548,46423565.16995548
2026-09,desktop,i+l+o,2027-03-30,47357630.04169028,46340353.04169028
2026-09,desktop,i+l+o,2027-03-31,47288928.12358751,46271651.12358751
2026-09,desktop,i+l+o,2027-04-01,47216958.81260087,46199681.81260087
2026-09,desktop,i+l+o,2027-04-02,47161622.26801449,46144345.26801449
2026-09,desktop,i+l+o,2027-04-03,47158195.73401923,46140918.73401923
2026-09,desktop,i+l+o,2027-04-04,47153073.52357476,46135796.52357476
2026-09,desktop,i+l+o,2027-04-05,47181706.59436208,46164429.59436208
2026-09,desktop,i+l+o,2027-04-06,47225974.94352076,46208697.94352076
2026-09,desktop,i+l+o,2027-04-07,47250597.095079236,46233320.095079236
2026-09,desktop,i+l+o,2027-04-08,47261973.08841819,46244696.08841819
2026-09,desktop,i+l+o,2027-04-09,47271893.85560733,46254616.85560733
2026-09,desktop,i+l+o,2027-04-10,47269562.32249162,46252285.32249162
2026-09,desktop,i+l+o,2027-04-11,47257215.94060446,46239938.94060446
2026-09,desktop,i+l+o,2027-04-12,47266265.49532084,46248988.49532084
2026-09,desktop,i+l+o,2027-04-13,47247014.211108126,46229737.211108126
2026-09,desktop,i+l+o,2027-04-14,47228532.9201226,46211255.9201226
2026-09,desktop,i+l+o,2027-04-15,47210446.61830465,46193169.61830465
2026-09,desktop,i+l+o,2027-04-16,47195528.927263774,46178251.927263774
2026-09,desktop,i+l+o,2027-04-17,47202151.41850903,46184874.41850903
2026-09,desktop,i+l+o,2027-04-18,47226079.75474043,46208802.75474043
2026-09,desktop,i+l+o,2027-04-19,47327398.6171957,46310121.6171957
2026-09,desktop,i+l+o,2027-04-20,47361948.77318611,46344671.77318611
2026-09,desktop,i+l+o,2027-04-21,47397379.91486251,46380102.91486251
2026-09,desktop,i+l+o,2027-04-22,47546812.83290118,46529535.83290118
2026-09,desktop,i+l+o,2027-04-23,47960686.611301295,46943409.611301295
2026-09,desktop,i+l+o,2027-04-24,48050453.13372109,47033176.13372109
2026-09,desktop,i+l+o,2027-04-25,48163044.88611208,47145767.88611208
2026-09,desktop,i+l+o,2027-04-26,48561886.66600684,47544609.66600684
2026-09,desktop,i+l+o,2027-04-27,48571055.989229016,47553778.989229016
2026-09,desktop,i+l+o,2027-04-28,48551800.66268552,47534523.66268552
2026-09,desktop,i+l+o,2027-04-29,48522278.12649947,47505001.12649947
2026-09,desktop,i+l+o,2027-04-30,48425301.140471354,47408024.140471354
2026-09,desktop,i+l+o,2027-05-01,47993088.636230186,46975811.636230186
2026-09,desktop,i+l+o,2027-05-02,47856068.10483535,46838791.10483535
2026-09,desktop,i+l+o,2027-05-03,47639757.09769147,46622480.09769147
2026-09,desktop,i+l+o,2027-05-04,47540253.63458762,46522976.63458762
2026-09,desktop,i+l+o,2027-05-05,47424662.57861739,46407385.57861739
2026-09,desktop,i+l+o,2027-05-06,47121286.19903169,46104009.19903169
2026-09,desktop,i+l+o,2027-05-07,46952243.20190447,45934966.20190447
2026-09,desktop,i+l+o,2027-05-08,46886615.98043068,45869338.98043068
2026-09,desktop,i+l+o,2027-05-09,46841120.933544084,45823843.933544084
2026-09,desktop,i+l+o,2027-05-10,46748449.009304866,45731172.009304866
2026-09,desktop,i+l+o,2027-05-11,46698818.90284699,45681541.90284699
2026-09,desktop,i+l+o,2027-05-12,46651980.03373404,45634703.03373404
2026-09,desktop,i+l+o,2027-05-13,46604108.936801575,45586831.936801575
2026-09,desktop,i+l+o,2027-05-14,46535868.83080382,45518591.83080382
2026-09,desktop,i+l+o,2027-05-15,46467196.01400006,45449919.01400006
2026-09,desktop,i+l+o,2027-05-16,46327895.46432374,45310618.46432374
2026-09,desktop,i+l+o,2027-05-17,45973197.29713694,44955920.29713694
2026-09,desktop,i+l+o,2027-05-18,45933691.44684229,44916414.44684229
2026-09,desktop,i+l+o,2027-05-19,45912623.09182768,44895346.09182768
2026-09,desktop,i+l+o,2027-05-20,45834437.43628756,44817160.43628756
2026-09,desktop,i+l+o,2027-05-21,45797972.2883391,44780695.2883391
2026-09,desktop,i+l+o,2027-05-22,45770079.968493566,44752802.968493566
2026-09,desktop,i+l+o,2027-05-23,45743519.2391157,44726242.2391157
2026-09,desktop,i+l+o,2027-05-24,45687545.93646907,44670268.93646907
2026-09,desktop,i+l+o,2027-05-25,45673397.10764348,44656120.10764348
2026-09,desktop,i+l+o,2027-05-26,45669322.42888253,44652045.42888253
2026-09,desktop,i+l+o,2027-05-27,45528026.52127053,44510749.52127053
2026-09,desktop,i+l+o,2027-05-28,45528709.91532033,44511432.91532033
2026-09,desktop,i+l+o,2027-05-29,45916401.65501107,44899124.65501107
2026-09,desktop,i+l+o,2027-05-30,45998752.20939529,44981475.20939529
2026-09,desktop,i+l+o,2027-05-31,46029569.111312225,45012292.111312225
2026-09,desktop,i+l+o,2027-06-01,46048081.227324665,45030804.227324665
2026-09,desktop,i+l+o,2027-06-02,46093651.77796029,45076374.77796029
2026-09,desktop,i+l+o,2027-06-03,46338976.18214122,45321699.18214122
2026-09,desktop,i+l+o,2027-06-04,46454851.07485575,45437574.07485575
2026-09,desktop,i+l+o,2027-06-05,46465824.78153829,45448547.78153829
2026-09,desktop,i+l+o,2027-06-06,46471437.8056761,45454160.8056761
2026-09,desktop,i+l+o,2027-06-07,46505326.665572524,45488049.665572524
2026-09,desktop,i+l+o,2027-06-08,46508802.389734335,45491525.389734335
2026-09,desktop,i+l+o,2027-06-09,46492888.383344896,45475611.383344896
2026-09,desktop,i+l+o,2027-06-10,46491396.79977291,45474119.79977291
2026-09,desktop,i+l+o,2027-06-11,46510638.380054116,45493361.380054116
2026-09,desktop,i+l+o,2027-06-12,46534717.138533846,45517440.138533846
2026-09,desktop,i+l+o,2027-06-13,46638912.90237351,45621635.90237351
2026-09,desktop,i+l+o,2027-06-14,46911253.49329965,45893976.49329965
2026-09,desktop,i+l+o,2027-06-15,46873435.978940286,45856158.978940286
2026-09,desktop,i+l+o,2027-06-16,46855271.21321624,45837994.21321624
2026-09,desktop,i+l+o,2027-06-17,46862537.83283289,45845260.83283289
2026-09,desktop,i+l+o,2027-06-18,46814502.234831765,45797225.234831765
2026-09,desktop,i+l+o,2027-06-19,46780736.50901274,45763459.50901274
2026-09,desktop,i+l+o,2027-06-20,46758924.45327573,45741647.45327573
2026-09,desktop,i+l+o,2027-06-21,46739700.65005784,45722423.65005784
2026-09,desktop,i+l+o,2027-06-22,46693346.33414863,45676069.33414863
2026-09,desktop,i+l+o,2027-06-23,46642437.786157906,45625160.786157906
2026-09,desktop,i+l+o,2027-06-24,46749499.48641112,45732222.48641112
2026-09,desktop,i+l+o,2027-06-25,46790959.608503394,45773682.608503394
2026-09,desktop,i+l+o,2027-06-26,46776207.75205844,45758930.75205844
2026-09,desktop,i+l+o,2027-06-27,46766006.00095784,45748729.00095784
2026-09,desktop,i+l+o,2027-06-28,46846313.68644523,45829036.68644523
2026-09,desktop,i+l+o,2027-06-29,46807221.777091205,45789944.777091205
2026-09,desktop,i+l+o,2027-06-30,46741204.055357285,45723927.055357285
2026-09,desktop,i+l+o,2027-07-01,46662126.56366773,45644849.56366773
2026-09,desktop,i+l+o,2027-07-02,46596203.418372236,45578926.418372236
2026-09,desktop,i+l+o,2027-07-03,46552317.18743964,45535040.18743964
2026-09,desktop,i+l+o,2027-07-04,46476985.42103123,45459708.42103123
2026-09,desktop,i+l+o,2027-07-05,46276675.72360093,45259398.72360093
2026-09,desktop,i+l+o,2027-07-06,46153654.16020455,45136377.16020455
2026-09,desktop,i+l+o,2027-07-07,46061260.52002814,45043983.52002814
2026-09,desktop,i+l+o,2027-07-08,45959257.30017384,44941980.30017384
2026-09,desktop,i+l+o,2027-07-09,45857543.080193646,44840266.080193646
2026-09,desktop,i+l+o,2027-07-10,45804485.04167579,44787208.04167579
2026-09,desktop,i+l+o,2027-07-11,45751148.45412449,44733871.45412449
2026-09,desktop,i+l+o,2027-07-12,45682314.4763466,44665037.4763466
2026-09,desktop,i+l+o,2027-07-13,45609647.921728246,44592370.921728246
2026-09,desktop,i+l+o,2027-07-14,45499839.19033062,44482562.19033062
2026-09,desktop,i+l+o,2027-07-15,45422929.26826799,44405652.26826799
2026-09,desktop,i+l+o,2027-07-16,45363520.36229857,44346243.36229857
2026-09,desktop,i+l+o,2027-07-17,45320574.46690257,44303297.46690257
2026-09,desktop,i+l+o,2027-07-18,45277934.698550425,44260657.698550425
2026-09,desktop,i+l+o,2027-07-19,45207477.89656658,44190200.89656658
2026-09,desktop,i+l+o,2027-07-20,45129408.91754602,44112131.91754602
2026-09,desktop,i+l+o,2027-07-21,45059289.14512719,44042012.14512719
2026-09,desktop,i+l+o,2027-07-22,44984671.090321906,43967394.090321906
2026-09,desktop,i+l+o,2027-07-23,44907803.42039781,43890526.42039781
2026-09,desktop,i+l+o,2027-07-24,44836093.701112315,43818816.701112315
2026-09,desktop,i+l+o,2027-07-25,44779021.87630171,43761744.87630171
2026-09,desktop,i+l+o,2027-07-26,44706013.35352334,43688736.35352334
2026-09,desktop,i+l+o,2027-07-27,44627159.3495465,43609882.3495465
2026-09,desktop,i+l+o,2027-07-28,44560181.73888951,43542904.73888951
2026-09,desktop,i+l+o,2027-07-29,44497452.97970491,43480175.97970491
2026-09,desktop,i+l+o,2027-07-30,44427912.37568223,43410635.37568223
2026-09,desktop,i+l+o,2027-07-31,44385146.441943906,43367869.441943906
2026-09,desktop,i+l+o,2027-08-01,44358656.24587567,43341379.24587567
2026-09,desktop,i+l+o,2027-08-02,44381847.386202976,43364570.386202976
2026-09,desktop,i+l+o,2027-08-03,44340442.66007962,43323165.66007962
2026-09,desktop,i+l+o,2027-08-04,44288762.29009365,43271485.29009365
2026-09,desktop,i+l+o,2027-08-05,44242316.372338966,43225039.372338966
2026-09,desktop,i+l+o,2027-08-06,44201058.66870187,43183781.66870187
2026-09,desktop,i+l+o,2027-08-07,44162817.24318927,43145540.24318927
2026-09,desktop,i+l+o,2027-08-08,44123296.84672983,43106019.84672983
2026-09,desktop,i+l+o,2027-08-09,44069509.491969995,43052232.491969995
2026-09,desktop,i+l+o,2027-08-10,43983932.77675045,42966655.77675045
2026-09,desktop,i+l+o,2027-08-11,43924474.84914555,42907197.84914555
2026-09,desktop,i+l+o,2027-08-12,43832082.49243583,42814805.49243583
2026-09,desktop,i+l+o,2027-08-13,43744866.703914426,42727589.703914426
2026-09,desktop,i+l+o,2027-08-14,43662564.95839186,42645287.95839186
2026-09,desktop,i+l+o,2027-08-15,43545581.34178362,42528304.34178362
2026-09,desktop,i+l+o,2027-08-16,43479780.17546675,42462503.17546675
2026-09,desktop,i+l+o,2027-08-17,43394199.6180721,42376922.6180721
2026-09,desktop,i+l+o,2027-08-18,43343619.66625466,42326342.66625466
2026-09,desktop,i+l+o,2027-08-19,43295628.209895596,42278351.209895596
2026-09,desktop,i+l+o,2027-08-20,43267351.29383408,42250074.29383408
2026-09,desktop,i+l+o,2027-08-21,43280455.21899944,42263178.21899944
2026-09,desktop,i+l+o,2027-08-22,43283427.06902715,42266150.06902715
2026-09,desktop,i+l+o,2027-08-23,43290247.340163104,42272970.340163104
2026-09,desktop,i+l+o,2027-08-24,43311560.90785789,42294283.90785789
2026-09,desktop,i+l+o,2027-08-25,43331259.606944844,42313982.606944844
2026-09,desktop,i+l+o,2027-08-26,43368040.56854864,42350763.56854864
2026-09,desktop,i+l+o,2027-08-27,43405970.251784004,42388693.251784004
2026-09,desktop,i+l+o,2027-08-28,43442281.61902907,42425004.61902907
2026-09,desktop,i+l+o,2027-08-29,43497845.45104039,42480568.45104039
2026-09,desktop,i+l+o,2027-08-30,43599264.7386899,42581987.7386899
2026-09,desktop,i+l+o,2027-08-31,43673041.21417957,42655764.21417957
2026-09,desktop,i+l+o,2027-09-01,43754971.386768915,42737694.386768915
2026-09,desktop,i+l+o,2027-09-02,43836552.7826072,42819275.7826072
2026-09,desktop,i+l+o,2027-09-03,43922327.05815977,42905050.05815977
2026-09,desktop,i+l+o,2027-09-04,43969866.65920433,42952589.65920433
2026-09,desktop,i+l+o,2027-09-05,44032016.63061198,43014739.63061198
2026-09,desktop,i+l+o,2027-09-06,44017332.03377313,43000055.03377313
2026-09,desktop,i+l+o,2027-09-07,44131968.79401064,43114691.79401064
2026-09,desktop,i+l+o,2027-09-08,44273978.263257675,43256701.263257675
2026-09,desktop,i+l+o,2027-09-09,44440207.22189752,43422930.22189752
2026-09,desktop,i+l+o,2027-09-10,44607784.259443656,43590507.259443656
2026-09,desktop,i+l+o,2027-09-11,44751274.30000233,43733997.30000233
2026-09,desktop,i+l+o,2027-09-12,44930441.404205516,43913164.404205516
2026-09,desktop,i+l+o,2027-09-13,45112693.4558728,44095416.4558728
2026-09,desktop,i+l+o,2027-09-14,45286684.71539377,44269407.71539377
2026-09,desktop,i+l+o,2027-09-15,45423739.66358323,44406462.66358323
2026-09,desktop,i+l+o,2027-09-16,45565124.563297875,44547847.563297875
2026-09,desktop,i+l+o,2027-09-17,45678982.5232142,44661705.5232142
2026-09,desktop,i+l+o,2027-09-18,45751977.78884209,44734700.78884209
2026-09,desktop,i+l+o,2027-09-19,45823059.175855555,44805782.175855555
2026-09,desktop,i+l+o,2027-09-20,45914140.13523509,44896863.13523509
2026-09,desktop,i+l+o,2027-09-21,46020219.21414926,45002942.21414926
2026-09,desktop,i+l+o,2027-09-22,46128632.140420295,45111355.140420295
2026-09,desktop,i+l+o,2027-09-23,46225327.49611566,45208050.49611566
2026-09,desktop,i+l+o,2027-09-24,46309332.28767105,45292055.28767105
2026-09,desktop,i+l+o,2027-09-25,46369294.7938455,45352017.7938455
2026-09,desktop,i+l+o,2027-09-26,46416961.69291322,45399684.69291322
2026-09,desktop,i+l+o,2027-09-27,46487160.88568322,45469883.88568322
2026-09,desktop,i+l+o,2027-09-28,46563112.65944583,45545835.65944583
2026-09,desktop,i+l+o,2027-09-29,46618979.885999955,45601702.885999955
2026-09,desktop,i+l+o,2027-09-30,46663859.001260675,45646582.001260675
2026-09,desktop,i+l+o,2027-10-01,46696255.173076145,45678978.173076145
2026-09,desktop,i+l+o,2027-10-02,46712561.11773314,45695284.11773314
2026-09,desktop,i+l+o,2027-10-03,46715364.864899285,45698087.864899285
2026-09,desktop,i+l+o,2027-10-04,46855633.27971996,45838356.27971996
2026-09,desktop,i+l+o,2027-10-05,46904675.934861675,45887398.934861675
2026-09,desktop,i+l+o,2027-10-06,46918610.15682421,45901333.15682421
2026-09,desktop,i+l+o,2027-10-07,46914642.70819164,45897365.70819164
2026-09,desktop,i+l+o,2027-10-08,46893717.46627707,45876440.46627707
2026-09,desktop,i+l+o,2027-10-09,46876637.06364269,45859360.06364269
2026-09,desktop,i+l+o,2027-10-10,46874661.10846196,45857384.10846196
2026-09,desktop,i+l+o,2027-10-11,46791406.57443111,45774129.57443111
2026-09,desktop,i+l+o,2027-10-12,46759093.9968421,45741816.9968421
2026-09,desktop,i+l+o,2027-10-13,46761044.87635863,45743767.87635863
2026-09,desktop,i+l+o,2027-10-14,46766607.69480016,45749330.69480016
2026-09,desktop,i+l+o,2027-10-15,46783346.22624231,45766069.22624231
2026-09,desktop,i+l+o,2027-10-16,46792875.250454865,45775598.250454865
2026-09,desktop,i+l+o,2027-10-17,46800264.83587581,45782987.83587581
2026-09,desktop,i+l+o,2027-10-18,46826274.21398569,45808997.21398569
2026-09,desktop,i+l+o,2027-10-19,46831780.62114725,45814503.62114725
2026-09,desktop,i+l+o,2027-10-20,46832485.10337186,45815208.10337186
2026-09,desktop,i+l+o,2027-10-21,46838459.9804332,45821182.9804332
2026-09,desktop,i+l+o,2027-10-22,46849025.07870809,45831748.07870809
2026-09,desktop,i+l+o,2027-10-23,46847032.351639025,45829755.351639025
2026-09,desktop,i+l+o,2027-10-24,46850134.847235285,45832857.847235285
2026-09,desktop,i+l+o,2027-10-25,46849836.8033877,45832559.8033877
2026-09,desktop,i+l+o,2027-10-26,46854125.901888736,45836848.901888736
2026-09,desktop,i+l+o,2027-10-27,46849895.6472916,45832618.6472916
2026-09,desktop,i+l+o,2027-10-28,46831424.04589744,45814147.04589744
2026-09,desktop,i+l+o,2027-10-29,46794791.77292115,45777514.77292115
2026-09,desktop,i+l+o,2027-10-30,46803254.32927997,45785977.32927997
2026-09,desktop,i+l+o,2027-10-31,46792549.001890495,45775272.001890495
2026-09,desktop,i+l+o,2027-11-01,46614812.61639216,45597535.61639216
2026-09,desktop,i+l+o,2027-11-02,46589563.64108801,45572286.64108801
2026-09,desktop,i+l+o,2027-11-03,46615330.83326549,45598053.83326549
2026-09,desktop,i+l+o,2027-11-04,46637772.546574116,45620495.546574116
2026-09,desktop,i+l+o,2027-11-05,46695590.04401191,45678313.04401191
2026-09,desktop,i+l+o,2027-11-06,46735653.06489017,45718376.06489017
2026-09,desktop,i+l+o,2027-11-07,46763718.83991573,45746441.83991573
2026-09,desktop,i+l+o,2027-11-08,46878614.47105096,45861337.47105096
2026-09,desktop,i+l+o,2027-11-09,46944642.201927766,45927365.201927766
2026-09,desktop,i+l+o,2027-11-10,46987909.427993976,45970632.427993976
2026-09,desktop,i+l+o,2027-11-11,46954138.388882205,45936861.388882205
2026-09,desktop,i+l+o,2027-11-12,46970669.17001074,45953392.17001074
2026-09,desktop,i+l+o,2027-11-13,46987301.01675574,45970024.01675574
2026-09,desktop,i+l+o,2027-11-14,46997881.440408096,45980604.440408096
2026-09,desktop,i+l+o,2027-11-15,46967937.47313678,45950660.47313678
2026-09,desktop,i+l+o,2027-11-16,46987952.04980648,45970675.04980648
2026-09,desktop,i+l+o,2027-11-17,47025759.61996821,46008482.61996821
2026-09,desktop,i+l+o,2027-11-18,47044248.70544948,46026971.70544948
2026-09,desktop,i+l+o,2027-11-19,47067105.43881108,46049828.43881108
2026-09,desktop,i+l+o,2027-11-20,47070809.362427875,46053532.362427875
2026-09,desktop,i+l+o,2027-11-21,47082948.477371946,46065671.477371946
2026-09,desktop,i+l+o,2027-11-22,47100147.8187428,46082870.8187428
2026-09,desktop,i+l+o,2027-11-23,47111464.87757892,46094187.87757892
2026-09,desktop,i+l+o,2027-11-24,47144956.41471801,46127679.41471801
2026-09,desktop,i+l+o,2027-11-25,47133558.850911476,46116281.850911476
2026-09,desktop,i+l+o,2027-11-26,47132387.81895236,46115110.81895236
2026-09,desktop,i+l+o,2027-11-27,47160164.981293134,46142887.981293134
2026-09,desktop,i+l+o,2027-11-28,47226183.92112196,46208906.92112196
2026-09,desktop,i+l+o,2027-11-29,47465360.296998285,46448083.296998285
2026-09,desktop,i+l+o,2027-11-30,47539990.06020953,46522713.06020953
2026-09,desktop,i+l+o,2027-12-01,47569080.08625592,46551803.08625592
2026-09,desktop,i+l+o,2027-12-02,47612587.972087905,46595310.972087905
2026-09,desktop,i+l+o,2027-12-03,47615892.86213821,46598615.86213821
2026-09,desktop,i+l+o,2027-12-04,47621953.25468583,46604676.25468583
2026-09,desktop,i+l+o,2027-12-05,47623588.978989825,46606311.978989825
2026-09,desktop,i+l+o,2027-12-06,47628727.45960571,46611450.45960571
2026-09,desktop,i+l+o,2027-12-07,47632954.172176525,46615677.172176525
2026-09,desktop,i+l+o,2027-12-08,47608755.08438624,46591478.08438624
2026-09,desktop,i+l+o,2027-12-09,47676712.109939985,46659435.109939985
2026-09,desktop,i+l+o,2027-12-10,47672010.35974885,46654733.35974885
2026-09,desktop,i+l+o,2027-12-11,47649438.589359924,46632161.589359924
2026-09,desktop,i+l+o,2027-12-12,47640601.40900449,46623324.40900449
2026-09,desktop,i+l+o,2027-12-13,47675602.86002234,46658325.86002234
2026-09,desktop,i+l+o,2027-12-14,47649757.35030157,46632480.35030157
2026-09,desktop,i+l+o,2027-12-15,47614256.03143026,46596979.03143026
2026-09,desktop,i+l+o,2027-12-16,47579279.397846535,46562002.397846535
2026-09,desktop,i+l+o,2027-12-17,47545136.455349095,46527859.455349095
2026-09,desktop,i+l+o,2027-12-18,47529727.36256349,46512450.36256349
2026-09,desktop,i+l+o,2027-12-19,47481330.67863841,46464053.67863841
2026-09,desktop,i+l+o,2027-12-20,47343631.34834,46326354.34834
2026-09,desktop,i+l+o,2027-12-21,47207895.041974805,46190618.041974805
2026-09,desktop,i+l+o,2027-12-22,47008854.640769,45991577.640769
2026-09,desktop,i+l+o,2027-12-23,46740788.22327555,45723511.22327555
2026-09,desktop,i+l+o,2027-12-24,46107126.49616487,45089849.49616487
2026-09,desktop,i+l+o,2027-12-25,45630335.400987096,44613058.400987096
2026-09,desktop,i+l+o,2027-12-26,45312155.84601717,44294878.84601717
2026-09,desktop,i+l+o,2027-12-27,44841565.812727034,43824288.812727034
2026-09,desktop,i+l+o,2027-12-28,44595236.95996709,43577959.95996709
2026-09,desktop,i+l+o,2027-12-29,44331572.01907091,43314295.01907091
2026-09,desktop,i+l+o,2027-12-30,44028855.99842451,43011578.99842451
2026-09,desktop,i+l+o,2027-12-31,43533213.534345545,42515936.534345545
2026-09,desktop,j+l+o,2026-09-09,47326748.76263924,47326748.76263924
2026-09,desktop,j+l+o,2026-09-10,47513311.68898217,47502824.29722959
2026-09,desktop,j+l+o,2026-09-11,47673827.241028,47652852.45752285
2026-09,desktop,j+l+o,2026-09-12,47793105.190845355,47761643.01558762
2026-09,desktop,j+l+o,2026-09-13,47868050.607471965,47826101.04046166
2026-09,desktop,j+l+o,2026-09-14,48046216.70256793,47993779.74380504
2026-09,desktop,j+l+o,2026-09-15,48194154.889117345,48131230.53860188
2026-09,desktop,j+l+o,2026-09-16,48313793.53821666,48240381.79594862
2026-09,desktop,j+l+o,2026-09-17,48444186.297845624,48360287.163825005
2026-09,desktop,j+l+o,2026-09-18,48549298.67740983,48454912.15163663
2026-09,desktop,j+l+o,2026-09-19,48596804.41038809,48491930.492862314
2026-09,desktop,j+l+o,2026-09-20,48651778.078045286,48536416.76876693
2026-09,desktop,j+l+o,2026-09-21,48751660.48575082,48625811.78471989
2026-09,desktop,j+l+o,2026-09-22,48908583.710626274,48772247.61784277
2026-09,desktop,j+l+o,2026-09-23,49043295.44139387,48896471.956857786
2026-09,desktop,j+l+o,2026-09-24,49158825.086491674,49001514.210203014
2026-09,desktop,j+l+o,2026-09-25,49273994.998002954,49106196.729961716
2026-09,desktop,j+l+o,2026-09-26,49322921.62923869,49144635.96944487
2026-09,desktop,j+l+o,2026-09-27,49377128.49180368,49188355.44025729
2026-09,desktop,j+l+o,2026-09-28,49416741.92066784,49217481.47736888
2026-09,desktop,j+l+o,2026-09-29,49453484.45707272,49243736.622021176
2026-09,desktop,j+l+o,2026-09-30,49443436.50679903,49223201.279994905
2026-09,desktop,j+l+o,2026-10-01,49446656.11781574,49215933.49925904
2026-09,desktop,j+l+o,2026-10-02,49435196.26820996,49193986.25790068
2026-09,desktop,j+l+o,2026-10-03,49462284.9033396,49210587.501277745
2026-09,desktop,j+l+o,2026-10-04,49487226.61891245,49225041.825098015
2026-09,desktop,j+l+o,2026-10-05,49576742.52033264,49304070.33476563
2026-09,desktop,j+l+o,2026-10-06,49580630.61606681,49297471.03874723
2026-09,desktop,j+l+o,2026-10-07,49584827.952958755,49291180.98388659
2026-09,desktop,j+l+o,2026-10-08,49589764.41114787,49285630.05032313
2026-09,desktop,j+l+o,2026-10-09,49612080.59420506,49297458.84162774
2026-09,desktop,j+l+o,2026-10-10,49624041.69932417,49298932.55499427
2026-09,desktop,j+l+o,2026-10-11,49642217.012451015,49306620.47636854
2026-09,desktop,j+l+o,2026-10-12,49581515.20570642,49235431.27787136
2026-09,desktop,j+l+o,2026-10-13,49590600.864787385,49234029.54519976
2026-09,desktop,j+l+o,2026-10-14,49619062.950396545,49252004.23905634
2026-09,desktop,j+l+o,2026-10-15,49637288.02277769,49259741.91968491
2026-09,desktop,j+l+o,2026-10-16,49650668.42551005,49262634.93066469
2026-09,desktop,j+l+o,2026-10-17,49658397.73641961,49259876.84982167
2026-09,desktop,j+l+o,2026-10-18,49664956.62585662,49255948.347506106
2026-09,desktop,j+l+o,2026-10-19,49668018.263184614,49248522.59308152
2026-09,desktop,j+l+o,2026-10-20,49642077.077435635,49212094.01557996
2026-09,desktop,j+l+o,2026-10-21,49642334.30235899,49201863.84875075
2026-09,desktop,j+l+o,2026-10-22,49643308.724992916,49192350.87963209
2026-09,desktop,j+l+o,2026-10-23,49649861.166354716,49188415.929241315
2026-09,desktop,j+l+o,2026-10-24,49646530.07289684,49174597.44403086
2026-09,desktop,j+l+o,2026-10-25,49645595.33847563,49163175.31785707
2026-09,desktop,j+l+o,2026-10-26,49631381.81352143,49138474.40115029
2026-09,desktop,j+l+o,2026-10-27,49634059.18910998,49130664.38498627
2026-09,desktop,j+l+o,2026-10-28,49632537.59542229,49118655.399546005
2026-09,desktop,j+l+o,2026-10-29,49653535.01616846,49129165.4285396
2026-09,desktop,j+l+o,2026-10-30,49714030.7443736,49179173.764992155
2026-09,desktop,j+l+o,2026-10-31,49733926.08276846,49188581.71163444
2026-09,desktop,j+l+o,2026-11-01,49648054.213172615,49092222.450286016
2026-09,desktop,j+l+o,2026-11-02,49628681.87391903,49062362.719279855
2026-09,desktop,j+l+o,2026-11-03,49650777.17125773,49073970.62486597
2026-09,desktop,j+l+o,2026-11-04,49670504.99835665,49083211.060212314
2026-09,desktop,j+l+o,2026-11-05,49703385.37172934,49105604.04183243
2026-09,desktop,j+l+o,2026-11-06,49709457.98393689,49101189.26228741
2026-09,desktop,j+l+o,2026-11-07,49710527.953197144,49091771.83979508
2026-09,desktop,j+l+o,2026-11-08,49695622.56064741,49066379.05549277
2026-09,desktop,j+l+o,2026-11-09,49776792.81388515,49137061.916977935
2026-09,desktop,j+l+o,2026-11-10,49775281.21571368,49125062.92705388
2026-09,desktop,j+l+o,2026-11-11,49721839.78736549,49061134.106953114
2026-09,desktop,j+l+o,2026-11-12,49736676.77022147,49065483.69805653
2026-09,desktop,j+l+o,2026-11-13,49749054.35861889,49067373.89470137
2026-09,desktop,j+l+o,2026-11-14,49764594.919190146,49072427.063520044
2026-09,desktop,j+l+o,2026-11-15,49770079.51888149,49067424.27145881
2026-09,desktop,j+l+o,2026-11-16,49799051.92580884,49085909.28663358
2026-09,desktop,j+l+o,2026-11-17,49862026.97724647,49138396.946318634
2026-09,desktop,j+l+o,2026-11-18,49899286.73152634,49165169.30884592
2026-09,desktop,j+l+o,2026-11-19,49935005.60989773,49190400.79546475
2026-09,desktop,j+l+o,2026-11-20,49923154.01098999,49168061.80480442
2026-09,desktop,j+l+o,2026-11-21,49944009.737462826,49178430.13952468
2026-09,desktop,j+l+o,2026-11-22,49965009.66438086,49188942.67469014
2026-09,desktop,j+l+o,2026-11-23,49977491.76559915,49190937.38415585
2026-09,desktop,j+l+o,2026-11-24,50008483.459757045,49211441.68656117
2026-09,desktop,j+l+o,2026-11-25,50035674.49860557,49228145.333657116
2026-09,desktop,j+l+o,2026-11-26,49994645.980528586,49176629.42382755
2026-09,desktop,j+l+o,2026-11-27,49934914.92002946,49106410.971575856
2026-09,desktop,j+l+o,2026-11-28,49955472.19600455,49116480.85579836
2026-09,desktop,j+l+o,2026-11-29,50071814.1104195,49222335.378460735
2026-09,desktop,j+l+o,2026-11-30,50145368.0405883,49285401.91687696
2026-09,desktop,j+l+o,2026-12-01,50188481.54399836,49318028.02853444
2026-09,desktop,j+l+o,2026-12-02,50223448.91352322,49342508.00630672
2026-09,desktop,j+l+o,2026-12-03,50243739.3214054,49352311.02243633
2026-09,desktop,j+l+o,2026-12-04,50266899.4502948,49364983.759573154
2026-09,desktop,j+l+o,2026-12-05,50283850.625586785,49371447.54311256
2026-09,desktop,j+l+o,2026-12-06,50308159.90331812,49385269.42909132
2026-09,desktop,j+l+o,2026-12-07,50336186.664255194,49402808.79827581
2026-09,desktop,j+l+o,2026-12-08,50345211.21307021,49401345.95533825
2026-09,desktop,j+l+o,2026-12-09,50409894.41132824,49455541.7618437
2026-09,desktop,j+l+o,2026-12-10,50408258.30380348,49443418.262566365
2026-09,desktop,j+l+o,2026-12-11,50402320.32207345,49426992.88908376
2026-09,desktop,j+l+o,2026-12-12,50387420.21118981,49401605.38644754
2026-09,desktop,j+l+o,2026-12-13,50387633.06725592,49391330.85076108
2026-09,desktop,j+l+o,2026-12-14,50380967.10030144,49374177.492054015
2026-09,desktop,j+l+o,2026-12-15,50346805.39256849,49329528.39256849
2026-09,desktop,j+l+o,2026-12-16,50310377.793779,49293100.793779
2026-09,desktop,j+l+o,2026-12-17,50272445.78898628,49255168.78898628
2026-09,desktop,j+l+o,2026-12-18,50279017.60607701,49261740.60607701
2026-09,desktop,j+l+o,2026-12-19,50234185.326004304,49216908.326004304
2026-09,desktop,j+l+o,2026-12-20,50170403.57700681,49153126.57700681
2026-09,desktop,j+l+o,2026-12-21,49996458.070639245,48979181.070639245
2026-09,desktop,j+l+o,2026-12-22,49811533.21338327,48794256.21338327
2026-09,desktop,j+l+o,2026-12-23,49579135.849022634,48561858.849022634
2026-09,desktop,j+l+o,2026-12-24,49127327.05177264,48110050.05177264
2026-09,desktop,j+l+o,2026-12-25,48402761.62577461,47385484.62577461
2026-09,desktop,j+l+o,2026-12-26,48084606.420029856,47067329.420029856
2026-09,desktop,j+l+o,2026-12-27,47848573.75886138,46831296.75886138
2026-09,desktop,j+l+o,2026-12-28,47354268.41504776,46336991.41504776
2026-09,desktop,j+l+o,2026-12-29,47017597.68323665,46000320.68323665
2026-09,desktop,j+l+o,2026-12-30,46651487.529583156,45634210.529583156
2026-09,desktop,j+l+o,2026-12-31,46026696.10129179,45009419.10129179
2026-09,desktop,j+l+o,2027-01-01,45079008.02021124,44061731.02021124
2026-09,desktop,j+l+o,2027-01-02,44833054.67580694,43815777.67580694
2026-09,desktop,j+l+o,2027-01-03,44701756.201241866,43684479.201241866
2026-09,desktop,j+l+o,2027-01-04,44509914.639410675,43492637.639410675
2026-09,desktop,j+l+o,2027-01-05,44373237.995688565,43355960.995688565
2026-09,desktop,j+l+o,2027-01-06,44194287.43156512,43177010.43156512
2026-09,desktop,j+l+o,2027-01-07,44109111.20844101,43091834.20844101
2026-09,desktop,j+l+o,2027-01-08,44067807.51294207,43050530.51294207
2026-09,desktop,j+l+o,2027-01-09,44053724.80311644,43036447.80311644
2026-09,desktop,j+l+o,2027-01-10,44051904.85919201,43034627.85919201
2026-09,desktop,j+l+o,2027-01-11,44036718.291981556,43019441.291981556
2026-09,desktop,j+l+o,2027-01-12,44045537.96289822,43028260.96289822
2026-09,desktop,j+l+o,2027-01-13,44050107.76080959,43032830.76080959
2026-09,desktop,j+l+o,2027-01-14,44044689.955154315,43027412.955154315
2026-09,desktop,j+l+o,2027-01-15,44046515.99916942,43029238.99916942
2026-09,desktop,j+l+o,2027-01-16,44079099.52797305,43061822.52797305
2026-09,desktop,j+l+o,2027-01-17,44143427.06406171,43126150.06406171
2026-09,desktop,j+l+o,2027-01-18,44290848.216173545,43273571.216173545
2026-09,desktop,j+l+o,2027-01-19,44470392.24618775,43453115.24618775
2026-09,desktop,j+l+o,2027-01-20,44715816.220882006,43698539.220882006
2026-09,desktop,j+l+o,2027-01-21,45242978.76328225,44225701.76328225
2026-09,desktop,j+l+o,2027-01-22,46058600.18692743,45041323.18692743
2026-09,desktop,j+l+o,2027-01-23,46385206.06305885,45367929.06305885
2026-09,desktop,j+l+o,2027-01-24,46628328.39557197,45611051.39557197
2026-09,desktop,j+l+o,2027-01-25,47125775.96726435,46108498.96726435
2026-09,desktop,j+l+o,2027-01-26,47425915.989341795,46408638.989341795
2026-09,desktop,j+l+o,2027-01-27,47790189.217816405,46772912.217816405
2026-09,desktop,j+l+o,2027-01-28,48407677.96639084,47390400.96639084
2026-09,desktop,j+l+o,2027-01-29,49350816.270268284,48333539.270268284
2026-09,desktop,j+l+o,2027-01-30,49595183.220404886,48577906.220404886
2026-09,desktop,j+l+o,2027-01-31,49731814.35800231,48714537.35800231
2026-09,desktop,j+l+o,2027-02-01,49918307.62104277,48901030.62104277
2026-09,desktop,j+l+o,2027-02-02,50051763.98011916,49034486.98011916
2026-09,desktop,j+l+o,2027-02-03,50210558.027780525,49193281.027780525
2026-09,desktop,j+l+o,2027-02-04,50241464.95591133,49224187.95591133
2026-09,desktop,j+l+o,2027-02-05,50201517.35786976,49184240.35786976
2026-09,desktop,j+l+o,2027-02-06,50146606.57282672,49129329.57282672
2026-09,desktop,j+l+o,2027-02-07,50109274.61447072,49091997.61447072
2026-09,desktop,j+l+o,2027-02-08,49962948.57067349,48945671.57067349
2026-09,desktop,j+l+o,2027-02-09,49817169.28636576,48799892.28636576
2026-09,desktop,j+l+o,2027-02-10,49729570.12426869,48712293.12426869
2026-09,desktop,j+l+o,2027-02-11,49663570.199909255,48646293.199909255
2026-09,desktop,j+l+o,2027-02-12,49621827.076951854,48604550.076951854
2026-09,desktop,j+l+o,2027-02-13,49587631.18628317,48570354.18628317
2026-09,desktop,j+l+o,2027-02-14,49553254.61548407,48535977.61548407
2026-09,desktop,j+l+o,2027-02-15,49490243.222868934,48472966.222868934
2026-09,desktop,j+l+o,2027-02-16,49421013.759240754,48403736.759240754
2026-09,desktop,j+l+o,2027-02-17,49354649.70583087,48337372.70583087
2026-09,desktop,j+l+o,2027-02-18,49291890.65258043,48274613.65258043
2026-09,desktop,j+l+o,2027-02-19,49246352.67233576,48229075.67233576
2026-09,desktop,j+l+o,2027-02-20,49222063.64196966,48204786.64196966
2026-09,desktop,j+l+o,2027-02-21,49190599.28344058,48173322.28344058
2026-09,desktop,j+l+o,2027-02-22,49141968.25281634,48124691.25281634
2026-09,desktop,j+l+o,2027-02-23,49103980.796959646,48086703.796959646
2026-09,desktop,j+l+o,2027-02-24,49055015.22976637,48037738.22976637
2026-09,desktop,j+l+o,2027-02-25,49016304.328426346,47999027.328426346
2026-09,desktop,j+l+o,2027-02-26,48984248.40910922,47966971.40910922
2026-09,desktop,j+l+o,2027-02-27,48958473.97794391,47941196.97794391
2026-09,desktop,j+l+o,2027-02-28,48925803.7288394,47908526.7288394
2026-09,desktop,j+l+o,2027-03-01,48924380.66308037,47907103.66308037
2026-09,desktop,j+l+o,2027-03-02,48919336.081717536,47902059.081717536
2026-09,desktop,j+l+o,2027-03-03,48910678.46830471,47893401.46830471
2026-09,desktop,j+l+o,2027-03-04,48936078.16173976,47918801.16173976
2026-09,desktop,j+l+o,2027-03-05,48981663.07043845,47964386.07043845
2026-09,desktop,j+l+o,2027-03-06,49012308.291622296,47995031.291622296
2026-09,desktop,j+l+o,2027-03-07,49031356.04478824,48014079.04478824
2026-09,desktop,j+l+o,2027-03-08,49116991.43120112,48099714.43120112
2026-09,desktop,j+l+o,2027-03-09,49166486.8569693,48149209.8569693
2026-09,desktop,j+l+o,2027-03-10,49185276.569894604,48167999.569894604
2026-09,desktop,j+l+o,2027-03-11,49206211.572958544,48188934.572958544
2026-09,desktop,j+l+o,2027-03-12,49197594.23155213,48180317.23155213
2026-09,desktop,j+l+o,2027-03-13,49197015.590588674,48179738.590588674
2026-09,desktop,j+l+o,2027-03-14,49199532.404858455,48182255.404858455
2026-09,desktop,j+l+o,2027-03-15,49235292.35178783,48218015.35178783
2026-09,desktop,j+l+o,2027-03-16,49244517.89012931,48227240.89012931
2026-09,desktop,j+l+o,2027-03-17,49244897.05619009,48227620.05619009
2026-09,desktop,j+l+o,2027-03-18,49238810.73083734,48221533.73083734
2026-09,desktop,j+l+o,2027-03-19,49221828.9112464,48204551.9112464
2026-09,desktop,j+l+o,2027-03-20,49193232.572434135,48175955.572434135
2026-09,desktop,j+l+o,2027-03-21,49141546.63251673,48124269.63251673
2026-09,desktop,j+l+o,2027-03-22,49000492.1261372,47983215.1261372
2026-09,desktop,j+l+o,2027-03-23,48933860.65236963,47916583.65236963
2026-09,desktop,j+l+o,2027-03-24,48825536.31121867,47808259.31121867
2026-09,desktop,j+l+o,2027-03-25,48624944.89512076,47607667.89512076
2026-09,desktop,j+l+o,2027-03-26,48152657.903499305,47135380.903499305
2026-09,desktop,j+l+o,2027-03-27,48024117.2289564,47006840.2289564
2026-09,desktop,j+l+o,2027-03-28,47881301.59202651,46864024.59202651
2026-09,desktop,j+l+o,2027-03-29,47396416.480420806,46379139.480420806
2026-09,desktop,j+l+o,2027-03-30,47310930.987790294,46293653.987790294
2026-09,desktop,j+l+o,2027-03-31,47242564.295848705,46225287.295848705
2026-09,desktop,j+l+o,2027-04-01,47168427.764799014,46151150.764799014
2026-09,desktop,j+l+o,2027-04-02,47113887.316283785,46096610.316283785
2026-09,desktop,j+l+o,2027-04-03,47110437.74518932,46093160.74518932
2026-09,desktop,j+l+o,2027-04-04,47106085.16852005,46088808.16852005
2026-09,desktop,j+l+o,2027-04-05,47135893.46437328,46118616.46437328
2026-09,desktop,j+l+o,2027-04-06,47180271.579986274,46162994.579986274
2026-09,desktop,j+l+o,2027-04-07,47205342.83213922,46188065.83213922
2026-09,desktop,j+l+o,2027-04-08,47213512.40633024,46196235.40633024
2026-09,desktop,j+l+o,2027-04-09,47226363.90449902,46209086.90449902
2026-09,desktop,j+l+o,2027-04-10,47223211.93801569,46205934.93801569
2026-09,desktop,j+l+o,2027-04-11,47210961.5925807,46193684.5925807
2026-09,desktop,j+l+o,2027-04-12,47220706.630004294,46203429.630004294
2026-09,desktop,j+l+o,2027-04-13,47200531.41695516,46183254.41695516
2026-09,desktop,j+l+o,2027-04-14,47181155.98605674,46163878.98605674
2026-09,desktop,j+l+o,2027-04-15,47163249.87157273,46145972.87157273
2026-09,desktop,j+l+o,2027-04-16,47146895.939219825,46129618.939219825
2026-09,desktop,j+l+o,2027-04-17,47154348.92533546,46137071.92533546
2026-09,desktop,j+l+o,2027-04-18,47178578.703385614,46161301.703385614
2026-09,desktop,j+l+o,2027-04-19,47281206.54439206,46263929.54439206
2026-09,desktop,j+l+o,2027-04-20,47314422.83046665,46297145.83046665
2026-09,desktop,j+l+o,2027-04-21,47348578.483867176,46331301.483867176
2026-09,desktop,j+l+o,2027-04-22,47495992.11115635,46478715.11115635
2026-09,desktop,j+l+o,2027-04-23,47908694.40821134,46891417.40821134
2026-09,desktop,j+l+o,2027-04-24,47998809.19256065,46981532.19256065
2026-09,desktop,j+l+o,2027-04-25,48110896.52088833,47093619.52088833
2026-09,desktop,j+l+o,2027-04-26,48510479.57106409,47493202.57106409
2026-09,desktop,j+l+o,2027-04-27,48520441.54254908,47503164.54254908
2026-09,desktop,j+l+o,2027-04-28,48501653.21168183,47484376.21168183
2026-09,desktop,j+l+o,2027-04-29,48474973.04396981,47457696.04396981
2026-09,desktop,j+l+o,2027-04-30,48377821.19894629,47360544.19894629
2026-09,desktop,j+l+o,2027-05-01,47945667.63140828,46928390.63140828
2026-09,desktop,j+l+o,2027-05-02,47809338.88536918,46792061.88536918
2026-09,desktop,j+l+o,2027-05-03,47595263.40449957,46577986.40449957
2026-09,desktop,j+l+o,2027-05-04,47495061.944864646,46477784.944864646
2026-09,desktop,j+l+o,2027-05-05,47379679.10239948,46362402.10239948
2026-09,desktop,j+l+o,2027-05-06,47079926.56865261,46062649.56865261
2026-09,desktop,j+l+o,2027-05-07,46909830.70614413,45892553.70614413
2026-09,desktop,j+l+o,2027-05-08,46845317.35863728,45828040.35863728
2026-09,desktop,j+l+o,2027-05-09,46800324.512525156,45783047.512525156
2026-09,desktop,j+l+o,2027-05-10,46707686.51591052,45690409.51591052
2026-09,desktop,j+l+o,2027-05-11,46661068.594352886,45643791.594352886
2026-09,desktop,j+l+o,2027-05-12,46614386.55911534,45597109.55911534
2026-09,desktop,j+l+o,2027-05-13,46568002.72804834,45550725.72804834
2026-09,desktop,j+l+o,2027-05-14,46502014.838493764,45484737.838493764
2026-09,desktop,j+l+o,2027-05-15,46433575.68883932,45416298.68883932
2026-09,desktop,j+l+o,2027-05-16,46295109.602885105,45277832.602885105
2026-09,desktop,j+l+o,2027-05-17,45942658.36420605,44925381.36420605
2026-09,desktop,j+l+o,2027-05-18,45908426.462168954,44891149.462168954
2026-09,desktop,j+l+o,2027-05-19,45893177.51338421,44875900.51338421
2026-09,desktop,j+l+o,2027-05-20,45815119.15040879,44797842.15040879
2026-09,desktop,j+l+o,2027-05-21,45783021.746361196,44765744.746361196
2026-09,desktop,j+l+o,2027-05-22,45756804.94916295,44739527.94916295
2026-09,desktop,j+l+o,2027-05-23,45732134.33016924,44714857.33016924
2026-09,desktop,j+l+o,2027-05-24,45677348.40059381,44660071.40059381
2026-09,desktop,j+l+o,2027-05-25,45662153.50722705,44644876.50722705
2026-09,desktop,j+l+o,2027-05-26,45657836.8542886,44640559.8542886
2026-09,desktop,j+l+o,2027-05-27,45516316.34494467,44499039.34494467
2026-09,desktop,j+l+o,2027-05-28,45516027.94742829,44498750.94742829
2026-09,desktop,j+l+o,2027-05-29,45903335.80087322,44886058.80087322
2026-09,desktop,j+l+o,2027-05-30,45986700.581248246,44969423.581248246
2026-09,desktop,j+l+o,2027-05-31,46019222.649133615,45001945.649133615
2026-09,desktop,j+l+o,2027-06-01,46039861.79015652,45022584.79015652
2026-09,desktop,j+l+o,2027-06-02,46086857.751064055,45069580.751064055
2026-09,desktop,j+l+o,2027-06-03,46332101.716149874,45314824.716149874
2026-09,desktop,j+l+o,2027-06-04,46448652.59641956,45431375.59641956
2026-09,desktop,j+l+o,2027-06-05,46460726.37384932,45443449.37384932
2026-09,desktop,j+l+o,2027-06-06,46466969.13178845,45449692.13178845
2026-09,desktop,j+l+o,2027-06-07,46505336.46867698,45488059.46867698
2026-09,desktop,j+l+o,2027-06-08,46507750.80121167,45490473.80121167
2026-09,desktop,j+l+o,2027-06-09,46494290.00162351,45477013.00162351
2026-09,desktop,j+l+o,2027-06-10,46494684.41725809,45477407.41725809
2026-09,desktop,j+l+o,2027-06-11,46515054.58344041,45497777.58344041
2026-09,desktop,j+l+o,2027-06-12,46541698.541157834,45524421.541157834
2026-09,desktop,j+l+o,2027-06-13,46645230.48577518,45627953.48577518
2026-09,desktop,j+l+o,2027-06-14,46920063.704887696,45902786.704887696
2026-09,desktop,j+l+o,2027-06-15,46882515.175598085,45865238.175598085
2026-09,desktop,j+l+o,2027-06-16,46865198.84304847,45847921.84304847
2026-09,desktop,j+l+o,2027-06-17,46877937.75365337,45860660.75365337
2026-09,desktop,j+l+o,2027-06-18,46831987.39760043,45814710.39760043
2026-09,desktop,j+l+o,2027-06-19,46800415.60337143,45783138.60337143
2026-09,desktop,j+l+o,2027-06-20,46778126.067657985,45760849.067657985
2026-09,desktop,j+l+o,2027-06-21,46758087.21336823,45740810.21336823
2026-09,desktop,j+l+o,2027-06-22,46717942.342124715,45700665.342124715
2026-09,desktop,j+l+o,2027-06-23,46671945.74929125,45654668.74929125
2026-09,desktop,j+l+o,2027-06-24,46781704.24542762,45764427.24542762
2026-09,desktop,j+l+o,2027-06-25,46826386.494735345,45809109.494735345
2026-09,desktop,j+l+o,2027-06-26,46814710.44679324,45797433.44679324
2026-09,desktop,j+l+o,2027-06-27,46804793.19719637,45787516.19719637
2026-09,desktop,j+l+o,2027-06-28,46884111.66920624,45866834.66920624
2026-09,desktop,j+l+o,2027-06-29,46846360.22296626,45829083.22296626
2026-09,desktop,j+l+o,2027-06-30,46780466.68965634,45763189.68965634
2026-09,desktop,j+l+o,2027-07-01,46704384.11716532,45687107.11716532
2026-09,desktop,j+l+o,2027-07-02,46641438.18323719,45624161.18323719
2026-09,desktop,j+l+o,2027-07-03,46598850.40493252,45581573.40493252
2026-09,desktop,j+l+o,2027-07-04,46526386.43482746,45509109.43482746
2026-09,desktop,j+l+o,2027-07-05,46326967.66272563,45309690.66272563
2026-09,desktop,j+l+o,2027-07-06,46208687.461567536,45191410.461567536
2026-09,desktop,j+l+o,2027-07-07,46116551.46915083,45099274.46915083
2026-09,desktop,j+l+o,2027-07-08,46017804.901965484,45000527.901965484
2026-09,desktop,j+l+o,2027-07-09,45916450.756370716,44899173.756370716
2026-09,desktop,j+l+o,2027-07-10,45864310.01349966,44847033.01349966
2026-09,desktop,j+l+o,2027-07-11,45814901.609085776,44797624.609085776
2026-09,desktop,j+l+o,2027-07-12,45745180.26231046,44727903.26231046
2026-09,desktop,j+l+o,2027-07-13,45670642.85192635,44653365.85192635
2026-09,desktop,j+l+o,2027-07-14,45561838.478379026,44544561.478379026
2026-09,desktop,j+l+o,2027-07-15,45482620.88317138,44465343.88317138
2026-09,desktop,j+l+o,2027-07-16,45421089.53249617,44403812.53249617
2026-09,desktop,j+l+o,2027-07-17,45377896.53387829,44360619.53387829
2026-09,desktop,j+l+o,2027-07-18,45334281.399436824,44317004.399436824
2026-09,desktop,j+l+o,2027-07-19,45267381.019638516,44250104.019638516
2026-09,desktop,j+l+o,2027-07-20,45185950.83990247,44168673.83990247
2026-09,desktop,j+l+o,2027-07-21,45113937.13002604,44096660.13002604
2026-09,desktop,j+l+o,2027-07-22,45036975.350821145,44019698.350821145
2026-09,desktop,j+l+o,2027-07-23,44960181.05042548,43942904.05042548
2026-09,desktop,j+l+o,2027-07-24,44888561.848950855,43871284.848950855
2026-09,desktop,j+l+o,2027-07-25,44830211.40520161,43812934.40520161
2026-09,desktop,j+l+o,2027-07-26,44758673.561097786,43741396.561097786
2026-09,desktop,j+l+o,2027-07-27,44682195.05977506,43664918.05977506
2026-09,desktop,j+l+o,2027-07-28,44616986.34785028,43599709.34785028
2026-09,desktop,j+l+o,2027-07-29,44553300.569545336,43536023.569545336
2026-09,desktop,j+l+o,2027-07-30,44483570.306950316,43466293.306950316
2026-09,desktop,j+l+o,2027-07-31,44438147.232874,43420870.232874
2026-09,desktop,j+l+o,2027-08-01,44409391.22483629,43392114.22483629
2026-09,desktop,j+l+o,2027-08-02,44431130.38347854,43413853.38347854
2026-09,desktop,j+l+o,2027-08-03,44386487.35589044,43369210.35589044
2026-09,desktop,j+l+o,2027-08-04,44334287.373532824,43317010.373532824
2026-09,desktop,j+l+o,2027-08-05,44284707.63175614,43267430.63175614
2026-09,desktop,j+l+o,2027-08-06,44243407.50366525,43226130.50366525
2026-09,desktop,j+l+o,2027-08-07,44205184.68837756,43187907.68837756
2026-09,desktop,j+l+o,2027-08-08,44162093.969912894,43144816.969912894
2026-09,desktop,j+l+o,2027-08-09,44106701.03571143,43089424.03571143
2026-09,desktop,j+l+o,2027-08-10,44022937.230360545,43005660.230360545
2026-09,desktop,j+l+o,2027-08-11,43959471.053120315,42942194.053120315
2026-09,desktop,j+l+o,2027-08-12,43868977.76110133,42851700.76110133
2026-09,desktop,j+l+o,2027-08-13,43781548.283919446,42764271.283919446
2026-09,desktop,j+l+o,2027-08-14,43696839.12336948,42679562.12336948
2026-09,desktop,j+l+o,2027-08-15,43581540.841871895,42564263.841871895
2026-09,desktop,j+l+o,2027-08-16,43511414.81279726,42494137.81279726
2026-09,desktop,j+l+o,2027-08-17,43426517.93337095,42409240.93337095
2026-09,desktop,j+l+o,2027-08-18,43373637.687124535,42356360.687124535
2026-09,desktop,j+l+o,2027-08-19,43326487.413677566,42309210.413677566
2026-09,desktop,j+l+o,2027-08-20,43297018.02693739,42279741.02693739
2026-09,desktop,j+l+o,2027-08-21,43309029.91999306,42291752.91999306
2026-09,desktop,j+l+o,2027-08-22,43312573.920501515,42295296.920501515
2026-09,desktop,j+l+o,2027-08-23,43320615.42451565,42303338.42451565
2026-09,desktop,j+l+o,2027-08-24,43336243.37991222,42318966.37991222
2026-09,desktop,j+l+o,2027-08-25,43352665.275938414,42335388.275938414
2026-09,desktop,j+l+o,2027-08-26,43387256.218938924,42369979.218938924
2026-09,desktop,j+l+o,2027-08-27,43422397.71735453,42405120.71735453
2026-09,desktop,j+l+o,2027-08-28,43458233.93505531,42440956.93505531
2026-09,desktop,j+l+o,2027-08-29,43514520.97578814,42497243.97578814
2026-09,desktop,j+l+o,2027-08-30,43616206.63029652,42598929.63029652
2026-09,desktop,j+l+o,2027-08-31,43688311.027818404,42671034.027818404
2026-09,desktop,j+l+o,2027-09-01,43769527.12185006,42752250.12185006
2026-09,desktop,j+l+o,2027-09-02,43849200.740877815,42831923.740877815
2026-09,desktop,j+l+o,2027-09-03,43932405.7371072,42915128.7371072
2026-09,desktop,j+l+o,2027-09-04,43976800.002239525,42959523.002239525
2026-09,desktop,j+l+o,2027-09-05,44039568.90551347,43022291.90551347
2026-09,desktop,j+l+o,2027-09-06,44023840.51400506,43006563.51400506
2026-09,desktop,j+l+o,2027-09-07,44135800.05678002,43118523.05678002
2026-09,desktop,j+l+o,2027-09-08,44274565.39379514,43257288.39379514
2026-09,desktop,j+l+o,2027-09-09,44438425.677590266,43421148.677590266
2026-09,desktop,j+l+o,2027-09-10,44604445.375918545,43587168.375918545
2026-09,desktop,j+l+o,2027-09-11,44748982.93981041,43731705.93981041
2026-09,desktop,j+l+o,2027-09-12,44927695.91939956,43910418.91939956
2026-09,desktop,j+l+o,2027-09-13,45106854.21048943,44089577.21048943
2026-09,desktop,j+l+o,2027-09-14,45279932.87300398,44262655.87300398
2026-09,desktop,j+l+o,2027-09-15,45415110.61168558,44397833.61168558
2026-09,desktop,j+l+o,2027-09-16,45554879.56372289,44537602.56372289
2026-09,desktop,j+l+o,2027-09-17,45666443.26969446,44649166.26969446
2026-09,desktop,j+l+o,2027-09-18,45736417.29045872,44719140.29045872
2026-09,desktop,j+l+o,2027-09-19,45806492.00393505,44789215.00393505
2026-09,desktop,j+l+o,2027-09-20,45894396.42933001,44877119.42933001
2026-09,desktop,j+l+o,2027-09-21,45997558.813880555,44980281.813880555
2026-09,desktop,j+l+o,2027-09-22,46101024.47976327,45083747.47976327
2026-09,desktop,j+l+o,2027-09-23,46191680.95127274,45174403.95127274
2026-09,desktop,j+l+o,2027-09-24,46274139.783539794,45256862.783539794
2026-09,desktop,j+l+o,2027-09-25,46335164.127427235,45317887.127427235
2026-09,desktop,j+l+o,2027-09-26,46380713.11328081,45363436.11328081
2026-09,desktop,j+l+o,2027-09-27,46450792.35993514,45433515.35993514
2026-09,desktop,j+l+o,2027-09-28,46527699.028903015,45510422.028903015
2026-09,desktop,j+l+o,2027-09-29,46581158.80716862,45563881.80716862
2026-09,desktop,j+l+o,2027-09-30,46624745.554250516,45607468.554250516
2026-09,desktop,j+l+o,2027-10-01,46654701.72210578,45637424.72210578
2026-09,desktop,j+l+o,2027-10-02,46666575.739080146,45649298.739080146
2026-09,desktop,j+l+o,2027-10-03,46667477.54950009,45650200.54950009
2026-09,desktop,j+l+o,2027-10-04,46803232.97835428,45785955.97835428
2026-09,desktop,j+l+o,2027-10-05,46852658.8820893,45835381.8820893
2026-09,desktop,j+l+o,2027-10-06,46869372.48797153,45852095.48797153
2026-09,desktop,j+l+o,2027-10-07,46863561.95424868,45846284.95424868
2026-09,desktop,j+l+o,2027-10-08,46840187.80722556,45822910.80722556
2026-09,desktop,j+l+o,2027-10-09,46820462.517471716,45803185.517471716
2026-09,desktop,j+l+o,2027-10-10,46817978.48630907,45800701.48630907
2026-09,desktop,j+l+o,2027-10-11,46736693.67358983,45719416.67358983
2026-09,desktop,j+l+o,2027-10-12,46700182.02235199,45682905.02235199
2026-09,desktop,j+l+o,2027-10-13,46702342.3543336,45685065.3543336
2026-09,desktop,j+l+o,2027-10-14,46704225.53033876,45686948.53033876
2026-09,desktop,j+l+o,2027-10-15,46718760.85775471,45701483.85775471
2026-09,desktop,j+l+o,2027-10-16,46727847.708006896,45710570.708006896
2026-09,desktop,j+l+o,2027-10-17,46734137.129913695,45716860.129913695
2026-09,desktop,j+l+o,2027-10-18,46758045.29132731,45740768.29132731
2026-09,desktop,j+l+o,2027-10-19,46764775.31068431,45747498.31068431
2026-09,desktop,j+l+o,2027-10-20,46775163.33466889,45757886.33466889
2026-09,desktop,j+l+o,2027-10-21,46783772.7503003,45766495.7503003
2026-09,desktop,j+l+o,2027-10-22,46795622.37659349,45778345.37659349
2026-09,desktop,j+l+o,2027-10-23,46793025.89349842,45775748.89349842
2026-09,desktop,j+l+o,2027-10-24,46795261.675175,45777984.675175
2026-09,desktop,j+l+o,2027-10-25,46792543.63302248,45775266.63302248
2026-09,desktop,j+l+o,2027-10-26,46794915.68266429,45777638.68266429
2026-09,desktop,j+l+o,2027-10-27,46793873.199208066,45776596.199208066
2026-09,desktop,j+l+o,2027-10-28,46777904.29597002,45760627.29597002
2026-09,desktop,j+l+o,2027-10-29,46740973.49396258,45723696.49396258
2026-09,desktop,j+l+o,2027-10-30,46750327.13907565,45733050.13907565
2026-09,desktop,j+l+o,2027-10-31,46740525.73998272,45723248.73998272
2026-09,desktop,j+l+o,2027-11-01,46566867.23849898,45549590.23849898
2026-09,desktop,j+l+o,2027-11-02,46541701.488789186,45524424.488789186
2026-09,desktop,j+l+o,2027-11-03,46563512.69009251,45546235.69009251
2026-09,desktop,j+l+o,2027-11-04,46582527.896784596,45565250.896784596
2026-09,desktop,j+l+o,2027-11-05,46642481.35605917,45625204.35605917
2026-09,desktop,j+l+o,2027-11-06,46682461.84254857,45665184.84254857
2026-09,desktop,j+l+o,2027-11-07,46709483.85003936,45692206.85003936
2026-09,desktop,j+l+o,2027-11-08,46825872.770737566,45808595.770737566
2026-09,desktop,j+l+o,2027-11-09,46896000.639962025,45878723.639962025
2026-09,desktop,j+l+o,2027-11-10,46939109.709993534,45921832.709993534
2026-09,desktop,j+l+o,2027-11-11,46904551.9048651,45887274.9048651
2026-09,desktop,j+l+o,2027-11-12,46924315.418122575,45907038.418122575
2026-09,desktop,j+l+o,2027-11-13,46946206.16699902,45928929.16699902
2026-09,desktop,j+l+o,2027-11-14,46958334.03669852,45941057.03669852
2026-09,desktop,j+l+o,2027-11-15,46925964.00757944,45908687.00757944
2026-09,desktop,j+l+o,2027-11-16,46945904.06642563,45928627.06642563
2026-09,desktop,j+l+o,2027-11-17,46974831.61103845,45957554.61103845
2026-09,desktop,j+l+o,2027-11-18,46995841.21584339,45978564.21584339
2026-09,desktop,j+l+o,2027-11-19,47021533.2129171,46004256.2129171
2026-09,desktop,j+l+o,2027-11-20,47025812.671706595,46008535.671706595
2026-09,desktop,j+l+o,2027-11-21,47041693.719115965,46024416.719115965
2026-09,desktop,j+l+o,2027-11-22,47054383.4712904,46037106.4712904
2026-09,desktop,j+l+o,2027-11-23,47065993.06385992,46048716.06385992
2026-09,desktop,j+l+o,2027-11-24,47096527.646711804,46079250.646711804
2026-09,desktop,j+l+o,2027-11-25,47079868.797363885,46062591.797363885
2026-09,desktop,j+l+o,2027-11-26,47080239.37227962,46062962.37227962
2026-09,desktop,j+l+o,2027-11-27,47112596.18352987,46095319.18352987
2026-09,desktop,j+l+o,2027-11-28,47178717.539748706,46161440.539748706
2026-09,desktop,j+l+o,2027-11-29,47422007.09530312,46404730.09530312
2026-09,desktop,j+l+o,2027-11-30,47495887.92769624,46478610.92769624
2026-09,desktop,j+l+o,2027-12-01,47529035.33723418,46511758.33723418
2026-09,desktop,j+l+o,2027-12-02,47576228.4494255,46558951.4494255
2026-09,desktop,j+l+o,2027-12-03,47581115.30515174,46563838.30515174
2026-09,desktop,j+l+o,2027-12-04,47589709.67249339,46572432.67249339
2026-09,desktop,j+l+o,2027-12-05,47591734.00403973,46574457.00403973
2026-09,desktop,j+l+o,2027-12-06,47596587.276628114,46579310.276628114
2026-09,desktop,j+l+o,2027-12-07,47602338.023308136,46585061.023308136
2026-09,desktop,j+l+o,2027-12-08,47580398.773211576,46563121.773211576
2026-09,desktop,j+l+o,2027-12-09,47654161.87665906,46636884.87665906
2026-09,desktop,j+l+o,2027-12-10,47652076.27852971,46634799.27852971
2026-09,desktop,j+l+o,2027-12-11,47626920.21142317,46609643.21142317
2026-09,desktop,j+l+o,2027-12-12,47619108.11897882,46601831.11897882
2026-09,desktop,j+l+o,2027-12-13,47662102.43599909,46644825.43599909
2026-09,desktop,j+l+o,2027-12-14,47644450.01669258,46627173.01669258
2026-09,desktop,j+l+o,2027-12-15,47612862.69005313,46595585.69005313
2026-09,desktop,j+l+o,2027-12-16,47580705.95349587,46563428.95349587
2026-09,desktop,j+l+o,2027-12-17,47547258.08956875,46529981.08956875
2026-09,desktop,j+l+o,2027-12-18,47533857.60316075,46516580.60316075
2026-09,desktop,j+l+o,2027-12-19,47486337.76166227,46469060.76166227
2026-09,desktop,j+l+o,2027-12-20,47359191.612229116,46341914.612229116
2026-09,desktop,j+l+o,2027-12-21,47227507.4470679,46210230.4470679
2026-09,desktop,j+l+o,2027-12-22,47036996.841855235,46019719.841855235
2026-09,desktop,j+l+o,2027-12-23,46777296.61433031,45760019.61433031
2026-09,desktop,j+l+o,2027-12-24,46147264.03041959,45129987.03041959
2026-09,desktop,j+l+o,2027-12-25,45676813.38535088,44659536.38535088
2026-09,desktop,j+l+o,2027-12-26,45362022.19589227,44344745.19589227
2026-09,desktop,j+l+o,2027-12-27,44892830.290483095,43875553.290483095
2026-09,desktop,j+l+o,2027-12-28,44649528.38692719,43632251.38692719
2026-09,desktop,j+l+o,2027-12-29,44387583.64410291,43370306.64410291
2026-09,desktop,j+l+o,2027-12-30,44089804.9246086,43072527.9246086
2026-09,desktop,j+l+o,2027-12-31,43597243.87515366,42579966.87515366
2026-09,desktop,i+j+l+o,2026-09-09,47326847.69401688,47326847.69401688
2026-09,desktop,i+j+l+o,2026-09-10,47513521.093514696,47503033.70176212
2026-09,desktop,i+j+l+o,2026-09-11,47674193.4331706,47653218.649665445
2026-09,desktop,i+j+l+o,2026-09-12,47793575.54001358,47762113.36475585
2026-09,desktop,i+j+l+o,2026-09-13,47868630.660309575,47826681.09329927
2026-09,desktop,i+j+l+o,2026-09-14,48046986.26232223,47994549.30355935
2026-09,desktop,i+j+l+o,2026-09-15,48195138.74486162,48132214.394346155
2026-09,desktop,i+j+l+o,2026-09-16,48314998.35440432,48241586.61213628
2026-09,desktop,i+j+l+o,2026-09-17,48445623.932605885,48361724.798585266
2026-09,desktop,i+j+l+o,2026-09-18,48550917.554212704,48456531.02843951
2026-09,desktop,i+j+l+o,2026-09-19,48598566.25882087,48493692.34129509
2026-09,desktop,i+j+l+o,2026-09-20,48653680.382417396,48538319.07313904
2026-09,desktop,i+j+l+o,2026-09-21,48753795.52766775,48627946.82663683
2026-09,desktop,i+j+l+o,2026-09-22,48910971.51234135,48774635.41955785
2026-09,desktop,i+j+l+o,2026-09-23,49045945.24135947,48899121.75682339
2026-09,desktop,i+j+l+o,2026-09-24,49161748.64830235,49004437.77201369
2026-09,desktop,i+j+l+o,2026-09-25,49277171.80640041,49109373.53835917
2026-09,desktop,i+j+l+o,2026-09-26,49326276.64926795,49147990.98947413
2026-09,desktop,i+j+l+o,2026-09-27,49380630.97849765,49191857.92695125
2026-09,desktop,i+j+l+o,2026-09-28,49420482.39812325,49221221.95482428
2026-09,desktop,i+j+l+o,2026-09-29,49457535.806327656,49247787.97127611
2026-09,desktop,i+j+l+o,2026-09-30,49447819.008030765,49227583.78122664
2026-09,desktop,i+j+l+o,2026-10-01,49451349.05705117,49220626.438494466
2026-09,desktop,i+j+l+o,2026-10-02,49440196.10586166,49198986.09555238
2026-09,desktop,i+j+l+o,2026-10-03,49467498.520195045,49215801.11813319
2026-09,desktop,i+j+l+o,2026-10-04,49492649.38508412,49230464.59126969
2026-09,desktop,i+j+l+o,2026-10-05,49582505.079148926,49309832.89358191
2026-09,desktop,i+j+l+o,2026-10-06,49586706.28309762,49303546.70577803
2026-09,desktop,i+j+l+o,2026-10-07,49591141.72606813,49297494.75699597
2026-09,desktop,i+j+l+o,2026-10-08,49596327.28419764,49292192.9233729
2026-09,desktop,i+j+l+o,2026-10-09,49619033.85131614,49304412.09873882
2026-09,desktop,i+j+l+o,2026-10-10,49631204.83316751,49306095.68883761
2026-09,desktop,i+j+l+o,2026-10-11,49649491.19012368,49313894.6540412
2026-09,desktop,i+j+l+o,2026-10-12,49588818.22301073,49242734.29517568
2026-09,desktop,i+j+l+o,2026-10-13,49598178.49316667,49241607.173579045
2026-09,desktop,i+j+l+o,2026-10-14,49626870.30847601,49259811.597135805
2026-09,desktop,i+j+l+o,2026-10-15,49645483.706813835,49267937.60372105
2026-09,desktop,i+j+l+o,2026-10-16,49659017.8773645,49270984.38251914
2026-09,desktop,i+j+l+o,2026-10-17,49666951.7722138,49268430.88561586
2026-09,desktop,i+j+l+o,2026-10-18,49673652.75993582,49264644.4815853
2026-09,desktop,i+j+l+o,2026-10-19,49677227.18025126,49257731.51014817
2026-09,desktop,i+j+l+o,2026-10-20,49651973.37706659,49221990.315210916
2026-09,desktop,i+j+l+o,2026-10-21,49652579.400016375,49212108.94640813
2026-09,desktop,i+j+l+o,2026-10-22,49653770.72451246,49202812.879151635
2026-09,desktop,i+j+l+o,2026-10-23,49660478.219915874,49199032.98280247
2026-09,desktop,i+j+l+o,2026-10-24,49657258.45990093,49185325.83103495
2026-09,desktop,i+j+l+o,2026-10-25,49656398.31528632,49173978.294667765
2026-09,desktop,i+j+l+o,2026-10-26,49642587.25953777,49149679.847166635
2026-09,desktop,i+j+l+o,2026-10-27,49645443.424554765,49142048.62043105
2026-09,desktop,i+j+l+o,2026-10-28,49643966.46959912,49130084.273722835
2026-09,desktop,i+j+l+o,2026-10-29,49665089.270361066,49140719.6827322
2026-09,desktop,i+j+l+o,2026-10-30,49725220.1100455,49190363.13066406
2026-09,desktop,i+j+l+o,2026-10-31,49744983.41487652,49199639.0437425
2026-09,desktop,i+j+l+o,2026-11-01,49659118.24935133,49103286.48646473
2026-09,desktop,i+j+l+o,2026-11-02,49639749.54008273,49073430.38544355
2026-09,desktop,i+j+l+o,2026-11-03,49661964.1864027,49085157.640010945
2026-09,desktop,i+j+l+o,2026-11-04,49681809.804397985,49094515.86625366
2026-09,desktop,i+j+l+o,2026-11-05,49714705.17603184,49116923.84613494
2026-09,desktop,i+j+l+o,2026-11-06,49720807.4821148,49112538.76046532
2026-09,desktop,i+j+l+o,2026-11-07,49721833.07821792,49103076.96481586
2026-09,desktop,i+j+l+o,2026-11-08,49707224.13076521,49077980.62561057
2026-09,desktop,i+j+l+o,2026-11-09,49788802.43563676,49149071.53872954
2026-09,desktop,i+j+l+o,2026-11-10,49787624.93154426,49137406.64288446
2026-09,desktop,i+j+l+o,2026-11-11,49734158.35151561,49073452.67110324
2026-09,desktop,i+j+l+o,2026-11-12,49748739.73949357,49077546.667328626
2026-09,desktop,i+j+l+o,2026-11-13,49760922.783130474,49079242.31921295
2026-09,desktop,i+j+l+o,2026-11-14,49776344.56949304,49084176.71382294
2026-09,desktop,i+j+l+o,2026-11-15,49781718.26589031,49079063.01846763
2026-09,desktop,i+j+l+o,2026-11-16,49809914.79391236,49096772.1547371
2026-09,desktop,i+j+l+o,2026-11-17,49872114.38576842,49148484.354840584
2026-09,desktop,i+j+l+o,2026-11-18,49909254.09013523,49175136.66745482
2026-09,desktop,i+j+l+o,2026-11-19,49944466.05211947,49199861.237686485
2026-09,desktop,i+j+l+o,2026-11-20,49932334.41288785,49177242.206702285
2026-09,desktop,i+j+l+o,2026-11-21,49952914.1852812,49187334.58734306
2026-09,desktop,i+j+l+o,2026-11-22,49973655.624202184,49197588.63451146
2026-09,desktop,i+j+l+o,2026-11-23,49985644.11659528,49199089.735151984
2026-09,desktop,i+j+l+o,2026-11-24,50017059.38522682,49220017.612030946
2026-09,desktop,i+j+l+o,2026-11-25,50044399.55796611,49236870.39301766
2026-09,desktop,i+j+l+o,2026-11-26,50002907.000619896,49184890.44391886
2026-09,desktop,i+j+l+o,2026-11-27,49942747.96558474,49114244.017131135
2026-09,desktop,i+j+l+o,2026-11-28,49963037.578359984,49124046.2381538
2026-09,desktop,i+j+l+o,2026-11-29,50079355.7564532,49229877.02449444
2026-09,desktop,i+j+l+o,2026-11-30,50152471.39354403,49292505.26983269
2026-09,desktop,i+j+l+o,2026-12-01,50195283.106599204,49324829.591135286
2026-09,desktop,i+j+l+o,2026-12-02,50230130.64588789,49349189.73867139
2026-09,desktop,i+j+l+o,2026-12-03,50250459.17610543,49359030.87713636
2026-09,desktop,i+j+l+o,2026-12-04,50273087.81509457,49371172.12437292
2026-09,desktop,i+j+l+o,2026-12-05,50289885.392245874,49377482.30977165
2026-09,desktop,i+j+l+o,2026-12-06,50313764.477035984,49390874.00280918
2026-09,desktop,i+j+l+o,2026-12-07,50340927.51318284,49407549.64720346
2026-09,desktop,i+j+l+o,2026-12-08,50349217.45607038,49405352.19833842
2026-09,desktop,i+j+l+o,2026-12-09,50413579.48890082,49459226.83941628
2026-09,desktop,i+j+l+o,2026-12-10,50411264.06513734,49446424.023900226
2026-09,desktop,i+j+l+o,2026-12-11,50405058.912171,49429731.479181305
2026-09,desktop,i+j+l+o,2026-12-12,50390290.18659408,49404475.36185181
2026-09,desktop,i+j+l+o,2026-12-13,50390263.236946814,49393961.02045197
2026-09,desktop,i+j+l+o,2026-12-14,50383690.24128399,49376900.63303657
2026-09,desktop,i+j+l+o,2026-12-15,50349720.44548647,49332443.44548647
2026-09,desktop,i+j+l+o,2026-12-16,50312867.93790997,49295590.93790997
2026-09,desktop,i+j+l+o,2026-12-17,50275060.62829549,49257783.62829549
2026-09,desktop,i+j+l+o,2026-12-18,50281278.94324355,49264001.94324355
2026-09,desktop,i+j+l+o,2026-12-19,50236758.859526835,49219481.859526835
2026-09,desktop,i+j+l+o,2026-12-20,50172970.22760004,49155693.22760004
2026-09,desktop,i+j+l+o,2026-12-21,49999013.61951507,48981736.61951507
2026-09,desktop,i+j+l+o,2026-12-22,49813037.22685165,48795760.22685165
2026-09,desktop,i+j+l+o,2026-12-23,49580561.71384739,48563284.71384739
2026-09,desktop,i+j+l+o,2026-12-24,49129085.71232639,48111808.71232639
2026-09,desktop,i+j+l+o,2026-12-25,48405312.53181557,47388035.53181557
2026-09,desktop,i+j+l+o,2026-12-26,48087220.959476314,47069943.959476314
2026-09,desktop,i+j+l+o,2026-12-27,47851046.91263511,46833769.91263511
2026-09,desktop,i+j+l+o,2026-12-28,47356647.00790658,46339370.00790658
2026-09,desktop,i+j+l+o,2026-12-29,47019931.013124995,46002654.013124995
2026-09,desktop,i+j+l+o,2026-12-30,46653652.87210463,45636375.87210463
2026-09,desktop,i+j+l+o,2026-12-31,46029127.17821872,45011850.17821872
2026-09,desktop,i+j+l+o,2027-01-01,45082331.79509735,44065054.79509735
2026-09,desktop,i+j+l+o,2027-01-02,44836454.34630032,43819177.34630032
2026-09,desktop,i+j+l+o,2027-01-03,44705110.359802194,43687833.359802194
2026-09,desktop,i+j+l+o,2027-01-04,44513352.57053467,43496075.57053467
2026-09,desktop,i+j+l+o,2027-01-05,44376493.91151782,43359216.91151782
2026-09,desktop,i+j+l+o,2027-01-06,44197801.20191752,43180524.20191752
2026-09,desktop,i+j+l+o,2027-01-07,44112502.00885761,43095225.00885761
2026-09,desktop,i+j+l+o,2027-01-08,44071487.858457506,43054210.858457506
2026-09,desktop,i+j+l+o,2027-01-09,44057275.10532763,43039998.10532763
2026-09,desktop,i+j+l+o,2027-01-10,44055531.42062689,43038254.42062689
2026-09,desktop,i+j+l+o,2027-01-11,44040745.3465854,43023468.3465854
2026-09,desktop,i+j+l+o,2027-01-12,44049482.60191495,43032205.60191495
2026-09,desktop,i+j+l+o,2027-01-13,44054007.28838299,43036730.28838299
2026-09,desktop,i+j+l+o,2027-01-14,44048493.96945419,43031216.96945419
2026-09,desktop,i+j+l+o,2027-01-15,44051029.423130766,43033752.423130766
2026-09,desktop,i+j+l+o,2027-01-16,44083423.97896337,43066146.97896337
2026-09,desktop,i+j+l+o,2027-01-17,44148025.63299664,43130748.63299664
2026-09,desktop,i+j+l+o,2027-01-18,44295551.98978217,43278274.98978217
2026-09,desktop,i+j+l+o,2027-01-19,44475551.050660945,43458274.050660945
2026-09,desktop,i+j+l+o,2027-01-20,44720834.9371143,43703557.9371143
2026-09,desktop,i+j+l+o,2027-01-21,45247803.68954279,44230526.68954279
2026-09,desktop,i+j+l+o,2027-01-22,46062914.77622722,45045637.77622722
2026-09,desktop,i+j+l+o,2027-01-23,46389681.860651776,45372404.860651776
2026-09,desktop,i+j+l+o,2027-01-24,46633166.97343051,45615889.97343051
2026-09,desktop,i+j+l+o,2027-01-25,47131521.70908823,46114244.70908823
2026-09,desktop,i+j+l+o,2027-01-26,47432317.20756984,46415040.20756984
2026-09,desktop,i+j+l+o,2027-01-27,47796799.27442702,46779522.27442702
2026-09,desktop,i+j+l+o,2027-01-28,48414389.86565309,47397112.86565309
2026-09,desktop,i+j+l+o,2027-01-29,49357269.10573894,48339992.10573894
2026-09,desktop,i+j+l+o,2027-01-30,49601589.71939347,48584312.71939347
2026-09,desktop,i+j+l+o,2027-01-31,49738372.56001487,48721095.56001487
2026-09,desktop,i+j+l+o,2027-02-01,49925015.67874888,48907738.67874888
2026-09,desktop,i+j+l+o,2027-02-02,50059057.08259853,49041780.08259853
2026-09,desktop,i+j+l+o,2027-02-03,50217964.49899001,49200687.49899001
2026-09,desktop,i+j+l+o,2027-02-04,50250154.05970422,49232877.05970422
2026-09,desktop,i+j+l+o,2027-02-05,50211268.195990145,49193991.195990145
2026-09,desktop,i+j+l+o,2027-02-06,50156319.692936145,49139042.692936145
2026-09,desktop,i+j+l+o,2027-02-07,50119538.0153891,49102261.0153891
2026-09,desktop,i+j+l+o,2027-02-08,49973133.70706014,48955856.70706014
2026-09,desktop,i+j+l+o,2027-02-09,49827915.002605245,48810638.002605245
2026-09,desktop,i+j+l+o,2027-02-10,49740774.47358723,48723497.47358723
2026-09,desktop,i+j+l+o,2027-02-11,49675492.49491392,48658215.49491392
2026-09,desktop,i+j+l+o,2027-02-12,49634416.93177831,48617139.93177831
2026-09,desktop,i+j+l+o,2027-02-13,49600603.05682744,48583326.05682744
2026-09,desktop,i+j+l+o,2027-02-14,49566501.669946335,48549224.669946335
2026-09,desktop,i+j+l+o,2027-02-15,49504500.90972736,48487223.90972736
2026-09,desktop,i+j+l+o,2027-02-16,49435635.56194986,48418358.56194986
2026-09,desktop,i+j+l+o,2027-02-17,49369976.83493765,48352699.83493765
2026-09,desktop,i+j+l+o,2027-02-18,49307841.543101504,48290564.543101504
2026-09,desktop,i+j+l+o,2027-02-19,49262995.56902145,48245718.56902145
2026-09,desktop,i+j+l+o,2027-02-20,49239187.851080276,48221910.851080276
2026-09,desktop,i+j+l+o,2027-02-21,49207379.92633818,48190102.92633818
2026-09,desktop,i+j+l+o,2027-02-22,49159085.193586744,48141808.193586744
2026-09,desktop,i+j+l+o,2027-02-23,49121341.79109077,48104064.79109077
2026-09,desktop,i+j+l+o,2027-02-24,49072531.380992845,48055254.380992845
2026-09,desktop,i+j+l+o,2027-02-25,49034389.52711653,48017112.52711653
2026-09,desktop,i+j+l+o,2027-02-26,49002829.36360104,47985552.36360104
2026-09,desktop,i+j+l+o,2027-02-27,48977448.157989375,47960171.157989375
2026-09,desktop,i+j+l+o,2027-02-28,48945564.82301434,47928287.82301434
2026-09,desktop,i+j+l+o,2027-03-01,48944872.6092367,47927595.6092367
2026-09,desktop,i+j+l+o,2027-03-02,48939921.90096391,47922644.90096391
2026-09,desktop,i+j+l+o,2027-03-03,48931814.50918902,47914537.50918902
2026-09,desktop,i+j+l+o,2027-03-04,48956535.17336099,47939258.17336099
2026-09,desktop,i+j+l+o,2027-03-05,49001843.07321442,47984566.07321442
2026-09,desktop,i+j+l+o,2027-03-06,49033380.99617762,48016103.99617762
2026-09,desktop,i+j+l+o,2027-03-07,49052531.17062302,48035254.17062302
2026-09,desktop,i+j+l+o,2027-03-08,49139028.399191506,48121751.399191506
2026-09,desktop,i+j+l+o,2027-03-09,49188945.40627394,48171668.40627394
2026-09,desktop,i+j+l+o,2027-03-10,49208526.228245415,48191249.228245415
2026-09,desktop,i+j+l+o,2027-03-11,49229684.4919963,48212407.4919963
2026-09,desktop,i+j+l+o,2027-03-12,49221873.25994061,48204596.25994061
2026-09,desktop,i+j+l+o,2027-03-13,49221599.743531846,48204322.743531846
2026-09,desktop,i+j+l+o,2027-03-14,49224591.6280758,48207314.6280758
2026-09,desktop,i+j+l+o,2027-03-15,49261259.693139516,48243982.693139516
2026-09,desktop,i+j+l+o,2027-03-16,49270927.516261004,48253650.516261004
2026-09,desktop,i+j+l+o,2027-03-17,49271707.73361068,48254430.73361068
2026-09,desktop,i+j+l+o,2027-03-18,49265431.83654208,48248154.83654208
2026-09,desktop,i+j+l+o,2027-03-19,49248543.59873234,48231266.59873234
2026-09,desktop,i+j+l+o,2027-03-20,49220305.76440633,48203028.76440633
2026-09,desktop,i+j+l+o,2027-03-21,49169336.637147106,48152059.637147106
2026-09,desktop,i+j+l+o,2027-03-22,49029739.205960274,48012462.205960274
2026-09,desktop,i+j+l+o,2027-03-23,48964088.26395929,47946811.26395929
2026-09,desktop,i+j+l+o,2027-03-24,48856755.63714494,47839478.63714494
2026-09,desktop,i+j+l+o,2027-03-25,48655908.00400327,47638631.00400327
2026-09,desktop,i+j+l+o,2027-03-26,48183450.37681835,47166173.37681835
2026-09,desktop,i+j+l+o,2027-03-27,48055242.40303202,47037965.40303202
2026-09,desktop,i+j+l+o,2027-03-28,47912271.964290634,46894994.964290634
2026-09,desktop,i+j+l+o,2027-03-29,47427944.00055958,46410667.00055958
2026-09,desktop,i+j+l+o,2027-03-30,47343876.537092805,46326599.537092805
2026-09,desktop,i+j+l+o,2027-03-31,47275390.00946106,46258113.00946106
2026-09,desktop,i+j+l+o,2027-04-01,47201749.86768442,46184472.86768442
2026-09,desktop,i+j+l+o,2027-04-02,47146852.38104284,46129575.38104284
2026-09,desktop,i+j+l+o,2027-04-03,47143294.703521565,46126017.703521565
2026-09,desktop,i+j+l+o,2027-04-04,47138689.65974995,46121412.65974995
2026-09,desktop,i+j+l+o,2027-04-05,47168329.80731225,46151052.80731225
2026-09,desktop,i+j+l+o,2027-04-06,47212434.26079055,46195157.26079055
2026-09,desktop,i+j+l+o,2027-04-07,47237052.65162547,46219775.65162547
2026-09,desktop,i+j+l+o,2027-04-08,47246072.014237955,46228795.014237955
2026-09,desktop,i+j+l+o,2027-04-09,47257274.24802826,46239997.24802826
2026-09,desktop,i+j+l+o,2027-04-10,47254508.82077777,46237231.82077777
2026-09,desktop,i+j+l+o,2027-04-11,47241796.11678143,46224519.11678143
2026-09,desktop,i+j+l+o,2027-04-12,47250202.09237478,46232925.09237478
2026-09,desktop,i+j+l+o,2027-04-13,47229887.88738198,46212610.88738198
2026-09,desktop,i+j+l+o,2027-04-14,47210089.38996935,46192812.38996935
2026-09,desktop,i+j+l+o,2027-04-15,47192311.34017057,46175034.34017057
2026-09,desktop,i+j+l+o,2027-04-16,47175191.21760479,46157914.21760479
2026-09,desktop,i+j+l+o,2027-04-17,47182192.16317279,46164915.16317279
2026-09,desktop,i+j+l+o,2027-04-18,47205989.571447596,46188712.571447596
2026-09,desktop,i+j+l+o,2027-04-19,47307173.85771956,46289896.85771956
2026-09,desktop,i+j+l+o,2027-04-20,47340439.34500771,46323162.34500771
2026-09,desktop,i+j+l+o,2027-04-21,47373913.21813093,46356636.21813093
2026-09,desktop,i+j+l+o,2027-04-22,47521114.40660305,46503837.40660305
2026-09,desktop,i+j+l+o,2027-04-23,47934082.57734762,46916805.57734762
2026-09,desktop,i+j+l+o,2027-04-24,48024408.2070717,47007131.2070717
2026-09,desktop,i+j+l+o,2027-04-25,48135933.424287096,47118656.424287096
2026-09,desktop,i+j+l+o,2027-04-26,48534872.62250471,47517595.62250471
2026-09,desktop,i+j+l+o,2027-04-27,48543602.690768436,47526325.690768436
2026-09,desktop,i+j+l+o,2027-04-28,48524199.76008532,47506922.76008532
2026-09,desktop,i+j+l+o,2027-04-29,48497191.55477505,47479914.55477505
2026-09,desktop,i+j+l+o,2027-04-30,48400366.28966322,47383089.28966322
2026-09,desktop,i+j+l+o,2027-05-01,47967977.85994262,46950700.85994262
2026-09,desktop,i+j+l+o,2027-05-02,47831233.9849277,46813956.9849277
2026-09,desktop,i+j+l+o,2027-05-03,47616175.675455146,46598898.675455146
2026-09,desktop,i+j+l+o,2027-05-04,47515697.221794344,46498420.221794344
2026-09,desktop,i+j+l+o,2027-05-05,47399470.99180006,46382193.99180006
2026-09,desktop,i+j+l+o,2027-05-06,47098713.627900936,46081436.627900936
2026-09,desktop,i+j+l+o,2027-05-07,46929244.6787039,45911967.6787039
2026-09,desktop,i+j+l+o,2027-05-08,46864028.01304503,45846751.01304503
2026-09,desktop,i+j+l+o,2027-05-09,46818417.00540652,45801140.00540652
2026-09,desktop,i+j+l+o,2027-05-10,46725354.13464524,45708077.13464524
2026-09,desktop,i+j+l+o,2027-05-11,46677769.3390149,45660492.3390149
2026-09,desktop,i+j+l+o,2027-05-12,46630071.63299801,45612794.63299801
2026-09,desktop,i+j+l+o,2027-05-13,46583194.96857036,45565917.96857036
2026-09,desktop,i+j+l+o,2027-05-14,46517124.10854576,45499847.10854576
2026-09,desktop,i+j+l+o,2027-05-15,46447859.712232314,45430582.712232314
2026-09,desktop,i+j+l+o,2027-05-16,46309624.82194157,45292347.82194157
2026-09,desktop,i+j+l+o,2027-05-17,45955845.29644467,44938568.29644467
2026-09,desktop,i+j+l+o,2027-05-18,45919664.15964686,44902387.15964686
2026-09,desktop,i+j+l+o,2027-05-19,45903064.70858928,44885787.70858928
2026-09,desktop,i+j+l+o,2027-05-20,45825026.22809881,44807749.22809881
2026-09,desktop,i+j+l+o,2027-05-21,45791322.65410496,44774045.65410496
2026-09,desktop,i+j+l+o,2027-05-22,45763997.23226576,44746720.23226576
2026-09,desktop,i+j+l+o,2027-05-23,45738595.21759735,44721318.21759735
2026-09,desktop,i+j+l+o,2027-05-24,45683159.48962579,44665882.48962579
2026-09,desktop,i+j+l+o,2027-05-25,45667644.452972606,44650367.452972606
2026-09,desktop,i+j+l+o,2027-05-26,45662564.460569955,44645287.460569955
2026-09,desktop,i+j+l+o,2027-05-27,45520035.665914394,44502758.665914394
2026-09,desktop,i+j+l+o,2027-05-28,45518071.82026102,44500794.82026102
2026-09,desktop,i+j+l+o,2027-05-29,45905486.483120605,44888209.483120605
2026-09,desktop,i+j+l+o,2027-05-30,45988694.39147558,44971417.39147558
2026-09,desktop,i+j+l+o,2027-05-31,46020359.99632691,45003082.99632691
2026-09,desktop,i+j+l+o,2027-06-01,46039447.72313112,45022170.72313112
2026-09,desktop,i+j+l+o,2027-06-02,46086365.361825205,45069088.361825205
2026-09,desktop,i+j+l+o,2027-06-03,46331174.46363852,45313897.46363852
2026-09,desktop,i+j+l+o,2027-06-04,46446730.3374235,45429453.3374235
2026-09,desktop,i+j+l+o,2027-06-05,46457406.21559705,45440129.21559705
2026-09,desktop,i+j+l+o,2027-06-06,46462546.93590935,45445269.93590935
2026-09,desktop,i+j+l+o,2027-06-07,46499123.88035885,45481846.88035885
2026-09,desktop,i+j+l+o,2027-06-08,46500998.82947774,45483721.82947774
2026-09,desktop,i+j+l+o,2027-06-09,46485714.347804345,45468437.347804345
2026-09,desktop,i+j+l+o,2027-06-10,46484566.895044364,45467289.895044364
2026-09,desktop,i+j+l+o,2027-06-11,46504116.6143054,45486839.6143054
2026-09,desktop,i+j+l+o,2027-06-12,46530271.29799229,45512994.29799229
2026-09,desktop,i+j+l+o,2027-06-13,46633108.71587508,45615831.71587508
2026-09,desktop,i+j+l+o,2027-06-14,46907100.419614315,45889823.419614315
2026-09,desktop,i+j+l+o,2027-06-15,46869530.753640816,45852253.753640816
2026-09,desktop,i+j+l+o,2027-06-16,46851388.21147727,45834111.21147727
2026-09,desktop,i+j+l+o,2027-06-17,46861497.542854734,45844220.542854734
2026-09,desktop,i+j+l+o,2027-06-18,46814702.13271255,45797425.13271255
2026-09,desktop,i+j+l+o,2027-06-19,46782764.33172451,45765487.33172451
2026-09,desktop,i+j+l+o,2027-06-20,46760697.4551285,45743420.4551285
2026-09,desktop,i+j+l+o,2027-06-21,46740631.338860266,45723354.338860266
2026-09,desktop,i+j+l+o,2027-06-22,46699181.26660325,45681904.26660325
2026-09,desktop,i+j+l+o,2027-06-23,46652566.88360356,45635289.88360356
2026-09,desktop,i+j+l+o,2027-06-24,46761549.40404524,45744272.40404524
2026-09,desktop,i+j+l+o,2027-06-25,46806676.31182013,45789399.31182013
2026-09,desktop,i+j+l+o,2027-06-26,46793424.82391697,45776147.82391697
2026-09,desktop,i+j+l+o,2027-06-27,46782710.84240989,45765433.84240989
2026-09,desktop,i+j+l+o,2027-06-28,46861607.83715766,45844330.83715766
2026-09,desktop,i+j+l+o,2027-06-29,46824139.77201811,45806862.77201811
2026-09,desktop,i+j+l+o,2027-06-30,46757517.42184576,45740240.42184576
2026-09,desktop,i+j+l+o,2027-07-01,46681074.07515536,45663797.07515536
2026-09,desktop,i+j+l+o,2027-07-02,46617360.76343208,45600083.76343208
2026-09,desktop,i+j+l+o,2027-07-03,46575030.04604466,45557753.04604466
2026-09,desktop,i+j+l+o,2027-07-04,46502849.59521239,45485572.59521239
2026-09,desktop,i+j+l+o,2027-07-05,46304436.13166923,45287159.13166923
2026-09,desktop,i+j+l+o,2027-07-06,46184952.49691212,45167675.49691212
2026-09,desktop,i+j+l+o,2027-07-07,46095587.105649695,45078310.105649695
2026-09,desktop,i+j+l+o,2027-07-08,45996779.88667961,44979502.88667961
2026-09,desktop,i+j+l+o,2027-07-09,45895214.940354705,44877937.940354705
2026-09,desktop,i+j+l+o,2027-07-10,45843266.826852426,44825989.826852426
2026-09,desktop,i+j+l+o,2027-07-11,45792966.9133621,44775689.9133621
2026-09,desktop,i+j+l+o,2027-07-12,45723516.10057934,44706239.10057934
2026-09,desktop,i+j+l+o,2027-07-13,45648381.761803314,44631104.761803314
2026-09,desktop,i+j+l+o,2027-07-14,45539995.3429821,44522718.3429821
2026-09,desktop,i+j+l+o,2027-07-15,45460986.60559805,44443709.60559805
2026-09,desktop,i+j+l+o,2027-07-16,45400645.09900055,44383368.09900055
2026-09,desktop,i+j+l+o,2027-07-17,45356959.947320364,44339682.947320364
2026-09,desktop,i+j+l+o,2027-07-18,45313194.31300681,44295917.31300681
2026-09,desktop,i+j+l+o,2027-07-19,45244909.17683558,44227632.17683558
2026-09,desktop,i+j+l+o,2027-07-20,45163434.43506076,44146157.43506076
2026-09,desktop,i+j+l+o,2027-07-21,45092215.44319587,44074938.44319587
2026-09,desktop,i+j+l+o,2027-07-22,45017166.382344075,43999889.382344075
2026-09,desktop,i+j+l+o,2027-07-23,44939730.94734509,43922453.94734509
2026-09,desktop,i+j+l+o,2027-07-24,44868656.03942345,43851379.03942345
2026-09,desktop,i+j+l+o,2027-07-25,44811406.05852931,43794129.05852931
2026-09,desktop,i+j+l+o,2027-07-26,44739192.66767206,43721915.66767206
2026-09,desktop,i+j+l+o,2027-07-27,44662394.49374469,43645117.49374469
2026-09,desktop,i+j+l+o,2027-07-28,44596040.632007435,43578763.632007435
2026-09,desktop,i+j+l+o,2027-07-29,44530589.06998534,43513312.06998534
2026-09,desktop,i+j+l+o,2027-07-30,44460282.906698905,43443005.906698905
2026-09,desktop,i+j+l+o,2027-07-31,44414549.130033605,43397272.130033605
2026-09,desktop,i+j+l+o,2027-08-01,44386002.01031167,43368725.01031167
2026-09,desktop,i+j+l+o,2027-08-02,44406686.31637051,43389409.31637051
2026-09,desktop,i+j+l+o,2027-08-03,44363149.752879985,43345872.752879985
2026-09,desktop,i+j+l+o,2027-08-04,44309014.05642279,43291737.05642279
2026-09,desktop,i+j+l+o,2027-08-05,44260065.65572577,43242788.65572577
2026-09,desktop,i+j+l+o,2027-08-06,44218910.036823235,43201633.036823235
2026-09,desktop,i+j+l+o,2027-08-07,44180697.806097604,43163420.806097604
2026-09,desktop,i+j+l+o,2027-08-08,44137989.85089744,43120712.85089744
2026-09,desktop,i+j+l+o,2027-08-09,44083029.29883977,43065752.29883977
2026-09,desktop,i+j+l+o,2027-08-10,43999474.91478407,42982197.91478407
2026-09,desktop,i+j+l+o,2027-08-11,43936157.924463935,42918880.924463935
2026-09,desktop,i+j+l+o,2027-08-12,43846180.24694769,42828903.24694769
2026-09,desktop,i+j+l+o,2027-08-13,43758691.74001336,42741414.74001336
2026-09,desktop,i+j+l+o,2027-08-14,43674489.42213917,42657212.42213917
2026-09,desktop,i+j+l+o,2027-08-15,43559129.44107207,42541852.44107207
2026-09,desktop,i+j+l+o,2027-08-16,43489261.468721315,42471984.468721315
2026-09,desktop,i+j+l+o,2027-08-17,43405134.13396504,42387857.13396504
2026-09,desktop,i+j+l+o,2027-08-18,43353040.611367516,42335763.611367516
2026-09,desktop,i+j+l+o,2027-08-19,43304480.09537824,42287203.09537824
2026-09,desktop,i+j+l+o,2027-08-20,43275779.112028524,42258502.112028524
2026-09,desktop,i+j+l+o,2027-08-21,43287686.831036516,42270409.831036516
2026-09,desktop,i+j+l+o,2027-08-22,43290094.3958721,42272817.3958721
2026-09,desktop,i+j+l+o,2027-08-23,43298470.568152264,42281193.568152264
2026-09,desktop,i+j+l+o,2027-08-24,43314610.65448564,42297333.65448564
2026-09,desktop,i+j+l+o,2027-08-25,43331803.11988056,42314526.11988056
2026-09,desktop,i+j+l+o,2027-08-26,43366895.33528022,42349618.33528022
2026-09,desktop,i+j+l+o,2027-08-27,43403335.38555853,42386058.38555853
2026-09,desktop,i+j+l+o,2027-08-28,43439487.42584527,42422210.42584527
2026-09,desktop,i+j+l+o,2027-08-29,43495353.747914754,42478076.747914754
2026-09,desktop,i+j+l+o,2027-08-30,43595983.42158652,42578706.42158652
2026-09,desktop,i+j+l+o,2027-08-31,43667224.785341546,42649947.785341546
2026-09,desktop,i+j+l+o,2027-09-01,43748583.624346815,42731306.624346815
2026-09,desktop,i+j+l+o,2027-09-02,43826702.19523056,42809425.19523056
2026-09,desktop,i+j+l+o,2027-09-03,43909103.17754906,42891826.17754906
2026-09,desktop,i+j+l+o,2027-09-04,43954107.43167611,42936830.43167611
2026-09,desktop,i+j+l+o,2027-09-05,44017548.575773194,43000271.575773194
2026-09,desktop,i+j+l+o,2027-09-06,44001825.22476484,42984548.22476484
2026-09,desktop,i+j+l+o,2027-09-07,44113802.252394974,43096525.252394974
2026-09,desktop,i+j+l+o,2027-09-08,44252781.15310587,43235504.15310587
2026-09,desktop,i+j+l+o,2027-09-09,44416685.8828119,43399408.8828119
2026-09,desktop,i+j+l+o,2027-09-10,44582163.02789635,43564886.02789635
2026-09,desktop,i+j+l+o,2027-09-11,44726209.957670346,43708932.957670346
2026-09,desktop,i+j+l+o,2027-09-12,44905392.45839789,43888115.45839789
2026-09,desktop,i+j+l+o,2027-09-13,45084079.50793096,44066802.50793096
2026-09,desktop,i+j+l+o,2027-09-14,45255780.69358543,44238503.69358543
2026-09,desktop,i+j+l+o,2027-09-15,45389090.298026204,44371813.298026204
2026-09,desktop,i+j+l+o,2027-09-16,45528538.151896596,44511261.151896596
2026-09,desktop,i+j+l+o,2027-09-17,45639604.80520731,44622327.80520731
2026-09,desktop,i+j+l+o,2027-09-18,45709679.7133667,44692402.7133667
2026-09,desktop,i+j+l+o,2027-09-19,45780124.15783201,44762847.15783201
2026-09,desktop,i+j+l+o,2027-09-20,45867600.7429965,44850323.7429965
2026-09,desktop,i+j+l+o,2027-09-21,45970082.2273677,44952805.2273677
2026-09,desktop,i+j+l+o,2027-09-22,46074913.568665855,45057636.568665855
2026-09,desktop,i+j+l+o,2027-09-23,46167335.96763971,45150058.96763971
2026-09,desktop,i+j+l+o,2027-09-24,46248717.0862368,45231440.0862368
2026-09,desktop,i+j+l+o,2027-09-25,46309162.17701161,45291885.17701161
2026-09,desktop,i+j+l+o,2027-09-26,46355160.17448555,45337883.17448555
2026-09,desktop,i+j+l+o,2027-09-27,46425928.91729797,45408651.91729797
2026-09,desktop,i+j+l+o,2027-09-28,46503781.86055484,45486504.86055484
2026-09,desktop,i+j+l+o,2027-09-29,46556960.251081705,45539683.251081705
2026-09,desktop,i+j+l+o,2027-09-30,46601146.025708474,45583869.025708474
2026-09,desktop,i+j+l+o,2027-10-01,46632423.52197365,45615146.52197365
2026-09,desktop,i+j+l+o,2027-10-02,46646056.86035875,45628779.86035875
2026-09,desktop,i+j+l+o,2027-10-03,46646266.72842814,45628989.72842814
2026-09,desktop,i+j+l+o,2027-10-04,46782818.142192565,45765541.142192565
2026-09,desktop,i+j+l+o,2027-10-05,46831929.634497985,45814652.634497985
2026-09,desktop,i+j+l+o,2027-10-06,46847951.17732269,45830674.17732269
2026-09,desktop,i+j+l+o,2027-10-07,46841257.81902258,45823980.81902258
2026-09,desktop,i+j+l+o,2027-10-08,46818398.48625104,45801121.48625104
2026-09,desktop,i+j+l+o,2027-10-09,46800055.30909323,45782778.30909323
2026-09,desktop,i+j+l+o,2027-10-10,46796167.48129941,45778890.48129941
2026-09,desktop,i+j+l+o,2027-10-11,46715226.69193993,45697949.69193993
2026-09,desktop,i+j+l+o,2027-10-12,46680017.90591413,45662740.90591413
2026-09,desktop,i+j+l+o,2027-10-13,46682161.85592171,45664884.85592171
2026-09,desktop,i+j+l+o,2027-10-14,46685663.35408215,45668386.35408215
2026-09,desktop,i+j+l+o,2027-10-15,46700936.92537291,45683659.92537291
2026-09,desktop,i+j+l+o,2027-10-16,46709912.595106624,45692635.595106624
2026-09,desktop,i+j+l+o,2027-10-17,46716827.62722256,45699550.62722256
2026-09,desktop,i+j+l+o,2027-10-18,46742339.5554942,45725062.5554942
2026-09,desktop,i+j+l+o,2027-10-19,46749383.77550799,45732106.77550799
2026-09,desktop,i+j+l+o,2027-10-20,46759213.063314244,45741936.063314244
2026-09,desktop,i+j+l+o,2027-10-21,46767373.49189549,45750096.49189549
2026-09,desktop,i+j+l+o,2027-10-22,46779076.254779,45761799.254779
2026-09,desktop,i+j+l+o,2027-10-23,46777006.93403187,45759729.93403187
2026-09,desktop,i+j+l+o,2027-10-24,46779616.06825675,45762339.06825675
2026-09,desktop,i+j+l+o,2027-10-25,46776932.97104694,45759655.97104694
2026-09,desktop,i+j+l+o,2027-10-26,46778785.58218624,45761508.58218624
2026-09,desktop,i+j+l+o,2027-10-27,46778205.97607862,45760928.97607862
2026-09,desktop,i+j+l+o,2027-10-28,46763142.888237886,45745865.888237886
2026-09,desktop,i+j+l+o,2027-10-29,46726934.78420752,45709657.78420752
2026-09,desktop,i+j+l+o,2027-10-30,46734132.32884409,45716855.32884409
2026-09,desktop,i+j+l+o,2027-10-31,46724413.8513627,45707136.8513627
2026-09,desktop,i+j+l+o,2027-11-01,46549785.256523505,45532508.256523505
2026-09,desktop,i+j+l+o,2027-11-02,46524925.299926616,45507648.299926616
2026-09,desktop,i+j+l+o,2027-11-03,46548813.230218746,45531536.230218746
2026-09,desktop,i+j+l+o,2027-11-04,46570099.265450194,45552822.265450194
2026-09,desktop,i+j+l+o,2027-11-05,46630216.02866976,45612939.02866976
2026-09,desktop,i+j+l+o,2027-11-06,46669651.16188459,45652374.16188459
2026-09,desktop,i+j+l+o,2027-11-07,46697363.67508688,45680086.67508688
2026-09,desktop,i+j+l+o,2027-11-08,46813990.265864864,45796713.265864864
2026-09,desktop,i+j+l+o,2027-11-09,46883646.78153626,45866369.78153626
2026-09,desktop,i+j+l+o,2027-11-10,46926675.24895038,45909398.24895038
2026-09,desktop,i+j+l+o,2027-11-11,46891657.54265953,45874380.54265953
2026-09,desktop,i+j+l+o,2027-11-12,46910506.347853325,45893229.347853325
2026-09,desktop,i+j+l+o,2027-11-13,46931700.38026166,45914423.38026166
2026-09,desktop,i+j+l+o,2027-11-14,46943425.08909313,45926148.08909313
2026-09,desktop,i+j+l+o,2027-11-15,46911241.155165724,45893964.155165724
2026-09,desktop,i+j+l+o,2027-11-16,46931179.991691306,45913902.991691306
2026-09,desktop,i+j+l+o,2027-11-17,46959518.449524306,45942241.449524306
2026-09,desktop,i+j+l+o,2027-11-18,46980782.227798335,45963505.227798335
2026-09,desktop,i+j+l+o,2027-11-19,47006569.01127484,45989292.01127484
2026-09,desktop,i+j+l+o,2027-11-20,47010944.567116804,45993667.567116804
2026-09,desktop,i+j+l+o,2027-11-21,47026825.47243405,46009548.47243405
2026-09,desktop,i+j+l+o,2027-11-22,47042339.324280106,46025062.324280106
2026-09,desktop,i+j+l+o,2027-11-23,47054899.86741537,46037622.86741537
2026-09,desktop,i+j+l+o,2027-11-24,47085781.29381023,46068504.29381023
2026-09,desktop,i+j+l+o,2027-11-25,47070758.442090295,46053481.442090295
2026-09,desktop,i+j+l+o,2027-11-26,47070688.251702905,46053411.251702905
2026-09,desktop,i+j+l+o,2027-11-27,47101931.75034024,46084654.75034024
2026-09,desktop,i+j+l+o,2027-11-28,47169044.14518752,46151767.14518752
2026-09,desktop,i+j+l+o,2027-11-29,47411310.50741284,46394033.50741284
2026-09,desktop,i+j+l+o,2027-11-30,47484036.934508726,46466759.934508726
2026-09,desktop,i+j+l+o,2027-12-01,47516845.16699706,46499568.16699706
2026-09,desktop,i+j+l+o,2027-12-02,47563208.70187092,46545931.70187092
2026-09,desktop,i+j+l+o,2027-12-03,47565947.6672784,46548670.6672784
2026-09,desktop,i+j+l+o,2027-12-04,47573726.587369025,46556449.587369025
2026-09,desktop,i+j+l+o,2027-12-05,47576029.484408006,46558752.484408006
2026-09,desktop,i+j+l+o,2027-12-06,47580582.39963768,46563305.39963768
2026-09,desktop,i+j+l+o,2027-12-07,47586296.98533808,46569019.98533808
2026-09,desktop,i+j+l+o,2027-12-08,47565692.34146326,46548415.34146326
2026-09,desktop,i+j+l+o,2027-12-09,47639107.89018833,46621830.89018833
2026-09,desktop,i+j+l+o,2027-12-10,47636902.83404565,46619625.83404565
2026-09,desktop,i+j+l+o,2027-12-11,47612337.084808655,46595060.084808655
2026-09,desktop,i+j+l+o,2027-12-12,47603911.0270328,46586634.0270328
2026-09,desktop,i+j+l+o,2027-12-13,47645192.286964126,46627915.286964126
2026-09,desktop,i+j+l+o,2027-12-14,47628320.25302509,46611043.25302509
2026-09,desktop,i+j+l+o,2027-12-15,47597358.03527578,46580081.03527578
2026-09,desktop,i+j+l+o,2027-12-16,47563871.781268105,46546594.781268105
2026-09,desktop,i+j+l+o,2027-12-17,47530646.89795847,46513369.89795847
2026-09,desktop,i+j+l+o,2027-12-18,47517042.16438887,46499765.16438887
2026-09,desktop,i+j+l+o,2027-12-19,47469165.859296024,46451888.859296024
2026-09,desktop,i+j+l+o,2027-12-20,47338917.625552066,46321640.625552066
2026-09,desktop,i+j+l+o,2027-12-21,47206249.3331014,46188972.3331014
2026-09,desktop,i+j+l+o,2027-12-22,47014568.16642155,45997291.16642155
2026-09,desktop,i+j+l+o,2027-12-23,46752341.68537764,45735064.68537764
2026-09,desktop,i+j+l+o,2027-12-24,46121362.55263298,45104085.55263298
2026-09,desktop,i+j+l+o,2027-12-25,45652255.29669492,44634978.29669492
2026-09,desktop,i+j+l+o,2027-12-26,45336245.43369683,44318968.43369683
2026-09,desktop,i+j+l+o,2027-12-27,44868071.448307015,43850794.448307015
2026-09,desktop,i+j+l+o,2027-12-28,44625703.043518245,43608426.043518245
2026-09,desktop,i+j+l+o,2027-12-29,44362355.07358563,43345078.07358563
2026-09,desktop,i+j+l+o,2027-12-30,44063338.979609795,43046061.979609795
2026-09,desktop,i+j+l+o,2027-12-31,43572108.625819385,42554831.625819385
2026-09,mobile,raw,2026-09-09,17383191.152895354,17383191.152895354
2026-09,mobile,raw,2026-09-10,17385766.531351272,17388568.98495952
2026-09,mobile,raw,2026-09-11,17384608.870133236,17390213.77734973
2026-09,mobile,raw,2026-09-12,17382679.281117477,17391086.641942218
2026-09,mobile,raw,2026-09-13,17378304.326561067,17389514.140994057
2026-09,mobile,raw,2026-09-14,17375056.24238788,17389068.510429118
2026-09,mobile,raw,2026-09-15,17371430.419742364,17388245.141391847
2026-09,mobile,raw,2026-09-16,17364607.69565922,17384224.87091695
2026-09,mobile,raw,2026-09-17,17358143.41488252,17380563.043748498
2026-09,mobile,raw,2026-09-18,17351062.280334234,17376284.362808462
2026-09,mobile,raw,2026-09-19,17343181.401059207,17371205.93714168
2026-09,mobile,raw,2026-09-20,17338358.34433129,17369185.33402201
2026-09,mobile,raw,2026-09-21,17332779.256132137,17366408.699431106
2026-09,mobile,raw,2026-09-22,17328147.32851329,17364579.22542051
2026-09,mobile,raw,2026-09-23,17322564.437723994,17361798.788239457
2026-09,mobile,raw,2026-09-24,17315367.518303126,17357404.322426837
2026-09,mobile,raw,2026-09-25,17308649.28504881,17353488.542780768
2026-09,mobile,raw,2026-09-26,17302531.14288684,17350172.854227047
2026-09,mobile,raw,2026-09-27,17298163.47337381,17348607.638322264
2026-09,mobile,raw,2026-09-28,17288613.997151475,17341860.615708176
2026-09,mobile,raw,2026-09-29,17279918.160837173,17335967.233002122
2026-09,mobile,raw,2026-09-30,17275771.198980685,17334622.724753883
2026-09,mobile,raw,2026-10-01,17272459.95449213,17334113.93387357
2026-09,mobile,raw,2026-10-02,17268765.565023817,17333221.998013508
2026-09,mobile,raw,2026-10-03,17266997.82543468,17334256.71203262
2026-09,mobile,raw,2026-10-04,17267300.263327066,17337361.603533253
2026-09,mobile,raw,2026-10-05,17265940.598248415,17338804.392062847
2026-09,mobile,raw,2026-10-06,17259321.969749697,17334988.217172377
2026-09,mobile,raw,2026-10-07,17262897.97239461,17341366.67342554
2026-09,mobile,raw,2026-10-08,17266484.206174485,17347755.360813662
2026-09,mobile,raw,2026-10-09,17270478.73223925,17354552.34048667
2026-09,mobile,raw,2026-10-10,17274139.283342887,17361015.345198557
2026-09,mobile,raw,2026-10-11,17278011.395875033,17367689.91133895
2026-09,mobile,raw,2026-10-12,17282870.94298335,17375351.912055515
2026-09,mobile,raw,2026-10-13,17286637.780256737,17381921.20293715
2026-09,mobile,raw,2026-10-14,17291346.879225276,17389432.755513936
2026-09,mobile,raw,2026-10-15,17295821.315110095,17396709.645007003
2026-09,mobile,raw,2026-10-16,17299848.935274683,17403539.718779836
2026-09,mobile,raw,2026-10-17,17304497.68600463,17410990.923118033
2026-09,mobile,raw,2026-10-18,17308734.57872408,17418030.26944573
2026-09,mobile,raw,2026-10-19,17311272.9244021,17423371.068731997
2026-09,mobile,raw,2026-10-20,17312800.274332542,17427700.872270685
2026-09,mobile,raw,2026-10-21,17317788.42853326,17435491.48007965
2026-09,mobile,raw,2026-10-22,17322005.139081024,17442510.644235663
2026-09,mobile,raw,2026-10-23,17326514.847179543,17449822.80594243
2026-09,mobile,raw,2026-10-24,17331211.77241722,17457322.184788354
2026-09,mobile,raw,2026-10-25,17336133.665913474,17465046.531892855
2026-09,mobile,raw,2026-10-26,17340747.062532604,17472462.382120233
2026-09,mobile,raw,2026-10-27,17347494.35697901,17482012.130174886
2026-09,mobile,raw,2026-10-28,17354509.581868526,17491829.808672648
2026-09,mobile,raw,2026-10-29,17361446.49253216,17501569.17294453
2026-09,mobile,raw,2026-10-30,17369499.26490858,17512424.398929197
2026-09,mobile,raw,2026-10-31,17377021.94562503,17522749.533253897
2026-09,mobile,raw,2026-11-01,17381692.50303394,17530222.544271052
2026-09,mobile,raw,2026-11-02,17387579.385204144,17538911.880049504
2026-09,mobile,raw,2026-11-03,17393584.262445133,17547719.210898742
2026-09,mobile,raw,2026-11-04,17400035.520425547,17556972.922487404
2026-09,mobile,raw,2026-11-05,17406667.622634467,17566407.47830457
2026-09,mobile,raw,2026-11-06,17412449.556962118,17574991.866240468
2026-09,mobile,raw,2026-11-07,17416649.73717927,17581994.500065867
2026-09,mobile,raw,2026-11-08,17416638.685787,17584785.902281847
2026-09,mobile,raw,2026-11-09,17419342.459155682,17590292.129258774
2026-09,mobile,raw,2026-11-10,17422363.495270167,17596115.618981507
2026-09,mobile,raw,2026-11-11,17427301.849303238,17603856.426622827
2026-09,mobile,raw,2026-11-12,17434054.63811041,17613411.669038244
2026-09,mobile,raw,2026-11-13,17439507.65421176,17621667.13874784
2026-09,mobile,raw,2026-11-14,17445692.204640415,17630654.142784745
2026-09,mobile,raw,2026-11-15,17451515.289850544,17639279.681603123
2026-09,mobile,raw,2026-11-16,17461055.7289507,17651622.574311525
2026-09,mobile,raw,2026-11-17,17470493.725557562,17663863.024526633
2026-09,mobile,raw,2026-11-18,17476835.7660002,17673007.51857752
2026-09,mobile,raw,2026-11-19,17484148.57510913,17683122.7812947
2026-09,mobile,raw,2026-11-20,17491489.788902987,17693266.4486968
2026-09,mobile,raw,2026-11-21,17499930.799168974,17704509.912571035
2026-09,mobile,raw,2026-11-22,17508369.048764553,17715750.615774862
2026-09,mobile,raw,2026-11-23,17517308.526262306,17727492.546880864
2026-09,mobile,raw,2026-11-24,17526078.075876065,17739064.550102867
2026-09,mobile,raw,2026-11-25,17535034.8180518,17750823.74588685
2026-09,mobile,raw,2026-11-26,17544597.28737517,17763188.66881847
2026-09,mobile,raw,2026-11-27,17554107.41789755,17775501.252949096
2026-09,mobile,raw,2026-11-28,17563327.006618805,17787523.295278598
2026-09,mobile,raw,2026-11-29,17574276.246980976,17801274.989249017
2026-09,mobile,raw,2026-11-30,17584891.460928947,17814692.656805236
2026-09,mobile,raw,2026-12-01,17595346.035424434,17827949.68490897
2026-09,mobile,raw,2026-12-02,17604856.325171556,17840262.42826434
2026-09,mobile,raw,2026-12-03,17614337.172403067,17852545.729104098
2026-09,mobile,raw,2026-12-04,17624174.21375475,17865185.22406403
2026-09,mobile,raw,2026-12-05,17635379.979495436,17879193.443412963
2026-09,mobile,raw,2026-12-06,17650028.259951495,17896644.177477267
2026-09,mobile,raw,2026-12-07,17662187.723071896,17911606.094205916
2026-09,mobile,raw,2026-12-08,17672963.39174166,17925184.21648393
2026-09,mobile,raw,2026-12-09,17681008.367132787,17936031.645483304
2026-09,mobile,raw,2026-12-10,17686371.992067534,17944197.724026296
2026-09,mobile,raw,2026-12-11,17692186.316446077,17952814.502013087
2026-09,mobile,raw,2026-12-12,17696923.60465313,17960354.24382839
2026-09,mobile,raw,2026-12-13,17701931.48940949,17968164.582193
2026-09,mobile,raw,2026-12-14,17704358.248407703,17973393.794799455
2026-09,mobile,raw,2026-12-15,17706152.975881014,17977990.975881014
2026-09,mobile,raw,2026-12-16,17706767.660290223,17981408.11389847
2026-09,mobile,raw,2026-12-17,17706552.23596437,17983995.143180862
2026-09,mobile,raw,2026-12-18,17704906.073929165,17985151.434753906
2026-09,mobile,raw,2026-12-19,17701244.26186847,17984292.07630146
2026-09,mobile,raw,2026-12-20,17695552.63544865,17981402.903489888
2026-09,mobile,raw,2026-12-21,17689457.727800068,17978110.44944955
2026-09,mobile,raw,2026-12-22,17679601.540047366,17971056.715305097
2026-09,mobile,raw,2026-12-23,17670369.515480302,17964627.144346282
2026-09,mobile,raw,2026-12-24,17648726.464856062,17945786.54733029
2026-09,mobile,raw,2026-12-25,17611690.2936848,17911552.829767272
2026-09,mobile,raw,2026-12-26,17599562.30392002,17902227.29361074
2026-09,mobile,raw,2026-12-27,17589988.679430388,17895456.122729357
2026-09,mobile,raw,2026-12-28,17581034.508984186,17889304.405891404
2026-09,mobile,raw,2026-12-29,17569932.49597499,17881004.846490454
2026-09,mobile,raw,2026-12-30,17558977.572469227,17872852.376592938
2026-09,mobile,raw,2026-12-31,17541828.08582222,17858505.34355418
2026-09,mobile,raw,2027-01-01,17519972.832937147,17839452.544277355
2026-09,mobile,raw,2027-01-02,17511682.982233215,17833965.147181667
2026-09,mobile,raw,2027-01-03,17503254.768381733,17828339.386938434
2026-09,mobile,raw,2027-01-04,17496144.313714635,17824031.385879584
2026-09,mobile,raw,2027-01-05,17487005.785749942,17817695.31152314
2026-09,mobile,raw,2027-01-06,17482557.80118441,17816049.78056585
2026-09,mobile,raw,2027-01-07,17479972.75691381,17816267.1899035
2026-09,mobile,raw,2027-01-08,17477736.45025566,17816833.336853597
2026-09,mobile,raw,2027-01-09,17477066.490122013,17818965.8303282
2026-09,mobile,raw,2027-01-10,17477736.363668747,17822438.15748318
2026-09,mobile,raw,2027-01-11,17479868.306465436,17827372.553888116
2026-09,mobile,raw,2027-01-12,17484246.40491169,17834553.105942618
2026-09,mobile,raw,2027-01-13,17489748.115707446,17842857.270346623
2026-09,mobile,raw,2027-01-14,17494743.275045127,17850654.88329255
2026-09,mobile,raw,2027-01-15,17502491.253644157,17861205.315499827
2026-09,mobile,raw,2027-01-16,17512463.304400474,17873979.819864392
2026-09,mobile,raw,2027-01-17,17525434.48752764,17889753.4565998
2026-09,mobile,raw,2027-01-18,17538155.77804252,17905277.200722933
2026-09,mobile,raw,2027-01-19,17554971.01009009,17924894.88637875
2026-09,mobile,raw,2027-01-20,17571608.907784764,17944335.237681672
2026-09,mobile,raw,2027-01-21,17599978.137806237,17975506.92131139
2026-09,mobile,raw,2027-01-22,17642785.42459787,18021116.66171127
2026-09,mobile,raw,2027-01-23,17661022.33566179,18042156.02638344
2026-09,mobile,raw,2027-01-24,17677650.701719992,18061586.84604989
2026-09,mobile,raw,2027-01-25,17694203.78018586,18080942.378124002
2026-09,mobile,raw,2027-01-26,17709711.133885223,18099252.185431615
2026-09,mobile,raw,2027-01-27,17728379.551660474,18120723.056815114
2026-09,mobile,raw,2027-01-28,17752977.020250864,18148122.979013752
2026-09,mobile,raw,2027-01-29,17783314.9962437,18181263.408614833
2026-09,mobile,raw,2027-01-30,17800869.171718664,18201620.037698045
2026-09,mobile,raw,2027-01-31,17818280.446689505,18221833.766277134
2026-09,mobile,raw,2027-02-01,17833064.996946234,18239420.770142112
2026-09,mobile,raw,2027-02-02,17850055.64354428,18259213.8703484
2026-09,mobile,raw,2027-02-03,17861230.304994274,18273190.985406645
2026-09,mobile,raw,2027-02-04,17871791.593875114,18286554.727895733
2026-09,mobile,raw,2027-02-05,17882690.373148516,18300255.960777383
2026-09,mobile,raw,2027-02-06,17891888.431944963,18312256.473182075
2026-09,mobile,raw,2027-02-07,17901672.263308506,18324842.758153867
2026-09,mobile,raw,2027-02-08,17904921.044941433,18330893.99339504
2026-09,mobile,raw,2027-02-09,17907607.146339525,18336382.54840138
2026-09,mobile,raw,2027-02-10,17909871.483791083,18341449.339461185
2026-09,mobile,raw,2027-02-11,17914139.301055048,18348519.610333398
2026-09,mobile,raw,2027-02-12,17921076.63496218,18358259.397848777
2026-09,mobile,raw,2027-02-13,17929247.745664164,18369232.96215901
2026-09,mobile,raw,2027-02-14,17934250.314229872,18377037.984332964
2026-09,mobile,raw,2027-02-15,17939663.39235993,18385253.51607127
2026-09,mobile,raw,2027-02-16,17946606.193460878,18394998.770780466
2026-09,mobile,raw,2027-02-17,17952738.84106467,18403933.871992506
2026-09,mobile,raw,2027-02-18,17959295.19522586,18413292.679761942
2026-09,mobile,raw,2027-02-19,17967311.27592177,18424111.2140661
2026-09,mobile,raw,2027-02-20,17976163.589008205,18435765.980760783
2026-09,mobile,raw,2027-02-21,17982565.378701027,18444970.22406185
2026-09,mobile,raw,2027-02-22,17989795.37518786,18455002.67415693
2026-09,mobile,raw,2027-02-23,17999790.567930996,18467800.320508316
2026-09,mobile,raw,2027-02-24,18006373.903243043,18477186.10942861
2026-09,mobile,raw,2027-02-25,18013151.18486702,18486765.844660833
2026-09,mobile,raw,2027-02-26,18019524.332257558,18495941.44565962
2026-09,mobile,raw,2027-02-27,18024914.936797522,18504134.50380783
2026-09,mobile,raw,2027-02-28,18027583.55615428,18509605.57677284
2026-09,mobile,raw,2027-03-01,18035423.708728056,18520248.18295486
2026-09,mobile,raw,2027-03-02,18042803.875787925,18530430.803622976
2026-09,mobile,raw,2027-03-03,18051271.670353193,18541701.051796492
2026-09,mobile,raw,2027-03-04,18059028.962654877,18552260.797706425
2026-09,mobile,raw,2027-03-05,18067543.475581396,18563577.76424119
2026-09,mobile,raw,2027-03-06,18075095.75661818,18573932.49888622
2026-09,mobile,raw,2027-03-07,18080661.387035903,18582300.58291219
2026-09,mobile,raw,2027-03-08,18090807.257493142,18595248.90697768
2026-09,mobile,raw,2027-03-09,18097312.437483404,18604556.540576186
2026-09,mobile,raw,2027-03-10,18103857.607284293,18613904.163985323
2026-09,mobile,raw,2027-03-11,18111914.84236795,18624763.85267723
2026-09,mobile,raw,2027-03-12,18116259.595296443,18631911.05921397
2026-09,mobile,raw,2027-03-13,18118903.7728267,18637357.690352473
2026-09,mobile,raw,2027-03-14,18123194.09490302,18644450.46603704
2026-09,mobile,raw,2027-03-15,18125961.91188452,18650020.73662679
2026-09,mobile,raw,2027-03-16,18127884.556637477,18654745.834987994
2026-09,mobile,raw,2027-03-17,18129715.55824016,18659379.290198922
2026-09,mobile,raw,2027-03-18,18131158.49012225,18663624.67568926
2026-09,mobile,raw,2027-03-19,18130486.246992555,18665754.886167813
2026-09,mobile,raw,2027-03-20,18128384.575858317,18666455.668641824
2026-09,mobile,raw,2027-03-21,18125560.89521133,18666434.441603083
2026-09,mobile,raw,2027-03-22,18117062.022659287,18660738.022659287
2026-09,mobile,raw,2027-03-23,18109339.736184094,18655818.189792342
2026-09,mobile,raw,2027-03-24,18104829.163921133,18654110.071137626
2026-09,mobile,raw,2027-03-25,18100626.383493874,18652709.744318616
2026-09,mobile,raw,2027-03-26,18090646.23458361,18645532.0490166
2026-09,mobile,raw,2027-03-27,18086780.954838388,18644469.222879626
2026-09,mobile,raw,2027-03-28,18086378.578180447,18646869.29982993
2026-09,mobile,raw,2027-03-29,18080576.06104407,18643869.236301802
2026-09,mobile,raw,2027-03-30,18078239.040310483,18644334.669176463
2026-09,mobile,raw,2027-03-31,18076035.137569822,18644933.22004405
2026-09,mobile,raw,2027-04-01,18074583.572884366,18646284.10896684
2026-09,mobile,raw,2027-04-02,18070248.018338494,18644751.008029215
2026-09,mobile,raw,2027-04-03,18072510.080921322,18649815.52422029
2026-09,mobile,raw,2027-04-04,18075757.692217685,18655865.589124903
2026-09,mobile,raw,2027-04-05,18080169.755892728,18663080.10640819
2026-09,mobile,raw,2027-04-06,18087409.54687452,18673122.35099823
2026-09,mobile,raw,2027-04-07,18096031.947942223,18684547.205674183
2026-09,mobile,raw,2027-04-08,18103389.698931947,18694707.410272155
2026-09,mobile,raw,2027-04-09,18109858.80898788,18703978.97393633
2026-09,mobile,raw,2027-04-10,18115602.859666053,18712525.478222754
2026-09,mobile,raw,2027-04-11,18121165.744061835,18720890.816226784
2026-09,mobile,raw,2027-04-12,18128462.047336556,18730989.573109753
2026-09,mobile,raw,2027-04-13,18133655.654258836,18738985.633640278
2026-09,mobile,raw,2027-04-14,18139502.7867381,18747635.21972779
2026-09,mobile,raw,2027-04-15,18145176.480889212,18756111.36748715
2026-09,mobile,raw,2027-04-16,18152236.958944567,18765974.299150754
2026-09,mobile,raw,2027-04-17,18160477.00462853,18777016.798442964
2026-09,mobile,raw,2027-04-18,18170321.668935496,18789663.916358177
2026-09,mobile,raw,2027-04-19,18185454.77000816,18807599.47103909
2026-09,mobile,raw,2027-04-20,18199081.56887531,18824028.723514486
2026-09,mobile,raw,2027-04-21,18209283.90753048,18837033.5157779
2026-09,mobile,raw,2027-04-22,18220304.356851023,18850856.418706693
2026-09,mobile,raw,2027-04-23,18235865.151315074,18869219.666778993
2026-09,mobile,raw,2027-04-24,18246405.1237364,18882562.092808563
2026-09,mobile,raw,2027-04-25,18256600.702002652,18895560.124683063
2026-09,mobile,raw,2027-04-26,18269437.095227905,18911198.971516564
2026-09,mobile,raw,2027-04-27,18279576.198146246,18924140.528043155
2026-09,mobile,raw,2027-04-28,18289760.87239256,18937127.655897714
2026-09,mobile,raw,2027-04-29,18298772.701276574,18948941.938389976
2026-09,mobile,raw,2027-04-30,18310063.785702713,18963035.476424363
2026-09,mobile,raw,2027-05-01,18308772.50166611,18964546.645996008
2026-09,mobile,raw,2027-05-02,18313573.203969847,18972149.80190799
2026-09,mobile,raw,2027-05-03,18319985.792915087,18981364.84446148
2026-09,mobile,raw,2027-05-04,18325129.21531574,18989310.72047038
2026-09,mobile,raw,2027-05-05,18328316.50944837,18995300.46821126
2026-09,mobile,raw,2027-05-06,18329622.31201274,18999408.724383872
2026-09,mobile,raw,2027-05-07,18333937.20172592,19006526.0677053
2026-09,mobile,raw,2027-05-08,18339296.30139615,19014687.62098378
2026-09,mobile,raw,2027-05-09,18344810.994203757,19023004.767399635
2026-09,mobile,raw,2027-05-10,18351513.7574859,19032509.984290022
2026-09,mobile,raw,2027-05-11,18356169.30415563,19039967.984568
2026-09,mobile,raw,2027-05-12,18357952.25901078,19044553.3930314
2026-09,mobile,raw,2027-05-13,18364867.369898364,19054270.95752723
2026-09,mobile,raw,2027-05-14,18370555.186429244,19062761.227666356
2026-09,mobile,raw,2027-05-15,18375162.97966029,19070171.47450565
2026-09,mobile,raw,2027-05-16,18377467.025859505,19075277.974313114
2026-09,mobile,raw,2027-05-17,18380425.020076573,19081038.42213843
2026-09,mobile,raw,2027-05-18,18383190.168260444,19086606.023930546
2026-09,mobile,raw,2027-05-19,18383643.886642642,19089862.195920993
2026-09,mobile,raw,2027-05-20,18389148.64064232,19098169.403528918
2026-09,mobile,raw,2027-05-21,18395296.344355162,19107119.56085001
2026-09,mobile,raw,2027-05-22,18401440.250936847,19116065.92103994
2026-09,mobile,raw,2027-05-23,18408375.76808244,19125803.89179378
2026-09,mobile,raw,2027-05-24,18415013.388939466,19135243.966259055
2026-09,mobile,raw,2027-05-25,18419229.142932605,19142262.173860442
2026-09,mobile,raw,2027-05-26,18423835.53704417,19149671.021580253
2026-09,mobile,raw,2027-05-27,18430044.471924093,19158682.410068423
2026-09,mobile,raw,2027-05-28,18438024.479764465,19169464.871517044
2026-09,mobile,raw,2027-05-29,18453291.008918963,19187533.854279786
2026-09,mobile,raw,2027-05-30,18462980.520192184,19200025.819161255
2026-09,mobile,raw,2027-05-31,18470753.83046746,19210601.58304478
2026-09,mobile,raw,2027-06-01,18478401.261408675,19221051.467594244
2026-09,mobile,raw,2027-06-02,18488618.28345528,19234070.94324909
2026-09,mobile,raw,2027-06-03,18499802.692157876,19248057.805559937
2026-09,mobile,raw,2027-06-04,18507669.201659743,19258726.768670052
2026-09,mobile,raw,2027-06-05,18512550.00051888,19266410.02113744
2026-09,mobile,raw,2027-06-06,18521314.23284016,19277976.707066964
2026-09,mobile,raw,2027-06-07,18529198.368657447,19288663.2964925
2026-09,mobile,raw,2027-06-08,18540627.707417466,19302895.088860765
2026-09,mobile,raw,2027-06-09,18554048.927837487,19319118.762889035
2026-09,mobile,raw,2027-06-10,18563572.71782838,19331445.006488174
2026-09,mobile,raw,2027-06-11,18573691.775119577,19344366.517387617
2026-09,mobile,raw,2027-06-12,18584339.095035832,19357816.29091212
2026-09,mobile,raw,2027-06-13,18598166.767965153,19374446.41744969
2026-09,mobile,raw,2027-06-14,18605805.226320453,19384887.329413235
2026-09,mobile,raw,2027-06-15,18614931.519807834,19396816.076508865
2026-09,mobile,raw,2027-06-16,18631218.995276805,19415906.005586084
2026-09,mobile,raw,2027-06-17,18641744.33492555,19429233.79884308
2026-09,mobile,raw,2027-06-18,18652099.485035684,19442391.402561456
2026-09,mobile,raw,2027-06-19,18662476.74860915,19455571.119743172
2026-09,mobile,raw,2027-06-20,18671623.131250158,19467519.955992427
2026-09,mobile,raw,2027-06-21,18681331.782091126,19480031.060441643
2026-09,mobile,raw,2027-06-22,18692610.52044296,19494112.25240172
2026-09,mobile,raw,2027-06-23,18704142.43815081,19508446.62371782
2026-09,mobile,raw,2027-06-24,18715165.468040787,19522272.107216045
2026-09,mobile,raw,2027-06-25,18723901.969722614,19533811.06250612
2026-09,mobile,raw,2027-06-26,18733149.775227554,19545861.321619306
2026-09,mobile,raw,2027-06-27,18739834.2305662,19555348.2305662
2026-09,mobile,raw,2027-06-28,18747174.956106786,19565491.409715034
2026-09,mobile,raw,2027-06-29,18757216.84902728,19578335.756243773
2026-09,mobile,raw,2027-06-30,18764491.154823467,19588412.51564821
2026-09,mobile,raw,2027-07-01,18770718.768103708,19597442.582536697
2026-09,mobile,raw,2027-07-02,18778234.888520386,19607761.156561624
2026-09,mobile,raw,2027-07-03,18786916.8832497,19619245.604899183
2026-09,mobile,raw,2027-07-04,18792122.696003694,19627253.871261425
2026-09,mobile,raw,2027-07-05,18796165.169251792,19634098.79811777
2026-09,mobile,raw,2027-07-06,18799590.20126571,19640326.28373994
2026-09,mobile,raw,2027-07-07,18804629.987094108,19648168.52317658
2026-09,mobile,raw,2027-07-08,18809607.185176305,19655948.174867027
2026-09,mobile,raw,2027-07-09,18813453.975104786,19662597.418403756
2026-09,mobile,raw,2027-07-10,18817517.99814955,19669463.89505677
2026-09,mobile,raw,2027-07-11,18821459.119599964,19676207.470115427
2026-09,mobile,raw,2027-07-12,18829464.47846208,19687015.282585792
2026-09,mobile,raw,2027-07-13,18837033.484067895,19697386.741799854
2026-09,mobile,raw,2027-07-14,18839897.77997727,19703053.491317477
2026-09,mobile,raw,2027-07-15,18842292.4278555,19708250.59280395
2026-09,mobile,raw,2027-07-16,18843916.22870945,19712676.847266153
2026-09,mobile,raw,2027-07-17,18844026.569120612,19715589.64128556
2026-09,mobile,raw,2027-07-18,18846267.777215566,19720633.302988764
2026-09,mobile,raw,2027-07-19,18847208.42683928,19724376.406220723
2026-09,mobile,raw,2027-07-20,18849293.80261861,19729264.235608302
2026-09,mobile,raw,2027-07-21,18850168.54509076,19732941.4316887
2026-09,mobile,raw,2027-07-22,18849322.081909392,19734897.42211558
2026-09,mobile,raw,2027-07-23,18851189.043973662,19739566.837788094
2026-09,mobile,raw,2027-07-24,18850273.4437233,19741453.69114598
2026-09,mobile,raw,2027-07-25,18851580.74537314,19745563.44640407
2026-09,mobile,raw,2027-07-26,18853591.121158995,19750376.27579817
2026-09,mobile,raw,2027-07-27,18854339.358028833,19753926.966276255
2026-09,mobile,raw,2027-07-28,18854674.13443182,19757064.19628749
2026-09,mobile,raw,2027-07-29,18856770.97346812,19761963.48893204
2026-09,mobile,raw,2027-07-30,18859010.219374496,19767005.18844666
2026-09,mobile,raw,2027-07-31,18860927.3214762,19771724.74415661
2026-09,mobile,raw,2027-08-01,18861020.438474853,19774620.314763512
2026-09,mobile,raw,2027-08-02,18860376.933664758,19776779.263561666
2026-09,mobile,raw,2027-08-03,18861610.557215028,19780815.34072018
2026-09,mobile,raw,2027-08-04,18862408.655789535,19784415.892902937
2026-09,mobile,raw,2027-08-05,18863004.991842326,19787814.682563975
2026-09,mobile,raw,2027-08-06,18865670.32434546,19793282.468675356
2026-09,mobile,raw,2027-08-07,18867797.70836751,19798212.306305654
2026-09,mobile,raw,2027-08-08,18869354.173323005,19802571.224869397
2026-09,mobile,raw,2027-08-09,18870951.93048041,19806971.43563505
2026-09,mobile,raw,2027-08-10,18871538.792028334,19810360.75079122
2026-09,mobile,raw,2027-08-11,18875162.276772704,19816786.689143836
2026-09,mobile,raw,2027-08-12,18879221.329596765,19823648.195576146
2026-09,mobile,raw,2027-08-13,18883361.26797639,19830590.587564018
2026-09,mobile,raw,2027-08-14,18889409.192658238,19839440.965854116
2026-09,mobile,raw,2027-08-15,18892568.059560746,19845402.28636487
2026-09,mobile,raw,2027-08-16,18897349.1696026,19852985.85001497
2026-09,mobile,raw,2027-08-17,18900355.072147507,19858794.206168126
2026-09,mobile,raw,2027-08-18,18905921.796998184,19867163.38462705
2026-09,mobile,raw,2027-08-19,18910794.866804782,19874838.908041894
2026-09,mobile,raw,2027-08-20,18915952.46419032,19882798.95903568
2026-09,mobile,raw,2027-08-21,18925146.462479882,19894795.41093349
2026-09,mobile,raw,2027-08-22,18930914.769325625,19903366.171387482
2026-09,mobile,raw,2027-08-23,18937192.238056265,19912446.093726367
2026-09,mobile,raw,2027-08-24,18944473.51187028,19922529.82114863
2026-09,mobile,raw,2027-08-25,18953017.683046136,19933876.445932735
2026-09,mobile,raw,2027-08-26,18960918.073543806,19944579.290038653
2026-09,mobile,raw,2027-08-27,18968607.565046404,19955071.235149495
2026-09,mobile,raw,2027-08-28,18976397.377374537,19965663.501085877
2026-09,mobile,raw,2027-08-29,18988184.480866976,19980253.058186565
2026-09,mobile,raw,2027-08-30,19000911.639177673,19995782.67010551
2026-09,mobile,raw,2027-08-31,19010680.78200014,20008354.26653622
2026-09,mobile,raw,2027-09-01,19020251.631060403,20020727.569204733
2026-09,mobile,raw,2027-09-02,19029297.13875116,20032575.53050374
2026-09,mobile,raw,2027-09-03,19037961.257128485,20044042.102489308
2026-09,mobile,raw,2027-09-04,19045786.01185954,20054669.31082861
2026-09,mobile,raw,2027-09-05,19056662.182131346,20068347.934708666
2026-09,mobile,raw,2027-09-06,19067037.63085049,20081525.83703606
2026-09,mobile,raw,2027-09-07,19076906.497036416,20094197.15683023
2026-09,mobile,raw,2027-09-08,19085036.437079605,20105129.550481666
2026-09,mobile,raw,2027-09-09,19093619.91885578,20116515.48586609
2026-09,mobile,raw,2027-09-10,19102917.318419643,20128615.3390382
2026-09,mobile,raw,2027-09-11,19111081.33831576,20139581.81254256
2026-09,mobile,raw,2027-09-12,19121294.974691294,20152597.902526345
2026-09,mobile,raw,2027-09-13,19130722.27322299,20164827.65466629
2026-09,mobile,raw,2027-09-14,19140993.36248509,20177901.197536636
2026-09,mobile,raw,2027-09-15,19149675.86100518,20189386.149664972
2026-09,mobile,raw,2027-09-16,19160422.239741642,20202934.982009683
2026-09,mobile,raw,2027-09-17,19167821.100067556,20213136.295943845
2026-09,mobile,raw,2027-09-18,19174199.888991665,20222317.538476203
2026-09,mobile,raw,2027-09-19,19183195.03109144,20234115.134184223
2026-09,mobile,raw,2027-09-20,19191575.674133085,20245298.230834115
2026-09,mobile,raw,2027-09-21,19198989.257554956,20255514.267864235
2026-09,mobile,raw,2027-09-22,19205443.133611348,20264770.597528875
2026-09,mobile,raw,2027-09-23,19212844.84336679,20274974.760892563
2026-09,mobile,raw,2027-09-24,19218382.594433106,20283314.965567127
2026-09,mobile,raw,2027-09-25,19224990.115898483,20292724.94064075
2026-09,mobile,raw,2027-09-26,19228743.635898728,20299280.91424924
2026-09,mobile,raw,2027-09-27,19233270.929346602,20306610.661305364
2026-09,mobile,raw,2027-09-28,19239549.64998842,20315691.83555543
2026-09,mobile,raw,2027-09-29,19242191.77836454,20321136.417539798
2026-09,mobile,raw,2027-09-30,19245405.290190794,20327152.382974297
2026-09,mobile,raw,2027-10-01,19247334.156758826,20331883.703150578
2026-09,mobile,raw,2027-10-02,19251259.80341478,20338611.80341478
2026-09,mobile,raw,2027-10-03,19253402.102320526,20343556.555928774
2026-09,mobile,raw,2027-10-04,19256532.529209625,20349489.436426118
2026-09,mobile,raw,2027-10-05,19261450.680576395,20357210.041401137
2026-09,mobile,raw,2027-10-06,19263228.44514031,20361790.2595733
2026-09,mobile,raw,2027-10-07,19264502.559480917,20365866.827522155
2026-09,mobile,raw,2027-10-08,19263958.22325042,20368124.9448999
2026-09,mobile,raw,2027-10-09,19265548.45729578,20372517.63255351
2026-09,mobile,raw,2027-10-10,19268964.94157384,20378736.57043982
2026-09,mobile,raw,2027-10-11,19272266.538789608,20384840.621263836
2026-09,mobile,raw,2027-10-12,19274696.84155541,20390073.37763788
2026-09,mobile,raw,2027-10-13,19277449.18061121,20395628.170301933
2026-09,mobile,raw,2027-10-14,19281884.2428325,20402865.68613147
2026-09,mobile,raw,2027-10-15,19286849.091324475,20410632.988231692
2026-09,mobile,raw,2027-10-16,19291742.053889547,20418328.40440501
2026-09,mobile,raw,2027-10-17,19297123.367486667,20426512.171610378
2026-09,mobile,raw,2027-10-18,19301817.273237858,20434008.530969817
2026-09,mobile,raw,2027-10-19,19306224.021788783,20441217.73312899
2026-09,mobile,raw,2027-10-20,19310981.11896342,20448777.283911873
2026-09,mobile,raw,2027-10-21,19315644.015468147,20456242.634024847
2026-09,mobile,raw,2027-10-22,19321738.795201235,20465139.867366184
2026-09,mobile,raw,2027-10-23,19327139.277354095,20473342.803127293
2026-09,mobile,raw,2027-10-24,19332296.521033946,20481302.50041539
2026-09,mobile,raw,2027-10-25,19337523.534267552,20489331.967257243
2026-09,mobile,raw,2027-10-26,19341470.400822468,20496081.287420407
2026-09,mobile,raw,2027-10-27,19349554.606985055,20506967.947191242
2026-09,mobile,raw,2027-10-28,19353082.67836063,20513298.47217506
2026-09,mobile,raw,2027-10-29,19353466.975352883,20516485.222775564
2026-09,mobile,raw,2027-10-30,19357969.76889977,20523790.469930697
2026-09,mobile,raw,2027-10-31,19361909.56772154,20530532.722360715
2026-09,mobile,raw,2027-11-01,19366038.557554986,20537464.165802408
2026-09,mobile,raw,2027-11-02,19370175.10572182,20544403.16757749
2026-09,mobile,raw,2027-11-03,19378421.908686705,20555452.424150623
2026-09,mobile,raw,2027-11-04,19386781.057959706,20566614.02703187
2026-09,mobile,raw,2027-11-05,19398200.66301667,20580836.08569708
2026-09,mobile,raw,2027-11-06,19406221.330388766,20591659.206677426
2026-09,mobile,raw,2027-11-07,19411213.724352006,20599454.054248914
2026-09,mobile,raw,2027-11-08,19418375.03585025,20609417.819355402
2026-09,mobile,raw,2027-11-09,19426880.958678555,20620726.195791956
2026-09,mobile,raw,2027-11-10,19434582.509739596,20631230.200461246
2026-09,mobile,raw,2027-11-11,19440726.722974267,20640176.867304165
2026-09,mobile,raw,2027-11-12,19447353.977363966,20649606.57530211
2026-09,mobile,raw,2027-11-13,19454183.558135044,20659238.609681435
2026-09,mobile,raw,2027-11-14,19459403.113526713,20667260.618681353
2026-09,mobile,raw,2027-11-15,19463517.77111136,20674177.72987425
2026-09,mobile,raw,2027-11-16,19470803.508747034,20684265.921118166
2026-09,mobile,raw,2027-11-17,19478424.43123176,20694689.29721114
2026-09,mobile,raw,2027-11-18,19483943.532937743,20703010.852525372
2026-09,mobile,raw,2027-11-19,19490775.305027295,20712645.078223173
2026-09,mobile,raw,2027-11-20,19496104.513262462,20720776.740066584
2026-09,mobile,raw,2027-11-21,19503451.210182093,20730925.890594464
2026-09,mobile,raw,2027-11-22,19511755.449136432,20742032.58315705
2026-09,mobile,raw,2027-11-23,19520913.612619102,20753993.20024797
2026-09,mobile,raw,2027-11-24,19529139.28114463,20765021.322381742
2026-09,mobile,raw,2027-11-25,19541936.138875306,20780620.633720666
2026-09,mobile,raw,2027-11-26,19559143.323782504,20800630.272236113
2026-09,mobile,raw,2027-11-27,19571830.282365493,20816119.68442735
2026-09,mobile,raw,2027-11-28,19583711.64027363,20830803.495943733
2026-09,mobile,raw,2027-11-29,19595518.781365264,20845413.090643615
2026-09,mobile,raw,2027-11-30,19606738.183622617,20859434.946509216
2026-09,mobile,raw,2027-12-01,19616096.8081854,20871596.024680246
2026-09,mobile,raw,2027-12-02,19625791.948824473,20884093.618927564
2026-09,mobile,raw,2027-12-03,19634251.685428835,20895355.809140176
2026-09,mobile,raw,2027-12-04,19644351.96052735,20908258.537846938
2026-09,mobile,raw,2027-12-05,19654139.74580187,20920848.776729703
2026-09,mobile,raw,2027-12-06,19661538.70394399,20931050.18848007
2026-09,mobile,raw,2027-12-07,19667938.023561794,20940251.961706124
2026-09,mobile,raw,2027-12-08,19673233.716675747,20948350.108428326
2026-09,mobile,raw,2027-12-09,19679246.370518256,20957165.215879083
2026-09,mobile,raw,2027-12-10,19684307.77484139,20965029.073810462
2026-09,mobile,raw,2027-12-11,19686149.236530866,20969672.989108186
2026-09,mobile,raw,2027-12-12,19691190.90269972,20977517.10888529
2026-09,mobile,raw,2027-12-13,19694963.340310704,20984092.000104517
2026-09,mobile,raw,2027-12-14,19695829.0231616,20987760.136563662
2026-09,mobile,raw,2027-12-15,19696146.885594707,20990880.452605017
2026-09,mobile,raw,2027-12-16,19696089.005562898,20993625.026181456
2026-09,mobile,raw,2027-12-17,19694301.139767744,20994639.613994546
2026-09,mobile,raw,2027-12-18,19692915.19457096,20996056.12240601
2026-09,mobile,raw,2027-12-19,19690494.236389764,20996437.617833063
2026-09,mobile,raw,2027-12-20,19687524.501833476,20996270.336885024
2026-09,mobile,raw,2027-12-21,19682396.212129187,20993944.50078898
2026-09,mobile,raw,2027-12-22,19675408.997745097,20989759.740013137
2026-09,mobile,raw,2027-12-23,19664957.602683805,20982110.798560094
2026-09,mobile,raw,2027-12-24,19638561.91135157,20958517.560836107
2026-09,mobile,raw,2027-12-25,19604835.79352006,20927593.89661284
2026-09,mobile,raw,2027-12-26,19593405.41678476,20918965.97348579
2026-09,mobile,raw,2027-12-27,19583960.031436436,20912323.041745715
2026-09,mobile,raw,2027-12-28,19573257.585409407,20904423.049326934
2026-09,mobile,raw,2027-12-29,19561969.731979787,20895937.64950556
2026-09,mobile,raw,2027-12-30,19552766.282316204,20889536.653450225
2026-09,mobile,raw,2027-12-31,19540098.18466303,20879671.0094053
2026-09,mobile,p,2026-09-09,17392313.96672189,17392313.96672189
2026-09,mobile,p,2026-09-10,17404200.576510508,17407003.030118756
2026-09,mobile,p,2026-09-11,17412669.38792507,17418274.295141563
2026-09,mobile,p,2026-09-12,17420364.155889545,17428771.516714286
2026-09,mobile,p,2026-09-13,17425953.632254567,17437163.446687557
2026-09,mobile,p,2026-09-14,17433385.89650348,17447398.164544716
2026-09,mobile,p,2026-09-15,17440745.363917325,17457560.085566808
2026-09,mobile,p,2026-09-16,17445101.474583063,17464718.649840795
2026-09,mobile,p,2026-09-17,17449973.591947816,17472393.220813796
2026-09,mobile,p,2026-09-18,17454203.48400234,17479425.56647657
2026-09,mobile,p,2026-09-19,17457418.680919174,17485443.217001647
2026-09,mobile,p,2026-09-20,17463668.903533038,17494495.89322376
2026-09,mobile,p,2026-09-21,17469557.016030766,17503186.459329735
2026-09,mobile,p,2026-09-22,17476339.020613506,17512770.917520724
2026-09,mobile,p,2026-09-23,17481977.56057774,17521211.9110932
2026-09,mobile,p,2026-09-24,17485772.626007415,17527809.430131126
2026-09,mobile,p,2026-09-25,17489701.68635257,17534540.94408453
2026-09,mobile,p,2026-09-26,17493701.710549265,17541343.421889473
2026-09,mobile,p,2026-09-27,17499161.279685844,17549605.444634296
2026-09,mobile,p,2026-09-28,17499547.296603363,17552793.915160064
2026-09,mobile,p,2026-09-29,17500514.00008389,17556563.07224884
2026-09,mobile,p,2026-09-30,17505607.37147568,17564458.89724888
2026-09,mobile,p,2026-10-01,17511082.665669262,17572736.645050704
2026-09,mobile,p,2026-10-02,17515661.642723948,17580118.07571364
2026-09,mobile,p,2026-10-03,17521389.188732974,17588648.075330913
2026-09,mobile,p,2026-10-04,17528627.838546064,17598689.17875225
2026-09,mobile,p,2026-10-05,17534083.695744608,17606947.48955904
2026-09,mobile,p,2026-10-06,17533742.75353375,17609409.00095643
2026-09,mobile,p,2026-10-07,17538004.30216596,17616473.003196888
2026-09,mobile,p,2026-10-08,17542130.83685382,17623401.991492998
2026-09,mobile,p,2026-10-09,17546424.826680426,17630498.434927847
2026-09,mobile,p,2026-10-10,17550201.578770198,17637077.640625868
2026-09,mobile,p,2026-10-11,17553982.15412559,17643660.66958951
2026-09,mobile,p,2026-10-12,17558188.717565417,17650669.68663758
2026-09,mobile,p,2026-10-13,17561572.330629453,17656855.753309865
2026-09,mobile,p,2026-10-14,17565585.82136352,17663671.69765218
2026-09,mobile,p,2026-10-15,17569296.750883527,17670185.080780435
2026-09,mobile,p,2026-10-16,17572474.33408096,17676165.117586114
2026-09,mobile,p,2026-10-17,17576235.20049313,17682728.437606532
2026-09,mobile,p,2026-10-18,17579498.401362393,17688794.092084043
2026-09,mobile,p,2026-10-19,17581479.68880429,17693577.83313419
2026-09,mobile,p,2026-10-20,17582710.403152622,17697611.001090765
2026-09,mobile,p,2026-10-21,17586606.309391968,17704309.36093836
2026-09,mobile,p,2026-10-22,17589809.66251663,17710315.16767127
2026-09,mobile,p,2026-10-23,17593445.69096044,17716753.64972333
2026-09,mobile,p,2026-10-24,17597259.216483556,17723369.62885469
2026-09,mobile,p,2026-10-25,17601411.550710548,17730324.41668993
2026-09,mobile,p,2026-10-26,17605279.216153122,17736994.53574075
2026-09,mobile,p,2026-10-27,17611159.17477709,17745676.94797297
2026-09,mobile,p,2026-10-28,17617250.13566636,17754570.36247048
2026-09,mobile,p,2026-10-29,17623517.299132135,17763639.979544505
2026-09,mobile,p,2026-10-30,17630727.971797448,17773653.105818067
2026-09,mobile,p,2026-10-31,17637737.443693407,17783465.031322274
2026-09,mobile,p,2026-11-01,17642197.132151034,17790727.173388146
2026-09,mobile,p,2026-11-02,17647939.29964347,17799271.794488832
2026-09,mobile,p,2026-11-03,17653689.14256203,17807824.09101564
2026-09,mobile,p,2026-11-04,17659866.94780833,17816804.349870186
2026-09,mobile,p,2026-11-05,17666181.10375525,17825920.959425353
2026-09,mobile,p,2026-11-06,17671646.61447763,17834188.92375598
2026-09,mobile,p,2026-11-07,17675823.00027693,17841167.76316353
2026-09,mobile,p,2026-11-08,17676808.363216445,17844955.579711292
2026-09,mobile,p,2026-11-09,17680033.45831112,17850983.12841421
2026-09,mobile,p,2026-11-10,17683375.82219105,17857127.94590239
2026-09,mobile,p,2026-11-11,17688140.1792129,17864694.75653249
2026-09,mobile,p,2026-11-12,17694558.714944627,17873915.74587246
2026-09,mobile,p,2026-11-13,17699668.60623561,17881828.09077169
2026-09,mobile,p,2026-11-14,17705317.066612985,17890279.004757315
2026-09,mobile,p,2026-11-15,17710801.209632434,17898565.601385012
2026-09,mobile,p,2026-11-16,17719272.07188503,17909838.917245854
2026-09,mobile,p,2026-11-17,17727628.977999188,17920998.27696826
2026-09,mobile,p,2026-11-18,17733547.235659875,17929718.988237195
2026-09,mobile,p,2026-11-19,17740568.02448574,17939542.23067131
2026-09,mobile,p,2026-11-20,17747676.802062716,17949453.46185653
2026-09,mobile,p,2026-11-21,17755635.964837898,17960215.07823996
2026-09,mobile,p,2026-11-22,17763468.132026188,17970849.699036498
2026-09,mobile,p,2026-11-23,17771840.42450633,17982024.445124887
2026-09,mobile,p,2026-11-24,17780029.494913377,17993015.96914018
2026-09,mobile,p,2026-11-25,17788442.186382793,18004231.114217844
2026-09,mobile,p,2026-11-26,17797327.82875489,18015919.21019819
2026-09,mobile,p,2026-11-27,17806231.125684746,18027624.960736293
2026-09,mobile,p,2026-11-28,17814820.860332582,18039017.148992375
2026-09,mobile,p,2026-11-29,17825129.311175514,18052128.053443555
2026-09,mobile,p,2026-11-30,17834701.08851497,18064502.284391258
2026-09,mobile,p,2026-12-01,17844369.16715628,18076972.816640817
2026-09,mobile,p,2026-12-02,17853136.7074918,18088542.810584582
2026-09,mobile,p,2026-12-03,17861857.36403166,18100065.920732692
2026-09,mobile,p,2026-12-04,17870968.32849899,18111979.33880827
2026-09,mobile,p,2026-12-05,17881118.626167845,18124932.090085372
2026-09,mobile,p,2026-12-06,17893813.34760189,18140429.265127663
2026-09,mobile,p,2026-12-07,17904188.386962,18153606.75809602
2026-09,mobile,p,2026-12-08,17913451.3735614,18165672.19830367
2026-09,mobile,p,2026-12-09,17920742.129906874,18175765.40825739
2026-09,mobile,p,2026-12-10,17925572.293581884,18183398.025540646
2026-09,mobile,p,2026-12-11,17930879.92795207,18191508.11351908
2026-09,mobile,p,2026-12-12,17935083.35451832,18198513.99369358
2026-09,mobile,p,2026-12-13,17939375.907151483,18205608.99993499
2026-09,mobile,p,2026-12-14,17941399.147727333,18210434.694119085
2026-09,mobile,p,2026-12-15,17942756.131457258,18214594.131457258
2026-09,mobile,p,2026-12-16,17943270.01180147,18217910.46540972
2026-09,mobile,p,2026-12-17,17942690.229009412,18220133.136225905
2026-09,mobile,p,2026-12-18,17940687.263094045,18220932.623918787
2026-09,mobile,p,2026-12-19,17937142.053996358,18220189.868429348
2026-09,mobile,p,2026-12-20,17931642.91875128,18217493.18679252
2026-09,mobile,p,2026-12-21,17926397.29013643,18215050.011785913
2026-09,mobile,p,2026-12-22,17917318.0257562,18208773.20101393
2026-09,mobile,p,2026-12-23,17908636.092106808,18202893.720972788
2026-09,mobile,p,2026-12-24,17888499.60829385,18185559.690768078
2026-09,mobile,p,2026-12-25,17854985.3575023,18154847.893584773
2026-09,mobile,p,2026-12-26,17843461.197707158,18146126.18739788
2026-09,mobile,p,2026-12-27,17833825.868897695,18139293.312196665
2026-09,mobile,p,2026-12-28,17825582.64416386,18133852.541071076
2026-09,mobile,p,2026-12-29,17815532.164141513,18126604.514656976
2026-09,mobile,p,2026-12-30,17804947.971565105,18118822.775688816
2026-09,mobile,p,2026-12-31,17788642.327759992,18105319.58549195
2026-09,mobile,p,2027-01-01,17769176.234564975,18088655.945905183
2026-09,mobile,p,2027-01-02,17760938.617643893,18083220.782592345
2026-09,mobile,p,2027-01-03,17752271.182670116,18077355.801226817
2026-09,mobile,p,2027-01-04,17745519.15896185,18073406.2311268
2026-09,mobile,p,2027-01-05,17736585.187998276,18067274.713771474
2026-09,mobile,p,2027-01-06,17731623.972096797,18065115.95147824
2026-09,mobile,p,2027-01-07,17728183.610050093,18064478.043039784
2026-09,mobile,p,2027-01-08,17725188.79334734,18064285.67994528
2026-09,mobile,p,2027-01-09,17723647.471876703,18065546.81208289
2026-09,mobile,p,2027-01-10,17723384.14097638,18068085.934790812
2026-09,mobile,p,2027-01-11,17724821.585484568,18072325.83290725
2026-09,mobile,p,2027-01-12,17728193.56233514,18078500.26336607
2026-09,mobile,p,2027-01-13,17732203.182283394,18085312.33692257
2026-09,mobile,p,2027-01-14,17735975.92455131,18091887.53279873
2026-09,mobile,p,2027-01-15,17741845.63011856,18100559.69197423
2026-09,mobile,p,2027-01-16,17749764.480220024,18111280.995683942
2026-09,mobile,p,2027-01-17,17760413.746823024,18124732.71589519
2026-09,mobile,p,2027-01-18,17770175.864717793,18137297.287398204
2026-09,mobile,p,2027-01-19,17783834.95179234,18153758.828081
2026-09,mobile,p,2027-01-20,17797478.739193585,18170205.069090493
2026-09,mobile,p,2027-01-21,17821972.947505515,18197501.731010668
2026-09,mobile,p,2027-01-22,17858937.663902692,18237268.901016094
2026-09,mobile,p,2027-01-23,17874008.003860645,18255141.694582295
2026-09,mobile,p,2027-01-24,17888048.966564458,18271985.110894356
2026-09,mobile,p,2027-01-25,17901293.533866208,18288032.13180435
2026-09,mobile,p,2027-01-26,17913835.51029081,18303376.5618372
2026-09,mobile,p,2027-01-27,17929474.509984538,18321818.015139177
2026-09,mobile,p,2027-01-28,17950463.137618586,18345609.096381474
2026-09,mobile,p,2027-01-29,17975566.242541775,18373514.654912908
2026-09,mobile,p,2027-01-30,17989924.239348724,18390675.105328105
2026-09,mobile,p,2027-01-31,18004471.706247285,18408025.025834914
2026-09,mobile,p,2027-02-01,18015941.012714442,18422296.78591032
2026-09,mobile,p,2027-02-02,18029787.411918454,18438945.638722576
2026-09,mobile,p,2027-02-03,18038335.454296406,18450296.134708777
2026-09,mobile,p,2027-02-04,18046604.177378926,18461367.311399546
2026-09,mobile,p,2027-02-05,18054961.55030169,18472527.137930557
2026-09,mobile,p,2027-02-06,18061857.60860265,18482225.649839763
2026-09,mobile,p,2027-02-07,18069053.843002073,18492224.337847434
2026-09,mobile,p,2027-02-08,18070106.549581952,18496079.49803556
2026-09,mobile,p,2027-02-09,18070672.152655173,18499447.55471703
2026-09,mobile,p,2027-02-10,18071140.63896202,18502718.49463212
2026-09,mobile,p,2027-02-11,18072988.518920507,18507368.828198858
2026-09,mobile,p,2027-02-12,18077801.542310573,18514984.305197172
2026-09,mobile,p,2027-02-13,18083511.15846747,18523496.37496232
2026-09,mobile,p,2027-02-14,18086406.63427363,18529194.30437672
2026-09,mobile,p,2027-02-15,18089671.68181946,18535261.8055308
2026-09,mobile,p,2027-02-16,18094244.819291968,18542637.396611556
2026-09,mobile,p,2027-02-17,18097997.645008195,18549192.67593603
2026-09,mobile,p,2027-02-18,18102307.814199094,18556305.298735175
2026-09,mobile,p,2027-02-19,18107700.08403116,18564500.02217549
2026-09,mobile,p,2027-02-20,18114227.825269036,18573830.217021614
2026-09,mobile,p,2027-02-21,18117980.950005274,18580385.795366097
2026-09,mobile,p,2027-02-22,18122865.64067381,18588072.93964288
2026-09,mobile,p,2027-02-23,18129651.22445863,18597660.97703595
2026-09,mobile,p,2027-02-24,18133824.492159434,18604636.698345
2026-09,mobile,p,2027-02-25,18138090.829160176,18611705.48895399
2026-09,mobile,p,2027-02-26,18141834.362529688,18618251.47593175
2026-09,mobile,p,2027-02-27,18144830.410138316,18624049.977148626
2026-09,mobile,p,2027-02-28,18144937.834134344,18626959.854752902
2026-09,mobile,p,2027-03-01,18150275.831507467,18635100.30573427
2026-09,mobile,p,2027-03-02,18155265.532908794,18642892.460743845
2026-09,mobile,p,2027-03-03,18161168.527568612,18651597.90901191
2026-09,mobile,p,2027-03-04,18166384.22707195,18659616.062123496
2026-09,mobile,p,2027-03-05,18172345.88306451,18668380.1717243
2026-09,mobile,p,2027-03-06,18177622.189509522,18676458.931777563
2026-09,mobile,p,2027-03-07,18181202.867439605,18682842.063315894
2026-09,mobile,p,2027-03-08,18188489.256323334,18692930.90580787
2026-09,mobile,p,2027-03-09,18191909.45453688,18699153.557629663
2026-09,mobile,p,2027-03-10,18195916.519360896,18705963.076061927
2026-09,mobile,p,2027-03-11,18201490.221554924,18714339.231864203
2026-09,mobile,p,2027-03-12,18203545.109245617,18719196.573163144
2026-09,mobile,p,2027-03-13,18204205.424778424,18722659.342304196
2026-09,mobile,p,2027-03-14,18206413.561212968,18727669.93234699
2026-09,mobile,p,2027-03-15,18207176.94718862,18731235.77193089
2026-09,mobile,p,2027-03-16,18207450.254362904,18734311.53271342
2026-09,mobile,p,2027-03-17,18207464.424098928,18737128.15605769
2026-09,mobile,p,2027-03-18,18206706.23896647,18739172.42453348
2026-09,mobile,p,2027-03-19,18204449.94976936,18739718.588944618
2026-09,mobile,p,2027-03-20,18200316.025532223,18738387.11831573
2026-09,mobile,p,2027-03-21,18195734.534637563,18736608.081029315
2026-09,mobile,p,2027-03-22,18186530.37372001,18730206.37372001
2026-09,mobile,p,2027-03-23,18176987.20329604,18723465.656904288
2026-09,mobile,p,2027-03-24,18170423.60070953,18719704.507926024
2026-09,mobile,p,2027-03-25,18164709.014822274,18716792.375647016
2026-09,mobile,p,2027-03-26,18153708.834477115,18708594.648910105
2026-09,mobile,p,2027-03-27,18148010.308291208,18705698.576332446
2026-09,mobile,p,2027-03-28,18145779.12010722,18706269.8417567
2026-09,mobile,p,2027-03-29,18138061.092195153,18701354.267452884
2026-09,mobile,p,2027-03-30,18133500.954773206,18699596.583639186
2026-09,mobile,p,2027-03-31,18129272.704716813,18698170.78719104
2026-09,mobile,p,2027-04-01,18125251.446003646,18696951.98208612
2026-09,mobile,p,2027-04-02,18118554.87507128,18693057.864762
2026-09,mobile,p,2027-04-03,18118090.091087546,18695395.534386516
2026-09,mobile,p,2027-04-04,18118370.882689778,18698478.779596996
2026-09,mobile,p,2027-04-05,18120061.770385582,18702972.120901044
2026-09,mobile,p,2027-04-06,18124897.589676373,18710610.393800084
2026-09,mobile,p,2027-04-07,18130641.054122504,18719156.311854463
2026-09,mobile,p,2027-04-08,18134913.808360558,18726231.519700766
2026-09,mobile,p,2027-04-09,18138604.45494024,18732724.619888693
2026-09,mobile,p,2027-04-10,18141502.31668481,18738424.93524151
2026-09,mobile,p,2027-04-11,18143955.751411684,18743680.823576633
2026-09,mobile,p,2027-04-12,18148230.49110172,18750758.016874917
2026-09,mobile,p,2027-04-13,18150476.494744394,18755806.474125836
2026-09,mobile,p,2027-04-14,18153510.31611971,18761642.749109402
2026-09,mobile,p,2027-04-15,18156475.698891945,18767410.585489884
2026-09,mobile,p,2027-04-16,18160771.523083527,18774508.863289714
2026-09,mobile,p,2027-04-17,18166244.10897525,18782783.902789682
2026-09,mobile,p,2027-04-18,18173445.975697454,18792788.223120134
2026-09,mobile,p,2027-04-19,18184157.80525027,18806302.506281197
2026-09,mobile,p,2027-04-20,18194838.675209485,18819785.829848662
2026-09,mobile,p,2027-04-21,18202591.19040969,18830340.79865711
2026-09,mobile,p,2027-04-22,18210654.207720127,18841206.269575797
2026-09,mobile,p,2027-04-23,18222597.680362135,18855952.195826054
2026-09,mobile,p,2027-04-24,18230418.581672218,18866575.55074438
2026-09,mobile,p,2027-04-25,18237530.123039972,18876489.545720384
2026-09,mobile,p,2027-04-26,18247262.23545477,18889024.11174343
2026-09,mobile,p,2027-04-27,18254475.68385552,18899040.013752427
2026-09,mobile,p,2027-04-28,18261750.560916863,18909117.344422016
2026-09,mobile,p,2027-04-29,18268833.34431717,18919002.581430573
2026-09,mobile,p,2027-04-30,18277764.851601813,18930736.542323463
2026-09,mobile,p,2027-05-01,18274613.067512024,18930387.211841922
2026-09,mobile,p,2027-05-02,18276655.73984421,18935232.337782353
2026-09,mobile,p,2027-05-03,18280688.90848284,18942067.96002923
2026-09,mobile,p,2027-05-04,18283153.344431292,18947334.84958593
2026-09,mobile,p,2027-05-05,18283541.726550985,18950525.685313873
2026-09,mobile,p,2027-05-06,18283389.321432598,18953175.73380373
2026-09,mobile,p,2027-05-07,18285036.69661049,18957625.562589873
2026-09,mobile,p,2027-05-08,18287531.127441335,18962922.447028965
2026-09,mobile,p,2027-05-09,18290433.94640437,18968627.71960025
2026-09,mobile,p,2027-05-10,18294100.42069224,18975096.64749636
2026-09,mobile,p,2027-05-11,18296010.66606809,18979809.34648046
2026-09,mobile,p,2027-05-12,18295490.406949382,18982091.54097
2026-09,mobile,p,2027-05-13,18299828.036417972,18989231.62404684
2026-09,mobile,p,2027-05-14,18302941.085943006,18995147.127180118
2026-09,mobile,p,2027-05-15,18305170.25883438,19000178.75367974
2026-09,mobile,p,2027-05-16,18304599.400443323,19002410.34889693
2026-09,mobile,p,2027-05-17,18305377.479325227,19005990.881387085
2026-09,mobile,p,2027-05-18,18306017.97272129,19009433.82839139
2026-09,mobile,p,2027-05-19,18304252.799399,19010471.10867735
2026-09,mobile,p,2027-05-20,18307178.240032546,19016199.002919145
2026-09,mobile,p,2027-05-21,18310818.67491425,19022641.891409095
2026-09,mobile,p,2027-05-22,18314242.907100927,19028868.57720402
2026-09,mobile,p,2027-05-23,18318798.718995437,19036226.842706777
2026-09,mobile,p,2027-05-24,18322784.966643054,19043015.543962643
2026-09,mobile,p,2027-05-25,18324802.794069923,19047835.82499776
2026-09,mobile,p,2027-05-26,18327019.31693226,19052854.801468343
2026-09,mobile,p,2027-05-27,18330424.270327486,19059062.208471816
2026-09,mobile,p,2027-05-28,18335317.298317824,19066757.690070402
2026-09,mobile,p,2027-05-29,18347268.971008603,19081511.816369426
2026-09,mobile,p,2027-05-30,18354661.0841813,19091706.383150373
2026-09,mobile,p,2027-05-31,18359275.16216891,19099122.91474623
2026-09,mobile,p,2027-06-01,18364231.19305042,19106881.39923599
2026-09,mobile,p,2027-06-02,18371576.117802575,19117028.777596388
2026-09,mobile,p,2027-06-03,18379230.61706954,19127485.7304716
2026-09,mobile,p,2027-06-04,18384126.710389566,19135184.277399875
2026-09,mobile,p,2027-06-05,18386387.473758783,19140247.49437734
2026-09,mobile,p,2027-06-06,18392500.975985922,19149163.450212725
2026-09,mobile,p,2027-06-07,18397707.325018458,19157172.25285351
2026-09,mobile,p,2027-06-08,18405772.113457497,19168039.494900797
2026-09,mobile,p,2027-06-09,18416169.70392152,19181239.538973067
2026-09,mobile,p,2027-06-10,18422497.558207367,19190369.84686716
2026-09,mobile,p,2027-06-11,18429397.963346314,19200072.705614354
2026-09,mobile,p,2027-06-12,18436747.771746676,19210224.967622966
2026-09,mobile,p,2027-06-13,18447329.827519234,19223609.47700377
2026-09,mobile,p,2027-06-14,18451871.054423697,19230953.15751648
2026-09,mobile,p,2027-06-15,18457384.36853386,19239268.92523489
2026-09,mobile,p,2027-06-16,18469983.7178226,19254670.72813188
2026-09,mobile,p,2027-06-17,18476893.621830728,19264383.085748255
2026-09,mobile,p,2027-06-18,18484182.57405099,19274474.49157676
2026-09,mobile,p,2027-06-19,18491601.09685311,19284695.46798713
2026-09,mobile,p,2027-06-20,18497539.77968604,19293436.60442831
2026-09,mobile,p,2027-06-21,18504394.417197183,19303093.6955477
2026-09,mobile,p,2027-06-22,18512680.598285533,19314182.330244295
2026-09,mobile,p,2027-06-23,18521177.85890045,19325482.04446746
2026-09,mobile,p,2027-06-24,18528803.11457799,19335909.75375325
2026-09,mobile,p,2027-06-25,18534745.557989825,19344654.65077333
2026-09,mobile,p,2027-06-26,18541064.945379596,19353776.491771348
2026-09,mobile,p,2027-06-27,18545107.920789298,19360621.920789298
2026-09,mobile,p,2027-06-28,18549908.802764848,19368225.256373096
2026-09,mobile,p,2027-06-29,18556942.67230193,19378061.579518422
2026-09,mobile,p,2027-06-30,18561784.944164608,19385706.30498935
2026-09,mobile,p,2027-07-01,18565479.276856173,19392203.091289163
2026-09,mobile,p,2027-07-02,18570838.7345402,19400365.00258144
2026-09,mobile,p,2027-07-03,18576845.388538707,19409174.11018819
2026-09,mobile,p,2027-07-04,18579704.377996955,19414835.553254686
2026-09,mobile,p,2027-07-05,18581570.19969949,19419503.82856547
2026-09,mobile,p,2027-07-06,18583673.46469482,19424409.54716905
2026-09,mobile,p,2027-07-07,18586150.75142431,19429689.28750678
2026-09,mobile,p,2027-07-08,18589225.872322354,19435566.862013076
2026-09,mobile,p,2027-07-09,18591027.40644812,19440170.849747088
2026-09,mobile,p,2027-07-10,18593165.25551363,19445111.15242085
2026-09,mobile,p,2027-07-11,18595437.19427522,19450185.54479068
2026-09,mobile,p,2027-07-12,18601085.790077575,19458636.594201285
2026-09,mobile,p,2027-07-13,18606196.72556968,19466549.98330164
2026-09,mobile,p,2027-07-14,18607053.23084336,19470208.94218357
2026-09,mobile,p,2027-07-15,18607625.07683488,19473583.241783332
2026-09,mobile,p,2027-07-16,18607362.15950611,19476122.77806281
2026-09,mobile,p,2027-07-17,18605642.489956137,19477205.562121086
2026-09,mobile,p,2027-07-18,18606155.589292314,19480521.11506551
2026-09,mobile,p,2027-07-19,18605247.91874805,19482415.898129493
2026-09,mobile,p,2027-07-20,18605294.84173278,19485265.27472247
2026-09,mobile,p,2027-07-21,18604204.02257937,19486976.909177307
2026-09,mobile,p,2027-07-22,18601312.302789785,19486887.642995972
2026-09,mobile,p,2027-07-23,18601242.63568109,19489620.42949552
2026-09,mobile,p,2027-07-24,18598566.11274442,19489746.3601671
2026-09,mobile,p,2027-07-25,18598059.98442401,19492042.68545494
2026-09,mobile,p,2027-07-26,18597824.14905494,19494609.303694118
2026-09,mobile,p,2027-07-27,18596900.91838745,19496488.526634872
2026-09,mobile,p,2027-07-28,18595440.383938234,19497830.445793904
2026-09,mobile,p,2027-07-29,18595184.38695342,19500376.90241734
2026-09,mobile,p,2027-07-30,18595237.68416257,19503232.65323473
2026-09,mobile,p,2027-07-31,18594960.70147429,19505758.1241547
2026-09,mobile,p,2027-08-01,18593099.98378341,19506699.86007207
2026-09,mobile,p,2027-08-02,18590388.396430485,19506790.726327393
2026-09,mobile,p,2027-08-03,18589356.090994067,19508560.87449922
2026-09,mobile,p,2027-08-04,18588399.35548376,19510406.59259716
2026-09,mobile,p,2027-08-05,18586778.856102373,19511588.546824023
2026-09,mobile,p,2027-08-06,18587195.31832894,19514807.462658837
2026-09,mobile,p,2027-08-07,18587153.384550307,19517567.98248845
2026-09,mobile,p,2027-08-08,18586690.194816194,19519907.246362586
2026-09,mobile,p,2027-08-09,18586418.238938533,19522437.744093172
2026-09,mobile,p,2027-08-10,18585389.871337876,19524211.830100764
2026-09,mobile,p,2027-08-11,18586493.274643883,19528117.687015016
2026-09,mobile,p,2027-08-12,18588862.950163215,19533289.816142596
2026-09,mobile,p,2027-08-13,18591187.32155763,19538416.64114526
2026-09,mobile,p,2027-08-14,18594760.472139966,19544792.245335843
2026-09,mobile,p,2027-08-15,18596397.901403863,19549232.128207985
2026-09,mobile,p,2027-08-16,18599516.90156094,19555153.58197331
2026-09,mobile,p,2027-08-17,18600965.45473933,19559404.588759948
2026-09,mobile,p,2027-08-18,18603977.434872873,19565219.02250174
2026-09,mobile,p,2027-08-19,18606909.905088328,19570953.94632544
2026-09,mobile,p,2027-08-20,18610106.532390844,19576953.027236205
2026-09,mobile,p,2027-08-21,18617133.271132283,19586782.21958589
2026-09,mobile,p,2027-08-22,18620497.904456045,19592949.306517903
2026-09,mobile,p,2027-08-23,18625224.920024853,19600478.775694955
2026-09,mobile,p,2027-08-24,18630619.747106887,19608676.056385238
2026-09,mobile,p,2027-08-25,18637285.366266917,19618144.129153516
2026-09,mobile,p,2027-08-26,18643649.547689293,19627310.76418414
2026-09,mobile,p,2027-08-27,18649546.04724098,19636009.71734407
2026-09,mobile,p,2027-08-28,18656174.16029266,19645440.284004
2026-09,mobile,p,2027-08-29,18665996.54509052,19658065.122410107
2026-09,mobile,p,2027-08-30,18677258.204920266,19672129.2358481
2026-09,mobile,p,2027-08-31,18685296.58724799,19682970.07178407
2026-09,mobile,p,2027-09-01,18693253.48763584,19693729.42578017
2026-09,mobile,p,2027-09-02,18700718.98640536,19703997.37815794
2026-09,mobile,p,2027-09-03,18708037.98960187,19714118.834962696
2026-09,mobile,p,2027-09-04,18715603.32803356,19724486.62700263
2026-09,mobile,p,2027-09-05,18725061.142872173,19736746.895449493
2026-09,mobile,p,2027-09-06,18734678.878616165,19749167.084801733
2026-09,mobile,p,2027-09-07,18743706.42427417,19760997.08406798
2026-09,mobile,p,2027-09-08,18751410.30966335,19771503.423065413
2026-09,mobile,p,2027-09-09,18759345.282429945,19782240.849440254
2026-09,mobile,p,2027-09-10,18768073.626104776,19793771.646723334
2026-09,mobile,p,2027-09-11,18775937.358043037,19804437.83226984
2026-09,mobile,p,2027-09-12,18785323.040532786,19816625.968367837
2026-09,mobile,p,2027-09-13,18794105.71950943,19828211.10095273
2026-09,mobile,p,2027-09-14,18803576.164746583,19840483.99979813
2026-09,mobile,p,2027-09-15,18812839.052622795,19852549.341282587
2026-09,mobile,p,2027-09-16,18823528.92068967,19866041.66295771
2026-09,mobile,p,2027-09-17,18831271.244302645,19876586.440178934
2026-09,mobile,p,2027-09-18,18837483.8021837,19885601.451668236
2026-09,mobile,p,2027-09-19,18847035.048457365,19897955.151550148
2026-09,mobile,p,2027-09-20,18855657.666850474,19909380.223551504
2026-09,mobile,p,2027-09-21,18863021.31752741,19919546.32783669
2026-09,mobile,p,2027-09-22,18869170.78417303,19928498.248090558
2026-09,mobile,p,2027-09-23,18877130.83506629,19939260.75259206
2026-09,mobile,p,2027-09-24,18883482.80464754,19948415.17578156
2026-09,mobile,p,2027-09-25,18890076.77708793,19957811.6018302
2026-09,mobile,p,2027-09-26,18894201.49726827,19964738.775618784
2026-09,mobile,p,2027-09-27,18898821.241345398,19972160.97330416
2026-09,mobile,p,2027-09-28,18904847.86042448,19980990.04599149
2026-09,mobile,p,2027-09-29,18907906.095569856,19986850.734745115
2026-09,mobile,p,2027-09-30,18911654.48770501,19993401.580488518
2026-09,mobile,p,2027-10-01,18914013.04389224,19998562.59028399
2026-09,mobile,p,2027-10-02,18917357.170022607,20004709.170022607
2026-09,mobile,p,2027-10-03,18919291.711866844,20009446.165475093
2026-09,mobile,p,2027-10-04,18921967.06933605,20014923.976552546
2026-09,mobile,p,2027-10-05,18926128.39364499,20021887.75446973
2026-09,mobile,p,2027-10-06,18927718.476936527,20026280.291369516
2026-09,mobile,p,2027-10-07,18928057.67981993,20029421.94786117
2026-09,mobile,p,2027-10-08,18927102.499669395,20031269.22131888
2026-09,mobile,p,2027-10-09,18928321.573616467,20035290.7488742
2026-09,mobile,p,2027-10-10,18930585.62583908,20040357.25470506
2026-09,mobile,p,2027-10-11,18932792.679659612,20045366.76213384
2026-09,mobile,p,2027-10-12,18934192.235470347,20049568.77155282
2026-09,mobile,p,2027-10-13,18934930.923574314,20053109.913265035
2026-09,mobile,p,2027-10-14,18938367.80235574,20059349.24565471
2026-09,mobile,p,2027-10-15,18941090.47112674,20064874.368033957
2026-09,mobile,p,2027-10-16,18944670.922621675,20071257.273137137
2026-09,mobile,p,2027-10-17,18947564.10589106,20076952.91001477
2026-09,mobile,p,2027-10-18,18949686.78267639,20081878.04040835
2026-09,mobile,p,2027-10-19,18952117.467755444,20087111.179095652
2026-09,mobile,p,2027-10-20,18955294.204782598,20093090.36973105
2026-09,mobile,p,2027-10-21,18957433.740571704,20098032.359128404
2026-09,mobile,p,2027-10-22,18960829.89728645,20104230.969451398
2026-09,mobile,p,2027-10-23,18964159.008339267,20110362.534112465
2026-09,mobile,p,2027-10-24,18967055.7014458,20116061.68082724
2026-09,mobile,p,2027-10-25,18969596.14018903,20121404.57317872
2026-09,mobile,p,2027-10-26,18971769.560663905,20126380.447261844
2026-09,mobile,p,2027-10-27,18977514.114160202,20134927.45436639
2026-09,mobile,p,2027-10-28,18979335.679011256,20139551.472825687
2026-09,mobile,p,2027-10-29,18979654.99523958,20142673.24266226
2026-09,mobile,p,2027-10-30,18982304.02771503,20148124.72874596
2026-09,mobile,p,2027-10-31,18984885.052580323,20153508.207219496
2026-09,mobile,p,2027-11-01,18987131.15547789,20158556.76372531
2026-09,mobile,p,2027-11-02,18989935.848894577,20164163.910750248
2026-09,mobile,p,2027-11-03,18995437.66691152,20172468.18237544
2026-09,mobile,p,2027-11-04,19001464.148776,20181297.117848165
2026-09,mobile,p,2027-11-05,19009572.9569109,20192208.379591312
2026-09,mobile,p,2027-11-06,19014678.494704902,20200116.370993562
2026-09,mobile,p,2027-11-07,19017596.664257143,20205836.99415405
2026-09,mobile,p,2027-11-08,19021944.975276344,20212987.758781496
2026-09,mobile,p,2027-11-09,19027423.109552056,20221268.346665457
2026-09,mobile,p,2027-11-10,19032740.197692372,20229387.88841402
2026-09,mobile,p,2027-11-11,19035791.917697415,20235242.062027313
2026-09,mobile,p,2027-11-12,19040253.6865919,20242506.284530044
2026-09,mobile,p,2027-11-13,19044608.82011653,20249663.871662922
2026-09,mobile,p,2027-11-14,19047492.372636218,20255349.877790857
2026-09,mobile,p,2027-11-15,19050086.133581605,20260746.092344493
2026-09,mobile,p,2027-11-16,19055292.175355323,20268754.587726455
2026-09,mobile,p,2027-11-17,19060027.50962879,20276292.375608172
2026-09,mobile,p,2027-11-18,19062918.37149182,20281985.69107945
2026-09,mobile,p,2027-11-19,19067017.85428228,20288887.627478156
2026-09,mobile,p,2027-11-20,19070049.183909584,20294721.410713706
2026-09,mobile,p,2027-11-21,19074875.539720558,20302350.22013293
2026-09,mobile,p,2027-11-22,19080800.855278257,20311077.989298876
2026-09,mobile,p,2027-11-23,19086819.521101303,20319899.10873017
2026-09,mobile,p,2027-11-24,19091698.833901588,20327580.8751387
2026-09,mobile,p,2027-11-25,19099979.000009038,20338663.494854398
2026-09,mobile,p,2027-11-26,19111414.720868994,20352901.669322602
2026-09,mobile,p,2027-11-27,19120410.251946423,20364699.65400828
2026-09,mobile,p,2027-11-28,19128656.73375581,20375748.58942591
2026-09,mobile,p,2027-11-29,19136764.3290749,20386658.63835325
2026-09,mobile,p,2027-11-30,19144664.771328382,20397361.53421498
2026-09,mobile,p,2027-12-01,19151424.833580777,20406924.050075624
2026-09,mobile,p,2027-12-02,19158089.783800073,20416391.453903165
2026-09,mobile,p,2027-12-03,19163534.350287363,20424638.473998703
2026-09,mobile,p,2027-12-04,19170721.532454677,20434628.109774265
2026-09,mobile,p,2027-12-05,19177338.820535477,20444047.85146331
2026-09,mobile,p,2027-12-06,19181842.69213959,20451354.17667567
2026-09,mobile,p,2027-12-07,19185666.122394033,20457980.060538363
2026-09,mobile,p,2027-12-08,19188756.509747148,20463872.901499726
2026-09,mobile,p,2027-12-09,19192494.51290188,20470413.358262703
2026-09,mobile,p,2027-12-10,19194703.739370726,20475425.038339797
2026-09,mobile,p,2027-12-11,19193404.699335814,20476928.451913133
2026-09,mobile,p,2027-12-12,19196015.16651172,20482341.372697286
2026-09,mobile,p,2027-12-13,19196566.57609427,20485695.235888083
2026-09,mobile,p,2027-12-14,19195321.815890886,20487252.929292947
2026-09,mobile,p,2027-12-15,19193311.570068043,20488045.137078352
2026-09,mobile,p,2027-12-16,19190741.69601256,20488277.71663112
2026-09,mobile,p,2027-12-17,19186637.675632264,20486976.149859067
2026-09,mobile,p,2027-12-18,19182514.0067016,20485654.93453665
2026-09,mobile,p,2027-12-19,19177904.30546371,20483847.68690701
2026-09,mobile,p,2027-12-20,19173061.79069336,20481807.62574491
2026-09,mobile,p,2027-12-21,19166471.620065086,20478019.908724878
2026-09,mobile,p,2027-12-22,19158602.323964745,20472953.066232786
2026-09,mobile,p,2027-12-23,19147484.800490763,20464637.996367052
2026-09,mobile,p,2027-12-24,19121788.447804928,20441744.097289465
2026-09,mobile,p,2027-12-25,19089011.312882777,20411769.41597556
2026-09,mobile,p,2027-12-26,19076356.292865608,20401916.84956664
2026-09,mobile,p,2027-12-27,19065453.33289396,20393816.34320324
2026-09,mobile,p,2027-12-28,19053693.86862902,20384859.332546547
2026-09,mobile,p,2027-12-29,19041497.167137954,20375465.084663726
2026-09,mobile,p,2027-12-30,19030891.788236413,20367662.159370434
2026-09,mobile,p,2027-12-31,19017282.862108007,20356855.686850276
